open_time,open,high,low,close,volume,close_time,quote_volume,trades,taker_buy_base,taker_buy_quote,ignore
2020-06-15,0.07644,0.07984,0.0693,0.07824,618344226.0,1592265599999,45558107.227536,155026,296258187.5,21839438.780739,0
2020-06-16,0.07822,0.07978,0.07656,0.07925,292089259.0,1592351999999,22894553.818173,68564,142848679.0,11202127.130438,0
2020-06-17,0.07925,0.08398,0.07729,0.08349,470477521.4,1592438399999,38103742.254049,92810,236256199.0,19147149.938481,0
2020-06-18,0.0835,0.08454,0.08001,0.08176,316838158.3,1592524799999,26104085.760414,64514,155616671.6,12824309.538175,0
2020-06-19,0.08177,0.0819,0.07844,0.07987,273185135.5,1592611199999,21884352.9153,59497,132262336.6,10596461.744329,0
2020-06-20,0.07993,0.08023,0.077,0.07953,152661332.8,1592697599999,12017896.37257,35165,73547873.9,5792323.139553,0
2020-06-21,0.07956,0.08099,0.07814,0.07841,150318561.8,1592783999999,11967825.410861,34173,71994727.7,5734163.116492,0
2020-06-22,0.07839,0.08396,0.07821,0.08355,236593766.9,1592870399999,19258267.182392,50273,122331557.8,9957355.352087,0
2020-06-23,0.08359,0.08445,0.08152,0.08276,173136119.4,1592956799999,14352884.71537,42455,83461851.9,6921144.109296,0
2020-06-24,0.08278,0.08723,0.07995,0.08254,431553648.0,1593043199999,36059189.936199,88710,210254449.5,17578901.153575,0
2020-06-25,0.08251,0.08351,0.07863,0.08167,256346389.9,1593129599999,20858063.254197,52092,124597615.0,10144348.369896,0
2020-06-26,0.08166,0.08181,0.07934,0.08062,189443293.9,1593215999999,15262822.94874,41167,96328007.1,7762179.143718,0
2020-06-27,0.08063,0.081,0.07453,0.07738,239980469.3,1593302399999,18753839.169293,49985,111734062.4,8734863.776222,0
2020-06-28,0.07738,0.08109,0.0762,0.08028,230373628.4,1593388799999,18248575.428394,41854,110728514.0,8768220.502444,0
2020-06-29,0.08026,0.08444,0.08026,0.08392,322000901.7,1593475199999,26538377.186221,61013,162885911.1,13429172.67689,0
2020-06-30,0.08394,0.0847,0.08181,0.08299,196547531.1,1593561599999,16362429.51071,42492,96671156.9,8049655.980735,0
2020-07-01,0.083,0.09708,0.0824,0.09681,627920438.9,1593647999999,56678215.985084,109932,334938752.9,30216399.471905,0
2020-07-02,0.09685,0.09685,0.08742,0.09291,745942280.8,1593734399999,69432388.956379,155953,365467148.6,34029604.281693,0
2020-07-03,0.09291,0.1021,0.09221,0.09655,690799829.5,1593820799999,67173609.519036,137709,352882209.1,34351423.04926,0
2020-07-04,0.09652,0.10118,0.09591,0.10005,490805389.1,1593907199999,48478371.467822,103311,246166029.6,24321249.120807,0
2020-07-05,0.10005,0.10005,0.0942,0.09813,397913451.9,1593993599999,38453072.74795,100450,188120597.1,18179714.474578,0
2020-07-06,0.09815,0.10676,0.09722,0.10512,473375192.5,1594079999999,47783980.610853,118533,247343281.5,24985577.925441,0
2020-07-07,0.10512,0.11916,0.10289,0.11764,775869735.0,1594166399999,85913288.313825,186335,393757683.3,43601052.121008,0
2020-07-08,0.11764,0.13877,0.1147,0.12993,1587749613.1,1594252799999,204957288.841269,394118,791449599.3,102133579.544143,0
2020-07-09,0.12992,0.12993,0.11744,0.12403,893825632.2,1594339199999,109551339.263616,219974,448138938.2,54923998.826916,0
2020-07-10,0.12401,0.12428,0.11026,0.11846,808057758.1,1594425599999,94252583.899036,192793,399477766.9,46593368.543174,0
2020-07-11,0.11843,0.12726,0.11767,0.12523,460447487.7,1594511999999,56058359.526915,123800,230874576.3,28132134.184347,0
2020-07-12,0.12519,0.12849,0.12036,0.12685,416611565.9,1594598399999,51745214.429524,111398,204999954.0,25476104.522889,0
2020-07-13,0.12689,0.136,0.12078,0.12427,688293154.1,1594684799999,89791806.234021,196971,336582343.4,43974086.564598,0
2020-07-14,0.12426,0.135,0.1208,0.13256,573751827.4,1594771199999,73662902.884092,165839,290525772.5,37358714.734641,0
2020-07-15,0.13254,0.13283,0.12732,0.13069,370682346.2,1594857599999,48321002.170055,98285,176431805.0,23006328.305966,0
2020-07-16,0.13071,0.13333,0.11829,0.12602,607317645.2,1594943999999,76191690.708722,162808,282694184.3,35459754.22889,0
2020-07-17,0.12605,0.12671,0.12163,0.12224,269816299.8,1595030399999,33494705.572252,76214,129204093.7,16042906.82322,0
2020-07-18,0.12224,0.12475,0.11823,0.1227,275326072.2,1595116799999,33425718.039014,74210,131509436.4,15971519.174615,0
2020-07-19,0.12267,0.12475,0.12113,0.12402,172079009.8,1595203199999,21174528.340071,45835,84418270.5,10389870.396109,0
2020-07-20,0.12401,0.12431,0.11465,0.11771,253190451.2,1595289599999,30501268.997381,69196,112954657.8,13613647.583413,0
2020-07-21,0.11772,0.12468,0.11671,0.12321,260880715.5,1595375999999,31840419.192397,73111,137961818.7,16830419.366772,0
2020-07-22,0.1232,0.12466,0.12032,0.1238,167277837.9,1595462399999,20426754.270616,47690,81171370.4,9915143.946285,0
2020-07-23,0.12385,0.12607,0.12333,0.12422,233344422.6,1595548799999,29116173.639153,56808,115220926.7,14380401.344371,0
2020-07-24,0.1242,0.12437,0.12053,0.12197,185179301.2,1595635199999,22702498.285806,47519,84659636.9,10382837.226118,0
2020-07-25,0.122,0.14588,0.12195,0.14362,851485004.5,1595721599999,114672675.127496,193325,455127475.2,61246009.532579,0
2020-07-26,0.14368,0.15464,0.14131,0.14849,971402952.6,1595807999999,143551304.780496,223732,483263406.5,71429711.664277,0
2020-07-27,0.14847,0.14983,0.13,0.13859,1006112609.6,1595894399999,140173714.161824,242476,489026278.9,68136038.084104,0
2020-07-28,0.13861,0.15101,0.13399,0.14904,715760829.0,1595980799999,101485354.075165,187266,362560207.1,51455976.988922,0
2020-07-29,0.14904,0.14998,0.138,0.13972,537845004.2,1596067199999,77021419.237423,136306,260100326.4,37255166.805053,0
2020-07-30,0.13976,0.1426,0.13687,0.1406,320531544.9,1596153599999,44798051.823315,84190,157739610.7,22050734.573083,0
2020-07-31,0.14056,0.14133,0.13552,0.13878,257426976.7,1596239999999,35768909.728134,69041,121006702.2,16818823.318584,0
2020-08-01,0.13876,0.14691,0.13814,0.1441,428476131.0,1596326399999,60702230.235242,116125,214416831.0,30394556.911938,0
2020-08-02,0.14415,0.1485,0.1258,0.13375,557443813.3,1596412799999,76039339.167855,165614,266675322.0,36385551.845239,0
2020-08-03,0.13381,0.1393,0.132,0.1373,255391275.3,1596499199999,34915375.263507,70874,126184102.3,17256901.57976,0
2020-08-04,0.13735,0.14825,0.13611,0.14335,405429691.8,1596585599999,57479707.535132,109467,206626153.2,29309148.533437,0
2020-08-05,0.14333,0.14533,0.1397,0.14227,247854513.3,1596671999999,35444876.014357,68864,113100021.3,16181961.712233,0
2020-08-06,0.14229,0.14585,0.13986,0.14444,279832944.9,1596758399999,39977274.773654,73906,142613388.7,20384794.074857,0
2020-08-07,0.14441,0.14746,0.1327,0.13888,335277998.8,1596844799999,47212849.957004,87926,153935852.4,21689396.152738,0
2020-08-08,0.13891,0.14788,0.13723,0.14696,300085230.7,1596931199999,42907276.380048,84394,158067599.0,22612500.907699,0
2020-08-09,0.14695,0.1523,0.142,0.14512,404020544.5,1597017599999,59240265.412043,111729,201864963.2,29625064.81004,0
2020-08-10,0.14512,0.14653,0.14162,0.14383,338241373.9,1597103999999,48824823.039175,79953,163815544.3,23650901.851478,0
2020-08-11,0.14376,0.1445,0.13131,0.13685,335301733.6,1597190399999,46439453.478455,89654,154195054.7,21349453.18621,0
2020-08-12,0.13685,0.13787,0.12336,0.1367,409416032.2,1597276799999,54316032.051588,117348,198606469.1,26379152.123598,0
2020-08-13,0.1367,0.14212,0.13161,0.13944,370696719.4,1597363199999,50913965.505558,102282,180286186.7,24773899.772684,0
2020-08-14,0.13943,0.14117,0.13739,0.13826,236113113.1,1597449599999,32843527.94519,78275,115825813.2,16115970.622175,0
2020-08-15,0.13826,0.1418,0.1362,0.13837,278280169.4,1597535999999,38549882.37338,88122,136780843.0,18958959.685545,0
2020-08-16,0.13838,0.13961,0.13483,0.13882,208158137.1,1597622399999,28659548.842608,74560,103659643.7,14279357.875683,0
2020-08-17,0.13882,0.14484,0.13731,0.14039,385519511.7,1597708799999,54458449.002239,108695,192559133.6,27206687.467093,0
2020-08-18,0.14039,0.144,0.13374,0.13691,265797226.3,1597795199999,36812936.670819,81728,126365209.0,17507232.777082,0
2020-08-19,0.13686,0.13832,0.1258,0.12966,344298320.3,1597881599999,45306685.39776,101362,159854794.0,21041552.747529,0
2020-08-20,0.12964,0.13453,0.12605,0.13413,243493668.9,1597967999999,31673635.849254,69689,119773330.6,15586310.280297,0
2020-08-21,0.1342,0.13436,0.1214,0.12315,325572514.7,1598054399999,41793106.181855,88722,153894199.0,19770496.265265,0
2020-08-22,0.12314,0.12618,0.1182,0.12515,239238199.5,1598140799999,29380886.657829,62609,116597991.5,14329105.33813,0
2020-08-23,0.12516,0.1259,0.11929,0.12141,176404681.9,1598227199999,21562870.319441,46020,86597993.4,10587052.850656,0
2020-08-24,0.12146,0.12707,0.12,0.12361,192049653.6,1598313599999,23856479.040974,47954,96519520.2,11987136.232549,0
2020-08-25,0.12359,0.12395,0.10485,0.11239,538469253.0,1598399999999,60742877.266484,116378,251226784.2,28382842.954831,0
2020-08-26,0.11239,0.11819,0.11019,0.11435,291146015.7,1598486399999,33273716.646915,76676,146108356.4,16699897.18111,0
2020-08-27,0.11431,0.11583,0.10211,0.10725,397313718.2,1598572799999,42988197.774055,95204,188296274.2,20381774.300281,0
2020-08-28,0.10726,0.11166,0.10602,0.10927,254837464.6,1598659199999,27760523.9941,65111,128926882.5,14048184.506259,0
2020-08-29,0.10926,0.11796,0.10799,0.11623,219865981.9,1598745599999,24901197.329607,60042,110999929.8,12570648.607154,0
2020-08-30,0.11624,0.11879,0.11369,0.11747,208755018.0,1598831999999,24252577.320266,59083,103074004.1,11977226.993047,0
2020-08-31,0.11742,0.1268,0.11296,0.12253,459272450.5,1598918399999,55272513.473865,110533,232204668.8,27944437.889449,0
2020-09-01,0.1225,0.12812,0.11896,0.12445,330906806.9,1599004799999,40914995.471801,94575,160098497.3,19805565.916197,0
2020-09-02,0.12444,0.12642,0.11031,0.11489,399997912.3,1599091199999,46730338.615951,106257,188007649.1,21967047.540432,0
2020-09-03,0.1149,0.11693,0.09222,0.09446,621880720.2,1599177599999,65772281.388414,140458,285737113.6,30307644.433227,0
2020-09-04,0.09448,0.10399,0.09215,0.10156,764723646.7,1599263999999,75302723.073042,148713,373352266.3,36810203.124994,0
2020-09-05,0.1016,0.10398,0.0854,0.09,648238071.4,1599350399999,60694659.797697,126438,307586045.0,28864974.857785,0
2020-09-06,0.08998,0.09614,0.0855,0.0926,391668905.2,1599436799999,35885202.827819,102574,195620818.6,17923683.934694,0
2020-09-07,0.09266,0.09421,0.08603,0.0936,382261960.2,1599523199999,34388635.790695,89698,186312397.1,16765031.903749,0
2020-09-08,0.09365,0.09699,0.08845,0.09101,413411592.3,1599609599999,37980714.172887,99966,199237371.2,18319635.064151,0
2020-09-09,0.09105,0.09575,0.08925,0.09331,239528985.2,1599695999999,22278716.606659,56386,120849818.9,11239441.505178,0
2020-09-10,0.09329,0.0995,0.09318,0.09709,318516552.9,1599782399999,30881801.008205,76643,158928280.0,15411921.538032,0
2020-09-11,0.09704,0.09755,0.09308,0.09701,221511294.0,1599868799999,21152779.656514,53008,108269216.9,10344700.362554,0
2020-09-12,0.09696,0.0985,0.09446,0.09771,171314687.5,1599955199999,16563999.228322,45817,82794923.5,8007598.791988,0
2020-09-13,0.09769,0.09981,0.09234,0.09507,241551462.9,1600041599999,23196907.169904,63125,113049966.4,10870840.940725,0
2020-09-14,0.09509,0.09787,0.09293,0.09663,222916155.5,1600127999999,21370868.591398,57496,114396145.5,10969749.417004,0
2020-09-15,0.09659,0.09804,0.09286,0.09313,228893108.7,1600214399999,21865209.111607,53224,108244322.4,10338049.747772,0
2020-09-16,0.09309,0.09334,0.08951,0.09151,274183427.8,1600300799999,24963807.501049,62232,130490276.4,11881549.250846,0
2020-09-17,0.09151,0.09475,0.09075,0.09408,233366881.9,1600387199999,21642750.884003,54288,114109808.8,10585794.61569,0
2020-09-18,0.09405,0.09415,0.08963,0.09093,216397448.7,1600473599999,19929205.051352,47705,104846128.4,9652583.979424,0
2020-09-19,0.09092,0.09325,0.09044,0.09141,146210080.5,1600559999999,13422294.323232,30892,73075060.7,6707956.123985,0
2020-09-20,0.09139,0.09223,0.08751,0.08936,178387120.7,1600646399999,16075687.234506,37992,84574511.5,7621948.44129,0
2020-09-21,0.08936,0.09017,0.077,0.07983,492053125.1,1600732799999,40449866.625859,91032,237133538.5,19481002.829276,0
2020-09-22,0.07989,0.08335,0.07906,0.08146,312840807.6,1600819199999,25530961.962128,50054,155730863.8,12710178.269057,0
2020-09-23,0.08148,0.0828,0.07545,0.07663,288788652.5,1600905599999,22965531.09275,51320,146048904.3,11619495.027497,0
2020-09-24,0.07663,0.08376,0.07549,0.08254,416112902.6,1600991999999,33237062.24067,72250,211973588.6,16931344.997312,0
2020-09-25,0.08254,0.09867,0.08233,0.09693,761770099.4,1601078399999,70085712.718339,150218,392624839.8,36122842.972045,0
2020-09-26,0.09691,0.09997,0.09226,0.09547,350666632.3,1601164799999,33573722.516384,75131,178347546.7,17078537.774215,0
2020-09-27,0.09541,0.10273,0.09419,0.1013,425402605.4,1601251199999,42041275.230044,92847,216342517.5,21393141.356716,0
2020-09-28,0.10132,0.10671,0.09957,0.1003,444510434.1,1601337599999,46144619.730784,98472,215014228.0,22330875.316112,0
2020-09-29,0.10026,0.1036,0.09735,0.1011,324750297.3,1601423999999,32669322.292041,70407,154322649.8,15529844.388837,0
2020-09-30,0.1011,0.10175,0.09662,0.10136,284886992.4,1601510399999,28279936.374241,62625,144499386.8,14345169.946996,0
2020-10-01,0.10136,0.10465,0.09458,0.09804,336851341.1,1601596799999,33766582.477949,75151,163877283.8,16440575.210531,0
2020-10-02,0.09803,0.1004,0.08967,0.09286,399944267.6,1601683199999,37544476.521148,80851,190139252.0,17850502.954984,0
2020-10-03,0.09285,0.09532,0.09208,0.09328,157830982.1,1601769599999,14831850.146634,35373,78115885.1,7340584.324827,0
2020-10-04,0.09332,0.09804,0.09205,0.09686,171939943.5,1601855999999,16335467.852666,38628,87240300.4,8289572.811585,0
2020-10-05,0.09684,0.09948,0.09585,0.09738,181150337.1,1601942399999,17672527.888232,43215,90014057.1,8783814.690923,0
2020-10-06,0.0974,0.09864,0.09122,0.09289,279075645.9,1602028799999,26400263.391545,56153,137748258.3,13032120.75444,0
2020-10-07,0.09287,0.09449,0.08934,0.09374,156895883.2,1602115199999,14522908.744422,37532,79286482.3,7342300.567149,0
2020-10-08,0.09372,0.09731,0.08975,0.09632,252697885.8,1602201599999,23716055.065303,55746,127862889.4,12008212.852349,0
2020-10-09,0.09632,0.10255,0.09485,0.10129,310310117.3,1602287999999,30460846.220327,68553,161332813.3,15839476.503876,0
2020-10-10,0.10133,0.11151,0.10133,0.10493,507111063.7,1602374399999,54343711.968213,113861,254015280.7,27229223.311228,0
2020-10-11,0.10488,0.10899,0.10415,0.10648,313077154.2,1602460799999,33383274.171217,71724,154675216.5,16499189.540783,0
2020-10-12,0.10652,0.11369,0.10216,0.10945,436930732.0,1602547199999,47008535.802085,116208,226775069.8,24407573.647248,0
2020-10-13,0.10951,0.11428,0.10751,0.10925,399840888.7,1602633599999,44347906.270879,95325,196612839.1,21813117.178701,0
2020-10-14,0.10927,0.11238,0.10519,0.10703,336699622.6,1602719999999,36695051.670094,76777,166888044.6,18193150.949849,0
2020-10-15,0.10703,0.10782,0.10441,0.10666,221158995.5,1602806399999,23512858.84573,52674,111850991.8,11893870.878226,0
2020-10-16,0.10664,0.10733,0.10218,0.10414,224603403.3,1602892799999,23387780.138314,57297,111451773.3,11605697.085929,0
2020-10-17,0.10415,0.10739,0.10316,0.10598,159726089.3,1602979199999,16908353.574631,36828,78624364.0,8323478.131489,0
2020-10-18,0.10589,0.10761,0.10501,0.10735,110005980.3,1603065599999,11693037.943789,28868,56925178.4,6051888.448316,0
2020-10-19,0.10737,0.1111,0.10598,0.10859,229437127.0,1603151999999,24904909.307565,54797,115703671.9,12564178.627294,0
2020-10-20,0.10856,0.10883,0.10058,0.10238,336559707.3,1603238399999,34938984.294362,78262,150834692.1,15655545.460551,0
2020-10-21,0.10237,0.10858,0.10128,0.10589,266714219.2,1603324799999,28160946.822454,67356,134014065.4,14154878.593477,0
2020-10-22,0.10585,0.11279,0.10507,0.11077,253146949.9,1603411199999,27605881.276115,63416,134495732.5,14672253.135917,0
2020-10-23,0.11075,0.11228,0.10515,0.10805,229349167.1,1603497599999,25008437.754495,55980,113758549.9,12411396.582924,0
2020-10-24,0.10801,0.1099,0.10726,0.10797,148170659.6,1603583999999,16100844.559668,33483,76680653.3,8333280.047292,0
2020-10-25,0.10795,0.10879,0.10603,0.10639,112506426.2,1603670399999,12075949.770881,27332,52586322.4,5646907.456176,0
2020-10-26,0.1064,0.1076,0.09892,0.10306,225727480.6,1603756799999,23259876.572696,47869,104661170.3,10797811.044253,0
2020-10-27,0.103,0.10568,0.10178,0.10256,184291093.8,1603843199999,19148597.636166,44887,86900020.9,9030259.296652,0
2020-10-28,0.10254,0.10331,0.09501,0.09869,282164120.8,1603929599999,27843309.876125,61146,131958546.2,13013390.829888,0
2020-10-29,0.09872,0.10082,0.09484,0.09531,257269193.8,1604015999999,25185522.599479,53112,130960803.3,12829063.426099,0
2020-10-30,0.09527,0.09569,0.08915,0.0933,278450826.0,1604102399999,25752587.650773,59140,142169919.3,13153533.7876,0
2020-10-31,0.09326,0.09555,0.09196,0.093,165418867.7,1604188799999,15510001.578013,39997,79999218.3,7501404.247976,0
2020-11-01,0.09296,0.09868,0.09241,0.09827,138991316.1,1604275199999,13268230.336051,33696,73666699.5,7033791.253678,0
2020-11-02,0.09827,0.10004,0.09151,0.09221,250365831.6,1604361599999,23937317.228683,56812,123453093.5,11809776.175809,0
2020-11-03,0.09222,0.09417,0.08793,0.09357,244514002.7,1604447999999,22310146.75443,60952,124470217.8,11359088.168653,0
2020-11-04,0.0936,0.09628,0.09155,0.0955,256317711.9,1604534399999,24074287.537436,64713,129664157.1,12181386.333326,0
2020-11-05,0.09553,0.0981,0.09207,0.09752,332802061.7,1604620799999,31727134.725027,72246,171240705.0,16317407.821962,0
2020-11-06,0.09749,0.11,0.09706,0.1091,451716971.6,1604707199999,47427482.921034,129308,240617256.6,25254767.359088,0
2020-11-07,0.10912,0.11387,0.09861,0.10128,647454529.2,1604793599999,68824996.445697,163067,320847395.9,34143383.10655,0
2020-11-08,0.10131,0.10832,0.0997,0.10655,270595831.0,1604879999999,28449684.677416,81231,134617410.4,14150360.560438,0
2020-11-09,0.10652,0.10799,0.10114,0.10561,310077984.4,1604966399999,32470998.376746,91304,159044796.8,16668901.815827,0
2020-11-10,0.10555,0.10915,0.10355,0.1059,303777358.8,1605052799999,32285456.14504,92669,144433113.8,15352069.222459,0
2020-11-11,0.1059,0.1089,0.10541,0.10599,251231387.1,1605139199999,26998072.993597,83826,127245280.2,13675926.533011,0
2020-11-12,0.10597,0.10667,0.10254,0.1046,223674122.1,1605225599999,23422636.263054,72476,110021906.4,11519438.075527,0
2020-11-13,0.10462,0.10798,0.10401,0.10629,237407048.5,1605311999999,25204728.436601,78935,122028039.4,12957199.991411,0
2020-11-14,0.10633,0.1073,0.10142,0.10411,228682972.0,1605398399999,23742897.251615,67849,121313589.4,12588504.423138,0
2020-11-15,0.10411,0.10527,0.0985,0.10046,201375366.6,1605484799999,20647920.497707,60583,97214052.1,9976334.876749,0
2020-11-16,0.10045,0.10499,0.0995,0.10387,215990529.7,1605571199999,22246202.729044,71450,111600367.3,11493576.500793,0
2020-11-17,0.10387,0.11246,0.10354,0.10947,422358548.5,1605657599999,46065393.686785,133129,218457167.1,23820824.582957,0
2020-11-18,0.10944,0.11161,0.10171,0.10658,434138632.2,1605743999999,46348194.860736,109490,210571609.4,22494883.4966,0
2020-11-19,0.10662,0.10816,0.10435,0.1059,237807123.0,1605830399999,25258809.568802,66459,114185511.5,12136027.0677,0
2020-11-20,0.1059,0.119,0.10549,0.11828,437634200.7,1605916799999,48645520.072866,127423,230840678.3,25662935.671701,0
2020-11-21,0.11826,0.13472,0.11605,0.13334,1071722949.3,1606003199999,134223347.7308,265512,544134394.3,68218586.823557,0
2020-11-22,0.13335,0.15352,0.12,0.14599,1960688777.5,1606089599999,265147097.869788,448124,1011295660.8,136790324.252935,0
2020-11-23,0.14593,0.15925,0.141,0.15445,1389843989.7,1606175999999,210177734.521799,399986,706855168.8,106964177.977325,0
2020-11-24,0.15451,0.183,0.15,0.16721,1689043010.1,1606262399999,281406313.970446,515388,862355808.2,143728215.874021,0
2020-11-25,0.16722,0.17549,0.14702,0.15473,1078036852.7,1606348799999,177884968.936596,335752,537298545.5,88777809.127586,0
2020-11-26,0.15474,0.16085,0.1123,0.13843,1645992625.9,1606435199999,223129884.026215,413242,831076644.3,112733199.678035,0
2020-11-27,0.13835,0.14559,0.1307,0.14178,714401286.7,1606521599999,97878697.613696,212382,362902028.6,49751283.21538,0
2020-11-28,0.14178,0.17233,0.13878,0.16489,1087688653.5,1606607999999,171712019.155178,312532,545934196.2,86110632.608801,0
2020-11-29,0.16487,0.17136,0.15712,0.16663,764061575.3,1606694399999,125044829.839457,240569,385706076.6,63177817.958469,0
2020-11-30,0.16666,0.17399,0.16011,0.17204,810673450.8,1606780799999,136237545.662967,229177,404769496.4,68053601.587714,0
2020-12-01,0.17207,0.17456,0.14132,0.15562,1039771812.1,1606867199999,166639130.740545,289501,508680921.6,81596966.670442,0
2020-12-02,0.15554,0.15997,0.15065,0.15845,435020305.6,1606953599999,67918215.156586,114336,219753593.1,34298842.46357,0
2020-12-03,0.15841,0.16842,0.15532,0.16398,413504395.2,1607039999999,66943835.328521,139922,208266858.2,33728330.042311,0
2020-12-04,0.16395,0.16464,0.146,0.14781,466897814.7,1607126399999,73072575.781053,181178,220841912.6,34571548.926758,0
2020-12-05,0.14779,0.16198,0.14608,0.15993,350995852.1,1607212799999,54873141.571896,134044,179999675.3,28148799.937026,0
2020-12-06,0.15996,0.16288,0.15301,0.15873,290105225.6,1607299199999,45667813.043876,116907,142941628.9,22510221.379983,0
2020-12-07,0.15875,0.15906,0.15132,0.15401,213173504.2,1607385599999,33055652.745858,64151,101604875.1,15754280.610621,0
2020-12-08,0.15401,0.1552,0.13756,0.1412,431926292.3,1607471999999,63198666.267354,136736,202253120.6,29590155.007791,0
2020-12-09,0.14117,0.15025,0.12924,0.14796,538859167.1,1607558399999,75432291.639205,167539,273176994.8,38290183.245872,0
2020-12-10,0.14796,0.14865,0.13906,0.14188,282799496.3,1607644799999,40687535.723939,97346,140349542.4,20183378.986609,0
2020-12-11,0.14188,0.14291,0.13473,0.13926,299140983.7,1607731199999,41561549.168474,96159,147980433.4,20563486.538599,0
2020-12-12,0.13927,0.14736,0.13876,0.14438,236440057.4,1607817599999,34221271.35396,91320,119276884.9,17263992.46893,0
2020-12-13,0.14439,0.15669,0.1429,0.15406,327839004.5,1607903999999,49816857.994816,123350,166254562.8,25253982.922881,0
2020-12-14,0.15404,0.1588,0.14953,0.15877,267003605.0,1607990399999,40943801.060385,100732,137360366.0,21066767.418102,0
2020-12-15,0.15877,0.16,0.15261,0.15381,272831838.6,1608076799999,42449979.300382,106861,135066075.9,21016363.75075,0
2020-12-16,0.15385,0.16844,0.14903,0.16814,496276026.7,1608163199999,79083716.819301,173866,257815485.3,41139015.416269,0
2020-12-17,0.16806,0.17628,0.16052,0.16336,770340713.9,1608249599999,129542865.737322,233697,374945084.2,63096812.299031,0
2020-12-18,0.16339,0.16942,0.15821,0.16502,404588707.0,1608335999999,66380846.142119,145567,196727298.3,32289623.531619,0
2020-12-19,0.16502,0.17082,0.16286,0.16433,342041141.9,1608422399999,57248498.404413,138007,166091288.3,27804605.018205,0
2020-12-20,0.16421,0.169,0.156,0.16201,336692485.2,1608508799999,55276607.608786,140413,159611898.3,26210084.065675,0
2020-12-21,0.16196,0.16714,0.1468,0.15278,430322921.0,1608595199999,67151902.256249,159210,202574688.0,31607013.032789,0
2020-12-22,0.15279,0.16124,0.14879,0.15646,472974503.2,1608681599999,73764999.875586,188714,237250380.6,37018568.694024,0
2020-12-23,0.15645,0.15786,0.1263,0.13635,818577125.1,1608767999999,118904127.931822,262757,388103310.1,56396411.050784,0
2020-12-24,0.13631,0.15477,0.13132,0.15304,738995663.2,1608854399999,104882009.455825,232837,379498841.1,53915845.664681,0
2020-12-25,0.15305,0.167,0.15006,0.15761,589176673.8,1608940799999,93288393.378391,196476,299045680.7,47397621.168467,0
2020-12-26,0.15763,0.16242,0.1488,0.15839,563232604.1,1609027199999,87540978.45993,192288,276596193.8,43026695.777442,0
2020-12-27,0.15839,0.16642,0.14936,0.15467,798134617.2,1609113599999,126512838.100096,241054,390198312.2,61916704.086153,0
2020-12-28,0.15467,0.18057,0.1528,0.17627,881547663.5,1609199999999,147754102.867983,278089,454049195.0,76127999.369387,0
2020-12-29,0.1763,0.19725,0.17304,0.19067,1475500719.5,1609286399999,273970430.802808,483117,741286331.8,137761628.526703,0
2020-12-30,0.19069,0.19389,0.17511,0.18389,670221026.8,1609372799999,122388423.333235,281329,326627077.5,59651215.852073,0
2020-12-31,0.18389,0.1864,0.17443,0.18134,447672619.8,1609459199999,80709170.33697,171189,219985244.8,39681174.48067,0
2021-01-01,0.18134,0.18473,0.17,0.17509,462201570.9,1609545599999,82720467.010267,178824,221710271.1,39724496.656061,0
2021-01-02,0.17505,0.18457,0.16793,0.17742,660303281.2,1609631999999,117077280.526554,231432,327472160.0,58116623.051512,0
2021-01-03,0.1774,0.2096,0.17255,0.20615,1201451449.3,1609718399999,230834619.4761728,403926,611459758.0,117568344.8788848,0
2021-01-04,0.20625,0.23992,0.19203,0.22528,1463415575.6,1609804799999,315299480.49144566,548636,741563107.18,159905398.5112039,0
2021-01-05,0.22518,0.26429,0.20696,0.25873,1478887679.33,1609891199999,349709110.7622226,614385,747144703.73,176799587.3170888,0
2021-01-06,0.25889,0.34772,0.25347,0.33309,2059110042.76,1609977599999,611715688.0606145,893919,1049946737.78,311900901.7592032,0
2021-01-07,0.33311,0.3553,0.2785,0.29928,1411321698.55,1610063999999,453119832.6300348,654373,701607379.05,225491548.6079038,0
2021-01-08,0.29917,0.32165,0.26175,0.30389,1284205249.4,1610150399999,380368302.98094094,531917,639446571.6,189619553.806902,0
2021-01-09,0.30392,0.33851,0.29583,0.33062,820267450.7,1610236799999,259644112.080644,364494,422907767.9,133886167.639894,0
2021-01-10,0.33062,0.3412,0.27948,0.30153,908667596.0,1610323199999,285668888.341356,409748,449616246.0,141572360.471136,0
2021-01-11,0.30154,0.30397,0.2288,0.2757,1530569582.3,1610409599999,404536667.170069,534981,759637126.2,200866629.066929,0
2021-01-12,0.27563,0.31442,0.2628,0.28888,1059013244.8,1610495999999,303626067.858419,422638,525716032.8,150860527.147087,0
2021-01-13,0.28875,0.31587,0.27,0.3123,715473111.9,1610582399999,208192713.90953,296349,360203907.0,104937461.125005,0
2021-01-14,0.31246,0.32455,0.29646,0.31201,656502674.0,1610668799999,204581244.1367,292444,327142431.2,102004050.286743,0
2021-01-15,0.31203,0.33225,0.27739,0.30188,853517402.8,1610755199999,264651790.304994,383114,425576979.6,132094805.962026,0
2021-01-16,0.30189,0.36696,0.30186,0.35071,1219589043.23,1610841599999,416047249.2075495,551624,614701958.23,209551995.9262465,0
2021-01-17,0.35057,0.3974,0.34076,0.38081,1422650839.29,1610927999999,529806343.19037527,738575,719366275.92,268090596.1344522,0
2021-01-18,0.38077,0.39724,0.36413,0.37123,636785470.4,1611014399999,239548962.448159,345702,317286565.5,119403774.109138,0
2021-01-19,0.37132,0.39001,0.362,0.3672,606641543.0,1611100799999,226285256.536489,370018,297663692.6,111105776.462922,0
2021-01-20,0.3672,0.3769,0.33033,0.37532,656351514.5,1611187199999,232444042.012948,346650,322576988.2,114280651.78399,0
2021-01-21,0.37548,0.37945,0.3,0.30785,785029729.8,1611273599999,267771231.788664,404103,379696012.4,129474237.061294,0
2021-01-22,0.30786,0.3598,0.28,0.34867,898752288.0,1611359999999,290516408.419131,465828,452314019.6,146491020.583241,0
2021-01-23,0.34842,0.35763,0.33541,0.34583,418300948.7,1611446399999,145267535.31274,240273,204851745.7,71172522.219266,0
2021-01-24,0.34575,0.36926,0.33613,0.35345,458536220.6,1611532799999,161447140.086898,234964,230364169.6,81134237.31163,0
2021-01-25,0.35346,0.36415,0.34034,0.34308,407390809.5,1611619199999,144604820.562655,222342,199877840.6,70968317.064181,0
2021-01-26,0.34284,0.35111,0.32404,0.3433,354428194.0,1611705599999,120457217.743562,202859,174215399.9,59240168.407346,0
2021-01-27,0.34342,0.34396,0.30404,0.31144,422544056.1,1611791999999,135320113.262216,235043,204452228.8,65456149.541563,0
2021-01-28,0.31142,0.35575,0.30431,0.34409,487709261.2,1611878399999,163965629.110074,309801,241480939.5,81223205.051267,0
2021-01-29,0.34409,0.36836,0.3305,0.34752,666472809.5,1611964799999,235094446.385988,438205,325768547.8,114997455.869058,0
2021-01-30,0.34764,0.37694,0.337,0.364,510716622.4,1612051199999,181305666.293532,329408,254231367.9,90288909.525315,0
2021-01-31,0.36395,0.37752,0.338,0.34475,399794774.9,1612137599999,141712986.454822,322422,197293606.3,70010417.371399,0
2021-02-01,0.34464,0.42411,0.33214,0.40876,844822325.13,1612223999999,315517729.2364468,424028,426233701.91,159476468.9764514,0
2021-02-02,0.40882,0.4559,0.38868,0.42498,1501769862.49,1612310399999,635347397.5646352,959565,754522471.93,319551313.81340647,0
2021-02-03,0.425,0.44961,0.41509,0.44189,541252929.4,1612396799999,233609024.225337,382672,267960815.1,115715325.473209,0
2021-02-04,0.44213,0.45,0.41003,0.43934,536142412.3,1612483199999,231296073.096734,356573,264817712.8,114266253.24162,0
2021-02-05,0.43903,0.56,0.43638,0.53917,1277155737.26,1612569599999,647988571.3729905,1006967,643465760.82,326469960.371491,0
2021-02-06,0.53874,0.66706,0.51901,0.63444,1255504052.74,1612655999999,735618983.1258682,1012355,628719037.84,368644298.8683791,0
2021-02-07,0.63444,0.70888,0.58,0.66109,1596532267.5,1612742399999,1031252551.2483164,1258967,793851072.05,513016016.67128545,0
2021-02-08,0.66109,0.7238,0.63191,0.67638,1008667679.66,1612828799999,687200350.054749,834316,489422287.86,333639810.011159,0
2021-02-09,0.67674,0.71206,0.6624,0.70562,590482327.7,1612915199999,405545405.29600704,641568,292138275.5,200721303.647896,0
2021-02-10,0.70562,0.95306,0.70555,0.93966,1693219939.33,1613001599999,1404210349.2985792,1481690,862700232.45,715843350.0076869,0
2021-02-11,0.94041,0.98,0.86513,0.92796,975100368.22,1613087999999,903411072.7533121,1176112,480190321.72,445269290.94457024,0
2021-02-12,0.9281,0.94825,0.866,0.92426,649547803.8,1613174399999,593210760.200747,660663,317591690.5,290130572.992379,0
2021-02-13,0.92418,0.95053,0.82,0.91299,586878561.3,1613260799999,527921465.84935504,566194,281033703.1,252906724.395616,0
2021-02-14,0.91303,0.919,0.80666,0.84364,539495015.4,1613347199999,464156537.89327,481065,260028345.4,223731098.094624,0
2021-02-15,0.84288,0.911,0.6856,0.86143,932826536.9,1613433599999,773675700.779529,1016723,459492486.1,381923875.571265,0
2021-02-16,0.86128,0.90591,0.83334,0.87,526075390.6,1613519999999,460384874.04045904,559396,263053822.8,230317826.051902,0
2021-02-17,0.8699,0.89745,0.8215,0.89206,460328636.1,1613606399999,397664271.25875103,571034,232089801.9,200640049.124681,0
2021-02-18,0.89206,0.9578,0.89202,0.91442,580074009.4,1613692799999,536478522.566534,645125,291940634.3,269965901.193427,0
2021-02-19,0.91433,0.9456,0.87851,0.92581,547803715.8,1613779199999,503644913.65466094,534053,270767169.7,249120923.978768,0
2021-02-20,0.92597,1.2,0.91329,1.11568,1480541916.53,1613865599999,1605889356.9768093,1562187,757460832.01,821290306.8985082,0
2021-02-21,1.1156,1.15172,1.0675,1.09894,636265765.2,1613951999999,708941857.790058,804446,317518116.2,353983909.933414,0
2021-02-22,1.09955,1.146,0.831,1.09703,1333970209.1,1614038399999,1356545593.491317,1291551,651974611.2,664320304.588523,0
2021-02-23,1.09728,1.142,0.81,0.96197,1625220448.7,1614124799999,1563316092.760008,1748705,795628671.0,766121258.324474,0
2021-02-24,0.96136,1.077,0.8978,1.04902,946049063.3,1614211199999,959472420.8716049,986749,481796651.3,488833696.27993,0
2021-02-25,1.04883,1.177,1.012,1.07691,961855836.2,1614297599999,1053858750.542469,1065150,491460204.2,538657486.830276,0
2021-02-26,1.07688,1.298,0.99,1.24303,1805727721.5,1614383999999,2078674172.965505,1842500,910421394.5,1049555411.810228,0
2021-02-27,1.24353,1.488,1.2271,1.31402,1994359638.5,1614470399999,2726382795.3645725,2344043,1008272867.9,1378839934.0311296,0
2021-02-28,1.314,1.3595,1.154,1.31203,1599172340.3,1614556799999,2000892510.5663433,1836152,803319112.3,1005405130.693731,0
2021-03-01,1.31279,1.348,1.23131,1.29627,984011920.2,1614643199999,1262620102.616691,1302837,493388260.2,633206870.719871,0
2021-03-02,1.29678,1.29998,1.18,1.2228,753904502.9,1614729599999,923673564.2911329,993914,366629155.5,449312384.086773,0
2021-03-03,1.22281,1.26636,1.20865,1.21311,454913445.3,1614815999999,563382389.440149,529175,230824647.3,285977329.355012,0
2021-03-04,1.21315,1.23052,1.06695,1.11239,748035034.3,1614902399999,859720613.297925,882082,356800786.6,410044939.552384,0
2021-03-05,1.11261,1.1972,1.03374,1.15908,830654685.1,1614988799999,934727653.7310289,1132387,415900224.9,468135654.45219,0
2021-03-06,1.15907,1.183,1.08493,1.129,394799528.8,1615075199999,442918849.66938895,671557,194629795.5,218300669.964527,0
2021-03-07,1.12901,1.145,1.10562,1.13042,324367538.9,1615161599999,365845333.635412,381768,161149059.1,181780292.222879,0
2021-03-08,1.13073,1.17835,1.105,1.11848,398514643.5,1615247999999,450421643.827803,455437,195114443.6,220689129.892959,0
2021-03-09,1.11836,1.22,1.11083,1.1972,616039069.3,1615334399999,718499784.323591,731610,318172237.7,371224400.484304,0
2021-03-10,1.19734,1.208,1.115,1.13261,384497300.9,1615420799999,446671691.449935,514521,191067876.3,222092183.611245,0
2021-03-11,1.13226,1.14,1.1075,1.1243,301611714.1,1615507199999,338688320.679779,376289,144955153.5,162813707.148071,0
2021-03-12,1.12417,1.128,1.02,1.03207,423021914.4,1615593599999,453536801.751492,535644,204701312.8,219492609.554509,0
2021-03-13,1.03207,1.193,0.985,1.1,643811025.4,1615679999999,707355593.966,778819,315537102.6,347161850.397569,0
2021-03-14,1.10016,1.10265,1.0519,1.05243,304362465.7,1615766399999,328663726.916662,388068,152654214.8,164902551.436802,0
2021-03-15,1.05241,1.07078,1.00001,1.03103,400978353.1,1615852799999,415080286.21487296,485996,197915178.2,204940215.128324,0
2021-03-16,1.03071,1.28,1.0,1.24924,1248716359.1,1615939199999,1458646287.627065,1590786,656694907.5,768127419.8370191,0
2021-03-17,1.24974,1.43,1.20353,1.377,1094860557.7,1616025599999,1409057696.603295,1700157,568490704.8,732288666.3222381,0
2021-03-18,1.3775,1.47299,1.22154,1.22925,1446280469.1,1616111999999,1975037678.43161,2144826,714209978.0,977752074.168563,0
2021-03-19,1.22966,1.34286,1.18003,1.29474,812311179.7,1616198399999,1032218858.172991,1278982,413087646.8,525469583.48372895,0
2021-03-20,1.29499,1.30974,1.19978,1.20046,401638128.1,1616284799999,505497684.765714,731665,185275272.3,233392548.731212,0
2021-03-21,1.20048,1.24139,1.16,1.18561,305630409.8,1616371199999,367461613.305998,422247,145313878.3,174762467.264686,0
2021-03-22,1.18561,1.20782,1.067,1.1015,384255570.1,1616457599999,444196527.44626,552717,179422357.7,207620301.940759,0
2021-03-23,1.1015,1.1739,1.08145,1.11639,371967713.8,1616543999999,421114122.163967,637868,179062557.5,202753390.063375,0
2021-03-24,1.11563,1.1639,1.038,1.06902,354915791.2,1616630399999,396335857.03527504,631067,170671088.5,190813663.967524,0
2021-03-25,1.06879,1.1535,1.04584,1.0956,527623538.8,1616716799999,583470178.633326,738550,260916787.0,288649761.354133,0
2021-03-26,1.09596,1.28755,1.09426,1.2142,671982901.0,1616803199999,808936818.2032169,1057420,343495975.1,413596347.56013507,0
2021-03-27,1.21419,1.2389,1.15623,1.17678,270954337.7,1616889599999,322586528.664919,435612,129034810.3,153682325.17328,0
2021-03-28,1.17646,1.22,1.1665,1.18983,199736804.6,1616975999999,237375345.954581,287241,96085808.4,114250775.241215,0
2021-03-29,1.18983,1.22979,1.178,1.20239,263071765.2,1617062399999,316725719.73974,330171,126654080.7,152495055.956734,0
2021-03-30,1.2024,1.23555,1.18909,1.21189,257460678.6,1617148799999,312766027.238293,406409,124473145.0,151245585.342379,0
2021-03-31,1.212,1.21273,1.151,1.19191,302818874.6,1617235199999,360032787.858607,493282,138954737.3,165248541.520418,0
2021-04-01,1.19172,1.20772,1.17171,1.18377,212963382.6,1617321599999,253654449.282147,366545,100934329.6,120229328.710191,0
2021-04-02,1.1833,1.24796,1.18026,1.18998,314062254.4,1617407999999,379078109.523662,492559,153327125.6,185156611.803541,0
2021-04-03,1.18998,1.24078,1.15977,1.16238,313837978.9,1617494399999,379294245.01418304,558820,146192006.4,176833458.882504,0
2021-04-04,1.16245,1.193,1.152,1.18206,204575492.2,1617580799999,240843734.867574,384032,101038712.4,118980676.787447,0
2021-04-05,1.18205,1.22647,1.16222,1.2118,318801564.5,1617667199999,379800451.568576,555351,154389750.3,183977276.203023,0
2021-04-06,1.21172,1.34359,1.1901,1.252,726926008.5,1617753599999,913715698.979972,1195328,362478267.9,455975837.89124095,0
2021-04-07,1.25217,1.29,1.1588,1.17359,405313990.0,1617839999999,493054710.48034894,771894,195624257.8,238184670.751843,0
2021-04-08,1.17356,1.22502,1.16999,1.21926,215242842.9,1617926399999,258822131.024978,390054,107326033.5,129045833.410468,0
2021-04-09,1.21896,1.22907,1.19134,1.20201,156767192.2,1618012799999,189628515.591865,297343,72779502.0,88062362.116515,0
2021-04-10,1.20201,1.25199,1.19157,1.21747,290774078.0,1618099199999,355203232.326933,475261,139689482.9,170728162.673181,0
2021-04-11,1.21753,1.28989,1.199,1.26355,451246041.8,1618185599999,563044444.403651,714512,227658931.7,284187814.405216,0
2021-04-12,1.26376,1.348,1.2633,1.31431,559487897.9,1618271999999,730491709.395321,952211,283101327.2,369743790.301768,0
2021-04-13,1.31452,1.4378,1.28138,1.41246,605026285.0,1618358399999,827121787.857676,1026705,300031719.2,410809123.42214495,0
2021-04-14,1.41246,1.55845,1.348,1.45092,1053166777.6,1618444799999,1535013338.694213,1840346,532833650.0,777585344.153276,0
2021-04-15,1.4514,1.49539,1.41023,1.4782,413204000.6,1618531199999,603652219.001693,913680,200512403.9,293082737.925584,0
2021-04-16,1.47845,1.51915,1.334,1.40989,562141264.2,1618617599999,797336703.01528,1069902,271636144.6,385472889.70788497,0
2021-04-17,1.40989,1.45805,1.35501,1.36802,323840975.1,1618703999999,456752579.9214,658242,156459325.4,220729053.893091,0
2021-04-18,1.36861,1.38654,1.07204,1.27693,804838502.1,1618790399999,984038054.809239,1427081,395616248.3,483530864.512912,0
2021-04-19,1.27655,1.32443,1.17122,1.1945,477279604.9,1618876799999,594173873.637402,862505,230374339.7,287034847.534658,0
2021-04-20,1.19451,1.28241,1.12685,1.26689,470266399.2,1618963199999,564969805.9475889,795662,236484744.7,284374122.097659,0
2021-04-21,1.26665,1.29,1.19704,1.20358,404434984.0,1619049599999,504722890.00897294,716832,198502241.6,247852363.628163,0
2021-04-22,1.20312,1.27984,1.1138,1.144,522618869.4,1619135999999,628558727.834622,840300,251216906.6,302422871.997385,0
2021-04-23,1.14443,1.16895,0.92,1.15866,989280841.9,1619222399999,1054521883.392403,1402192,487864949.8,520506445.24868304,0
2021-04-24,1.15872,1.198,1.0927,1.10287,434215610.4,1619308799999,494679064.790401,737205,212735261.3,242544833.874755,0
2021-04-25,1.103,1.14678,1.0183,1.0913,305075283.55,1619395199999,333834052.8768905,490000,147399893.21,161375215.2246906,0
2021-04-26,1.091,1.2509,1.0793,1.2375,473369883.13,1619481599999,568714660.9705249,773997,240169285.39,288566501.92579,0
2021-04-27,1.2377,1.3333,1.2232,1.3063,392979049.07,1619567999999,504918084.184202,760259,197877991.59,254261402.74083,0
2021-04-28,1.3063,1.3488,1.2326,1.3379,388598645.07,1619654399999,505426307.53277504,690474,193888785.25,252318176.993293,0
2021-04-29,1.3373,1.4117,1.2661,1.3063,578529650.82,1619740799999,777246168.0584271,1273495,286209368.36,384749980.544471,0
2021-04-30,1.3066,1.3709,1.2855,1.3532,308696257.77,1619827199999,413990419.810156,605811,155861667.06,209061062.555547,0
2021-05-01,1.353,1.3678,1.3128,1.3516,208656399.38,1619913599999,279891124.595575,379435,104617850.98,140363202.710782,0
2021-05-02,1.3516,1.3556,1.2941,1.3267,218990273.64,1619999999999,290399347.536045,369059,104006637.23,137974734.022637,0
2021-05-03,1.3267,1.38,1.3208,1.3622,271187623.29,1620086399999,367143914.773384,465569,133266669.61,180453967.384274,0
2021-05-04,1.3627,1.3673,1.2557,1.2698,421500877.62,1620172799999,549879320.534174,693784,200283800.66,261383392.039219,0
2021-05-05,1.2699,1.497,1.2598,1.4798,579064616.22,1620259199999,809182895.296619,1020356,301399581.38,421418200.687916,0
2021-05-06,1.4799,1.7,1.4288,1.6491,1342973403.72,1620345599999,2120775489.3697312,2264654,679836785.84,1074576552.336353,0
2021-05-07,1.6491,1.7478,1.526,1.653,789059200.98,1620431999999,1301803083.5122,1468918,388462400.73,641798769.4822329,0
2021-05-08,1.6529,1.6543,1.5611,1.6211,393498897.98,1620518399999,633842537.10449,872816,188929337.37,304433717.197106,0
2021-05-09,1.6206,1.833,1.5726,1.7663,883091328.46,1620604799999,1536088014.649721,1884477,445718836.27,775516533.5943431,0
2021-05-10,1.7662,1.8243,1.517,1.6423,712304913.86,1620691199999,1220328155.185192,1624887,348279963.64,597318257.399391,0
2021-05-11,1.6418,1.7791,1.5954,1.7632,524326718.11,1620777599999,888681876.913921,1065832,268705711.94,455381610.7872,0
2021-05-12,1.7633,1.821,1.5462,1.5694,599710080.8,1620863999999,1034165276.431951,1305448,291684192.71,504093111.779259,0
2021-05-13,1.5669,1.9719,1.5,1.9296,1567655289.16,1620950399999,2830787027.328203,2971018,805831211.08,1457330008.995016,0
2021-05-14,1.9289,2.043,1.8112,2.0069,695033070.96,1621036799999,1330783387.916312,1650812,355490191.34,681298645.373066,0
2021-05-15,2.0073,2.3789,1.9628,2.1744,1376815760.83,1621123199999,3028162677.8575606,3130966,698537439.89,1537358606.805455,0
2021-05-16,2.1754,2.47,2.0104,2.3002,1190745903.78,1621209599999,2680581605.663523,2799042,601566747.58,1355418241.387535,0
2021-05-17,2.3002,2.329,1.9159,2.0307,1137971306.33,1621295999999,2387549270.075037,2394748,562438409.07,1180023822.689103,0
2021-05-18,2.0301,2.1492,1.9712,2.0036,612259916.93,1621382399999,1258577627.76608,1431670,306307790.57,629879047.3544929,0
2021-05-19,2.0036,2.0317,1.01,1.4663,2261842102.36,1621468799999,3616451442.958993,3500994,1102079988.18,1764043462.358416,0
2021-05-20,1.4676,1.9487,1.3218,1.8006,1331716279.01,1621555199999,2253383023.851363,2679300,677243669.96,1147429002.084524,0
2021-05-21,1.8002,1.87,1.32,1.5493,1158826530.96,1621641599999,1851576033.778438,2368984,565125628.75,904149179.459743,0
2021-05-22,1.5493,1.602,1.3661,1.4629,800713185.45,1621727999999,1195051726.840747,1593249,396723681.7,592739705.6678729,0
2021-05-23,1.4636,1.5397,1.051,1.3139,1461270087.31,1621814399999,1839005520.8164687,2445334,719318975.57,905941895.80988,0
2021-05-24,1.3135,1.5974,1.2476,1.55,1034255631.11,1621900799999,1503761177.410839,2078079,533007888.95,775334095.877246,0
2021-05-25,1.5497,1.6499,1.4354,1.5532,807717267.52,1621987199999,1239076344.28471,1776216,402230884.06,617612181.329615,0
2021-05-26,1.5525,1.832,1.552,1.7791,857080518.13,1622073599999,1472382792.514478,2010480,434024099.17,745691594.380115,0
2021-05-27,1.7788,1.7885,1.6077,1.6552,590119092.56,1622159999999,998105646.132127,1445249,287942319.77,487447677.284342,0
2021-05-28,1.6552,1.678,1.45,1.5133,817239543.16,1622246399999,1262486208.239076,1626406,400935299.68,619805555.779687,0
2021-05-29,1.5133,1.5624,1.335,1.4029,576104659.27,1622332799999,831031429.597334,1181284,287225125.43,414409087.624357,0
2021-05-30,1.4035,1.7,1.3457,1.5751,764079031.67,1622419199999,1205767972.908711,1702526,378130364.87,597035838.385584,0
2021-05-31,1.5751,1.75,1.5249,1.7373,600116070.88,1622505599999,975900758.702139,1460887,306316224.75,498275070.861994,0
2021-06-01,1.7376,1.7796,1.6531,1.7363,530252586.94,1622591999999,912156549.5182179,1214297,263833494.52,454057904.229748,0
2021-06-02,1.7362,1.8042,1.7173,1.7534,431644801.42,1622678399999,763167515.813421,986804,216178018.45,382340529.990922,0
2021-06-03,1.7534,1.8897,1.7134,1.8453,417400945.02,1622764799999,758107289.094903,1023322,214049829.93,388890516.19995904,0
2021-06-04,1.8454,1.848,1.608,1.7077,596433033.05,1622851199999,1016313544.257178,1453396,288523504.93,491409074.85999,0
2021-06-05,1.708,1.7823,1.61,1.6551,369328430.6,1622937599999,627802619.935866,924743,179287835.24,305064744.176608,0
2021-06-06,1.6555,1.7077,1.6451,1.6771,191999153.68,1623023999999,321777694.702927,410877,95493972.46,160069025.022769,0
2021-06-07,1.6771,1.7414,1.55,1.5659,341267094.73,1623110399999,568701714.6271111,763147,163013999.98,271840981.234557,0
2021-06-08,1.5659,1.5966,1.4,1.5819,612223590.99,1623196799999,926353837.475304,1115207,301393892.07,456526124.74488497,0
2021-06-09,1.5818,1.635,1.4827,1.6279,471664344.33,1623283199999,738213512.4564099,1039122,236647567.7,370463654.26722306,0
2021-06-10,1.6282,1.6378,1.5064,1.5328,312406121.42,1623369599999,488331366.508162,604598,152560203.69,238495017.621404,0
2021-06-11,1.5328,1.5474,1.4192,1.4371,323101330.0,1623455999999,482059658.00754,570406,152820818.1,228055922.606096,0
2021-06-12,1.4368,1.4934,1.3562,1.4789,362965214.53,1623542399999,517749782.78785294,731362,182140144.47,259747972.646768,0
2021-06-13,1.4789,1.58,1.4001,1.5566,330722303.94,1623628799999,490536333.040584,941882,164832828.69,244404626.843401,0
2021-06-14,1.5563,1.595,1.5056,1.5769,280791163.74,1623715199999,435453250.96621,595345,138009110.87,214106328.160558,0
2021-06-15,1.5769,1.6109,1.5441,1.5552,216159062.78,1623801599999,340383009.234608,486601,104746592.24,164958973.675705,0
2021-06-16,1.555,1.5754,1.474,1.4851,203580536.01,1623887999999,309694677.494059,499540,93774053.58,142766776.008671,0
2021-06-17,1.4851,1.5388,1.4568,1.4826,165078770.77,1623974399999,247086065.757767,443396,83399822.51,124877057.691481,0
2021-06-18,1.4825,1.4927,1.374,1.4163,220933715.72,1624060799999,316537834.823891,460555,106710981.21,152808358.803743,0
2021-06-19,1.4164,1.4411,1.3834,1.3839,145492869.0,1624147199999,206002750.664394,405822,70202160.84,99444817.35121,0
2021-06-20,1.384,1.46,1.306,1.4263,269372753.54,1624233599999,373024182.419864,718096,130466354.81,180781598.503037,0
2021-06-21,1.4262,1.4371,1.1672,1.174,512064782.95,1624319999999,661793161.740104,982646,246042837.93,318387669.947357,0
2021-06-22,1.1738,1.2634,1.0001,1.1567,907361654.28,1624406399999,1030804095.181762,1461174,440575478.11,501411407.282004,0
2021-06-23,1.1563,1.31,1.108,1.2512,490479573.3,1624492799999,607806302.675244,776745,246274153.8,305359911.671628,0
2021-06-24,1.2513,1.3998,1.2006,1.3604,427028527.81,1624579199999,568197037.840652,1036438,220530273.91,293277452.855048,0
2021-06-25,1.3604,1.3971,1.2431,1.2521,548380704.22,1624665599999,722838979.1917311,1112696,262948035.01,346869947.738418,0
2021-06-26,1.252,1.2923,1.1968,1.2521,307404658.42,1624751999999,380549653.1848,557818,151918495.94,188110929.176489,0
2021-06-27,1.252,1.3499,1.241,1.338,242097878.29,1624838399999,310315583.603679,445825,118975757.96,152583221.647491,0
2021-06-28,1.3379,1.3506,1.3042,1.326,220547816.19,1624924799999,292756074.248376,607034,107667345.38,142951287.500995,0
2021-06-29,1.3261,1.42,1.319,1.373,287571860.2,1625011199999,394907812.3152,571006,148138277.77,203465588.494997,0
2021-06-30,1.3731,1.3993,1.2825,1.3853,263769140.47,1625097599999,354446349.120819,550586,126922605.21,170609951.723542,0
2021-07-01,1.3853,1.3862,1.302,1.3313,196824530.3,1625183999999,262447755.020643,468032,94858855.07,126531031.318289,0
2021-07-02,1.3312,1.3959,1.285,1.3946,235621261.45,1625270399999,315348818.276434,716140,118639887.3,158868653.123595,0
2021-07-03,1.3947,1.4444,1.3579,1.4045,197443853.76,1625356799999,277572501.536617,641233,99937176.6,140529268.350107,0
2021-07-04,1.4045,1.4955,1.3815,1.4615,185325977.32,1625443199999,267332413.152222,469893,96162414.74,138752930.949929,0
2021-07-05,1.4615,1.4616,1.3764,1.4039,210256310.91,1625529599999,297312194.319899,433806,99893234.21,141272913.933208,0
2021-07-06,1.4039,1.4578,1.3888,1.4157,173402604.28,1625615999999,246828693.185177,474377,87772673.63,125049127.296885,0
2021-07-07,1.4156,1.4416,1.4,1.404,125167776.95,1625702399999,178159850.134744,254242,61619040.23,87732586.60876,0
2021-07-08,1.404,1.4065,1.3194,1.327,175680408.72,1625788799999,239803654.940297,348315,81961713.69,111878211.424331,0
2021-07-09,1.3268,1.3746,1.2859,1.3504,160293985.2,1625875199999,213730318.843104,375438,77955523.81,104035323.619739,0
2021-07-10,1.3504,1.366,1.3158,1.3356,93476664.31,1625961599999,124946490.527551,242605,45093353.5,60263950.942859,0
2021-07-11,1.3356,1.3669,1.3231,1.3485,71704260.26,1626047999999,96252011.616564,172388,35480763.74,47641909.969298,0
2021-07-12,1.3485,1.3736,1.2916,1.3126,112067630.51,1626134399999,149660876.224631,238866,54050561.05,72233306.231704,0
2021-07-13,1.3126,1.3216,1.25,1.265,125015668.98,1626220799999,160715456.020041,248079,60203014.91,77402597.612433,0
2021-07-14,1.2649,1.2894,1.198,1.2635,165466902.33,1626307199999,205613918.958764,323301,80799567.07,100483572.023555,0
2021-07-15,1.2634,1.29,1.205,1.2258,133685795.15,1626393599999,165010923.472387,261230,65231726.46,80547963.399088,0
2021-07-16,1.2258,1.245,1.1655,1.1708,159173625.74,1626479999999,190852629.775681,290705,75304161.18,90335412.680307,0
2021-07-17,1.1705,1.1948,1.1497,1.1721,124485807.1,1626566399999,145637408.242852,225449,58335818.73,68291184.067143,0
2021-07-18,1.1721,1.2186,1.1666,1.1813,108584207.61,1626652799999,129455682.08151,193407,52889813.65,63078290.419822,0
2021-07-19,1.1814,1.1921,1.1156,1.1225,138646747.17,1626739199999,158333071.389083,216380,62705537.49,71627280.402242,0
2021-07-20,1.1226,1.1362,1.0202,1.0539,283618751.18,1626825599999,300482457.343934,416093,137115218.23,145305672.392774,0
2021-07-21,1.0541,1.2222,1.0366,1.1711,287296624.78,1626911999999,329529795.803851,484015,145473939.27,166788967.430815,0
2021-07-22,1.1711,1.2081,1.1492,1.1856,158912321.76,1626998399999,187077128.52968,303957,77870484.07,91712545.869381,0
2021-07-23,1.1857,1.2089,1.1465,1.2077,131335875.06,1627084799999,154913279.789284,310334,64854788.15,76578729.145723,0
2021-07-24,1.2075,1.2487,1.1964,1.2327,142716783.01,1627171199999,173727524.714364,293673,71850817.69,87476421.317617,0
2021-07-25,1.2332,1.2388,1.19,1.2284,107934124.51,1627257599999,131208367.065119,218902,51430836.49,62531943.859383,0
2021-07-26,1.2283,1.3991,1.2221,1.2551,415073283.88,1627343999999,547924739.5975289,975146,203144418.87,268143577.85494,0
2021-07-27,1.2549,1.3158,1.2136,1.2799,233094192.34,1627430399999,293884771.121409,549510,112438180.47,141833377.038826,0
2021-07-28,1.2797,1.32,1.2573,1.2875,201236980.03,1627516799999,258967798.015617,463462,97760582.22,125839127.418007,0
2021-07-29,1.2875,1.2987,1.256,1.2856,130840990.64,1627603199999,167250046.586504,303131,64704876.92,82745264.744954,0
2021-07-30,1.2856,1.3179,1.2467,1.3108,181649929.84,1627689599999,233481881.179908,402332,88673491.42,114052568.136697,0
2021-07-31,1.3109,1.3329,1.287,1.3193,122070136.42,1627775999999,160008038.697923,306755,60602784.06,79472211.945326,0
2021-08-01,1.3193,1.3879,1.2984,1.3142,200978816.46,1627862399999,271363427.546652,561054,98743842.45,133332885.544629,0
2021-08-02,1.3145,1.35,1.2927,1.3083,124737501.38,1627948799999,164663710.84494,288920,60420051.34,79765937.570922,0
2021-08-03,1.3082,1.3827,1.2613,1.3696,250226135.48,1628035199999,333462860.830757,917800,122710213.46,163667140.538872,0
2021-08-04,1.3697,1.3938,1.323,1.3765,182865692.1,1628121599999,248779803.387754,809373,92009360.47,125164130.634882,0
2021-08-05,1.3766,1.3974,1.338,1.3859,160752874.44,1628207999999,220584468.752681,401852,79302486.12,108862653.230121,0
2021-08-06,1.3859,1.425,1.3613,1.4025,165384665.39,1628294399999,230083804.205757,418611,81643888.17,113638306.036444,0
2021-08-07,1.4027,1.485,1.3945,1.4727,245578409.2,1628380799999,355799070.318375,682489,123377809.56,178780584.196066,0
2021-08-08,1.4726,1.4941,1.407,1.4255,201134603.12,1628467199999,292240465.61758,464166,102665208.37,149169534.820602,0
2021-08-09,1.4256,1.499,1.3933,1.4745,204393100.93,1628553599999,296965727.222494,477778,100203450.83,145664837.298385,0
2021-08-10,1.4745,1.701,1.457,1.678,356506024.51,1628639999999,560730912.241496,1239067,185107880.0,291415567.899583,0
2021-08-11,1.678,1.895,1.67,1.7934,488863450.17,1628726399999,878006229.53126,1767308,251604281.41,451922312.35491294,0
2021-08-12,1.7934,1.869,1.6792,1.8324,431637639.2,1628812799999,765468929.632602,1556555,211563150.36,375415479.252648,0
2021-08-13,1.833,2.1495,1.8212,2.1386,589994492.03,1628899199999,1180013820.791816,2055081,297596591.59,595243550.318394,0
2021-08-14,2.1386,2.25,2.0835,2.1878,599325581.5,1628985599999,1294631283.086597,2120000,306865397.25,663052400.406418,0
2021-08-15,2.1875,2.2499,2.03,2.1667,370249371.15,1629071999999,791689644.590496,1344719,182236366.43,389929168.03935903,0
2021-08-16,2.1667,2.2,2.0463,2.0714,313643255.53,1629158399999,669432796.13384,1030251,150242133.74,320870324.789455,0
2021-08-17,2.0717,2.1414,1.9059,1.9239,361700269.73,1629244799999,738363154.523839,999833,175028934.06,357694555.10453,0
2021-08-18,1.924,2.1643,1.87,2.1043,486614298.9,1629331199999,991453525.7399939,1414725,242728822.61,495247038.80911696,0
2021-08-19,2.1045,2.455,2.0462,2.4411,661367609.97,1629417599999,1478673056.643454,2551917,335850336.6,752294422.1639609,0
2021-08-20,2.4411,2.5817,2.3666,2.4557,619099859.32,1629503999999,1539336837.064158,2447841,311313591.43,774114440.634243,0
2021-08-21,2.4557,2.5288,2.3805,2.4341,297136052.16,1629590399999,729237701.54031,1098176,147658560.33,362532313.45058095,0
2021-08-22,2.4347,2.7212,2.4306,2.7049,485497408.99,1629676799999,1252373737.424931,1851078,246667853.32,636481335.3816609,0
2021-08-23,2.705,2.9719,2.6849,2.9152,653707062.88,1629763199999,1861034952.8647008,2860899,337516861.13,960378950.0140929,0
2021-08-24,2.9152,2.947,2.5872,2.7187,641652294.22,1629849599999,1781493179.487511,2180897,312185683.09,867201754.723299,0
2021-08-25,2.7191,2.797,2.6,2.739,460928567.06,1629935999999,1251116676.437283,1643396,226809156.71,615889508.011144,0
2021-08-26,2.7389,2.785,2.47,2.528,407754722.33,1630022399999,1058054371.192216,1358420,195607862.76,507835395.995874,0
2021-08-27,2.529,2.9473,2.494,2.946,472662823.39,1630108799999,1294046444.848583,1586002,244630386.25,670259536.405782,0
2021-08-28,2.947,2.95,2.772,2.847,243063514.39,1630195199999,691271713.3924,1083435,118242426.25,336436080.02465,0
2021-08-29,2.847,2.935,2.719,2.851,274365688.0,1630281599999,781366522.6182,1010488,135510468.3,386415579.47,0
2021-08-30,2.85,2.884,2.72,2.734,240691753.9,1630367999999,675601350.1165,1053905,112461545.0,315813464.0944,0
2021-08-31,2.735,2.881,2.702,2.767,251908426.3,1630454399999,702518501.4174,741134,121950962.5,340306376.058,0
2021-09-01,2.768,2.904,2.72,2.869,196563544.1,1630540799999,555373015.9566,699079,102638887.2,290205392.0747,0
2021-09-02,2.87,3.101,2.834,2.96,397432179.47,1630627199999,1191195523.414318,1707158,203333817.71,609423272.483802,0
2021-09-03,2.96,3.03,2.9,2.966,203828698.4,1630713599999,604944629.8191,748267,98233998.8,291656691.6554,0
2021-09-04,2.965,2.967,2.8,2.83,192271347.0,1630799999999,555689396.8811,625216,87225371.0,252167217.586,0
2021-09-05,2.831,2.956,2.813,2.91,169097774.6,1630886399999,487746887.4513,549105,85022094.3,245390805.8701,0
2021-09-06,2.911,2.927,2.8,2.833,186970542.2,1630972799999,535309232.2576,605231,86637039.5,248122090.981,0
2021-09-07,2.833,2.875,2.0,2.514,964890684.8,1631059199999,2422642316.301103,2337151,458800049.53,1152415782.892755,0
2021-09-08,2.514,2.564,2.2,2.47,547581870.5,1631145599999,1316692953.3196,1350979,269724376.9,648727194.4762,0
2021-09-09,2.47,2.623,2.39,2.518,411631907.8,1631231999999,1044096246.8552,1062468,204010011.3,517768069.9702,0
2021-09-10,2.518,2.586,2.269,2.383,322102115.0,1631318399999,781123869.9065,918483,154169089.4,374327235.5457,0
2021-09-11,2.384,2.8,2.367,2.638,561119335.07,1631404799999,1487971497.541206,1744500,284395717.17,753933390.2683059,0
2021-09-12,2.637,2.789,2.501,2.581,466822310.1,1631491199999,1224176461.6157,1564268,232140140.5,609017927.7593,0
2021-09-13,2.58,2.593,2.309,2.402,378841930.8,1631577599999,916543680.7134,1095045,180294847.8,436158074.373,0
2021-09-14,2.401,2.438,2.32,2.396,214309623.2,1631663999999,511446201.3893,579750,108027392.7,257890009.6778,0
2021-09-15,2.396,2.582,2.355,2.505,276853578.3,1631750399999,683490051.6662,793260,141537058.2,349320953.8646,0
2021-09-16,2.504,2.56,2.381,2.417,196390696.8,1631836799999,481379433.6815,590119,94908404.7,232897906.0072,0
2021-09-17,2.417,2.442,2.313,2.35,130098585.4,1631923199999,309192082.2922,369949,63520269.7,151052641.4816,0
2021-09-18,2.35,2.439,2.31,2.371,115231963.9,1632009599999,274828761.8635,333767,57006407.2,136017438.3411,0
2021-09-19,2.371,2.397,2.259,2.283,127205837.0,1632095999999,296891018.1193,367262,60326371.6,140886638.2396,0
2021-09-20,2.283,2.293,1.97,2.079,458599973.03,1632182399999,971662079.450456,1164195,213568356.88,452724542.611052,0
2021-09-21,2.08,2.229,1.9101,1.986,450988800.97,1632268799999,938941126.417352,1050842,218654940.3,455928774.4738,0
2021-09-22,1.986,2.268,1.967,2.257,262894741.0,1632355199999,561770727.6582,764251,134920927.9,288420199.8469,0
2021-09-23,2.257,2.346,2.179,2.327,190056984.8,1632441599999,427121740.3968,580771,92176890.6,207271956.5651,0
2021-09-24,2.327,2.345,2.063,2.277,382004501.6,1632527999999,852034401.1571,1180658,188015547.2,419565613.4998,0
2021-09-25,2.277,2.459,2.235,2.3,328389858.73,1632614399999,772544525.9270871,1058437,162523893.33,382588416.81708705,0
2021-09-26,2.299,2.301,2.147,2.207,231090029.9,1632700799999,517051791.3359,641684,111893534.3,250548527.3066,0
2021-09-27,2.206,2.277,2.128,2.13,150915484.2,1632787199999,333393824.4919,395932,73661197.6,162889044.6673,0
2021-09-28,2.129,2.173,2.029,2.037,151911770.2,1632873599999,319192127.4044,364562,72551867.6,152493917.7092,0
2021-09-29,2.037,2.15,2.02,2.066,136138441.2,1632959999999,282604347.7372,336857,65670946.7,136368154.2789,0
2021-09-30,2.066,2.137,2.051,2.115,124916940.9,1633046399999,262127906.9008,305957,62680168.4,131596050.7183,0
2021-10-01,2.115,2.275,2.092,2.256,197157573.9,1633132799999,433361124.2501,564686,99009838.1,217697426.8506,0
2021-10-02,2.255,2.322,2.192,2.247,147408004.5,1633219199999,333039551.0777,477599,73656543.0,166488243.0232,0
2021-10-03,2.247,2.309,2.221,2.251,136980609.8,1633305599999,310612221.979,401615,65692873.9,149021913.4691,0
2021-10-04,2.251,2.253,2.15,2.191,149496124.6,1633391999999,327691885.0989,454491,73143082.1,160400156.3798,0
2021-10-05,2.191,2.258,2.175,2.233,131834376.0,1633478399999,292154180.8159,400324,65029836.1,144141772.3134,0
2021-10-06,2.232,2.251,2.111,2.209,192646609.5,1633564799999,423382653.0689,579392,92498510.6,203391114.9897,0
2021-10-07,2.209,2.375,2.15,2.278,254708498.4,1633651199999,579456296.8876,895423,126166143.7,287274960.8686,0
2021-10-08,2.278,2.313,2.213,2.237,138317391.4,1633737599999,314113673.5826,370017,65638580.2,149114083.5461,0
2021-10-09,2.238,2.3,2.22,2.268,108667313.3,1633823999999,246084345.8739,277411,53449337.9,121069438.6129,0
2021-10-10,2.269,2.277,2.16,2.189,110373473.1,1633910399999,246493612.8857,324628,52296362.3,116852439.8381,0
2021-10-11,2.189,2.25,2.107,2.171,124908952.1,1633996799999,273897541.4536,353292,58907230.7,129270436.9405,0
2021-10-12,2.171,2.173,2.071,2.118,150529530.2,1634083199999,319037519.8449,440973,73871369.4,156594867.0714,0
2021-10-13,2.117,2.2,2.078,2.19,133035035.4,1634169599999,283797635.9337,367591,66524330.5,141970242.0682,0
2021-10-14,2.189,2.225,2.155,2.172,109132237.4,1634255999999,238397065.887,324497,54773917.5,119668559.3256,0
2021-10-15,2.172,2.243,2.136,2.218,205811006.8,1634342399999,451807548.914,522957,102239491.6,224533247.0466,0
2021-10-16,2.217,2.25,2.169,2.179,103000332.9,1634428799999,227685264.7149,295180,48310551.3,106842085.6776,0
2021-10-17,2.178,2.189,2.089,2.158,109914412.1,1634515199999,236546953.2921,304319,52053926.9,112071068.823,0
2021-10-18,2.158,2.176,2.105,2.128,96988762.8,1634601599999,207296556.4666,268841,47165082.8,100813376.1163,0
2021-10-19,2.127,2.157,2.093,2.11,94391775.6,1634687999999,200312951.0622,249571,45497181.0,96576388.5646,0
2021-10-20,2.11,2.208,2.092,2.19,135969738.8,1634774399999,293600383.7237,412084,70033402.7,151201393.4813,0
2021-10-21,2.19,2.298,2.131,2.137,265787667.1,1634860799999,590422379.4161,911699,127730955.7,283860314.1419,0
2021-10-22,2.136,2.21,2.125,2.156,130738721.4,1634947199999,283280913.8665,384968,63043485.5,136670885.999,0
2021-10-23,2.157,2.175,2.131,2.166,74106470.8,1635033599999,159697494.6746,204540,36690053.3,79092254.465,0
2021-10-24,2.167,2.169,2.093,2.12,97230595.4,1635119999999,206668183.8929,311116,45137916.7,95968373.8794,0
2021-10-25,2.119,2.178,2.114,2.144,105874037.9,1635206399999,227310466.3076,306467,51337194.9,110225489.1321,0
2021-10-26,2.145,2.202,2.122,2.137,142897864.5,1635292799999,309937222.2048,441608,69630914.9,151108970.7622,0
2021-10-27,2.138,2.156,1.804,1.912,397889032.1,1635379199999,788261687.3865181,1112284,185253559.9,366876723.47474,0
2021-10-28,1.912,2.058,1.905,1.987,253879713.5,1635465599999,502808459.4974,714638,126370506.3,250382104.061,0
2021-10-29,1.987,2.048,1.979,2.015,154761692.9,1635551999999,310763415.4138,405405,77072045.4,154820522.4007,0
2021-10-30,2.016,2.019,1.924,1.955,122995185.8,1635638399999,242877472.3581,354589,59414369.6,117346094.7903,0
2021-10-31,1.957,2.029,1.918,1.964,146413161.5,1635724799999,287446094.5292,419105,73103736.7,143613943.7835,0
2021-11-01,1.965,2.019,1.911,1.949,144061135.4,1635811199999,282445748.1469,443944,71078236.0,139425761.7253,0
2021-11-02,1.949,1.996,1.933,1.971,124263204.0,1635897599999,244630385.5552,382592,64339347.3,126700188.3357,0
2021-11-03,1.971,2.144,1.95,2.063,335561983.7,1635983999999,693664558.662,1237122,167743048.3,346764712.9576,0
2021-11-04,2.063,2.103,1.933,1.983,174549100.4,1636070399999,350982479.1555,586577,80789835.4,162461151.3762,0
2021-11-05,1.983,2.017,1.959,1.982,108180863.7,1636156799999,215028149.963,346939,51873631.3,103092143.6762,0
2021-11-06,1.982,2.04,1.942,2.005,105480654.3,1636243199999,209552637.9636,378419,52370456.0,104105841.3771,0
2021-11-07,2.004,2.035,1.974,2.021,82637102.7,1636329599999,165586014.5952,287219,41785815.2,83770715.4832,0
2021-11-08,2.02,2.14,2.008,2.125,189974471.1,1636415999999,394147647.6991,664140,96705010.9,200690454.2481,0
2021-11-09,2.126,2.378,2.105,2.27,581074544.2,1636502399999,1315444500.7649,2352700,294801139.4,667321224.5026,0
2021-11-10,2.269,2.331,1.932,2.097,479840587.6,1636588799999,1041156930.5891,1265340,226456487.9,491831480.2739,0
2021-11-11,2.097,2.153,2.058,2.079,151168963.6,1636675199999,317911390.6419,476574,74138559.0,155960975.6878,0
2021-11-12,2.079,2.099,1.991,2.045,160252178.8,1636761599999,327425649.6031,457795,78460394.4,160395128.2177,0
2021-11-13,2.046,2.08,2.021,2.05,82511465.5,1636847999999,169168009.5198,305777,42304119.3,86739493.1401,0
2021-11-14,2.05,2.07,2.009,2.04,59859608.6,1636934399999,121939414.6215,205494,27585934.5,56219223.9314,0
2021-11-15,2.04,2.095,2.011,2.017,93079577.9,1637020799999,190858022.3605,344074,46277946.8,94942167.5753,0
2021-11-16,2.018,2.018,1.759,1.874,268941429.22,1637107199999,511833926.733929,915144,128396114.26,244515405.742695,0
2021-11-17,1.874,1.893,1.795,1.876,207985172.0,1637193599999,384528006.4253,546022,104643680.3,193449760.1995,0
2021-11-18,1.877,1.907,1.701,1.786,221759905.97,1637279999999,402087606.185937,559018,104546990.51,189684947.2431,0
2021-11-19,1.786,1.894,1.754,1.863,144849476.6,1637366399999,264482742.1073,439260,72608073.9,132671991.7148,0
2021-11-20,1.862,1.956,1.86,1.922,128183408.0,1637452799999,243387633.5938,454244,66037973.6,125423206.9604,0
2021-11-21,1.921,1.924,1.832,1.835,87455485.3,1637539199999,163849100.3596,319204,42123558.7,78934093.0282,0
2021-11-22,1.835,1.839,1.757,1.776,144285714.0,1637625599999,259359138.2456,353637,72455055.4,130256659.9168,0
2021-11-23,1.776,1.816,1.738,1.751,144774307.8,1637711999999,257575557.4962,356275,72239679.4,128556380.4542,0
2021-11-24,1.751,1.754,1.586,1.666,290146559.06,1637798399999,481392566.845622,677158,143487053.21,238067858.848116,0
2021-11-25,1.665,1.749,1.619,1.675,216037163.1,1637884799999,364294545.6357,545499,107080127.3,180559436.8541,0
2021-11-26,1.676,1.685,1.495,1.533,337429397.07,1637971199999,527707771.80384094,654915,159349188.58,249189764.706454,0
2021-11-27,1.532,1.585,1.531,1.543,107756518.0,1638057599999,168004728.6763,238962,53998873.7,84203214.5879,0
2021-11-28,1.543,1.6,1.416,1.594,228010819.22,1638143999999,343379596.042891,417724,112785719.0,170030173.97226,0
2021-11-29,1.595,1.636,1.557,1.601,153848484.7,1638230399999,245164685.076,336923,74911170.7,119391447.8593,0
2021-11-30,1.602,1.629,1.544,1.554,185671961.6,1638316799999,293671151.1843,399379,90444480.3,143089269.2766,0
2021-12-01,1.553,1.622,1.531,1.548,157458493.8,1638403199999,248792675.8981,343884,78191406.2,123598154.927,0
2021-12-02,1.547,1.76,1.517,1.719,441382037.0,1638489599999,740760247.4082,1044013,224182549.9,376149838.3966,0
2021-12-03,1.72,1.729,1.509,1.556,276255974.6,1638575999999,447174235.09,629620,127257344.9,206010165.6816,0
2021-12-04,1.557,1.558,1.188,1.42,612957918.54,1638662399999,831776860.445718,1107859,304047084.62,412671433.88690495,0
2021-12-05,1.419,1.435,1.284,1.378,270618794.7,1638748799999,367704497.1549,447908,133812222.6,181867487.5094,0
2021-12-06,1.378,1.442,1.255,1.42,338310628.7,1638835199999,449825835.1286,492514,169944920.4,226116582.0937,0
2021-12-07,1.42,1.479,1.365,1.378,229514365.2,1638921599999,328780032.0144,387655,112873911.6,161722237.6289,0
2021-12-08,1.378,1.423,1.337,1.396,187594478.2,1639007999999,259126348.0926,325543,94823640.6,131000451.344,0
2021-12-09,1.396,1.409,1.287,1.289,174568058.8,1639094399999,234779220.648,302960,83847847.8,112807581.7337,0
2021-12-10,1.288,1.334,1.207,1.211,192968833.1,1639180799999,247506337.1061,296381,95580101.8,122627181.6233,0
2021-12-11,1.211,1.362,1.192,1.354,179118114.1,1639267199999,227800859.7492,316145,92993434.8,118421796.808,0
2021-12-12,1.354,1.415,1.319,1.346,149463677.1,1639353599999,202797177.2411,342775,72475673.5,98380362.8274,0
2021-12-13,1.345,1.357,1.2,1.223,184388318.4,1639439999999,233475572.5924,338147,88262173.9,111730692.9635,0
2021-12-14,1.223,1.284,1.198,1.266,175476318.0,1639526399999,217012813.0833,316738,88679177.5,109698953.4435,0
2021-12-15,1.267,1.331,1.204,1.311,170247496.3,1639612799999,215469290.4439,347648,83894303.9,106262597.47,0
2021-12-16,1.311,1.331,1.236,1.24,117662885.3,1639699199999,152038613.1565,254665,56160640.8,72628327.2072,0
2021-12-17,1.24,1.259,1.182,1.218,138092226.1,1639785599999,169578075.701886,278956,65216198.2,80139536.2156,0
2021-12-18,1.218,1.267,1.2,1.242,81211094.1,1639871999999,100498679.7541,176212,40129698.5,49669388.7151,0
2021-12-19,1.242,1.312,1.24,1.243,124074683.5,1639958399999,158128089.4293,257155,62878851.0,80144088.7127,0
2021-12-20,1.244,1.261,1.201,1.237,123106967.7,1640044799999,151201012.0223,232072,60755150.1,74659425.7229,0
2021-12-21,1.238,1.289,1.227,1.28,122949048.2,1640131199999,155011267.2872,237941,59935045.4,75579009.3584,0
2021-12-22,1.279,1.369,1.276,1.327,161174698.1,1640217599999,214216796.0149,356337,80466715.0,106908501.3931,0
2021-12-23,1.327,1.49,1.307,1.475,216795659.8,1640303999999,302005401.1816,554345,106210779.8,147924112.4374,0
2021-12-24,1.475,1.491,1.381,1.392,126334018.1,1640390399999,182002763.6294,333889,62003767.8,89369149.2783,0
2021-12-25,1.393,1.46,1.381,1.452,87587873.9,1640476799999,125105131.845,208614,44566595.5,63666594.522,0
2021-12-26,1.453,1.467,1.407,1.455,103769249.9,1640563199999,149590055.6023,237124,51587279.5,74386557.9488,0
2021-12-27,1.455,1.594,1.45,1.516,181366355.6,1640649599999,279174436.6345,530865,89622895.2,137954273.1839,0
2021-12-28,1.516,1.54,1.376,1.4,233458767.4,1640735999999,341026716.3522,532040,111940957.7,163568082.3167,0
2021-12-29,1.4,1.438,1.323,1.332,151404808.3,1640822399999,209084760.1348,331818,73590732.8,101656381.198,0
2021-12-30,1.333,1.378,1.297,1.359,134171567.8,1640908799999,179821991.0688,262385,66584329.7,89274226.8081,0
2021-12-31,1.359,1.383,1.281,1.308,120612337.3,1640995199999,161322991.5909,246500,58428953.2,78173093.0628,0
2022-01-01,1.308,1.38,1.306,1.38,69007607.5,1641081599999,92211737.9666,159578,35543023.2,47500596.5123,0
2022-01-02,1.379,1.391,1.342,1.377,81011860.4,1641167999999,110645055.5902,175248,40618946.7,55484105.9652,0
2022-01-03,1.378,1.378,1.31,1.319,87155825.9,1641254399999,117269967.5736,191931,41893901.4,56358992.3813,0
2022-01-04,1.319,1.352,1.295,1.309,94479305.9,1641340799999,124982226.7397,216349,46205791.4,61169674.5822,0
2022-01-05,1.31,1.353,1.193,1.23,158740088.2,1641427199999,203778648.559,365590,76050733.2,97718121.8413,0
2022-01-06,1.23,1.297,1.186,1.28,175754407.6,1641513599999,216590054.1071,361052,88970774.4,109746849.4002,0
2022-01-07,1.279,1.285,1.189,1.21,209806013.2,1641599999999,256808689.2376,412091,100722433.2,123355599.3005,0
2022-01-08,1.209,1.254,1.124,1.181,169730473.68,1641686399999,201840755.440639,359202,82915127.24,98682750.22704,0
2022-01-09,1.182,1.206,1.147,1.17,114093699.4,1641772799999,134353467.7772,231040,56212732.5,66207531.3632,0
2022-01-10,1.17,1.181,1.069,1.123,189250644.14,1641859199999,212884357.749318,360425,93971795.04,105744216.0435,0
2022-01-11,1.123,1.196,1.122,1.187,115267098.7,1641945599999,133792540.3938,241607,58035113.4,67379649.2343,0
2022-01-12,1.188,1.314,1.186,1.312,145608592.7,1642031999999,182190437.0444,341312,76357627.3,95582419.2906,0
2022-01-13,1.312,1.354,1.227,1.233,179029543.6,1642118399999,230246441.4797,426125,87034067.7,112060685.4988,0
2022-01-14,1.232,1.309,1.22,1.292,143281596.5,1642204799999,181243812.4815,331155,71628205.2,90675497.6826,0
2022-01-15,1.293,1.319,1.251,1.291,80421836.4,1642291199999,103117575.3177,191252,40074996.2,51399593.4578,0
2022-01-16,1.292,1.422,1.286,1.41,247977037.4,1642377599999,342364572.2918,615823,124921128.8,172408668.98,0
2022-01-17,1.411,1.607,1.386,1.603,545675409.1,1642463999999,823631436.9341,1530274,277600950.5,418956785.7125,0
2022-01-18,1.602,1.638,1.411,1.458,455949108.3,1642550399999,689115056.2762,1169456,220232223.7,332972350.3311,0
2022-01-19,1.458,1.534,1.326,1.337,329948716.4,1642636799999,466337970.5622,762741,163000418.2,230264305.2302,0
2022-01-20,1.336,1.427,1.251,1.259,261063307.3,1642723199999,352149336.0505,566966,127138111.2,171610208.7001,0
2022-01-21,1.259,1.282,1.101,1.12,408519522.4,1642809599999,489294165.1309,780053,199683030.8,239040935.4138,0
2022-01-22,1.12,1.155,0.917,1.071,554287709.12,1642895999999,587006937.36549,1068717,271817653.17,288393967.76427,0
2022-01-23,1.071,1.17,1.051,1.124,257147931.5,1642982399999,283676579.4982,487710,129425893.5,142778015.862,0
2022-01-24,1.124,1.125,0.951,1.065,437410320.0,1643068799999,447077366.5655,775867,218581905.6,223652913.0891,0
2022-01-25,1.066,1.074,0.991,1.043,218828333.3,1643155199999,226342639.2071,394458,106646555.6,110416277.875,0
2022-01-26,1.043,1.157,1.022,1.077,336503954.9,1643241599999,366773055.236,654579,172927059.3,188646994.5774,0
2022-01-27,1.078,1.08,1.004,1.042,184762461.8,1643327999999,192138287.9321,348731,90648510.2,94329195.8697,0
2022-01-28,1.042,1.059,1.008,1.048,137690073.1,1643414399999,142445944.6639,257649,68173980.0,70574831.1126,0
2022-01-29,1.049,1.084,1.037,1.059,89531278.4,1643500799999,94893530.2124,194659,45664178.6,48414648.8434,0
2022-01-30,1.059,1.077,1.024,1.035,72352160.1,1643587199999,76033766.3812,155872,35044693.4,36845540.5061,0
2022-01-31,1.035,1.06,1.006,1.051,101218950.1,1643673599999,104454406.4958,192580,49827982.3,51466086.362,0
2022-02-01,1.052,1.096,1.034,1.096,124526330.3,1643759999999,132239499.0162,235302,63856830.5,67899221.5221,0
2022-02-02,1.096,1.103,1.022,1.027,126857788.7,1643846399999,134518230.4735,259307,61105420.9,64811151.2857,0
2022-02-03,1.027,1.062,1.016,1.061,98542208.5,1643932799999,102202422.3626,175684,50668066.0,52604906.8195,0
2022-02-04,1.061,1.139,1.045,1.138,135205051.6,1644019199999,146202131.6345,270244,71036129.2,76888648.3824,0
2022-02-05,1.138,1.178,1.097,1.125,152710784.3,1644105599999,174120235.9621,348245,74688266.5,85192051.8768,0
2022-02-06,1.125,1.15,1.097,1.143,107099317.0,1644191999999,120397073.3413,221871,54845166.6,61697205.69,0
2022-02-07,1.142,1.209,1.125,1.199,267801841.6,1644278399999,316342987.6477,508239,132860060.7,156961013.6752,0
2022-02-08,1.198,1.263,1.133,1.176,271657090.8,1644364799999,325233753.4543,532963,136633045.5,163806134.7849,0
2022-02-09,1.176,1.215,1.152,1.195,137109784.2,1644451199999,163081276.5901,245675,70615255.3,84007590.2611,0
2022-02-10,1.194,1.225,1.143,1.15,183604520.1,1644537599999,217359334.4566,359090,90110681.6,106868641.6597,0
2022-02-11,1.15,1.164,1.068,1.079,131818725.2,1644623999999,149139853.8464,247139,61269579.5,69437421.4657,0
2022-02-12,1.079,1.092,1.029,1.059,149173437.2,1644710399999,158161972.9925,234429,70024570.7,74356975.4604,0
2022-02-13,1.058,1.076,1.032,1.042,99247994.0,1644796799999,104644114.8535,151375,48219252.0,50882942.9521,0
2022-02-14,1.043,1.055,1.018,1.049,138982742.3,1644883199999,144076429.1332,179063,70394301.6,73018128.7215,0
2022-02-15,1.05,1.115,1.049,1.107,153934616.3,1644969599999,167359595.1925,217645,82745488.3,89953103.4119,0
2022-02-16,1.108,1.112,1.066,1.082,100925929.7,1645055999999,109865510.988,165005,48553767.0,52862804.0423,0
2022-02-17,1.083,1.094,1.008,1.02,114535761.9,1645142399999,120519433.2696,193074,53419138.8,56285490.9537,0
2022-02-18,1.019,1.043,0.983,0.995,133614248.4,1645228799999,135340040.6369,197322,61916581.5,62758659.5515,0
2022-02-19,0.996,1.019,0.973,0.996,92102940.7,1645315199999,91691271.9142,143588,44229779.8,44056532.9366,0
2022-02-20,0.997,0.998,0.919,0.931,156774619.1,1645401599999,148159415.5595,209970,73930478.1,69855237.4709,0
2022-02-21,0.931,0.993,0.851,0.856,283488504.31,1645487999999,262678267.439046,359675,141812799.39,131749489.470732,0
2022-02-22,0.856,0.897,0.813,0.888,264842040.57,1645574399999,226538695.654874,305066,135174661.6,115737060.6334,0
2022-02-23,0.888,0.96,0.863,0.866,237719675.9,1645660799999,217317574.2134,293901,118343851.1,108293055.3727,0
2022-02-24,0.866,0.899,0.746,0.853,560130978.58,1645747199999,450115675.74159104,622428,278753569.48,224057445.378929,0
2022-02-25,0.852,0.91,0.823,0.898,210840757.4,1645833599999,182133681.2225,277084,108164324.1,93497972.6588,0
2022-02-26,0.898,0.93,0.881,0.887,142052119.7,1645919999999,128478270.2374,180449,70364631.8,63669368.8107,0
2022-02-27,0.886,0.915,0.832,0.856,162004634.9,1646006399999,141268322.6367,205762,80351772.1,70095991.8671,0
2022-02-28,0.857,0.97,0.842,0.962,227929558.7,1646092799999,206628176.2753,326839,117869735.3,106889551.0607,0
2022-03-01,0.962,1.011,0.939,0.963,234764266.6,1646179199999,227552504.5608,333114,115627793.2,112142449.9794,0
2022-03-02,0.964,0.977,0.927,0.939,149491898.8,1646265599999,142500770.6719,226130,74102858.4,70670333.3728,0
2022-03-03,0.938,0.946,0.883,0.903,114772747.9,1646351999999,104789950.5144,155893,54637464.8,49908318.8241,0
2022-03-04,0.902,0.903,0.826,0.844,147015719.3,1646438399999,127682736.9868,193685,68749158.3,59724859.6846,0
2022-03-05,0.844,0.883,0.818,0.864,78739554.5,1646524799999,67279606.7473,117390,40190181.2,34353747.4739,0
2022-03-06,0.865,0.872,0.819,0.823,76546559.4,1646611199999,64450087.9814,105508,36800081.1,30997844.1418,0
2022-03-07,0.822,0.847,0.777,0.793,132873670.6,1646697599999,108036356.9915,159877,63021254.3,51283873.2394,0
2022-03-08,0.793,0.821,0.787,0.802,124187499.5,1646783999999,99745823.8482,134552,61979635.5,49801571.4566,0
2022-03-09,0.802,0.863,0.799,0.849,114971836.5,1646870399999,96603126.3741,143262,58352959.9,49006840.5687,0
2022-03-10,0.849,0.854,0.785,0.807,115081098.3,1646956799999,93120654.8534,129266,54531990.2,44134350.3798,0
2022-03-11,0.806,0.819,0.782,0.788,101514757.7,1647043199999,80994331.7712,108396,49960139.9,39867814.4547,0
2022-03-12,0.788,0.802,0.786,0.789,50466434.4,1647129599999,40094234.3481,58866,23917073.5,19010620.7772,0
2022-03-13,0.789,0.821,0.78,0.786,88733691.2,1647215999999,70913375.733,103707,46042469.1,36796812.4244,0
2022-03-14,0.787,0.816,0.776,0.802,104141955.4,1647302399999,83119494.6767,120976,51926380.5,41471664.3057,0
2022-03-15,0.803,0.817,0.781,0.8,95462205.5,1647388799999,76242142.1216,110291,48441967.7,38720742.2487,0
2022-03-16,0.8,0.84,0.792,0.838,160796978.5,1647475199999,130862784.2482,189728,80732980.2,65776082.9379,0
2022-03-17,0.839,0.858,0.827,0.835,106462948.2,1647561599999,89780881.3519,129730,52553825.8,44333156.4878,0
2022-03-18,0.835,0.86,0.82,0.851,82865732.3,1647647999999,69473720.7252,105638,40514774.7,33995529.5232,0
2022-03-19,0.851,0.916,0.85,0.903,114266368.8,1647734399999,101043393.8596,196393,59954947.3,53007348.9732,0
2022-03-20,0.902,0.916,0.864,0.879,93008770.9,1647820799999,82605912.6887,155886,44617740.3,39650903.2287,0
2022-03-21,0.879,0.93,0.863,0.917,115815047.2,1647907199999,104344596.3265,198250,58353607.0,52601332.14,0
2022-03-22,0.917,0.988,0.907,0.975,172058469.4,1647993599999,164577626.0288,280866,88354357.0,84498976.3202,0
2022-03-23,0.975,1.11,0.957,1.108,362447245.1,1648079999999,376836453.7238,645078,189677928.7,197436607.6867,0
2022-03-24,1.108,1.19,1.076,1.131,390982460.0,1648166399999,445651286.5284,702338,192422645.5,219300288.945,0
2022-03-25,1.13,1.167,1.072,1.096,290456883.7,1648252799999,324802638.2671,506738,140613667.1,157248129.8586,0
2022-03-26,1.096,1.16,1.079,1.152,143117986.1,1648339199999,161024339.18,271206,75325602.0,84777494.2278,0
2022-03-27,1.152,1.186,1.104,1.184,135043361.8,1648425599999,154469498.2835,261245,66427046.3,76070221.5008,0
2022-03-28,1.184,1.246,1.157,1.17,261105698.6,1648511999999,313807434.4856,517027,130753524.4,157242155.886,0
2022-03-29,1.17,1.243,1.166,1.191,180298618.0,1648598399999,217154215.415,341275,87102380.1,104947290.2019,0
2022-03-30,1.191,1.218,1.161,1.189,146032640.3,1648684799999,173764772.7865,233353,72207436.3,85956392.261,0
2022-03-31,1.189,1.228,1.133,1.141,177164788.1,1648771199999,209017789.907,307148,85926940.4,101514333.8212,0
2022-04-01,1.141,1.175,1.104,1.165,191221298.9,1648857599999,218746166.9028,274430,90992663.8,104169996.2526,0
2022-04-02,1.165,1.195,1.145,1.155,107106263.9,1648943999999,125668411.1632,204659,51972990.2,61023356.6941,0
2022-04-03,1.156,1.2,1.142,1.186,78660058.3,1649030399999,92317779.5635,149109,41166239.3,48340411.9369,0
2022-04-04,1.186,1.245,1.16,1.212,253235570.3,1649116799999,304882047.6727,472893,128560129.0,154965917.2483,0
2022-04-05,1.212,1.219,1.163,1.171,108831679.5,1649203199999,130155835.1592,204197,52266781.6,62537391.321,0
2022-04-06,1.17,1.173,1.047,1.052,206766772.7,1649289599999,229948472.4843,353472,85414458.7,95170549.3211,0
2022-04-07,1.052,1.101,1.038,1.089,99287570.5,1649375999999,106736899.8868,173322,50645926.1,54451137.5182,0
2022-04-08,1.089,1.1,1.019,1.024,88048109.3,1649462399999,93952128.1717,143736,40275676.9,43031304.8482,0
2022-04-09,1.025,1.047,1.021,1.045,49693999.1,1649548799999,51363885.971,77809,25006049.9,25860086.5196,0
2022-04-10,1.044,1.07,1.023,1.027,51995282.7,1649635199999,54357960.7317,92974,24892400.3,26041995.9389,0
2022-04-11,1.026,1.033,0.917,0.92,159034131.6,1649721599999,154099625.6197,236922,72693182.2,70433193.6254,0
2022-04-12,0.919,0.982,0.915,0.955,115179052.5,1649807999999,109425977.488,167562,57693607.0,54813130.4514,0
2022-04-13,0.954,0.981,0.934,0.974,83269578.6,1649894399999,79890065.9798,112129,43065996.8,41359045.2459,0
2022-04-14,0.974,0.985,0.923,0.933,84093379.2,1649980799999,80111053.2067,118462,38912059.1,37117778.6441,0
2022-04-15,0.933,0.959,0.929,0.956,42541809.7,1650067199999,40346404.5214,64036,20926706.7,19851156.1723,0
2022-04-16,0.955,0.962,0.937,0.951,36809858.4,1650153599999,34998947.7004,55559,17676225.8,16816860.4776,0
2022-04-17,0.95,0.963,0.912,0.914,42819442.0,1650239999999,40310611.7353,68140,19981291.1,18825894.1494,0
2022-04-18,0.914,0.939,0.874,0.937,118870539.6,1650326399999,107348406.1814,157240,58326637.1,52740274.8379,0
2022-04-19,0.936,0.957,0.927,0.952,75432689.7,1650412799999,70879191.9439,95583,37647394.2,35390633.7593,0
2022-04-20,0.952,0.976,0.93,0.937,93644303.6,1650499199999,89151003.9477,125231,45069296.4,42939466.9351,0
2022-04-21,0.937,0.971,0.891,0.91,105007978.4,1650585599999,98683813.6459,150741,50937770.0,47903038.3822,0
2022-04-22,0.91,0.924,0.891,0.906,82391016.7,1650671999999,74969570.3452,96782,38366222.9,34929641.6723,0
2022-04-23,0.906,0.913,0.881,0.886,34559067.5,1650758399999,30978218.3297,56634,15812715.8,14181225.4564,0
2022-04-24,0.886,0.899,0.877,0.886,49191017.0,1650844799999,43699800.4742,70622,22550246.9,20038357.4457,0
2022-04-25,0.885,0.9039,0.8261,0.8974,171944524.5,1650931199999,148027393.73861,277318,82475298.6,70974176.42565,0
2022-04-26,0.8975,0.903,0.815,0.8259,176710067.0,1651017599999,151087067.46235,273090,80509678.4,68921649.90842,0
2022-04-27,0.8258,0.8562,0.8187,0.8401,148780516.9,1651103999999,124685106.18968,234750,75378198.0,63182492.47582,0
2022-04-28,0.8401,0.8526,0.8258,0.8432,134885232.9,1651190399999,113478674.58921,189397,67156437.8,56494787.57569,0
2022-04-29,0.8432,0.8495,0.7891,0.8048,139320128.3,1651276799999,113905864.56138,193102,66368800.5,54269104.62286,0
2022-04-30,0.805,0.8179,0.7351,0.7556,147364161.34,1651363199999,115290631.74037,209037,70694875.0,55392645.43586,0
2022-05-01,0.7555,0.8002,0.7451,0.7895,137793227.3,1651449599999,106582681.5401,207348,66750097.4,51633074.2073,0
2022-05-02,0.7894,0.7968,0.7636,0.7809,128907016.8,1651535999999,100687424.37431,191863,64656968.6,50500094.06167,0
2022-05-03,0.7808,0.7994,0.7605,0.7711,96429722.5,1651622399999,75410127.88362,144918,47925179.4,37463768.15689,0
2022-05-04,0.7712,0.8992,0.7677,0.8985,256649760.0,1651708799999,213655126.17362,413280,131688959.4,109579531.29404,0
2022-05-05,0.8986,0.9058,0.7716,0.7884,364970629.3,1651795199999,304513975.74832,574367,179080877.3,149545531.51579,0
2022-05-06,0.7884,0.7997,0.7625,0.7832,244058670.2,1651881599999,191381224.54187,367204,121818653.3,95537447.27456,0
2022-05-07,0.7832,0.7858,0.7467,0.7604,126808896.0,1651967999999,97951871.70325,173806,60759914.6,46957053.63092,0
2022-05-08,0.7605,0.7663,0.7254,0.7403,175139530.39,1652054399999,130209850.910652,236153,84619664.6,62924917.21428,0
2022-05-09,0.7404,0.7542,0.5976,0.6019,472342566.94,1652140799999,315923785.342392,741784,227186490.32,151909271.724514,0
2022-05-10,0.6025,0.701,0.5833,0.6286,436850308.6,1652227199999,283217801.10111,751497,219301763.5,142231857.4617,0
2022-05-11,0.6286,0.6631,0.4727,0.5187,623456066.51,1652313599999,361445760.60107505,1045207,300556900.44,174695898.939392,0
2022-05-12,0.5186,0.5508,0.4019,0.4733,815465798.46,1652399999999,375840228.055986,1165637,405974288.5,187367607.63957,0
2022-05-13,0.4733,0.6094,0.4689,0.529,458070252.8,1652486399999,253922648.53897,695710,225640585.1,125049327.88592,0
2022-05-14,0.5289,0.5572,0.4888,0.5372,253441055.6,1652572799999,132311337.3741,422322,125166336.9,65364448.60597,0
2022-05-15,0.5374,0.5999,0.5148,0.5981,195264575.4,1652659199999,108585670.20941,327792,97691998.8,54375488.68431,0
2022-05-16,0.5982,0.6146,0.5444,0.5569,280903516.1,1652745599999,159793334.64289,465282,134195479.8,76346603.2761,0
2022-05-17,0.5569,0.5999,0.5511,0.5778,178084619.6,1652831999999,102370872.2906,315535,88401271.6,50811297.99984,0
2022-05-18,0.5776,0.5863,0.5026,0.5059,203077123.9,1652918399999,109204097.70007,325319,98787500.2,53106646.98056,0
2022-05-19,0.5059,0.5467,0.4917,0.5334,205816006.7,1653004799999,107511001.865,310518,101921911.9,53230393.70054,0
2022-05-20,0.5334,0.545,0.5012,0.5162,174293262.6,1653091199999,91285754.18405,258211,88466784.1,46320019.98231,0
2022-05-21,0.5162,0.5388,0.5086,0.5286,85487336.0,1653177599999,45014383.53085,134493,42063455.4,22149024.98364,0
2022-05-22,0.5286,0.5488,0.5219,0.5416,104514258.8,1653263999999,56137371.78749,149250,51878916.1,27896334.08051,0
2022-05-23,0.5416,0.5595,0.5039,0.5134,189427959.8,1653350399999,101951558.22317,271571,95461197.2,51366397.74152,0
2022-05-24,0.5133,0.5255,0.4927,0.5219,170905795.6,1653436799999,87550942.7627,177961,83721980.3,42889155.95733,0
2022-05-25,0.5218,0.5328,0.5071,0.5146,133554250.3,1653523199999,69046651.59821,145961,65738876.1,33974863.55584,0
2022-05-26,0.5145,0.521,0.4614,0.4789,243664954.1,1653609599999,119303698.33202,255129,119737412.7,58609269.57727,0
2022-05-27,0.4788,0.4839,0.4454,0.4566,268406015.6,1653695999999,123982040.01051,278146,132187406.4,61078410.27387,0
2022-05-28,0.4566,0.4693,0.4481,0.4646,105935970.4,1653782399999,48699017.69142,111150,52981406.3,24361722.22343,0
2022-05-29,0.4646,0.4827,0.4559,0.482,88626528.9,1653868799999,41608754.06332,97923,46065144.5,21628684.56862,0
2022-05-30,0.4819,0.5777,0.4772,0.5698,259278313.4,1653955199999,137534136.01408,322644,134510610.1,71387427.77757,0
2022-05-31,0.5698,0.6893,0.5678,0.6268,663619489.7,1654041599999,419357527.62486,1006434,331524738.3,209395401.95672,0
2022-06-01,0.6266,0.6314,0.5359,0.5516,355477399.6,1654127999999,207077770.67488,455720,174782896.5,101776792.52181,0
2022-06-02,0.5517,0.5981,0.5487,0.5871,306125734.2,1654214399999,175597999.00685,410361,154833926.7,88834336.56909,0
2022-06-03,0.5872,0.6055,0.539,0.56,206257910.9,1654300799999,116992848.81495,300561,102831989.5,58317588.42559,0
2022-06-04,0.56,0.5718,0.5449,0.5665,108779268.9,1654387199999,60846034.84104,166996,54374282.1,30424849.38977,0
2022-06-05,0.5666,0.5808,0.5538,0.5674,95277593.6,1654473599999,54027559.10099,126913,48975962.9,27785244.47815,0
2022-06-06,0.5675,0.6472,0.5651,0.6091,341502376.8,1654559999999,210111671.92015,453386,174556496.7,107446478.06378,0
2022-06-07,0.6091,0.645,0.5715,0.6141,338812294.7,1654646399999,205352604.40458,471354,167261866.9,101405095.98204,0
2022-06-08,0.614,0.6696,0.6087,0.6408,394267374.7,1654732799999,253883949.48087,581779,196220274.4,126388176.58922,0
2022-06-09,0.6407,0.6579,0.6258,0.6323,192310885.5,1654819199999,123401495.81414,282642,96223569.2,61773899.05154,0
2022-06-10,0.6323,0.6361,0.57,0.5744,272263844.1,1654905599999,162542356.57568,358386,136142775.4,81222370.52345,0
2022-06-11,0.5744,0.6175,0.543,0.554,300758115.7,1654991999999,172700700.1128,374455,149315564.6,85758926.11045,0
2022-06-12,0.5541,0.561,0.4893,0.4904,397530507.9,1655078399999,206803633.39901,469363,194256087.4,101105889.40628,0
2022-06-13,0.4904,0.4985,0.4366,0.4644,761583537.4,1655164799999,352962846.74877,852871,378622633.8,175576025.33645,0
2022-06-14,0.4642,0.52,0.4369,0.4831,609069303.4,1655251199999,294811430.56791,744052,303383282.9,146971066.81698,0
2022-06-15,0.4831,0.5393,0.4483,0.5348,628287744.0,1655337599999,303575079.58861,794143,318238258.5,153868592.90912,0
2022-06-16,0.5347,0.5472,0.4673,0.4762,360176076.1,1655423999999,180247004.87872,447662,177855293.7,88975462.33456,0
2022-06-17,0.4762,0.504,0.4717,0.4872,221261441.4,1655510399999,108323356.32765,268808,107184324.4,52473069.30131,0
2022-06-18,0.4871,0.4953,0.4206,0.4549,383466178.7,1655596799999,174806284.46655,434016,188754268.2,86037405.45981,0
2022-06-19,0.4548,0.49,0.4359,0.4848,304390171.7,1655683199999,140851798.29959,352806,153614063.9,71092480.9997,0
2022-06-20,0.4849,0.5088,0.4613,0.4915,309797825.1,1655769599999,150592838.51178,373869,152800252.6,74271890.33921,0
2022-06-21,0.4915,0.5114,0.4751,0.4813,269304587.0,1655855999999,133582879.8169,336782,135015286.5,66974851.02379,0
2022-06-22,0.4813,0.4815,0.4559,0.4594,203592970.7,1655942399999,95339778.91015,235107,97561351.8,45698654.52262,0
2022-06-23,0.4594,0.4831,0.4563,0.48,160787911.2,1656028799999,75878540.6978,175347,81747218.6,38588633.80883,0
2022-06-24,0.48,0.5097,0.4762,0.4981,241562561.8,1656115199999,119934896.12403,274333,120407724.1,59774316.24439,0
2022-06-25,0.4982,0.5078,0.4783,0.4984,142417111.7,1656201599999,70381037.05771,168307,68803509.8,34009313.49437,0
2022-06-26,0.4985,0.526,0.4885,0.4899,211856675.9,1656287999999,107772457.29959,249977,105772025.0,53804316.87672,0
2022-06-27,0.4899,0.5088,0.4756,0.4856,157303921.4,1656374399999,77606254.36506,179939,79453603.2,39208187.63621,0
2022-06-28,0.4855,0.4975,0.4671,0.4694,163559982.8,1656460799999,78948406.06234,186022,78703385.9,38002713.98739,0
2022-06-29,0.4693,0.4772,0.4588,0.4662,166130162.2,1656547199999,77773512.88053,171783,79642286.4,37290048.81748,0
2022-06-30,0.4662,0.4677,0.4352,0.4599,212174584.9,1656633599999,95075676.72616,216004,106495608.1,47720104.264,0
2022-07-01,0.4599,0.475,0.4427,0.4487,182788187.1,1656719999999,83081567.6807,182713,90547200.6,41168927.2416,0
2022-07-02,0.4487,0.4617,0.4408,0.4559,109165380.7,1656806399999,49191448.48722,103433,54511257.6,24560752.90044,0
2022-07-03,0.4558,0.46,0.4436,0.4561,90832805.9,1656892799999,41041921.16475,92146,45450204.0,20539076.68531,0
2022-07-04,0.456,0.4765,0.4445,0.4695,196991430.2,1656979199999,90547253.01091,184438,97916231.9,45009548.43524,0
2022-07-05,0.4695,0.4717,0.4447,0.4571,171538047.7,1657065599999,78479359.61598,159310,82749025.6,37860964.76144,0
2022-07-06,0.4571,0.4656,0.447,0.4623,139221841.0,1657151999999,63728969.98517,126851,70034300.9,32068575.59936,0
2022-07-07,0.4623,0.4827,0.4609,0.4776,142206515.1,1657238399999,66929708.46981,131996,72476935.8,34116932.32261,0
2022-07-08,0.4775,0.493,0.46,0.4661,170807637.3,1657324799999,80808813.22228,180769,84870910.1,40157789.06687,0
2022-07-09,0.4661,0.4849,0.4653,0.478,100774030.7,1657411199999,48163760.13868,116114,49465696.6,23644220.99802,0
2022-07-10,0.4781,0.4798,0.4552,0.4624,115262368.1,1657497599999,53751291.74261,109497,54031048.7,25190426.15197,0
2022-07-11,0.4625,0.4628,0.4316,0.4347,162045832.1,1657583999999,72500824.71716,165486,76861826.2,34383623.09652,0
2022-07-12,0.4347,0.4425,0.4156,0.4171,139595801.6,1657670399999,60188310.95787,132808,67572021.5,29143478.13447,0
2022-07-13,0.4171,0.4422,0.4023,0.4383,265120837.4,1657756799999,111631781.47776,219814,132163289.3,55676230.91374,0
2022-07-14,0.4383,0.4465,0.417,0.4416,208166850.3,1657843199999,89817605.08748,161281,105365446.4,45477827.63353,0
2022-07-15,0.4417,0.4536,0.4326,0.4421,187707381.7,1657929599999,82956659.08532,149271,97110731.3,42938343.47677,0
2022-07-16,0.4421,0.4591,0.4316,0.4578,147996093.0,1658015999999,66098071.70082,132608,74143492.2,33126978.78578,0
2022-07-17,0.4578,0.466,0.4421,0.4478,153582187.8,1658102399999,69559410.06062,137153,76717843.7,34754855.23951,0
2022-07-18,0.4478,0.4998,0.4457,0.4904,383712607.4,1658188799999,184055804.57396,353973,189987243.4,91114076.89519,0
2022-07-19,0.4904,0.526,0.4733,0.5152,386358308.6,1658275199999,192345105.51031,391077,198125136.3,98676939.88965,0
2022-07-20,0.5152,0.5487,0.4868,0.491,389779718.7,1658361599999,202518393.71977,408063,193278403.4,100505192.19055,0
2022-07-21,0.491,0.5023,0.4756,0.4993,261898181.1,1658447999999,127916182.75465,247529,127097139.2,62107678.67944,0
2022-07-22,0.4994,0.5114,0.477,0.4828,200329666.4,1658534399999,99432126.04535,196336,97861098.2,48600240.63722,0
2022-07-23,0.4827,0.5186,0.473,0.517,199660186.4,1658620799999,98131475.97387,207295,98958254.8,48632264.06779,0
2022-07-24,0.5171,0.5368,0.5095,0.512,233306136.5,1658707199999,121580637.36585,271496,117077962.2,61042635.91257,0
2022-07-25,0.512,0.5154,0.4741,0.4752,200850290.9,1658793599999,98894494.41509,218306,95559514.8,47037959.54568,0
2022-07-26,0.4752,0.4774,0.451,0.4677,213068947.5,1658879999999,98785176.07476,205216,105230372.3,48782847.12062,0
2022-07-27,0.4678,0.5122,0.4588,0.5111,290166822.0,1658966399999,140072070.82494,311114,145531330.4,70250655.26181,0
2022-07-28,0.5112,0.5242,0.4885,0.513,306444781.5,1659052799999,155541635.45628,319326,158061234.1,80279722.08436,0
2022-07-29,0.5131,0.5454,0.5064,0.5218,320668702.7,1659139199999,168837048.55654,391235,159917532.6,84254329.33299,0
2022-07-30,0.5219,0.556,0.509,0.5263,271896568.2,1659225599999,144247588.63467,306837,134850826.4,71527708.54543,0
2022-07-31,0.5263,0.5443,0.5125,0.5161,174783511.5,1659311999999,92491106.76508,199465,84730072.6,44850023.99632,0
2022-08-01,0.5161,0.5262,0.5007,0.5124,158798003.7,1659398399999,81478272.91282,174209,78886167.1,40475859.21777,0
2022-08-02,0.5125,0.5155,0.4886,0.4963,182796003.4,1659484799999,91142608.34405,214245,88201727.3,43995253.47446,0
2022-08-03,0.4963,0.5167,0.489,0.5005,124963960.7,1659571199999,63277801.14024,157109,62027852.3,31413343.65634,0
2022-08-04,0.5006,0.5112,0.4934,0.4997,102892954.2,1659657599999,51580016.92275,135059,50221676.4,25175425.7759,0
2022-08-05,0.4998,0.5193,0.4993,0.5174,112189883.6,1659743999999,57290535.29879,134823,56838071.1,29030033.83907,0
2022-08-06,0.5174,0.5234,0.51,0.5112,78090180.3,1659830399999,40367066.54263,89111,39737228.8,20547752.85072,0
2022-08-07,0.5114,0.5385,0.5063,0.5276,111026235.8,1659916799999,58035923.63015,129702,57614498.3,30122019.71698,0
2022-08-08,0.5276,0.5496,0.523,0.5371,161524833.4,1660003199999,86914353.50489,180884,80069947.0,43084599.93814,0
2022-08-09,0.5371,0.5374,0.5057,0.5129,143030490.2,1660089599999,74616854.75601,153935,66057381.1,34452649.02127,0
2022-08-10,0.5128,0.5389,0.502,0.5374,168972340.2,1660175999999,88680355.87196,192209,87371324.8,45888264.23763,0
2022-08-11,0.5374,0.5476,0.5286,0.5303,155468308.4,1660262399999,83894273.25094,175859,77485038.8,41818326.57108,0
2022-08-12,0.5302,0.542,0.5205,0.5402,106913181.8,1660348799999,56798284.45327,120804,52287298.9,27790188.69345,0
2022-08-13,0.5403,0.5677,0.5378,0.5593,193063122.5,1660435199999,107428365.93251,235604,100409214.4,55859049.67659,0
2022-08-14,0.5592,0.5948,0.5567,0.5695,236011611.2,1660521599999,136834261.4816,286026,115086144.6,66762351.44327,0
2022-08-15,0.5695,0.5824,0.5427,0.5499,190761668.9,1660607999999,106781679.52693,216862,87630699.7,49090470.04506,0
2022-08-16,0.5499,0.5704,0.5475,0.557,146450653.2,1660694399999,81971962.43651,177475,71235964.0,39886623.42254,0
2022-08-17,0.5569,0.5834,0.5304,0.5384,234245028.0,1660780799999,129841944.08433,276728,115582402.6,64164043.92891,0
2022-08-18,0.5384,0.5441,0.5075,0.5119,132313932.3,1660867199999,70289325.27204,152702,63981794.5,33994274.23026,0
2022-08-19,0.5119,0.5121,0.4461,0.45,328230521.1,1660953599999,155307737.89319,321047,161500954.4,76412557.16907,0
2022-08-20,0.4499,0.4632,0.4347,0.4508,211122393.3,1661039999999,95611356.93429,187026,105701528.5,47870274.58215,0
2022-08-21,0.4508,0.4726,0.4468,0.4626,169047210.7,1661126399999,77737680.83962,148360,85819511.4,39463875.50307,0
2022-08-22,0.4627,0.4632,0.4374,0.4615,189193918.6,1661212799999,85333908.79942,162911,95703768.3,43165400.37022,0
2022-08-23,0.4614,0.47,0.4457,0.4658,124261125.9,1661299199999,56977430.74636,130366,64763011.6,29689920.9647,0
2022-08-24,0.4659,0.4691,0.4536,0.4578,103361101.6,1661385599999,47594285.66466,108955,50904042.8,23443664.92015,0
2022-08-25,0.4578,0.4741,0.4574,0.4645,119929958.0,1661471999999,55717466.58755,112831,62446800.9,29016953.89409,0
2022-08-26,0.4645,0.482,0.4257,0.4316,375988353.5,1661558399999,173588167.68118,326545,187613028.2,86764029.37432,0
2022-08-27,0.4315,0.4514,0.4258,0.4499,188501508.5,1661644799999,82887367.56263,167683,93722456.3,41213933.54063,0
2022-08-28,0.4498,0.4544,0.4274,0.4293,131217761.8,1661731199999,58095473.22378,126151,65884235.2,29173417.01678,0
2022-08-29,0.4293,0.453,0.4236,0.4504,144932469.0,1661817599999,63485522.36355,128018,72982989.6,31968724.87057,0
2022-08-30,0.4503,0.4628,0.4385,0.4531,153120426.8,1661903999999,68971751.04596,158497,76135969.2,34346632.55687,0
2022-08-31,0.4531,0.4631,0.4446,0.4462,115611898.1,1661990399999,52745269.16891,143809,56601174.9,25844919.59257,0
2022-09-01,0.4461,0.4624,0.4407,0.4575,126696718.0,1662076799999,57008792.40598,136951,62789033.9,28257121.24968,0
2022-09-02,0.4575,0.4665,0.4487,0.4543,106798749.5,1662163199999,48875892.80117,113867,53439150.1,24469961.92887,0
2022-09-03,0.4544,0.486,0.4535,0.4803,182225091.7,1662249599999,86357210.97233,198189,93791726.0,44445709.64613,0
2022-09-04,0.4803,0.51,0.4756,0.5035,199924106.3,1662335999999,99202273.65332,214052,103471180.5,51339679.82091,0
2022-09-05,0.5035,0.5076,0.4826,0.4984,141753954.4,1662422399999,69731932.30549,159657,68623857.1,33764488.52652,0
2022-09-06,0.4985,0.5122,0.4592,0.4625,233944338.0,1662508799999,114451828.27769,267081,114714848.7,56253278.38721,0
2022-09-07,0.4625,0.4821,0.4536,0.4787,139305299.9,1662595199999,64906839.20856,147638,67906545.7,31665797.65323,0
2022-09-08,0.4787,0.4831,0.4627,0.479,113848178.5,1662681599999,53876187.84744,123035,55180048.4,26120030.56645,0
2022-09-09,0.4791,0.505,0.4783,0.5022,179504511.2,1662767999999,88451502.7363,189194,94056223.7,46345166.3235,0
2022-09-10,0.5022,0.5242,0.4945,0.5121,194060696.5,1662854399999,99626007.79046,243238,99482480.4,51074537.70144,0
2022-09-11,0.5121,0.5199,0.5,0.5098,129240731.5,1662940799999,66100249.60976,140891,64238995.4,32865611.96444,0
2022-09-12,0.5098,0.5197,0.4958,0.5012,168685217.5,1663027199999,85772065.7669,181094,83488451.3,42479706.92183,0
2022-09-13,0.5013,0.509,0.4612,0.4635,232872260.6,1663113599999,112412238.59918,245788,112470213.6,54300633.89928,0
2022-09-14,0.4635,0.4871,0.462,0.4809,139528796.3,1663199999999,66491294.4924,154898,67539660.6,32192421.58439,0
2022-09-15,0.4807,0.482,0.4619,0.4662,131971420.4,1663286399999,62202501.32577,167604,63937843.0,30142164.15965,0
2022-09-16,0.4662,0.4747,0.454,0.4746,102993446.9,1663372799999,47695896.31466,105894,49835102.1,23091640.33927,0
2022-09-17,0.4746,0.4883,0.4723,0.4859,100281140.5,1663459199999,48108806.27672,110117,51616473.4,24777074.31155,0
2022-09-18,0.4859,0.4904,0.4403,0.4477,128727598.1,1663545599999,60081473.98981,158464,58417836.4,27291927.48051,0
2022-09-19,0.4477,0.457,0.4332,0.4527,182324362.8,1663631999999,80666453.53299,164372,89171824.2,39487654.99093,0
2022-09-20,0.4527,0.4545,0.4373,0.4422,107529839.9,1663718399999,47790848.64453,103395,52269798.6,23228970.09915,0
2022-09-21,0.4423,0.4645,0.4313,0.4389,285433830.3,1663804799999,127818721.37836,283263,138424117.0,62085992.44732,0
2022-09-22,0.4388,0.4666,0.4343,0.4584,155204297.3,1663891199999,70261926.87895,156812,78402554.5,35490625.78679,0
2022-09-23,0.4583,0.4825,0.446,0.4618,210001077.3,1663977599999,96724525.74195,231666,102088803.2,47038068.09511,0
2022-09-24,0.4619,0.4689,0.4504,0.4511,122469926.2,1664063999999,56445824.83188,127076,63502553.5,29285745.62288,0
2022-09-25,0.451,0.4628,0.4385,0.4464,112039917.9,1664150399999,50602220.32025,102352,56541718.9,25548070.41735,0
2022-09-26,0.4462,0.4507,0.4365,0.4473,125876450.8,1664236799999,55919382.66375,115519,62130028.0,27601719.00085,0
2022-09-27,0.4473,0.4633,0.4373,0.4411,148327423.1,1664323199999,67019502.9612,138569,70095713.7,31677530.80491,0
2022-09-28,0.4414,0.4431,0.4251,0.4361,126497310.3,1664409599999,54812532.98835,121485,61033953.3,26442922.5801,0
2022-09-29,0.4362,0.4394,0.4277,0.4381,120381859.1,1664495999999,52239546.20642,104043,59283357.2,25744104.16185,0
2022-09-30,0.4382,0.4415,0.4293,0.4347,120942156.5,1664582399999,52581142.20206,104996,60640998.4,26368817.67389,0
2022-10-01,0.4346,0.4364,0.4275,0.43,61750878.7,1664668799999,26665782.65754,51688,29299699.8,12656148.29033,0
2022-10-02,0.4301,0.4328,0.4176,0.4194,79897439.7,1664755199999,33983983.25115,75358,37186756.8,15823560.29012,0
2022-10-03,0.4195,0.4288,0.4158,0.4276,97901531.3,1664841599999,41492690.08411,80871,49400692.9,20945009.65827,0
2022-10-04,0.4276,0.4377,0.4253,0.4355,89193827.3,1664927999999,38559189.5385,73491,47095914.3,20365784.03581,0
2022-10-05,0.4356,0.4367,0.4236,0.4309,86070134.7,1665014399999,37012701.03207,72720,41060849.3,17661118.97752,0
2022-10-06,0.4309,0.437,0.4255,0.4288,87385034.1,1665100799999,37708789.54476,73846,44808711.3,19344104.76923,0
2022-10-07,0.4288,0.4304,0.4215,0.424,85765776.0,1665187199999,36466183.75028,76187,41778058.4,17764589.86288,0
2022-10-08,0.4239,0.4271,0.4188,0.4219,57044040.1,1665273599999,24194790.76935,61876,26131699.7,11085732.49504,0
2022-10-09,0.4219,0.4242,0.419,0.423,50765905.1,1665359999999,21434773.50635,55189,23364059.1,9866652.85218,0
2022-10-10,0.423,0.4268,0.3982,0.4012,108015329.8,1665446399999,44710373.664072,102036,49076040.4,20340717.42524,0
2022-10-11,0.4011,0.4016,0.3837,0.3908,157186233.63,1665532799999,62076335.426205,132746,75070491.0,29649399.6502,0
2022-10-12,0.3907,0.3954,0.376,0.3814,100681651.0,1665619199999,39030321.52969,88106,50271973.1,19486151.54957,0
2022-10-13,0.3814,0.3824,0.349,0.3768,269611367.28,1665705599999,99007956.02859,204294,130526639.3,47949117.99298,0
2022-10-14,0.3769,0.389,0.3606,0.3667,135534544.8,1665791999999,51320624.20952,111634,73388520.2,27861286.54523,0
2022-10-15,0.3667,0.37,0.3612,0.3641,62954187.6,1665878399999,23042598.66514,56049,31167964.2,11410162.02965,0
2022-10-16,0.3641,0.3749,0.3638,0.3703,61182203.2,1665964799999,22511636.86224,53629,31736122.5,11681715.41941,0
2022-10-17,0.3703,0.3758,0.366,0.3723,66215062.2,1666051199999,24553623.2531,56666,34776690.9,12896194.89731,0
2022-10-18,0.3724,0.3743,0.3569,0.3624,95363501.1,1666137599999,34914456.16932,79683,45910187.6,16814303.21185,0
2022-10-19,0.3624,0.3624,0.347,0.3497,92329214.7,1666223999999,32868771.34509,75085,43056794.0,15327325.05645,0
2022-10-20,0.3496,0.3557,0.3364,0.3402,111680559.0,1666310399999,38777486.86413,89027,52522406.1,18235786.51256,0
2022-10-21,0.3402,0.3499,0.33,0.3492,127159385.38,1666396799999,43236898.514784,97703,62801468.1,21362836.05547,0
2022-10-22,0.3492,0.3544,0.343,0.3513,71962552.0,1666483199999,25145674.28437,58566,36039980.3,12595617.52464,0
2022-10-23,0.3513,0.3638,0.346,0.3621,85104357.9,1666569599999,30126571.95587,71166,43186145.9,15299587.80817,0
2022-10-24,0.3621,0.3652,0.3533,0.3573,92438606.2,1666655999999,33254095.74412,74681,44537002.7,16030007.90263,0
2022-10-25,0.3572,0.4173,0.3569,0.4,319472649.0,1666742399999,125674457.88564,300765,169588039.3,66601795.11065,0
2022-10-26,0.4001,0.4122,0.3945,0.403,197702684.6,1666828799999,79697606.0452,193617,104320167.8,42056766.22798,0
2022-10-27,0.403,0.4194,0.3861,0.3884,170796279.1,1666915199999,68868223.54686,174202,84785715.4,34221245.25005,0
2022-10-28,0.3884,0.4115,0.3777,0.4044,139227634.2,1667001599999,54818936.08623,137492,70287705.7,27700689.44536,0
2022-10-29,0.4044,0.44,0.4008,0.42,200912371.4,1667087999999,84004083.80894,209662,101998020.5,42665390.05533,0
2022-10-30,0.4201,0.4216,0.3981,0.4056,117123022.0,1667174399999,48145501.28376,128298,55881523.3,22975992.72746,0
2022-10-31,0.4057,0.4163,0.3975,0.4055,122659161.8,1667260799999,49795540.26494,132386,60759014.6,24673687.43737,0
2022-11-01,0.4055,0.4154,0.3985,0.4011,88819285.6,1667347199999,36132384.3077,94595,42790968.6,17415523.33755,0
2022-11-02,0.4012,0.4093,0.38,0.3856,168322996.7,1667433599999,66511031.36371,177619,81576249.5,32258932.59223,0
2022-11-03,0.3856,0.3992,0.3842,0.3895,90983702.8,1667519999999,35806496.7473,100272,44619392.8,17561570.08955,0
2022-11-04,0.3894,0.4263,0.3881,0.4216,233382097.9,1667606399999,96007453.6155,216798,115864576.1,47629784.08137,0
2022-11-05,0.4216,0.4378,0.42,0.4264,165672546.7,1667692799999,70942285.9697,174930,84508152.0,36198153.09506,0
2022-11-06,0.4263,0.431,0.4014,0.4021,112501696.2,1667779199999,47162331.74329,131491,52169773.0,21901695.02585,0
2022-11-07,0.4021,0.4161,0.3975,0.4041,138637231.9,1667865599999,56358873.26129,144459,70343696.1,28618376.81889,0
2022-11-08,0.404,0.4156,0.3463,0.3722,379698137.7,1667951999999,145571726.14185,442925,186386469.7,71516688.2407,0
2022-11-09,0.3721,0.3766,0.31,0.3175,397998672.0,1668038399999,139680206.32556,478567,192542032.4,67693784.84387,0
2022-11-10,0.3174,0.3793,0.3119,0.3687,361917813.6,1668124799999,127859718.47873,490420,182522624.7,64507377.50624,0
2022-11-11,0.3688,0.3741,0.342,0.3556,191115121.1,1668211199999,68232522.26415,240769,92789572.0,33119476.4084,0
2022-11-12,0.3557,0.3569,0.3362,0.3397,118816381.9,1668297599999,40857174.32607,135497,60145272.4,20679615.31497,0
2022-11-13,0.3397,0.3453,0.3251,0.3298,146747692.7,1668383999999,49125239.85673,169130,76730591.7,25694784.98256,0
2022-11-14,0.3299,0.3419,0.3142,0.3323,180688535.9,1668470399999,59145613.82235,229414,89418810.9,29278001.71318,0
2022-11-15,0.3322,0.3449,0.3292,0.3373,103952732.7,1668556799999,35089708.27033,117802,53666070.8,18126560.45358,0
2022-11-16,0.3373,0.3443,0.3237,0.332,102897046.5,1668643199999,34283678.93925,109019,49811530.9,16605381.30212,0
2022-11-17,0.332,0.3345,0.3186,0.325,75533614.5,1668729599999,24578226.32022,86816,36097898.0,11750350.43079,0
2022-11-18,0.3251,0.3325,0.3206,0.326,80892957.7,1668815999999,26509239.61893,79339,43184950.9,14161735.32166,0
2022-11-19,0.326,0.3322,0.3213,0.328,49281576.1,1668902399999,16051787.43165,61811,23656670.9,7710532.40369,0
2022-11-20,0.328,0.3312,0.31,0.312,87909126.7,1668988799999,28100507.99389,98580,40294161.9,12885473.9523,0
2022-11-21,0.312,0.3133,0.2953,0.3046,162743368.09,1669075199999,49635263.832341,158825,81070174.2,24738669.25039,0
2022-11-22,0.3046,0.3169,0.2982,0.3126,119265124.3,1669161599999,36734548.01708,119038,60981935.4,18799776.49252,0
2022-11-23,0.3126,0.3204,0.3093,0.3185,130172804.6,1669247999999,41071372.01836,114714,66665110.8,21046110.18083,0
2022-11-24,0.3185,0.3213,0.3116,0.3163,77452139.6,1669334399999,24485083.30959,71156,37809261.8,11958487.76041,0
2022-11-25,0.3162,0.3173,0.3073,0.3146,81668650.3,1669420799999,25530440.73286,67451,43038388.0,13465568.40065,0
2022-11-26,0.3147,0.3228,0.3109,0.3138,66377188.0,1669507199999,21086337.98002,67347,33557782.0,10664709.50387,0
2022-11-27,0.3138,0.3196,0.3114,0.3126,50910598.2,1669593599999,16108318.83643,53498,25538487.6,8082238.36896,0
2022-11-28,0.3126,0.3139,0.3,0.3066,118919688.1,1669679999999,36327273.86126,101855,57593343.2,17602394.47275,0
2022-11-29,0.3066,0.3128,0.3042,0.3092,63045432.9,1669766399999,19488880.01456,60043,34532956.8,10676903.9209,0
2022-11-30,0.3093,0.3209,0.3084,0.3187,103696273.3,1669852799999,32673410.81614,98864,53367839.3,16824429.47226,0
2022-12-01,0.3186,0.32,0.3125,0.3145,69894876.1,1669939199999,22092331.38627,66918,34517831.4,10913517.75822,0
2022-12-02,0.3144,0.32,0.3106,0.3191,62310109.4,1670025599999,19680755.30877,68405,31244264.5,9871578.11069,0
2022-12-03,0.3192,0.3265,0.3162,0.3196,88483029.8,1670111999999,28444511.3298,75652,45162198.2,14521168.64432,0
2022-12-04,0.3196,0.3241,0.3181,0.3221,58073868.4,1670198399999,18651173.88099,54498,29052597.3,9332715.75797,0
2022-12-05,0.3222,0.329,0.3163,0.3193,68934870.6,1670284799999,22271877.70034,67193,32275468.2,10432506.64475,0
2022-12-06,0.3193,0.3211,0.3135,0.3183,54889434.1,1670371199999,17402842.34351,59086,25923424.1,8219130.36521,0
2022-12-07,0.3183,0.3199,0.3067,0.3102,80392338.0,1670457599999,25000761.50357,68326,37963202.6,11807115.12909,0
2022-12-08,0.3103,0.3158,0.3072,0.3145,55078149.3,1670543999999,17135098.53621,45329,27373504.3,8520245.51872,0
2022-12-09,0.3144,0.3166,0.3088,0.3118,50246553.9,1670630399999,15725182.9416,47471,21834500.9,6833860.87419,0
2022-12-10,0.3119,0.315,0.3106,0.3126,23073305.7,1670716799999,7211506.52281,23782,11003922.9,3439620.00395,0
2022-12-11,0.3126,0.315,0.3051,0.3074,38521495.3,1670803199999,11960293.98154,35310,17165368.9,5330292.02515,0
2022-12-12,0.3073,0.3079,0.3004,0.3069,59718587.9,1670889599999,18189907.8813,51594,26923983.6,8200617.46841,0
2022-12-13,0.3069,0.3187,0.2991,0.3142,125438617.5,1670975999999,38715909.18072,98882,61741895.9,19058537.42455,0
2022-12-14,0.3142,0.3157,0.3053,0.3079,91418405.6,1671062399999,28377028.14808,74395,43130288.7,13392421.63042,0
2022-12-15,0.308,0.3086,0.2962,0.3003,88292967.3,1671148799999,26642862.92079,64079,41583089.5,12547361.6136,0
2022-12-16,0.3003,0.3013,0.255,0.2632,218355848.5,1671235199999,61106298.135023,176444,95545914.52,26714221.629886,0
2022-12-17,0.2633,0.2678,0.2587,0.2672,164203460.7,1671321599999,43257420.03598,120298,82745814.5,21807132.57828,0
2022-12-18,0.2672,0.2713,0.2627,0.2659,90386512.2,1671407999999,24138629.78028,55328,44039307.1,11766153.31626,0
2022-12-19,0.266,0.2694,0.2488,0.2529,109679881.16,1671494399999,28451460.05123,73700,52457995.8,13628818.55143,0
2022-12-20,0.2529,0.2621,0.2512,0.2587,79578969.4,1671580799999,20468913.647,53843,40871795.0,10512893.76227,0
2022-12-21,0.2586,0.2593,0.2478,0.2534,93178931.7,1671667199999,23527156.52491,57581,45172996.7,11404346.36432,0
2022-12-22,0.2534,0.2569,0.2465,0.2566,78100191.4,1671753599999,19714944.87172,46739,39630851.8,10007593.14633,0
2022-12-23,0.2567,0.264,0.2554,0.2594,74119327.5,1671839999999,19200654.61869,46556,38157079.7,9884956.47588,0
2022-12-24,0.2594,0.2604,0.2566,0.2592,32054310.5,1671926399999,8287131.30108,22102,15585488.0,4030623.49931,0
2022-12-25,0.2591,0.2599,0.2546,0.2591,46627019.2,1672012799999,12008927.16992,28303,21194036.7,5461626.59903,0
2022-12-26,0.259,0.2657,0.2576,0.2652,61775474.3,1672099199999,16140480.49747,35406,32958847.9,8615577.10285,0
2022-12-27,0.2653,0.2665,0.2563,0.2603,59557924.7,1672185599999,15564607.25909,36071,28722733.5,7506920.22662,0
2022-12-28,0.2603,0.2611,0.2468,0.2482,115688916.7,1672271999999,29202569.65785,58223,55361595.5,13973456.32686,0
2022-12-29,0.2483,0.2484,0.2396,0.244,119235796.6,1672358399999,29131442.01201,63007,56414966.1,13782275.45276,0
2022-12-30,0.244,0.2463,0.2392,0.2458,77783257.0,1672444799999,18898369.31772,43934,37351098.4,9078758.46897,0
2022-12-31,0.2457,0.2521,0.244,0.2458,66923069.1,1672531199999,16567527.42419,34227,34093672.2,8443897.54752,0
2023-01-01,0.2458,0.25,0.2434,0.2499,49487029.5,1672617599999,12195300.86294,26077,26260163.2,6472306.00912,0
2023-01-02,0.2499,0.2565,0.2466,0.2538,75458284.6,1672703999999,19077666.03478,41366,39026007.3,9868596.14302,0
2023-01-03,0.2538,0.2555,0.2502,0.2529,71671057.1,1672790399999,18118088.32028,35667,34921017.9,8830214.00656,0
2023-01-04,0.2529,0.2708,0.2518,0.2678,148810996.5,1672876799999,39307216.21345,81093,77143345.9,20391284.27607,0
2023-01-05,0.2678,0.2713,0.2633,0.2692,81943632.6,1672963199999,21875835.63976,50246,41577762.6,11102597.5766,0
2023-01-06,0.2692,0.2798,0.2671,0.2786,171198727.6,1673049599999,46709200.59142,91513,85435452.4,23313758.01995,0
2023-01-07,0.2785,0.2806,0.2723,0.2768,72623368.2,1673135999999,20043246.99803,43840,34331752.9,9475851.34513,0
2023-01-08,0.2768,0.299,0.2742,0.2974,196047722.8,1673222399999,56211406.76293,115112,102786505.6,29481600.7278,0
2023-01-09,0.2975,0.346,0.2955,0.3168,405177005.9,1673308799999,130535883.67986,289600,204970775.8,66028132.55723,0
2023-01-10,0.3168,0.3253,0.3063,0.3222,184082448.1,1673395199999,58443335.34537,111866,92508102.6,29379189.34868,0
2023-01-11,0.3222,0.3235,0.3075,0.323,144048586.5,1673481599999,45390642.8338,93951,71986686.4,22683947.26887,0
2023-01-12,0.323,0.3351,0.3154,0.3293,248440812.5,1673567999999,80984073.16599,160006,126294016.4,41172653.23987,0
2023-01-13,0.3293,0.3509,0.3237,0.3456,150546494.0,1673654399999,50290558.79069,132896,75438244.8,25211615.56371,0
2023-01-14,0.3455,0.3697,0.332,0.3525,288977177.5,1673740799999,102311533.60626,269368,145077040.5,51391276.53754,0
2023-01-15,0.3526,0.3539,0.3385,0.3507,132983094.3,1673827199999,46120700.65588,111654,65033920.6,22558338.22857,0
2023-01-16,0.3508,0.364,0.3376,0.3504,156864828.5,1673913599999,55154485.19975,135456,77392992.8,27219905.33959,0
2023-01-17,0.3505,0.3576,0.343,0.3455,101591352.2,1673999999999,35648563.00154,96893,48489980.6,17018564.99565,0
2023-01-18,0.3455,0.3555,0.3237,0.3264,170018857.2,1674086399999,57705260.14865,158161,79570251.9,27001317.79739,0
2023-01-19,0.3264,0.343,0.3255,0.3379,80228314.7,1674172799999,26780825.48138,72624,39016752.2,13024231.14447,0
2023-01-20,0.338,0.3657,0.3336,0.3652,130767450.6,1674259199999,45603264.59433,114788,65123062.0,22716523.03645,0
2023-01-21,0.3651,0.3807,0.3569,0.3687,228951787.0,1674345599999,84320415.92165,195678,112872294.5,41556323.20503,0
2023-01-22,0.3686,0.3872,0.3629,0.3764,205382044.0,1674431999999,77558380.58987,184535,99553566.7,37602866.43679,0
2023-01-23,0.3764,0.3836,0.3687,0.375,168920181.8,1674518399999,63438244.67728,147715,81879022.1,30760516.00165,0
2023-01-24,0.375,0.383,0.3552,0.3587,111749419.5,1674604799999,41728216.60846,107485,53848740.9,20115308.60898,0
2023-01-25,0.3588,0.3797,0.3469,0.3732,125501560.2,1674691199999,45186532.4045,122744,59116298.6,21301588.09424,0
2023-01-26,0.3733,0.3892,0.3711,0.3796,152020632.1,1674777599999,57639690.96446,134337,75092935.7,28485506.60354,0
2023-01-27,0.3796,0.391,0.3678,0.3898,112713613.3,1674863999999,42795611.93104,104457,55291962.1,21010385.06595,0
2023-01-28,0.3898,0.398,0.378,0.3819,119208593.2,1674950399999,46208585.48443,108375,58676329.6,22741508.95489,0
2023-01-29,0.3818,0.3991,0.3768,0.3975,102929204.6,1675036799999,40157767.99062,99708,52194606.1,20373516.36885,0
2023-01-30,0.3976,0.3982,0.3652,0.3725,134336665.0,1675123199999,51134971.00427,124556,61467635.2,23401299.29,0
2023-01-31,0.3725,0.3998,0.3681,0.3902,156301183.0,1675209599999,59967794.67052,136857,77326666.9,29674233.67157,0
2023-02-01,0.3902,0.4018,0.371,0.397,162998963.9,1675295999999,62784020.14042,176466,80927462.5,31198496.73249,0
2023-02-02,0.397,0.4136,0.3921,0.3981,179215658.3,1675382399999,72380820.23897,185499,88934062.1,35929726.81432,0
2023-02-03,0.3981,0.407,0.3944,0.4038,112231580.7,1675468799999,45021086.33001,110403,55478843.7,22252425.40832,0
2023-02-04,0.4037,0.4055,0.3975,0.3994,69665961.0,1675555199999,28001934.44779,67191,33519331.1,13473213.28057,0
2023-02-05,0.3993,0.4019,0.3821,0.3923,104454046.0,1675641599999,40964679.72236,99821,49438702.0,19385442.12962,0
2023-02-06,0.3923,0.4033,0.3795,0.3823,110247851.9,1675727999999,43173103.61455,103365,54205265.7,21242299.99024,0
2023-02-07,0.3823,0.3998,0.3814,0.3989,107246776.8,1675814399999,41771566.35595,104067,54890952.0,21395306.38199,0
2023-02-08,0.3989,0.4035,0.3853,0.3942,92872527.4,1675900799999,36786726.66031,89570,45702981.4,18104835.21021,0
2023-02-09,0.3942,0.3957,0.3543,0.3622,151503834.4,1675987199999,57086936.96953,147128,72325490.7,27259377.19044,0
2023-02-10,0.3622,0.3656,0.3534,0.3581,104289819.1,1676073599999,37588836.43568,101653,50105196.1,18063652.88862,0
2023-02-11,0.358,0.3702,0.3567,0.3684,55904954.9,1676159999999,20214834.50522,53308,26913298.0,9736499.46201,0
2023-02-12,0.3685,0.3738,0.3596,0.3641,57416092.2,1676246399999,21128707.77172,60634,28403827.9,10454436.1999,0
2023-02-13,0.3641,0.3657,0.345,0.3593,114427322.0,1676332799999,40573133.72658,113480,53431788.2,18951972.47123,0
2023-02-14,0.3593,0.3931,0.3545,0.3867,156990175.9,1676419199999,58628401.20211,149699,82589661.1,30859079.29432,0
2023-02-15,0.3868,0.42,0.3819,0.419,151591225.3,1676505599999,59778979.44605,154132,82923592.9,32705015.23449,0
2023-02-16,0.419,0.4213,0.3862,0.3874,174768994.0,1676591999999,70700360.39255,178497,84267748.8,34116379.58747,0
2023-02-17,0.3874,0.4098,0.3854,0.4033,123524213.6,1676678399999,49269938.14967,122095,62058671.2,24747451.94108,0
2023-02-18,0.4033,0.4184,0.3976,0.406,89590271.5,1676764799999,36365358.17068,84846,45868526.3,18613623.49162,0
2023-02-19,0.406,0.4122,0.3968,0.3995,98181230.1,1676851199999,39725311.70805,108949,45484690.9,18406188.83204,0
2023-02-20,0.3994,0.4098,0.3893,0.4038,116906377.7,1676937599999,47218475.77844,115745,57874925.7,23378181.95623,0
2023-02-21,0.4037,0.4059,0.3855,0.3925,119823429.0,1677023999999,47413672.78624,110747,57083255.3,22597573.17159,0
2023-02-22,0.3926,0.3929,0.3769,0.3888,123152287.0,1677110399999,47282477.88503,111822,59787851.5,22951709.94963,0
2023-02-23,0.3889,0.3949,0.3794,0.3824,81228997.5,1677196799999,31463531.76665,83429,39421496.5,15271469.52866,0
2023-02-24,0.3824,0.3852,0.358,0.3658,136530140.7,1677283199999,50738363.87517,127749,62596698.4,23263710.96111,0
2023-02-25,0.3657,0.3677,0.3512,0.362,93356389.8,1677369599999,33675461.15039,80371,45265329.7,16327230.54597,0
2023-02-26,0.3621,0.3704,0.3577,0.3691,62253729.4,1677455999999,22631805.59683,57750,31115899.0,11313704.29942,0
2023-02-27,0.369,0.3702,0.3576,0.3647,71396733.7,1677542399999,25990074.91173,71429,33858556.8,12323964.73522,0
2023-02-28,0.3647,0.368,0.3485,0.3517,76748794.6,1677628799999,27548861.71386,86272,36452572.5,13087868.10199,0
2023-03-01,0.3518,0.3644,0.3493,0.3601,67671797.7,1677715199999,24311805.19254,75377,33270167.6,11949849.25544,0
2023-03-02,0.3601,0.3615,0.3445,0.3504,81854576.8,1677801599999,28749147.23269,78671,40177243.4,14113214.24989,0
2023-03-03,0.3505,0.3509,0.3212,0.3431,163025922.0,1677887999999,54562645.84593,139913,79206359.1,26511608.06145,0
2023-03-04,0.3431,0.3448,0.3303,0.3366,56432771.9,1677974399999,19063925.6113,53014,27736954.5,9369593.93485,0
2023-03-05,0.3366,0.343,0.3346,0.337,53269370.7,1678060799999,18030471.34132,53829,25189297.6,8526134.11512,0
2023-03-06,0.337,0.3387,0.3291,0.3305,72882197.2,1678147199999,24278531.6439,62856,36303715.1,12095340.00393,0
2023-03-07,0.3306,0.3348,0.3209,0.3306,99209654.5,1678233599999,32593724.15893,85305,47272909.6,15538255.5527,0
2023-03-08,0.3305,0.3328,0.3133,0.3175,110501100.5,1678319999999,35628787.90035,97286,53611724.1,17293037.38551,0
2023-03-09,0.3175,0.3223,0.3012,0.3101,191520024.2,1678406399999,59701621.64674,127559,90470336.2,28203437.48098,0
2023-03-10,0.3102,0.3182,0.2976,0.3149,184446629.2,1678492799999,56788935.68243,148800,91536539.0,28207592.82835,0
2023-03-11,0.3149,0.3228,0.3013,0.3051,174341847.2,1678579199999,54030316.31632,162022,85610420.6,26545553.38127,0
2023-03-12,0.3051,0.3311,0.3013,0.3298,148391745.7,1678665599999,46331508.9057,128884,77149304.9,24100681.41568,0
2023-03-13,0.3298,0.3517,0.3274,0.3433,290767932.5,1678751999999,98641344.22879,268470,156749260.4,53175514.69359,0
2023-03-14,0.3434,0.3677,0.3363,0.3429,243189873.1,1678838399999,85285424.82887,212910,120743806.6,42326631.42059,0
2023-03-15,0.3429,0.3464,0.3157,0.3241,262199199.5,1678924799999,87303478.96434,202868,128594236.5,42878853.55399,0
2023-03-16,0.324,0.329,0.3171,0.3249,148328841.2,1679011199999,48063578.85104,138164,71870654.4,23294030.64134,0
2023-03-17,0.3249,0.3502,0.3212,0.3494,171206542.3,1679097599999,57685328.9871,160226,84573142.8,28500305.89673,0
2023-03-18,0.3494,0.3572,0.335,0.3371,160274762.9,1679183999999,55729702.22952,144196,78097449.2,27166855.60514,0
2023-03-19,0.337,0.3525,0.3367,0.3448,93233157.9,1679270399999,32148684.11285,97384,47358176.1,16333267.33846,0
2023-03-20,0.3448,0.3461,0.3305,0.3321,124374313.8,1679356799999,42174811.85456,119529,59928337.6,20324022.08006,0
2023-03-21,0.3321,0.387,0.3291,0.3696,288467612.6,1679443199999,103396919.87244,287809,147048547.7,52722051.79377,0
2023-03-22,0.3695,0.3868,0.3489,0.3596,342137114.0,1679529599999,127050524.38391,359706,172201236.0,63987288.46199,0
2023-03-23,0.3597,0.3853,0.3535,0.3715,185937483.6,1679615999999,68780307.09313,186486,95616523.5,35374166.32978,0
2023-03-24,0.3716,0.3725,0.3552,0.3596,112029219.9,1679702399999,40641700.92164,109763,52275535.0,18971364.57686,0
2023-03-25,0.3597,0.3628,0.3486,0.3514,83603550.1,1679788799999,29770936.38946,83654,37953417.1,13530304.2783,0
2023-03-26,0.3513,0.3614,0.3487,0.3557,91774166.9,1679875199999,32651502.3325,72275,43527420.9,15487753.24119,0
2023-03-27,0.3558,0.3572,0.3366,0.3455,127210336.6,1679961599999,44183728.29139,120105,57030489.3,19810929.78825,0
2023-03-28,0.3456,0.3703,0.3427,0.3681,133375435.6,1680047999999,47519006.39241,136111,70554559.1,25157559.7859,0
2023-03-29,0.3681,0.39,0.3666,0.3811,190013782.5,1680134399999,72629635.26596,178531,100307772.1,38338579.8696,0
2023-03-30,0.3811,0.3876,0.3697,0.3761,147101987.5,1680220799999,55535091.32403,139893,72712810.0,27449826.46691,0
2023-03-31,0.3761,0.4093,0.3743,0.3989,250714301.7,1680307199999,99047877.23995,254717,124034987.9,49021484.47103,0
2023-04-01,0.3989,0.4031,0.388,0.3919,128780899.9,1680393599999,50718103.40614,135642,63529195.0,25030384.5489,0
2023-04-02,0.392,0.3928,0.3756,0.3815,102432795.5,1680479999999,39260959.47896,111825,46105241.2,17671694.76067,0
2023-04-03,0.3816,0.405,0.3708,0.3872,234427391.6,1680566399999,91409070.42097,264779,114847314.0,44792059.40839,0
2023-04-04,0.3872,0.4,0.3843,0.3894,121167900.7,1680652799999,47532378.54298,136688,59488361.0,23340482.00981,0
2023-04-05,0.3895,0.4,0.3868,0.3923,92815719.6,1680739199999,36615220.47484,106121,45320124.0,17883589.95122,0
2023-04-06,0.3922,0.3923,0.3763,0.3829,91098737.9,1680825599999,34923643.02087,104385,42745732.7,16385587.94159,0
2023-04-07,0.3829,0.3851,0.3756,0.3835,50141413.5,1680911999999,19101844.7887,59864,23443391.3,8934353.37531,0
2023-04-08,0.3835,0.3905,0.3804,0.3853,61444908.5,1680998399999,23773386.8612,72781,32028314.4,12394795.34207,0
2023-04-09,0.3852,0.393,0.384,0.3894,51708973.8,1681084799999,20096179.80782,69182,26253226.7,10204752.42652,0
2023-04-10,0.3893,0.3977,0.3847,0.3971,76308355.7,1681171199999,29784630.92321,101297,38882686.2,15181329.94463,0
2023-04-11,0.3971,0.413,0.394,0.4014,143695491.1,1681257599999,58079381.92254,152521,71158942.3,28762570.50555,0
2023-04-12,0.4015,0.4075,0.3886,0.4047,138821237.2,1681343999999,55419429.51489,145665,72389118.3,28927690.26119,0
2023-04-13,0.4047,0.4288,0.3989,0.4251,173707588.7,1681430399999,71977775.03818,193003,88144282.7,36542306.51739,0
2023-04-14,0.4251,0.444,0.4228,0.4381,235318719.5,1681516799999,102313257.17576,259302,116708577.5,50757503.58184,0
2023-04-15,0.4381,0.4617,0.4311,0.4522,178424508.6,1681603199999,80246325.39692,206504,90234283.2,40591072.19982,0
2023-04-16,0.4521,0.4579,0.4421,0.4513,117211504.6,1681689599999,52630950.62351,140521,55127730.7,24762697.17571,0
2023-04-17,0.4512,0.4515,0.431,0.4341,144412169.8,1681775999999,63560561.58769,131387,66904640.5,29448871.92029,0
2023-04-18,0.4341,0.448,0.4277,0.4435,99428283.1,1681862399999,43791494.37854,100798,48845842.9,21523463.10272,0
2023-04-19,0.4435,0.4435,0.4071,0.4163,193374494.9,1681948799999,81355681.62214,196729,92797167.1,39030165.98552,0
2023-04-20,0.4163,0.4221,0.3934,0.4007,161012857.5,1682035199999,65800195.92131,162835,76639261.7,31335657.30268,0
2023-04-21,0.4008,0.4071,0.3789,0.3824,158842754.2,1682121599999,62797906.51197,151539,75678869.4,29932185.00079,0
2023-04-22,0.3823,0.3989,0.381,0.3956,86625445.5,1682207999999,33930441.89649,81820,43012070.4,16845847.81134,0
2023-04-23,0.3956,0.3956,0.38,0.3886,82034708.6,1682294399999,31840004.05741,80309,39158310.9,15198940.61098,0
2023-04-24,0.3887,0.3975,0.38,0.3835,104338226.4,1682380799999,40438674.06987,97573,49375396.3,19135977.58244,0
2023-04-25,0.3836,0.3954,0.3761,0.3945,97446645.9,1682467199999,37317902.8385,92271,48259582.0,18492414.76085,0
2023-04-26,0.3944,0.4193,0.3778,0.4014,189713316.3,1682553599999,76023106.67434,201933,91951375.8,36875784.56733,0
2023-04-27,0.4014,0.4186,0.4008,0.4101,154240599.8,1682639999999,63156409.78502,170973,74904971.5,30677824.63468,0
2023-04-28,0.41,0.4116,0.3965,0.4043,76492344.4,1682726399999,30952182.57486,87075,36123552.2,14617103.23241,0
2023-04-29,0.4044,0.4077,0.3991,0.4024,42315743.6,1682812799999,17087613.33945,47024,19576654.1,7907086.50671,0
2023-04-30,0.4025,0.415,0.3944,0.3956,75755751.4,1682899199999,30508534.10836,85222,35764455.2,14416632.982,0
2023-05-01,0.3957,0.3979,0.3801,0.3868,99050070.7,1682985599999,38438942.31612,94469,47227660.7,18324228.45472,0
2023-05-02,0.3867,0.3947,0.3816,0.3916,62002108.1,1683071999999,24069912.67256,62646,30913638.9,12001431.58021,0
2023-05-03,0.3917,0.3965,0.3784,0.394,102351994.9,1683158399999,39437481.48619,107160,49295306.6,19008525.02486,0
2023-05-04,0.3941,0.3964,0.3849,0.3873,57027491.2,1683244799999,22301265.01623,60652,27906024.7,10916522.88446,0
2023-05-05,0.3873,0.397,0.3812,0.3942,77772750.3,1683331199999,30381794.08577,79559,39052285.1,15256028.68123,0
2023-05-06,0.3941,0.3968,0.3735,0.3787,85459030.9,1683417599999,32711487.15858,83483,41106602.4,15725392.33943,0
2023-05-07,0.3787,0.3833,0.3737,0.376,54439977.1,1683503999999,20673687.1866,51442,26318095.6,9997315.79787,0
2023-05-08,0.376,0.3796,0.3531,0.3653,137827919.2,1683590399999,50541987.25608,139351,66545561.1,24410877.73572,0
2023-05-09,0.3653,0.3705,0.3599,0.3633,78130879.7,1683676799999,28441383.41467,69682,38166731.8,13896421.70445,0
2023-05-10,0.3633,0.3729,0.3543,0.3693,150971765.6,1683763199999,55186058.0013,137935,74064354.0,27073855.3827,0
2023-05-11,0.3693,0.3696,0.3485,0.3598,98458703.7,1683849599999,35250818.4295,92480,47209307.0,16907253.95365,0
2023-05-12,0.3598,0.371,0.3533,0.3705,109723018.6,1683935999999,39703102.6803,117615,55672154.2,20157253.09333,0
2023-05-13,0.3705,0.371,0.3622,0.3646,46531257.4,1684022399999,17018722.71367,49572,21785800.6,7966496.53558,0
2023-05-14,0.3646,0.373,0.3627,0.3711,41898265.4,1684108799999,15434291.06836,48910,22121587.5,8149172.25666,0
2023-05-15,0.371,0.3758,0.3657,0.3669,69018210.5,1684195199999,25610899.8413,73535,32064894.8,11904513.80692,0
2023-05-16,0.3669,0.3704,0.3613,0.3682,66128494.6,1684281599999,24234881.14487,60125,32175351.6,11794898.28579,0
2023-05-17,0.3683,0.3807,0.3645,0.3755,94403281.2,1684367999999,35176313.03457,84629,49259231.2,18370973.86393,0
2023-05-18,0.3755,0.3803,0.3658,0.3714,80420401.0,1684454399999,30126679.91448,77013,39577586.6,14833307.18603,0
2023-05-19,0.3713,0.373,0.3658,0.3681,38723441.7,1684540799999,14305210.34059,47303,17239030.7,6371687.03494,0
2023-05-20,0.3681,0.3683,0.3628,0.3662,44032296.2,1684627199999,16072961.96302,40012,21179585.3,7734019.78533,0
2023-05-21,0.3663,0.3676,0.3566,0.3602,39270367.4,1684713599999,14203580.5863,42931,17835609.5,6451854.70734,0
2023-05-22,0.3602,0.3741,0.356,0.3679,62447190.2,1684799999999,22915553.39773,66139,30685612.2,11268097.09187,0
2023-05-23,0.3679,0.3757,0.3657,0.3704,47769860.8,1684886399999,17721617.62122,44827,23316717.7,8656791.97024,0
2023-05-24,0.3704,0.3706,0.3602,0.3638,57618648.9,1684972799999,21005340.19084,59760,26496484.5,9659021.27545,0
2023-05-25,0.3639,0.3648,0.355,0.3581,50137129.0,1685059199999,17962959.88396,51151,24655621.8,8833384.96251,0
2023-05-26,0.3582,0.3669,0.3535,0.3626,56982912.1,1685145599999,20503821.27027,53302,28246791.2,10163849.2815,0
2023-05-27,0.3626,0.3674,0.3606,0.3667,30122750.7,1685231999999,10968225.92438,30338,15621315.5,5687964.6998,0
2023-05-28,0.3667,0.3846,0.3661,0.3828,80053076.5,1685318399999,30072567.44679,85747,41719773.6,15677298.27968,0
2023-05-29,0.3828,0.3863,0.3756,0.3786,66769379.2,1685404799999,25360137.20475,60053,31777253.3,12068688.01283,0
2023-05-30,0.3786,0.3834,0.3744,0.3779,70137418.8,1685491199999,26559946.77883,64543,33676322.7,12752929.95714,0
2023-05-31,0.3779,0.3807,0.37,0.3744,59998056.8,1685577599999,22479759.36421,60115,30202116.1,11316273.81739,0
2023-06-01,0.3744,0.3758,0.3608,0.3644,93248479.9,1685663999999,34050283.35706,86287,36562336.6,13348774.09547,0
2023-06-02,0.3644,0.3794,0.3619,0.3782,71763680.0,1685750399999,26820487.62263,66709,38093081.6,14237597.88685,0
2023-06-03,0.3782,0.3782,0.3729,0.3759,27741856.8,1685836799999,10428014.32457,29217,12858489.1,4833210.62148,0
2023-06-04,0.376,0.3819,0.3748,0.3773,41513359.6,1685923199999,15769199.16194,40740,20864761.8,7925945.87712,0
2023-06-05,0.3773,0.3791,0.3467,0.3514,112815250.3,1686009599999,40532828.32009,121426,53176096.7,19098193.36383,0
2023-06-06,0.3514,0.3569,0.3365,0.3531,90606305.0,1686095999999,31691122.73033,93336,43193876.2,15114472.45587,0
2023-06-07,0.353,0.3531,0.3177,0.3223,150728402.3,1686182399999,50060807.19639,132476,67862410.4,22515595.11265,0
2023-06-08,0.3223,0.3308,0.3198,0.3228,104686899.3,1686268799999,34039413.97058,83196,52936798.1,17220411.52938,0
2023-06-09,0.3229,0.324,0.2902,0.2951,246384470.8,1686355199999,75999927.86638,187298,114500833.4,35331308.72791,0
2023-06-10,0.2951,0.2953,0.22,0.2747,757333075.3,1686441599999,192537302.38177,670691,374913332.8,95298801.09767,0
2023-06-11,0.2748,0.28,0.259,0.272,262186505.2,1686527999999,70331340.19641,242406,128862041.7,34563008.33414,0
2023-06-12,0.2719,0.2865,0.2648,0.2748,222382051.8,1686614399999,61566190.94342,190559,108178148.5,29959959.67324,0
2023-06-13,0.2747,0.2896,0.2684,0.2752,156748499.8,1686700799999,43627397.62707,127421,78501617.2,21850683.07628,0
2023-06-14,0.2752,0.2773,0.256,0.2633,133531077.0,1686787199999,35866653.03164,110259,64632406.6,17371688.56628,0
2023-06-15,0.2634,0.266,0.2525,0.262,140877163.2,1686873599999,36528253.75659,102637,69741070.5,18087048.67776,0
2023-06-16,0.2621,0.2675,0.2535,0.2632,89417626.3,1686959999999,23341640.15084,74850,43857529.1,11449577.18705,0
2023-06-17,0.2633,0.2737,0.2607,0.2667,88054261.3,1687046399999,23620613.88045,71084,43775279.3,11741566.38487,0
2023-06-18,0.2667,0.2691,0.2588,0.261,65212614.6,1687132799999,17290956.13935,55117,32044259.5,8499876.99771,0
2023-06-19,0.261,0.2638,0.2571,0.2634,70893812.3,1687219199999,18466634.06561,55995,36530606.3,9518522.73428,0
2023-06-20,0.2634,0.2707,0.2522,0.2705,109090810.6,1687305599999,28605791.65665,83489,53339191.2,13993704.69356,0
2023-06-21,0.2706,0.289,0.2687,0.2862,189786985.2,1687391999999,53238621.97959,135675,97261565.9,27278595.04529,0
2023-06-22,0.2861,0.3049,0.2856,0.2899,167726209.8,1687478399999,49597813.28265,145270,82659484.4,24440717.71615,0
2023-06-23,0.2899,0.3028,0.2867,0.2966,117254934.0,1687564799999,34652338.72698,116127,58405815.1,17269761.49269,0
2023-06-24,0.2967,0.2975,0.2843,0.2892,88286411.9,1687651199999,25791929.48114,82658,44753391.5,13082976.74018,0
2023-06-25,0.2893,0.305,0.2885,0.2921,103164289.5,1687737599999,30533826.25091,93894,50114142.1,14831161.19243,0
2023-06-26,0.292,0.2923,0.2766,0.2805,92192313.0,1687823999999,26288181.15263,87732,45978480.1,13107012.06449,0
2023-06-27,0.2806,0.2897,0.2775,0.2867,84320347.3,1687910399999,23876779.93604,65912,37957125.3,10751086.77893,0
2023-06-28,0.2868,0.2869,0.2599,0.2669,140734583.3,1687996799999,38471888.15646,103201,70487045.7,19279271.76894,0
2023-06-29,0.2669,0.2782,0.2664,0.2752,88026541.6,1688083199999,24102790.64145,67648,41699579.3,11415848.43852,0
2023-06-30,0.2753,0.2997,0.2672,0.2869,272156267.9,1688169599999,77751808.25011,228958,136746023.0,39064852.37726,0
2023-07-01,0.287,0.2938,0.2812,0.2924,88196474.2,1688255999999,25425789.21707,79258,43992840.6,12687284.28656,0
2023-07-02,0.2924,0.2939,0.2853,0.2916,74721548.0,1688342399999,21651819.41963,73496,35735418.6,10356951.76093,0
2023-07-03,0.2916,0.2993,0.2902,0.2967,71590689.3,1688428799999,21066347.63616,74431,34039500.0,10019470.3307,0
2023-07-04,0.2966,0.3016,0.289,0.2924,107425650.5,1688515199999,31743268.716,86963,51877455.6,15336458.86634,0
2023-07-05,0.2924,0.2963,0.2797,0.2839,106289740.4,1688601599999,30561805.54921,81330,52448320.0,15077928.75058,0
2023-07-06,0.2839,0.2937,0.2761,0.2784,144527874.2,1688687999999,41146491.15079,113234,71914259.7,20473137.54247,0
2023-07-07,0.2783,0.2855,0.2761,0.2844,100178705.4,1688774399999,28250332.02905,65288,50889591.5,14352300.18874,0
2023-07-08,0.2844,0.2931,0.2817,0.2907,106202528.4,1688860799999,30472901.3593,64732,53728261.7,15418451.67757,0
2023-07-09,0.2907,0.2918,0.283,0.2844,94953544.0,1688947199999,27283599.76481,55628,44970750.2,12922327.71889,0
2023-07-10,0.2843,0.2927,0.2781,0.2878,122097011.3,1689033599999,34884995.97289,85838,61514698.1,17576798.79677,0
2023-07-11,0.2878,0.2941,0.2874,0.2927,98565787.5,1689119999999,28634878.95706,65754,50089952.6,14554885.64056,0
2023-07-12,0.2927,0.2954,0.2848,0.289,77926024.7,1689206399999,22726562.86204,62475,37167526.5,10844578.55263,0
2023-07-13,0.289,0.3673,0.2857,0.3567,508960536.5,1689292799999,167895016.68953,443238,255704359.4,84279618.57241,0
2023-07-14,0.3567,0.3793,0.316,0.3277,344645916.7,1689379199999,120197260.40208,334313,169534853.5,59147216.87622,0
2023-07-15,0.3278,0.3376,0.324,0.326,87463902.2,1689465599999,28894128.01503,83700,42703845.3,14105577.80624,0
2023-07-16,0.3261,0.3278,0.312,0.3146,132942159.3,1689551999999,42621410.41761,108777,61168847.6,19621611.60696,0
2023-07-17,0.3145,0.3197,0.3055,0.3118,121471436.2,1689638399999,37965689.88861,110623,56441041.1,17643409.39815,0
2023-07-18,0.3117,0.314,0.2996,0.3095,151432242.5,1689724799999,46421051.72501,107927,68256585.7,20926491.65581,0
2023-07-19,0.3094,0.326,0.3069,0.3226,215253837.4,1689811199999,68393901.29389,166067,113377826.6,36027807.24026,0
2023-07-20,0.3226,0.3332,0.313,0.3161,166938424.7,1689897599999,54084127.66415,133521,86105072.0,27915053.45906,0
2023-07-21,0.3161,0.3184,0.3103,0.3127,70324894.6,1689983999999,22086143.59977,61947,33889816.4,10645427.49368,0
2023-07-22,0.3128,0.3149,0.3062,0.31,58496057.3,1690070399999,18200727.56504,55348,27311726.6,8497121.30892,0
2023-07-23,0.31,0.3191,0.3071,0.3171,50429234.4,1690156799999,15886649.82967,47386,24424080.9,7694070.67538,0
2023-07-24,0.3172,0.319,0.3,0.3053,100248697.4,1690243199999,30785579.46855,87789,46253774.7,14201485.1443,0
2023-07-25,0.3051,0.3078,0.3014,0.3037,61989431.0,1690329599999,18854918.04305,49481,27626341.2,8403926.28583,0
2023-07-26,0.3037,0.3107,0.3003,0.3069,90818421.0,1690415999999,27638974.26358,72896,43995587.5,13394257.19177,0
2023-07-27,0.3069,0.3135,0.3053,0.3077,58397987.4,1690502399999,18072667.66891,54982,29100764.8,9004996.31223,0
2023-07-28,0.3078,0.3134,0.3062,0.3099,46597667.1,1690588799999,14456071.43943,41838,20552089.5,6375779.36938,0
2023-07-29,0.3099,0.3144,0.3087,0.313,58072439.0,1690675199999,18101421.20426,40808,28335055.0,8835573.69023,0
2023-07-30,0.3129,0.3181,0.3052,0.3156,60782448.0,1690761599999,19019254.36134,54898,28326985.5,8863968.35578,0
2023-07-31,0.3157,0.319,0.3063,0.307,70168122.6,1690847999999,21885769.39341,56700,32725153.8,10213569.85447,0
2023-08-01,0.307,0.3106,0.2948,0.3103,87820146.1,1690934399999,26655041.30302,74475,41103953.4,12478847.22312,0
2023-08-02,0.3103,0.312,0.2974,0.2993,68334103.8,1691020799999,20742161.57887,58405,32729630.8,9935319.24672,0
2023-08-03,0.2993,0.3014,0.2888,0.2922,99581572.7,1691107199999,29426966.77953,71938,50739404.9,15002327.17577,0
2023-08-04,0.2923,0.2972,0.2902,0.2935,51367134.7,1691193599999,15083646.64083,41404,23510907.1,6904109.8666,0
2023-08-05,0.2936,0.2942,0.2901,0.2938,29967210.9,1691279999999,8746362.08286,30777,13731753.2,4008173.11622,0
2023-08-06,0.2938,0.2958,0.2906,0.2923,28144338.0,1691366399999,8260365.71452,29780,13939177.3,4090764.09364,0
2023-08-07,0.2922,0.2961,0.2818,0.291,69256542.6,1691452799999,20072390.04189,60020,33780103.1,9792627.13381,0
2023-08-08,0.291,0.3026,0.2896,0.2974,97955669.9,1691539199999,28978430.92161,62778,48540761.2,14367745.15647,0
2023-08-09,0.2974,0.3023,0.296,0.3013,55701452.3,1691625599999,16649440.99493,41727,28300830.1,8460385.66467,0
2023-08-10,0.3014,0.3018,0.296,0.2965,50339891.6,1691711999999,15025466.70147,35327,26201401.6,7821520.62235,0
2023-08-11,0.2965,0.2976,0.2924,0.2933,30373249.6,1691798399999,8969703.58131,27281,16662392.3,4922100.49521,0
2023-08-12,0.2934,0.2946,0.2907,0.2919,35784585.7,1691884799999,10487794.15738,26660,18744334.4,5493540.4706,0
2023-08-13,0.292,0.2936,0.2868,0.2894,49756311.8,1691971199999,14453458.69079,33567,25336556.2,7364247.16866,0
2023-08-14,0.2895,0.2927,0.2872,0.2906,39940476.2,1692057599999,11594996.20963,31107,20597048.7,5981085.12903,0
2023-08-15,0.2906,0.2911,0.2741,0.282,68128212.8,1692143999999,19331728.14098,56333,30895213.9,8765380.17797,0
2023-08-16,0.282,0.2829,0.2654,0.2747,112051659.2,1692230399999,30705536.51952,84030,52604244.2,14416268.47426,0
2023-08-17,0.2748,0.2785,0.238,0.2553,183020531.1,1692316799999,48128960.08094,154269,90883992.7,23886316.24231,0
2023-08-18,0.2552,0.2674,0.2547,0.264,127151195.7,1692403199999,33280864.96392,99163,61931560.8,16198999.18277,0
2023-08-19,0.264,0.2698,0.2603,0.2688,55279750.4,1692489599999,14691828.62499,48725,27999616.3,7444447.34516,0
2023-08-20,0.2688,0.2732,0.2647,0.2703,39701431.0,1692575999999,10668305.24928,37381,19116328.4,5138789.98968,0
2023-08-21,0.2703,0.2725,0.2586,0.2628,60006555.7,1692662399999,15921416.69831,53207,28020940.5,7433300.81075,0
2023-08-22,0.2629,0.2633,0.25,0.2588,81237011.7,1692748799999,20885981.10527,63323,39654042.9,10199039.4648,0
2023-08-23,0.2587,0.27,0.258,0.2681,69984062.1,1692835199999,18433534.24605,49601,36563545.9,9638083.3007,0
2023-08-24,0.2681,0.2714,0.2622,0.2659,49728611.9,1692921599999,13251878.37823,38596,23542044.5,6275164.09751,0
2023-08-25,0.2659,0.2712,0.2591,0.2612,113233017.8,1693007999999,29857229.91269,66967,52538355.6,13854343.0944,0
2023-08-26,0.2612,0.2618,0.2576,0.261,47226296.0,1693094399999,12265243.03002,25895,23479555.7,6099221.397,0
2023-08-27,0.261,0.2653,0.26,0.2634,49902951.1,1693180799999,13079888.87617,31443,24668546.0,6467546.76385,0
2023-08-28,0.2635,0.2679,0.2576,0.2676,54934617.6,1693267199999,14456703.8704,42427,26270106.5,6914784.50119,0
2023-08-29,0.2676,0.2802,0.2602,0.2726,147979504.9,1693353599999,40096614.7816,105362,72401898.7,19617224.31651,0
2023-08-30,0.2726,0.273,0.2605,0.2654,102074556.8,1693439999999,27084077.46294,76847,44954760.4,11927626.80032,0
2023-08-31,0.2655,0.2667,0.2492,0.2554,92935093.3,1693526399999,24018199.28843,64650,45184450.1,11685613.30378,0
2023-09-01,0.2554,0.2588,0.2514,0.2551,62605625.4,1693612799999,16013531.75064,42796,32042429.3,8199016.75672,0
2023-09-02,0.2551,0.2574,0.2536,0.2562,21898057.0,1693699199999,5596043.26218,21070,10507979.0,2685461.6583,0
2023-09-03,0.2562,0.2569,0.2531,0.2559,33024398.4,1693785599999,8425678.41382,23409,14554328.4,3713699.89273,0
2023-09-04,0.2559,0.26,0.2532,0.2561,40657488.5,1693871999999,10432481.96371,30101,19161325.0,4919995.46091,0
2023-09-05,0.2562,0.2589,0.2538,0.2578,40887843.7,1693958399999,10497858.92966,29266,19477170.5,5002147.34347,0
2023-09-06,0.2578,0.2612,0.2521,0.2577,57656386.6,1694044799999,14806129.79332,39542,25680147.7,6595906.71178,0
2023-09-07,0.2577,0.2596,0.2531,0.2579,63998483.8,1694131199999,16414029.98472,39842,30372190.8,7796209.29309,0
2023-09-08,0.258,0.2597,0.2527,0.2544,54595507.4,1694217599999,13963617.69582,35008,27175137.3,6949464.0953,0
2023-09-09,0.2544,0.2558,0.2531,0.2533,18121235.9,1694303999999,4609124.98235,16936,9429973.1,2398910.14961,0
2023-09-10,0.2534,0.2534,0.2423,0.249,82463546.6,1694390399999,20482461.46399,54314,38698381.1,9612733.22617,0
2023-09-11,0.2491,0.2496,0.2367,0.2421,74448945.4,1694476799999,18098504.68666,57823,34927172.8,8491532.3187,0
2023-09-12,0.2421,0.2527,0.2408,0.2455,55963149.9,1694563199999,13842656.21427,49352,27476476.4,6798183.64173,0
2023-09-13,0.2455,0.25,0.2434,0.2487,42074899.2,1694649599999,10407448.26797,34288,20122347.3,4977453.20013,0
2023-09-14,0.2487,0.2527,0.2465,0.2513,49307776.8,1694735999999,12314791.29239,38819,25401554.6,6347064.29386,0
2023-09-15,0.2514,0.2552,0.2451,0.2505,68762333.2,1694822399999,17149210.20891,46161,29922226.1,7472822.33655,0
2023-09-16,0.2506,0.2539,0.2483,0.2503,34777177.1,1694908799999,8720799.46446,29033,16810976.8,4216830.64028,0
2023-09-17,0.2503,0.2513,0.2443,0.2471,42170651.7,1694995199999,10457169.10623,32799,20135208.4,4993024.17704,0
2023-09-18,0.2471,0.256,0.2441,0.2516,71770689.6,1695081599999,18069147.73772,45745,35265070.1,8878151.32693,0
2023-09-19,0.2515,0.258,0.2506,0.2548,52966563.7,1695167999999,13501381.8277,35630,27116370.2,6913978.7385,0
2023-09-20,0.2548,0.2565,0.25,0.2517,53146080.0,1695254399999,13452748.54193,40705,23594182.3,5969271.72233,0
2023-09-21,0.2517,0.2531,0.2448,0.2449,58361302.0,1695340799999,14500250.88454,43612,25202813.1,6257497.69512,0
2023-09-22,0.245,0.2465,0.2427,0.2449,73938896.4,1695427199999,18094000.44369,49763,37479364.3,9172649.91307,0
2023-09-23,0.245,0.2468,0.2436,0.2461,25631020.4,1695513599999,6290454.80152,20061,14261836.5,3500471.79773,0
2023-09-24,0.246,0.2463,0.2416,0.2427,27611468.8,1695599999999,6758618.41213,21445,13291126.9,3254863.50707,0
2023-09-25,0.2428,0.2463,0.2404,0.2459,39187490.9,1695686399999,9575587.39552,30114,19094896.4,4668361.25982,0
2023-09-26,0.2459,0.2479,0.243,0.2455,28346745.0,1695772799999,6961328.44214,25124,13844972.6,3401474.69285,0
2023-09-27,0.2455,0.2484,0.2426,0.2446,39114830.2,1695859199999,9594038.75778,30558,18570094.9,4557129.26073,0
2023-09-28,0.2447,0.2508,0.2433,0.2489,49669473.6,1695945599999,12293501.96632,34943,21915221.3,5426427.48631,0
2023-09-29,0.249,0.2559,0.2476,0.2494,88297074.2,1696031999999,22192737.02842,62207,34053969.0,8573247.51912,0
2023-09-30,0.2494,0.2548,0.2489,0.254,41541821.3,1696118399999,10454836.12506,32997,20903212.5,5260700.54476,0
2023-10-01,0.254,0.2679,0.2537,0.2659,78880890.4,1696204799999,20563304.53711,64885,38593837.9,10058386.02842,0
2023-10-02,0.2659,0.2696,0.2574,0.2591,91440764.3,1696291199999,24190910.38458,70407,43444399.0,11499737.50834,0
2023-10-03,0.2591,0.2646,0.2574,0.261,58464738.7,1696377599999,15284375.8134,51790,28969488.6,7575218.73135,0
2023-10-04,0.2609,0.2614,0.2525,0.2589,63613390.5,1696463999999,16318546.84632,52637,30894183.6,7926008.56825,0
2023-10-05,0.259,0.264,0.2566,0.2602,49552668.7,1696550399999,12901773.38456,45600,24154349.0,6289695.61002,0
2023-10-06,0.2603,0.267,0.2602,0.2646,43655463.6,1696636799999,11506617.84096,40151,21649060.8,5706006.67176,0
2023-10-07,0.2646,0.2657,0.2563,0.2587,52025210.8,1696723199999,13517018.6328,41096,23236777.2,6038520.94889,0
2023-10-08,0.2588,0.2591,0.2553,0.2563,26666220.2,1696809599999,6852075.52164,23739,12427211.9,3194431.78761,0
2023-10-09,0.2564,0.2586,0.2488,0.2513,75592665.2,1696895999999,19027305.90922,52712,28448163.9,7173591.89021,0
2023-10-10,0.2513,0.2538,0.2466,0.249,64320917.1,1696982399999,16077434.4915,40361,25711838.6,6435399.8211,0
2023-10-11,0.2491,0.2496,0.2447,0.2481,78623427.5,1697068799999,19437708.60217,45950,39328390.9,9725206.03665,0
2023-10-12,0.2481,0.2482,0.2422,0.246,35000900.0,1697155199999,8577259.5433,27555,16795962.5,4116259.95653,0
2023-10-13,0.2461,0.2498,0.2449,0.2458,35522662.0,1697241599999,8767684.43884,25660,17656949.5,4357907.39268,0
2023-10-14,0.2459,0.2478,0.2449,0.247,19550143.8,1697327999999,4819071.22241,16361,9308562.0,2295067.43314,0
2023-10-15,0.247,0.2484,0.2454,0.2473,23294593.0,1697414399999,5754167.47415,19308,11773050.1,2908243.30603,0
2023-10-16,0.2474,0.26,0.2472,0.2513,89063648.9,1697500799999,22544236.00118,57940,45546679.6,11530900.16049,0
2023-10-17,0.2514,0.2519,0.2446,0.2463,44841890.9,1697587199999,11130766.6538,34681,21243612.6,5275710.65686,0
2023-10-18,0.2464,0.2483,0.2422,0.243,35611192.0,1697673599999,8739210.47599,27613,17211936.4,4226503.86677,0
2023-10-19,0.243,0.247,0.2394,0.2469,47562468.3,1697759999999,11567426.0038,35846,24055650.5,5852506.49081,0
2023-10-20,0.247,0.2532,0.2454,0.2512,68958714.1,1697846399999,17244263.60553,47037,34592780.5,8652667.97187,0
2023-10-21,0.2513,0.2628,0.2495,0.2586,74687552.0,1697932799999,19151225.93565,50518,35898791.7,9213317.21533,0
2023-10-22,0.2587,0.2644,0.2553,0.2639,59063453.1,1698019199999,15331212.63791,51730,29161991.1,7573290.36093,0
2023-10-23,0.264,0.2813,0.2616,0.2807,138213642.7,1698105599999,37265646.16111,120605,70366226.5,18984033.00365,0
2023-10-24,0.2808,0.2939,0.2733,0.2792,171131052.9,1698191999999,48362853.90133,163521,83544693.1,23623335.67693,0
2023-10-25,0.2793,0.29,0.2762,0.2808,100707132.0,1698278399999,28401732.32853,96877,45044088.2,12708958.7108,0
2023-10-26,0.2809,0.298,0.28,0.2872,126349394.6,1698364799999,36497978.93554,136549,59179552.7,17125991.07904,0
2023-10-27,0.2871,0.2926,0.2806,0.2893,59005757.2,1698451199999,16908770.4292,81718,28805597.7,8257793.19093,0
2023-10-28,0.2893,0.2975,0.2887,0.2909,43195418.6,1698537599999,12659989.33204,51041,20693834.7,6067853.06377,0
2023-10-29,0.2909,0.2986,0.2881,0.2954,45363693.5,1698623999999,13386457.5176,53491,22403974.8,6615169.75489,0
2023-10-30,0.2955,0.3031,0.292,0.3031,88760107.7,1698710399999,26501988.39817,79257,46299852.3,13849226.03382,0
2023-10-31,0.3031,0.3046,0.2845,0.293,115945883.2,1698796799999,34276010.96131,111078,57695855.7,17075116.66761,0
2023-11-01,0.2929,0.3087,0.2839,0.3071,144162060.8,1698883199999,42526447.21252,128657,76637492.3,22680310.29057,0
2023-11-02,0.3072,0.3295,0.2981,0.323,201974366.4,1698969599999,63495342.42994,224308,102278074.4,32192842.89675,0
2023-11-03,0.3231,0.3296,0.3114,0.3292,134180972.4,1699055999999,42962238.33213,154830,63894286.6,20472541.55951,0
2023-11-04,0.3291,0.3306,0.3208,0.3278,63442713.4,1699142399999,20667223.7131,71145,31726222.5,10338379.15125,0
2023-11-05,0.3278,0.35,0.326,0.3419,130046711.3,1699228799999,44191001.23457,140001,65054968.2,22117037.54585,0
2023-11-06,0.3419,0.3757,0.3373,0.3624,179872075.7,1699315199999,64189613.6777,183270,88384165.6,31530236.43104,0
2023-11-07,0.3624,0.3655,0.3335,0.3512,204897945.9,1699401599999,71696678.81331,184385,95291505.6,33343931.33135,0
2023-11-08,0.3512,0.3603,0.3486,0.3577,113764823.7,1699487999999,40448414.89914,107540,57957906.7,20609771.55938,0
2023-11-09,0.3577,0.3864,0.3417,0.3684,275776697.4,1699574399999,101472915.16402,309863,137190152.9,50487780.28698,0
2023-11-10,0.3685,0.3886,0.3626,0.3859,191392833.4,1699660799999,71607868.4358,232056,97973215.2,36656453.43417,0
2023-11-11,0.386,0.3951,0.3694,0.3844,197565105.7,1699747199999,75793640.55903,231932,97830263.9,37540207.08502,0
2023-11-12,0.3844,0.3914,0.3705,0.3834,131765655.6,1699833599999,50376128.91699,148430,66107343.8,25276787.90235,0
2023-11-13,0.3835,0.3885,0.3529,0.3568,173268736.2,1699919999999,64114557.64853,207312,84875436.8,31395999.79551,0
2023-11-14,0.3568,0.3719,0.34,0.3579,162292352.2,1700006399999,58129604.08352,200881,78665102.6,28185764.61037,0
2023-11-15,0.3579,0.3794,0.3534,0.3788,127946698.0,1700092799999,47114589.61189,150521,62156978.4,22891923.79476,0
2023-11-16,0.3787,0.4095,0.3585,0.3706,307196631.1,1700179199999,118437307.09425,374557,154013471.2,59409864.22082,0
2023-11-17,0.3707,0.3783,0.3527,0.3671,142430049.9,1700265599999,52290392.26441,167500,69840761.2,25650875.35134,0
2023-11-18,0.3671,0.3777,0.3488,0.3772,112215311.8,1700351999999,40864280.0991,122169,58684951.0,21381959.62146,0
2023-11-19,0.3771,0.3857,0.3687,0.384,101902781.3,1700438399999,38387971.2018,108833,49483335.7,18653240.85579,0
2023-11-20,0.384,0.3994,0.378,0.3804,132991378.7,1700524799999,51637254.31026,144441,65288954.0,25364964.62052,0
2023-11-21,0.3803,0.3899,0.3551,0.3566,169158003.7,1700611199999,63056688.07199,198812,81315112.3,30337214.59499,0
2023-11-22,0.3566,0.3874,0.3553,0.3805,93647895.7,1700697599999,34925607.49804,107286,47385317.5,17681418.60026,0
2023-11-23,0.3805,0.3874,0.376,0.3873,68175668.9,1700783999999,26044261.13508,75262,34351028.6,13126122.79098,0
2023-11-24,0.3872,0.3977,0.3836,0.3862,108957051.4,1700870399999,42555097.07189,120145,52359046.1,20453642.98924,0
2023-11-25,0.3862,0.3959,0.3845,0.3941,52139797.7,1700956799999,20428192.81009,62329,25944505.4,10167029.51047,0
2023-11-26,0.3942,0.3956,0.3782,0.3873,64465067.7,1701043199999,25032105.93793,77297,30073864.5,11676011.05671,0
2023-11-27,0.3874,0.3922,0.3712,0.3777,70669351.5,1701129599999,26862849.37163,90017,33724904.0,12820966.37623,0
2023-11-28,0.3778,0.3883,0.3693,0.3858,79174386.6,1701215999999,30056629.96875,89287,39326104.4,14934722.35293,0
2023-11-29,0.3857,0.3892,0.3775,0.3816,68200523.6,1701302399999,26203000.01848,78311,33711014.6,12952954.04503,0
2023-11-30,0.3817,0.3829,0.3719,0.3759,59930456.8,1701388799999,22527228.97066,74829,28443580.1,10690671.30876,0
2023-12-01,0.376,0.3855,0.3736,0.3844,56334397.5,1701475199999,21463527.29523,64622,28128294.1,10716799.34133,0
2023-12-02,0.3844,0.398,0.3827,0.3976,68638568.3,1701561599999,26791837.0559,77129,34508138.1,13478472.24893,0
2023-12-03,0.3976,0.403,0.3878,0.3949,91882676.8,1701647999999,36255492.70863,99774,45291891.8,17878764.82656,0
2023-12-04,0.3948,0.415,0.3911,0.4068,177280730.9,1701734399999,71595207.90761,199303,91523663.4,36980545.62028,0
2023-12-05,0.4069,0.426,0.3969,0.4257,153779346.5,1701820799999,63266846.14246,169741,79566650.9,32783168.93586,0
2023-12-06,0.4258,0.455,0.4162,0.4429,270929667.9,1701907199999,118328355.02696,317816,134218950.2,58648962.18047,0
2023-12-07,0.4431,0.4599,0.4312,0.4555,180487882.7,1701993599999,80570510.54735,213948,88625758.9,39569059.14235,0
2023-12-08,0.4555,0.5719,0.4519,0.5454,514331728.7,1702079999999,268831873.28653,690430,259493917.4,135457486.66077,0
2023-12-09,0.5455,0.6474,0.5441,0.5791,716161289.8,1702166399999,430440055.48947,1024525,362750872.9,217952003.16488,0
2023-12-10,0.5791,0.6167,0.5694,0.5948,307447745.2,1702252799999,182506293.96298,411015,153985596.3,91430385.09723,0
2023-12-11,0.5947,0.5984,0.5106,0.5507,403945042.2,1702339199999,221900781.0572,565844,198752811.0,109155119.37287,0
2023-12-12,0.5507,0.6075,0.5506,0.5784,348838584.3,1702425599999,202207307.7595,468807,171645234.6,99533166.8179,0
2023-12-13,0.5784,0.6788,0.5419,0.6675,493921678.8,1702511999999,301799580.12334,748404,256450865.4,156882655.60063,0
2023-12-14,0.6677,0.68,0.61,0.6433,345212494.2,1702598399999,223926364.89631,563071,168400263.4,109325785.56332,0
2023-12-15,0.6433,0.6541,0.5998,0.6004,240571744.1,1702684799999,150971686.86327,334803,115481568.0,72467303.51106,0
2023-12-16,0.6004,0.6258,0.5865,0.6078,152365355.7,1702771199999,93165781.45232,225436,74102491.4,45337020.8457,0
2023-12-17,0.6078,0.6182,0.5772,0.5804,133192915.3,1702857599999,79541096.25177,205560,62406821.9,37285937.35002,0
2023-12-18,0.5805,0.6032,0.5435,0.6021,204175142.0,1702943999999,116740137.23098,268827,98875642.7,56624636.59095,0
2023-12-19,0.602,0.6173,0.5661,0.5761,198847462.1,1703030399999,117888095.70645,263424,96386033.4,57166682.83828,0
2023-12-20,0.576,0.61,0.5686,0.5894,198909767.8,1703116799999,117695306.98198,258663,99868803.7,59098242.80046,0
2023-12-21,0.5893,0.6397,0.5818,0.6351,226299061.9,1703203199999,137818976.62745,306890,115917232.5,70657701.88957,0
2023-12-22,0.6352,0.6513,0.6052,0.6226,214849930.8,1703289599999,134495989.9824,318419,103513292.8,64839215.33461,0
2023-12-23,0.6225,0.6231,0.5964,0.613,126272911.7,1703375999999,76532802.30518,159057,61162986.2,37078761.95602,0
2023-12-24,0.613,0.6286,0.585,0.5919,217308386.0,1703462399999,132896667.88659,275978,104164717.9,63760160.05661,0
2023-12-25,0.5919,0.635,0.589,0.6242,163634887.8,1703548799999,100302708.50801,202702,84454840.7,51799090.47812,0
2023-12-26,0.624,0.6279,0.5601,0.6087,221963239.7,1703635199999,133916166.27744,318817,107214676.1,64742857.9428,0
2023-12-27,0.6087,0.643,0.5839,0.6334,229068834.3,1703721599999,141756656.88542,313049,118341095.7,73303585.2715,0
2023-12-28,0.6334,0.6769,0.61,0.6158,321217533.2,1703807999999,205948966.08632,501268,158425489.6,101715625.76898,0
2023-12-29,0.6158,0.6258,0.5908,0.6083,195162581.0,1703894399999,118972507.00499,257434,94101324.0,57387956.02387,0
2023-12-30,0.6082,0.6133,0.5929,0.6011,96059388.4,1703980799999,58088553.25719,127117,45418538.8,27469321.83509,0
2023-12-31,0.601,0.61,0.58,0.594,104191519.8,1704067199999,62557065.99101,129126,50661362.8,30439507.55122,0
2024-01-01,0.5939,0.624,0.5902,0.6232,91021386.4,1704153599999,55163198.2366,120871,45870827.5,27806218.20771,0
2024-01-02,0.6233,0.637,0.6015,0.605,160535672.8,1704239999999,99671678.54985,205626,74364421.3,46204323.15519,0
2024-01-03,0.6051,0.6188,0.5,0.5569,319806612.8,1704326399999,180080645.78333,438535,147667938.6,83178489.48938,0
2024-01-04,0.5568,0.5791,0.5491,0.5699,149952088.0,1704412799999,84628917.81523,189308,74022007.8,41773621.04633,0
2024-01-05,0.57,0.5726,0.522,0.5414,152848545.9,1704499199999,82878327.58854,206227,74901054.9,40605816.48154,0
2024-01-06,0.5413,0.5429,0.5068,0.5227,120959496.4,1704585599999,63178197.73018,173182,54349877.8,28384961.49594,0
2024-01-07,0.5227,0.53,0.4877,0.4945,111767718.9,1704671999999,57355040.12286,212997,49422459.2,25379774.54813,0
2024-01-08,0.4945,0.5487,0.4643,0.5412,216099815.2,1704758399999,109191956.78818,275941,106868432.4,53994415.86343,0
2024-01-09,0.5412,0.5436,0.4964,0.5124,168923575.1,1704844799999,87075585.39227,237769,81729418.9,42137446.01508,0
2024-01-10,0.5123,0.5895,0.4872,0.566,279571914.5,1704931199999,147678943.05708,354728,136638220.2,72248147.87122,0
2024-01-11,0.5662,0.6174,0.5607,0.582,287865723.4,1705017599999,168543959.7409,417610,141655313.5,82972567.9041,0
2024-01-12,0.582,0.5891,0.5271,0.5476,158309249.6,1705103999999,89554868.03155,248549,77283703.8,43750462.78373,0
2024-01-13,0.5477,0.554,0.531,0.5491,73966558.1,1705190399999,40447633.69633,107007,36839621.8,20150688.46644,0
2024-01-14,0.5491,0.5502,0.5233,0.5251,74139564.7,1705276799999,40104982.32028,104421,34924248.8,18901629.33208,0
2024-01-15,0.5251,0.5416,0.5217,0.5276,63585526.0,1705363199999,33857934.40594,97026,30376167.7,16174936.84348,0
2024-01-16,0.5276,0.5482,0.525,0.5356,74354014.5,1705449599999,39963766.34803,107457,36355963.6,19541696.38138,0
2024-01-17,0.5356,0.5395,0.5213,0.5282,63933793.0,1705535999999,33924300.19584,81311,29702462.3,15760727.93003,0
2024-01-18,0.5282,0.5283,0.4955,0.5026,92941269.5,1705622399999,47592756.46996,118118,42680697.5,21853598.43708,0
2024-01-19,0.5027,0.5054,0.4713,0.5044,119926942.0,1705708799999,59010509.91132,138007,55219557.6,27170429.90801,0
2024-01-20,0.5043,0.5179,0.4986,0.516,79444228.6,1705795199999,40632766.22908,92792,38726035.4,19814235.59805,0
2024-01-21,0.5159,0.5205,0.5024,0.5032,54007901.7,1705881599999,27764888.18302,66501,24874248.6,12789513.86347,0
2024-01-22,0.5031,0.5063,0.4767,0.4786,143854450.0,1705967999999,70535229.77878,140773,69410483.5,34041225.17758,0
2024-01-23,0.4787,0.4863,0.4477,0.4773,179364936.7,1706054399999,83443177.99097,181610,92981664.4,43252741.9828,0
2024-01-24,0.4773,0.4805,0.4643,0.4765,94074417.5,1706140799999,44405418.70118,100863,44581793.8,21048761.24865,0
2024-01-25,0.4766,0.4841,0.4585,0.4666,85672497.7,1706227199999,40365278.61438,94011,40234657.6,18962003.40038,0
2024-01-26,0.4667,0.4904,0.463,0.4849,106524727.9,1706313599999,51202950.46393,117014,48813445.3,23447320.9092,0
2024-01-27,0.485,0.49,0.4754,0.4862,55368149.5,1706399999999,26779010.27083,60527,26174348.6,12659632.65538,0
2024-01-28,0.4862,0.5006,0.4834,0.4903,97129557.5,1706486399999,47903382.57825,96455,49127009.5,24229881.28312,0
2024-01-29,0.4903,0.5282,0.4836,0.526,121001422.1,1706572799999,61295529.36775,145018,62016980.2,31445410.95164,0
2024-01-30,0.5261,0.5367,0.5122,0.5136,131938020.8,1706659199999,69271481.81451,157772,67352804.2,35365450.77476,0
2024-01-31,0.5137,0.5203,0.4932,0.4976,132999623.5,1706745599999,67426075.94246,167346,68482611.3,34741312.41482,0
2024-02-01,0.4976,0.5084,0.4858,0.5078,97823370.7,1706831999999,48388348.96066,117240,48161724.1,23837532.84902,0
2024-02-02,0.5077,0.5244,0.5041,0.5146,109308591.4,1706918399999,56083296.80921,112237,53270484.9,27324223.63039,0
2024-02-03,0.5147,0.5257,0.5117,0.5124,62959942.6,1707004799999,32663474.09962,71339,30276285.9,15706115.36739,0
2024-02-04,0.5125,0.5126,0.4932,0.4934,57766921.8,1707091199999,29137672.01298,66062,27386882.6,13817167.31502,0
2024-02-05,0.4933,0.5062,0.4872,0.4944,74074301.1,1707177599999,36805487.29626,87706,35749275.4,17760192.53577,0
2024-02-06,0.4944,0.5042,0.4887,0.4983,74173617.7,1707263999999,36781097.42187,73622,36206031.0,17957449.33114,0
2024-02-07,0.4982,0.5025,0.4727,0.5022,180295685.6,1707350399999,87655793.92742,170503,80461874.0,39149759.8502,0
2024-02-08,0.5023,0.5361,0.502,0.5304,228609030.6,1707436799999,119878204.23867,227424,115000787.6,60304119.44418,0
2024-02-09,0.5304,0.5485,0.5278,0.5407,154515283.0,1707523199999,83350883.61305,165597,77807998.3,41974787.23244,0
2024-02-10,0.5407,0.5581,0.528,0.5515,115859589.7,1707609599999,62768583.48458,122000,55379979.7,30011244.06664,0
2024-02-11,0.5515,0.5654,0.5353,0.5414,159388533.1,1707695999999,88219309.37024,148056,77694627.1,43007199.68011,0
2024-02-12,0.5415,0.5658,0.5306,0.5592,156086926.2,1707782399999,85767253.83112,160792,76490564.1,42045561.6783,0
2024-02-13,0.5591,0.5645,0.5338,0.5449,128760890.4,1707868799999,70581345.68177,150664,63245420.4,34666797.63382,0
2024-02-14,0.5448,0.5833,0.5396,0.5768,164094581.5,1707955199999,93248246.64277,187223,81218935.3,46150376.46593,0
2024-02-15,0.5769,0.6126,0.5706,0.6087,232282054.4,1708041599999,138021428.81097,269197,118333570.4,70340471.01651,0
2024-02-16,0.6087,0.614,0.5821,0.5986,148909729.5,1708127999999,89138636.20172,177541,73920931.3,44252494.56701,0
2024-02-17,0.5987,0.611,0.5687,0.6096,128162404.1,1708214399999,75629199.2902,156095,59851395.1,35331956.93046,0
2024-02-18,0.6096,0.6391,0.6093,0.6193,207753370.3,1708300799999,129630329.87613,246681,104921461.6,65456601.4292,0
2024-02-19,0.6194,0.6389,0.6147,0.6308,169787705.9,1708387199999,106363808.99321,218314,81932163.2,51336684.14027,0
2024-02-20,0.6308,0.6414,0.5958,0.6216,233760627.4,1708473599999,145535294.50559,292351,109502933.1,68171857.41784,0
2024-02-21,0.6216,0.6237,0.5747,0.5988,133532235.1,1708559999999,79111985.4864,197325,66819431.0,39583726.10277,0
2024-02-22,0.5987,0.608,0.5806,0.5858,128991781.0,1708646399999,76796750.73101,156472,64755642.8,38557502.28933,0
2024-02-23,0.5858,0.5953,0.568,0.5824,117449758.1,1708732799999,68523670.67224,147961,55378462.5,32316419.27068,0
2024-02-24,0.5823,0.5998,0.5697,0.5969,95375216.6,1708819199999,55999344.71503,108901,46400031.4,27247923.9804,0
2024-02-25,0.5969,0.6007,0.5806,0.5914,78055822.8,1708905599999,46063972.93495,96083,39651006.8,23392267.83473,0
2024-02-26,0.5913,0.6222,0.5732,0.6191,169685875.5,1708991999999,101497957.76159,190810,83550091.2,49968705.84166,0
2024-02-27,0.6192,0.63,0.6073,0.6239,194585795.4,1709078399999,121024668.33202,229680,97613630.9,60711403.1396,0
2024-02-28,0.6238,0.661,0.5961,0.6287,355791252.9,1709164799999,224352078.67888,447954,174064146.5,109746744.73325,0
2024-02-29,0.6287,0.7088,0.6223,0.6547,496600842.9,1709251199999,336026658.63483,604376,247707744.0,167594142.02563,0
2024-03-01,0.6549,0.72,0.6529,0.7195,227378496.5,1709337599999,155568698.98737,311005,116117956.2,79454661.62995,0
2024-03-02,0.7196,0.7638,0.7171,0.7416,297746478.5,1709423999999,220785937.47027,462927,151027810.0,112021195.78831,0
2024-03-03,0.7414,0.7421,0.685,0.7279,205502738.3,1709510399999,148787481.4176,306795,100955414.6,73128408.46437,0
2024-03-04,0.728,0.7986,0.7219,0.7701,404835737.3,1709596799999,312249736.49484,589783,199136739.0,153460326.12199,0
2024-03-05,0.77,0.7831,0.571,0.6923,620713725.8,1709683199999,444118823.40343,894729,308688343.3,220996827.39236,0
2024-03-06,0.6923,0.7575,0.665,0.7349,295551593.1,1709769599999,211606993.91742,447647,149837889.6,107295815.15994,0
2024-03-07,0.735,0.755,0.7181,0.7427,207951361.7,1709855999999,153740023.25405,324064,102700672.7,75956978.94546,0
2024-03-08,0.7427,0.7547,0.698,0.7228,217116920.9,1709942399999,157626461.32917,314712,110191459.7,80011692.88546,0
2024-03-09,0.7228,0.7461,0.72,0.7416,117539314.3,1710028799999,86293851.49507,163789,55280249.0,40578708.393,0
2024-03-10,0.7416,0.744,0.7,0.7166,124973655.8,1710115199999,90608271.57443,179018,64235817.4,46564422.32252,0
2024-03-11,0.7165,0.7882,0.685,0.7754,320630328.7,1710201599999,239339603.29899,439062,160135956.7,119597198.66722,0
2024-03-12,0.7754,0.7764,0.704,0.7481,227151117.0,1710287999999,169055148.52602,351488,114814160.1,85471808.98916,0
2024-03-13,0.7482,0.7731,0.7357,0.7638,168550753.8,1710374399999,127304073.46347,241215,87455464.8,66082008.62436,0
2024-03-14,0.7639,0.8104,0.7133,0.7509,416026694.0,1710460799999,319128649.69798,586245,208059325.4,159582160.37251,0
2024-03-15,0.7509,0.7647,0.669,0.7274,342389407.2,1710547199999,244411931.19361,513288,164905536.2,117827924.63213,0
2024-03-16,0.7274,0.7355,0.65,0.6591,253748203.3,1710633599999,176134706.22267,319802,121772437.9,84615188.30873,0
2024-03-17,0.6591,0.6881,0.6288,0.6814,188639901.3,1710719999999,125863821.79279,231188,95151474.8,63545400.53977,0
2024-03-18,0.6814,0.699,0.642,0.6603,193908706.1,1710806399999,129682515.77206,245933,97543870.2,65307362.77355,0
2024-03-19,0.6603,0.6661,0.58,0.5864,350014516.9,1710892799999,215596512.75783,417484,164558625.8,101391920.87819,0
2024-03-20,0.5864,0.6441,0.5689,0.6396,283086563.5,1710979199999,171283154.80489,322920,142214937.9,86041232.66662,0
2024-03-21,0.6395,0.6484,0.6178,0.6318,162134047.4,1711065599999,102745180.04122,193436,79305941.9,50264210.64951,0
2024-03-22,0.6319,0.6427,0.5987,0.6147,138778065.1,1711151999999,85878223.96651,171082,66922118.7,41453090.72887,0
2024-03-23,0.6147,0.6394,0.6103,0.6232,79575095.9,1711238399999,49964577.28514,107471,37875202.5,23787267.01965,0
2024-03-24,0.6231,0.6482,0.6224,0.6468,80674633.1,1711324799999,51336486.07365,106270,40417223.9,25732070.27681,0
2024-03-25,0.6469,0.6684,0.6379,0.6567,129205089.7,1711411199999,84465595.6049,165495,66530838.0,43501664.82615,0
2024-03-26,0.6566,0.6837,0.6517,0.665,128211683.4,1711497599999,85530264.10631,168073,64970712.2,43347491.9405,0
2024-03-27,0.665,0.671,0.6301,0.6478,141784476.2,1711583999999,92144249.56748,186186,69223053.7,44986618.84803,0
2024-03-28,0.6478,0.658,0.6352,0.6511,92872752.8,1711670399999,60325706.77258,120367,46324958.3,30095038.98665,0
2024-03-29,0.6511,0.6678,0.635,0.6643,129589892.2,1711756799999,84561913.5293,160826,64343723.2,41982191.93996,0
2024-03-30,0.6643,0.6691,0.6416,0.6436,89397036.8,1711843199999,58519808.99561,111949,44983509.0,29444572.57968,0
2024-03-31,0.6435,0.6535,0.6418,0.6501,61338789.9,1711929599999,39725727.27124,78181,33774561.8,21874865.12917,0
2024-04-01,0.6501,0.6515,0.605,0.6212,156775712.2,1712015999999,97840424.3933,179277,74373236.5,46392517.03512,0
2024-04-02,0.6211,0.6214,0.5723,0.5807,194496435.1,1712102399999,114586025.02603,207367,94342969.0,55559014.08302,0
2024-04-03,0.5807,0.595,0.5622,0.5693,117116217.3,1712188799999,67981028.73763,135731,56538717.9,32839718.04934,0
2024-04-04,0.5693,0.5967,0.5588,0.5831,134498067.6,1712275199999,77831077.95661,127600,68257885.1,39508604.016,0
2024-04-05,0.5831,0.5849,0.5593,0.5741,106755812.6,1712361599999,60988361.32152,100346,53142236.3,30358613.1238,0
2024-04-06,0.5741,0.5896,0.5714,0.5836,50089819.8,1712447999999,29118920.52321,56259,25807915.2,15001188.12738,0
2024-04-07,0.5837,0.5972,0.5817,0.5892,71643798.6,1712534399999,42279445.40078,72584,35292170.7,20825176.83707,0
2024-04-08,0.5893,0.6166,0.5793,0.6137,112868465.7,1712620799999,68122017.02044,122567,55174886.2,33289002.98017,0
2024-04-09,0.6137,0.6242,0.5903,0.5912,140670945.7,1712707199999,85268160.43877,155088,67206089.4,40760915.84685,0
2024-04-10,0.5912,0.5941,0.5572,0.5862,146079444.2,1712793599999,84358284.19816,167863,73351461.5,42377507.19891,0
2024-04-11,0.5862,0.5945,0.5755,0.5858,80939649.6,1712879999999,47367800.70575,90706,38970880.0,22805924.45639,0
2024-04-12,0.5858,0.5924,0.45,0.5027,446034030.9,1712966399999,227864370.22858,443395,217701322.5,111114379.66515,0
2024-04-13,0.5027,0.5164,0.3994,0.4449,475184725.6,1713052799999,218903488.08946,536006,229174244.9,105571583.3068,0
2024-04-14,0.4448,0.4778,0.4322,0.4673,362259711.3,1713139199999,165123724.08509,332613,182669510.1,83246776.78863,0
2024-04-15,0.4673,0.4952,0.4388,0.461,269902887.3,1713225599999,126454142.74097,237149,135575283.5,63561152.87636,0
2024-04-16,0.461,0.4781,0.4391,0.4583,171457504.8,1713311999999,78289241.86448,180901,85973791.8,39232886.4717,0
2024-04-17,0.4583,0.4651,0.4272,0.444,186425966.0,1713398399999,83021245.84132,185276,91097227.3,40587805.49857,0
2024-04-18,0.4441,0.461,0.4343,0.458,132581719.0,1713484799999,59534843.67902,134862,66685749.9,29950976.10025,0
2024-04-19,0.458,0.4758,0.4227,0.4682,213036756.4,1713571199999,96883822.44349,198336,104681251.0,47607170.05329,0
2024-04-20,0.4681,0.5083,0.4643,0.5072,177539872.5,1713657599999,86698491.79806,171139,89474193.9,43702746.01377,0
2024-04-21,0.5073,0.5126,0.4874,0.4993,97169818.8,1713743999999,48677850.99213,105342,47202763.5,23655323.83543,0
2024-04-22,0.4994,0.5225,0.4948,0.5167,109611168.0,1713830399999,56031727.16984,127940,56345289.6,28797455.42926,0
2024-04-23,0.5167,0.5217,0.497,0.5,114960663.5,1713916799999,58678250.1222,119106,56553454.1,28868687.07437,0
2024-04-24,0.4999,0.5109,0.4688,0.4746,160604995.8,1714003199999,78451653.77002,150045,78245408.8,38225865.26203,0
2024-04-25,0.4747,0.48,0.4624,0.4705,91924876.1,1714089599999,43331093.08899,90790,46407465.7,21879247.87256,0
2024-04-26,0.4705,0.4789,0.4607,0.4631,83089637.1,1714175999999,38940003.64821,87945,41825580.8,19607470.45676,0
2024-04-27,0.4631,0.4701,0.444,0.4675,95742384.2,1714262399999,43867958.8198,89923,47089467.0,21578099.63195,0
2024-04-28,0.4675,0.4785,0.4583,0.4603,64574729.5,1714348799999,30366549.69675,59600,31731768.9,14930924.45273,0
2024-04-29,0.4602,0.4638,0.4463,0.4571,76427014.0,1714435199999,34730463.8156,71499,37096149.4,16862549.54006,0
2024-04-30,0.4572,0.4632,0.4254,0.4412,126093063.6,1714521599999,55421261.73619,123370,58324278.7,25625620.41318,0
2024-05-01,0.4412,0.4579,0.4184,0.4501,163802414.7,1714607999999,71594071.35311,149989,78623068.0,34380801.30285,0
2024-05-02,0.4501,0.4625,0.4386,0.4578,93572218.4,1714694399999,42319196.15291,83746,46204669.2,20904078.22262,0
2024-05-03,0.4577,0.4736,0.4462,0.4673,97178116.8,1714780799999,44648666.51899,93433,47352001.7,21782031.47054,0
2024-05-04,0.4674,0.4759,0.4623,0.4633,61758692.4,1714867199999,28911999.06133,61336,31087324.8,14555254.39797,0
2024-05-05,0.4633,0.4661,0.4521,0.458,65843432.5,1714953599999,30200843.52235,65359,33742606.2,15475281.22336,0
2024-05-06,0.4579,0.4757,0.4513,0.4541,100853816.9,1715039999999,46633151.99921,99144,49251703.0,22782400.136,0
2024-05-07,0.454,0.4567,0.4407,0.4414,86403537.3,1715126399999,38897002.23939,71431,42736886.3,19246872.71426,0
2024-05-08,0.4413,0.469,0.4363,0.4518,155420658.9,1715212799999,70427745.46414,152847,81123582.8,36772984.87355,0
2024-05-09,0.4517,0.4645,0.4469,0.4635,85381130.6,1715299199999,38976821.72827,74835,41497224.0,18952943.88029,0
2024-05-10,0.4635,0.4688,0.4431,0.4479,86117375.2,1715385599999,39254568.16762,87345,41549526.8,18925565.23662,0
2024-05-11,0.4479,0.4511,0.4379,0.439,44305780.0,1715471999999,19673649.14965,43655,22077383.7,9802702.48437,0
2024-05-12,0.4388,0.4436,0.4331,0.4377,33671129.0,1715558399999,14799676.88344,32555,15937759.3,7007370.54962,0
2024-05-13,0.4378,0.4532,0.4251,0.4368,108437847.9,1715644799999,47798241.21495,100218,54380172.8,23968141.75957,0
2024-05-14,0.4367,0.4386,0.426,0.4285,77134834.9,1715731199999,33421457.93351,65682,38240366.1,16570497.5675,0
2024-05-15,0.4285,0.4558,0.4258,0.4524,87948334.1,1715817599999,38900798.88876,79888,44352683.7,19619945.62755,0
2024-05-16,0.4525,0.4627,0.4485,0.4597,94019232.9,1715903999999,42887894.81811,81356,45122132.1,20584987.11349,0
2024-05-17,0.4598,0.4907,0.455,0.4824,108680341.7,1715990399999,51853600.50721,121417,56277724.0,26831552.5529,0
2024-05-18,0.4825,0.486,0.4755,0.482,45922360.7,1716076799999,22115170.35277,59995,21523482.2,10367488.29193,0
2024-05-19,0.4819,0.484,0.4645,0.4672,52848896.0,1716163199999,25021027.31112,60211,24759099.3,11734439.24226,0
2024-05-20,0.4672,0.5033,0.4605,0.502,152399432.6,1716249599999,72927561.98379,160124,77246362.2,37002962.80814,0
2024-05-21,0.5021,0.5106,0.4906,0.4946,140920414.1,1716335999999,70600411.63098,144327,69096500.1,34626058.39115,0
2024-05-22,0.4946,0.4954,0.4746,0.4835,100783629.4,1716422399999,48799465.95233,117468,50062164.0,24240735.03859,0
2024-05-23,0.4835,0.4885,0.444,0.4656,164392270.6,1716508799999,76890034.58776,188615,75816189.6,35450188.26718,0
2024-05-24,0.4655,0.4696,0.4541,0.4601,79004514.8,1716595199999,36431003.00483,79582,38838856.8,17909274.33728,0
2024-05-25,0.4601,0.4647,0.4572,0.4623,52870401.3,1716681599999,24372294.37358,54665,26967623.7,12431440.77186,0
2024-05-26,0.4623,0.463,0.455,0.4581,47905238.8,1716767999999,22013464.63972,44347,23796670.4,10934480.40922,0
2024-05-27,0.4581,0.475,0.4566,0.4683,77194284.1,1716854399999,35937546.3479,79190,37132177.4,17284360.95681,0
2024-05-28,0.4683,0.4694,0.452,0.4576,103514209.4,1716940799999,47495451.41246,91389,50381501.6,23109381.87335,0
2024-05-29,0.4577,0.4642,0.45,0.4512,86483314.0,1717027199999,39578860.67207,82306,39326396.8,18001281.64184,0
2024-05-30,0.451,0.4556,0.4432,0.4465,88752476.4,1717113599999,39881480.79571,84596,43919926.7,19731821.66311,0
2024-05-31,0.4465,0.4559,0.4436,0.447,62854052.2,1717199999999,28238493.71925,73132,29587402.9,13294626.69769,0
2024-06-01,0.447,0.4533,0.445,0.4499,31130909.6,1717286399999,13977185.0322,33934,14858560.2,6670876.98504,0
2024-06-02,0.4499,0.4541,0.4406,0.4465,59363693.5,1717372799999,26619426.84866,59379,29500015.4,13226255.08991,0
2024-06-03,0.4465,0.4632,0.4434,0.4573,75171575.4,1717459199999,34105898.49354,68358,35971411.5,16315705.91743,0
2024-06-04,0.4574,0.4656,0.4526,0.4615,61587251.6,1717545599999,28258769.33311,61131,28118273.9,12904168.85874,0
2024-06-05,0.4615,0.4654,0.457,0.4613,63025277.7,1717631999999,29077104.10827,58298,32959514.5,15207729.01772,0
2024-06-06,0.4612,0.4621,0.4505,0.4582,60496507.5,1717718399999,27722021.31209,55342,29749282.9,13632436.13335,0
2024-06-07,0.4582,0.49,0.4253,0.4492,239701551.5,1717804799999,111346027.05326,248327,115322204.0,53602848.44181,0
2024-06-08,0.4493,0.4493,0.4322,0.4368,89241948.8,1717891199999,39192998.45152,84027,45931905.9,20171907.52443,0
2024-06-09,0.4367,0.4462,0.4318,0.4442,42256582.2,1717977599999,18562590.53947,43626,21173570.8,9302650.78316,0
2024-06-10,0.4442,0.4513,0.4349,0.4406,86969425.3,1718063999999,38532499.99611,76864,41716498.4,18488075.8064,0
2024-06-11,0.4406,0.4419,0.4128,0.422,138567339.0,1718150399999,59143143.9403,119869,66909727.5,28559312.96535,0
2024-06-12,0.4219,0.4445,0.4144,0.4378,121613605.3,1718236799999,52806119.42584,110139,58496249.1,25388854.82894,0
2024-06-13,0.4377,0.4392,0.4191,0.421,110639835.0,1718323199999,47432274.55429,88248,53113850.8,22778683.04679,0
2024-06-14,0.4209,0.4248,0.4,0.412,116922808.4,1718409599999,48157446.53826,99069,53633776.3,22092390.69444,0
2024-06-15,0.4121,0.4158,0.4082,0.414,47189963.7,1718495999999,19445156.27337,43042,21424136.0,8828915.8731,0
2024-06-16,0.414,0.4193,0.409,0.4168,37640933.2,1718582399999,15610828.19778,32813,17720417.2,7350226.38949,0
2024-06-17,0.4167,0.421,0.3901,0.4013,124025287.9,1718668799999,50346641.98037,106383,58236605.5,23629467.09214,0
2024-06-18,0.4013,0.4027,0.3575,0.3837,215871708.0,1718755199999,81092479.77981,198776,102723629.8,38586206.97305,0
2024-06-19,0.3836,0.3978,0.3801,0.3844,84821749.0,1718841599999,32891373.61538,78784,39280361.0,15233450.93547,0
2024-06-20,0.3845,0.3974,0.3772,0.3844,81788373.7,1718927999999,31716076.7925,66770,40432373.6,15681769.3193,0
2024-06-21,0.3844,0.3909,0.3736,0.376,77104500.3,1719014399999,29454853.69614,67765,37097277.6,14170712.17287,0
2024-06-22,0.376,0.3912,0.3714,0.3846,76900986.8,1719100799999,29378377.4882,77134,38640508.7,14752598.4799,0
2024-06-23,0.3847,0.3934,0.3785,0.38,56593832.5,1719187199999,21862474.68652,51838,27865422.3,10765598.70673,0
2024-06-24,0.3801,0.3817,0.361,0.3777,119340661.4,1719273599999,44493268.7168,100700,57282032.9,21362392.11909,0
2024-06-25,0.3777,0.3974,0.3769,0.3918,70104337.4,1719359999999,27318559.34504,70592,33836923.2,13180896.27461,0
2024-06-26,0.3918,0.3965,0.3824,0.385,80311716.8,1719446399999,31297977.65222,73528,43389362.7,16923298.28971,0
2024-06-27,0.385,0.3941,0.3777,0.3913,83592286.9,1719532799999,32248792.68248,75973,41813423.1,16138769.30485,0
2024-06-28,0.3913,0.397,0.3851,0.3858,92147447.1,1719619199999,36021266.51871,86727,47374559.1,18524506.51348,0
2024-06-29,0.3858,0.4039,0.3832,0.3841,70624426.8,1719705599999,27826176.77712,72455,35798791.6,14106595.7324,0
2024-06-30,0.384,0.3944,0.3785,0.3924,52136153.2,1719791999999,20134850.80757,58926,26512154.4,10241956.6061,0
2024-07-01,0.3925,0.4086,0.3915,0.4032,70915901.7,1719878399999,28441048.94516,81769,34607579.6,13878565.97004,0
2024-07-02,0.4033,0.4198,0.4027,0.4184,67487705.8,1719964799999,27865669.60142,80214,35041031.8,14463097.15941,0
2024-07-03,0.4184,0.4235,0.4001,0.4069,98718851.9,1720051199999,40480878.15308,115649,48344728.0,19824136.84747,0
2024-07-04,0.407,0.4139,0.3614,0.3623,149416521.3,1720137599999,57688891.88565,157492,72096217.7,27822971.28391,0
2024-07-05,0.3622,0.3623,0.3165,0.3501,323282253.6,1720223999999,109391384.36938,301015,151146153.0,51174132.77998,0
2024-07-06,0.3501,0.3733,0.3464,0.3707,90921251.5,1720310399999,32628222.94485,88153,46231856.2,16583993.98619,0
2024-07-07,0.3707,0.3716,0.3444,0.3466,74443934.6,1720396799999,26842781.18791,86242,36526984.9,13177199.96504,0
2024-07-08,0.3467,0.3802,0.3301,0.3691,178789658.0,1720483199999,64249693.71403,190458,88908035.1,31925813.10191,0
2024-07-09,0.3691,0.3809,0.3626,0.3754,71495085.0,1720569599999,26606567.69477,80698,33120042.7,12328178.34511,0
2024-07-10,0.3755,0.39,0.3717,0.3885,63358979.6,1720655999999,24263713.42823,73423,31537831.8,12079356.74822,0
2024-07-11,0.3885,0.405,0.3844,0.3959,87567536.7,1720742399999,34583952.74703,122360,42870911.8,16933414.03839,0
2024-07-12,0.396,0.4181,0.3932,0.4165,100898164.4,1720828799999,40899016.90779,131113,49031712.6,19878994.78003,0
2024-07-13,0.4166,0.4464,0.4115,0.4416,98135951.1,1720915199999,42155177.36898,146703,50142082.7,21546022.92208,0
2024-07-14,0.4416,0.445,0.4248,0.4317,101540405.4,1721001599999,43896806.92703,126876,49192264.5,21260161.15152,0
2024-07-15,0.4317,0.4458,0.431,0.4449,125566239.6,1721087999999,54944419.76773,164760,61571472.8,26939739.45763,0
2024-07-16,0.4449,0.4526,0.4264,0.4381,126834589.9,1721174399999,55759694.72726,182656,62002045.7,27256454.04836,0
2024-07-17,0.4381,0.457,0.4353,0.4359,105320100.0,1721260799999,46949426.48429,153375,52063251.4,23230874.15505,0
2024-07-18,0.4359,0.4498,0.4199,0.4234,80622639.4,1721347199999,34984535.29723,133268,39187988.2,16995307.98382,0
2024-07-19,0.4235,0.4429,0.4145,0.439,80349138.6,1721433599999,34412546.25986,121684,38675329.1,16566620.10148,0
2024-07-20,0.4389,0.4419,0.4275,0.4373,54136437.1,1721519999999,23557735.17184,73691,26909385.9,11708461.00926,0
2024-07-21,0.4373,0.449,0.4166,0.4469,85361994.3,1721606399999,36934905.13471,111682,42233333.6,18274053.63919,0
2024-07-22,0.447,0.4504,0.4234,0.4262,79086035.0,1721692799999,34378311.77136,109397,39966625.5,17361372.90366,0
2024-07-23,0.4261,0.4296,0.4028,0.41,86052015.5,1721779199999,35884223.7945,104821,42519510.5,17725301.12934,0
2024-07-24,0.41,0.4217,0.4038,0.4063,97197388.2,1721865599999,40178257.66473,118751,51366066.6,21230867.72363,0
2024-07-25,0.4062,0.4085,0.3816,0.3948,96406178.5,1721951999999,37930903.42011,121115,45869639.0,18046095.49963,0
2024-07-26,0.3948,0.4199,0.3944,0.4172,59178553.1,1722038399999,24312011.24585,72410,28120818.8,11545626.85191,0
2024-07-27,0.4172,0.4292,0.4126,0.4176,171402225.1,1722124799999,72168104.72741,137712,82856187.3,34888803.48405,0
2024-07-28,0.4176,0.4207,0.4043,0.4073,80650723.3,1722211199999,33147595.68855,78169,39029133.9,16042705.77672,0
2024-07-29,0.4072,0.4272,0.403,0.4031,83989483.1,1722297599999,34850252.14824,117524,43099374.7,17876758.05784,0
2024-07-30,0.4031,0.4077,0.394,0.4015,66547192.1,1722383999999,26757483.31088,93170,31420872.7,12632826.51879,0
2024-07-31,0.4015,0.4078,0.3871,0.3882,64025495.7,1722470399999,25551374.49652,105922,30711593.1,12261741.49239,0
2024-08-01,0.3881,0.3958,0.3681,0.3925,93185663.4,1722556799999,35586142.99418,152817,44760276.6,17101228.09876,0
2024-08-02,0.3925,0.3952,0.3578,0.3636,122506209.6,1722643199999,45823735.50172,205456,55457235.0,20754165.96121,0
2024-08-03,0.3637,0.373,0.3489,0.3646,87498771.3,1722729599999,31546579.69966,150751,40385514.2,14555552.29038,0
2024-08-04,0.3646,0.3677,0.3335,0.3442,97503415.0,1722815999999,34078114.86182,149844,43581947.3,15237929.24568,0
2024-08-05,0.3442,0.346,0.2756,0.3119,592112788.2,1722902399999,180464778.47691,561651,278209305.1,84793379.12473,0
2024-08-06,0.3118,0.3369,0.3114,0.331,125385161.0,1722988799999,41158436.51991,195665,59812537.3,19632182.49885,0
2024-08-07,0.331,0.341,0.3161,0.3241,108079429.6,1723075199999,35497401.23938,220716,52365982.2,17209916.69301,0
2024-08-08,0.3241,0.3535,0.3187,0.3516,108236428.8,1723161599999,36508170.22061,176786,52966626.8,17876355.70796,0
2024-08-09,0.3515,0.3545,0.3365,0.3483,75715466.2,1723247999999,26216485.81025,140651,39577229.1,13707562.46222,0
2024-08-10,0.3484,0.3524,0.3442,0.3457,32923978.4,1723334399999,11423301.86095,64583,15557740.6,5400244.70092,0
2024-08-11,0.3456,0.3566,0.3269,0.3276,58078474.9,1723420799999,19779040.65426,101080,27255559.4,9303818.77941,0
2024-08-12,0.3276,0.3447,0.3263,0.339,75901662.9,1723507199999,25517844.71399,143889,37462357.0,12601044.69494,0
2024-08-13,0.3389,0.3451,0.3306,0.34,46778962.1,1723593599999,15826195.52254,107236,23235646.1,7861486.81352,0
2024-08-14,0.34,0.3457,0.3308,0.3352,52329030.8,1723679999999,17697898.64046,115396,25542913.9,8643862.36904,0
2024-08-15,0.3353,0.3419,0.3204,0.3248,73704919.9,1723766399999,24373093.19421,144762,32946921.9,10873965.62977,0
2024-08-16,0.3249,0.3455,0.3202,0.3301,89181725.2,1723852799999,29555233.79355,172514,45458905.2,15051616.63089,0
2024-08-17,0.3301,0.3388,0.3274,0.3373,37562981.3,1723939199999,12515048.67529,61721,18267314.7,6087359.88339,0
2024-08-18,0.3374,0.34,0.3327,0.3342,31399291.8,1724025599999,10580021.80612,57071,14094335.4,4751317.64019,0
2024-08-19,0.3342,0.3378,0.3276,0.3367,59429594.3,1724111999999,19788254.56697,92479,28021707.1,9337897.59847,0
2024-08-20,0.3367,0.3483,0.3352,0.3434,67569520.8,1724198399999,23143570.43896,104116,30894948.3,10579769.03113,0
2024-08-21,0.3434,0.3775,0.3423,0.3689,120694348.6,1724284799999,43563016.46901,247209,61404747.1,22168789.50533,0
2024-08-22,0.3689,0.3775,0.3642,0.3763,74918204.0,1724371199999,27734780.14039,156326,36937171.0,13670395.84948,0
2024-08-23,0.3763,0.3926,0.3736,0.3912,103804942.5,1724457599999,39686362.78498,268214,52913982.6,20233126.9693,0
2024-08-24,0.3912,0.4014,0.3877,0.3935,68874709.6,1724543999999,27123357.61733,205788,33445378.9,13169015.57391,0
2024-08-25,0.3935,0.3944,0.3775,0.3849,64228390.3,1724630399999,24732018.3711,241718,30284031.9,11663011.18382,0
2024-08-26,0.3849,0.388,0.3659,0.3661,85653817.5,1724716799999,32118143.22696,227132,39649226.3,14862970.34921,0
2024-08-27,0.3661,0.3729,0.3419,0.3503,95443201.9,1724803199999,34428530.95745,223076,48126471.1,17367349.11793,0
2024-08-28,0.3503,0.3606,0.3406,0.3502,90938224.2,1724889599999,31959995.68488,288052,42917920.7,15092345.40546,0
2024-08-29,0.3502,0.3676,0.3491,0.3578,80645542.3,1724975999999,28871272.77741,197636,43813821.6,15686578.10042,0
2024-08-30,0.3577,0.3621,0.3373,0.3469,103161060.8,1725062399999,36065503.48475,192643,47427669.0,16579520.38026,0
2024-08-31,0.3469,0.3504,0.3444,0.345,27057484.0,1725148799999,9401221.31354,59163,14149805.9,4916109.7127,0
2024-09-01,0.3451,0.3458,0.3267,0.3311,63866107.4,1725235199999,21576847.55713,152324,29804408.5,10079642.1745,0
2024-09-02,0.331,0.3374,0.325,0.3362,70472662.0,1725321599999,23346486.10924,213393,36217495.7,11998791.29022,0
2024-09-03,0.3362,0.3398,0.3172,0.3185,75474745.4,1725407999999,24655499.10051,222493,36247934.7,11862362.51078,0
2024-09-04,0.3184,0.3293,0.305,0.3231,120424863.1,1725494399999,38272165.26498,343762,60542119.0,19252779.45467,0
2024-09-05,0.3231,0.3401,0.3195,0.3251,116970963.2,1725580799999,38329928.95744,282145,60910843.3,19969575.61928,0
2024-09-06,0.3251,0.3319,0.3034,0.3148,132485885.1,1725667199999,42088731.58756,379329,61635923.8,19583316.90928,0
2024-09-07,0.3148,0.3278,0.3145,0.3253,44625799.5,1725753599999,14403332.42672,113613,19949703.6,6438210.63662,0
2024-09-08,0.3253,0.3409,0.3237,0.339,71465766.9,1725839999999,23957127.56624,160840,33012524.8,11068928.37728,0
2024-09-09,0.339,0.3489,0.3376,0.3435,80797659.4,1725926399999,27714662.69312,177186,41982634.8,14402352.58057,0
2024-09-10,0.3434,0.3457,0.3374,0.3431,51064979.8,1726012799999,17461709.76715,104783,23420288.4,8010306.17411,0
2024-09-11,0.3431,0.3573,0.33,0.3532,76745712.0,1726099199999,26214315.0098,140301,37260889.0,12740980.46283,0
2024-09-12,0.3532,0.3617,0.352,0.3564,83045574.5,1726185599999,29602545.02477,129723,40493315.7,14434166.53931,0
2024-09-13,0.3563,0.365,0.3503,0.3606,61642001.2,1726271999999,22055527.65031,114399,29896150.6,10701382.49645,0
2024-09-14,0.3606,0.3617,0.351,0.3539,40948020.2,1726358399999,14578837.84586,83311,19781177.5,7041374.53153,0
2024-09-15,0.354,0.3563,0.3341,0.3385,67858002.3,1726444799999,23456694.8499,118876,32918158.4,11383533.82812,0
2024-09-16,0.3386,0.3386,0.3264,0.3303,66210102.2,1726531199999,21961646.14068,117729,31693768.5,10517118.11001,0
2024-09-17,0.3302,0.3431,0.3284,0.3338,58973434.3,1726617599999,19759440.14434,103629,29553819.7,9900482.43885,0
2024-09-18,0.3337,0.3443,0.3272,0.3441,70247471.4,1726703999999,23468594.36136,136571,35581883.8,11890086.42745,0
2024-09-19,0.3442,0.3564,0.3442,0.351,88788525.3,1726790399999,31095073.69584,119369,44421812.7,15558251.33437,0
2024-09-20,0.351,0.3613,0.3488,0.3522,63999487.4,1726876799999,22773273.44332,119741,30532011.6,10872167.03777,0
2024-09-21,0.3522,0.36,0.3505,0.3584,40999174.4,1726963199999,14571366.98161,81158,20758021.4,7378906.53379,0
2024-09-22,0.3584,0.3594,0.3427,0.3517,53113544.0,1727049599999,18648055.27942,116448,24858484.8,8729201.12544,0
2024-09-23,0.3516,0.3658,0.3453,0.3637,80568015.7,1727135999999,28798880.72153,141180,40209564.7,14384132.16489,0
2024-09-24,0.3636,0.3916,0.3584,0.3878,111968849.8,1727222399999,41883298.55876,216772,55011582.4,20583507.39602,0
2024-09-25,0.3878,0.394,0.3788,0.3809,80684494.9,1727308799999,31049646.40542,154577,39623185.2,15245116.40391,0
2024-09-26,0.3809,0.404,0.3779,0.4014,95788917.1,1727395199999,37848155.72926,195367,49746655.0,19664508.47407,0
2024-09-27,0.4015,0.4158,0.3993,0.4017,86996776.4,1727481599999,35328672.38515,202415,42047927.3,17081138.78807,0
2024-09-28,0.4017,0.4059,0.3922,0.4006,55901976.6,1727567999999,22364857.09757,144626,24792456.5,9924295.55527,0
2024-09-29,0.4006,0.4042,0.3926,0.3975,42444987.1,1727654399999,16912239.39035,121948,20254750.5,8075092.78718,0
2024-09-30,0.3976,0.3977,0.3707,0.3733,80942545.4,1727740799999,31118145.05097,194146,38172376.1,14677387.2305,0
2024-10-01,0.3733,0.386,0.3424,0.352,137861330.3,1727827199999,50119679.14483,285437,68556338.2,24946125.5856,0
2024-10-02,0.352,0.363,0.3355,0.3432,107703672.0,1727913599999,37630588.0905,230571,49968399.8,17483002.79988,0
2024-10-03,0.3432,0.3496,0.3318,0.3453,79813638.7,1727999999999,27184787.35797,185934,40858981.9,13916052.07865,0
2024-10-04,0.3452,0.3561,0.3429,0.3517,61770930.4,1728086399999,21665466.49471,141674,26861612.0,9418456.01415,0
2024-10-05,0.3517,0.3558,0.3454,0.351,39356208.5,1728172799999,13835732.6224,97550,18428030.6,6478043.32055,0
2024-10-06,0.351,0.3585,0.3479,0.3575,37440683.0,1728259199999,13194400.03006,88118,17964569.6,6332593.04739,0
2024-10-07,0.3574,0.3685,0.3502,0.3512,75937962.2,1728345599999,27267471.37073,160841,37777800.0,13552480.35022,0
2024-10-08,0.3512,0.357,0.3408,0.3448,54948911.4,1728431999999,19179500.95234,105466,27275786.7,9512683.42366,0
2024-10-09,0.3447,0.348,0.3338,0.3396,69541560.1,1728518399999,23713824.97256,110712,35205910.7,12007820.70338,0
2024-10-10,0.3395,0.3418,0.3315,0.3396,51099496.5,1728604799999,17220252.45534,95982,24005386.5,8091197.97112,0
2024-10-11,0.3396,0.355,0.3382,0.3517,49113139.9,1728691199999,17000480.45195,89287,24285972.7,8406597.25086,0
2024-10-12,0.3517,0.3568,0.3509,0.3532,33454950.9,1728777599999,11833834.80273,71587,16644939.5,5888190.58134,0
2024-10-13,0.3532,0.3596,0.3443,0.3486,50520578.7,1728863999999,17755450.82405,98538,25230744.3,8864557.65962,0
2024-10-14,0.3485,0.3656,0.3422,0.3643,90929339.3,1728950399999,32476509.76385,151853,46318302.8,16534733.55595,0
2024-10-15,0.3644,0.3711,0.3475,0.3591,133653350.7,1729036799999,48007256.90598,198732,64757369.7,23272822.42121,0
2024-10-16,0.3592,0.3611,0.3509,0.3521,72607298.7,1729123199999,25829124.39564,91293,37202832.5,13231699.27698,0
2024-10-17,0.3522,0.3551,0.3393,0.3432,110730558.5,1729209599999,38422451.35969,99975,54846887.6,19039970.91483,0
2024-10-18,0.3432,0.353,0.3426,0.3507,56351424.9,1729295999999,19618163.29776,69870,28157451.2,9801542.20985,0
2024-10-19,0.3507,0.357,0.3492,0.3513,41140586.4,1729382399999,14502635.43403,59718,19432375.8,6849017.92291,0
2024-10-20,0.3513,0.3658,0.3482,0.3649,58891202.7,1729468799999,21035718.7234,87724,28691255.9,10245010.4253,0
2024-10-21,0.3649,0.3729,0.3531,0.3609,97553069.7,1729555199999,35445304.471,134126,48285558.9,17563337.11026,0
2024-10-22,0.3609,0.3681,0.355,0.3645,91803259.8,1729641599999,33294159.15781,122377,45075481.4,16350620.62818,0
2024-10-23,0.3645,0.3692,0.3423,0.3497,96931163.7,1729727999999,34433375.59756,125022,46327629.0,16446418.68946,0
2024-10-24,0.3497,0.3551,0.3396,0.3465,94252442.0,1729814399999,32590939.37675,121743,51725799.7,17875381.93341,0
2024-10-25,0.3465,0.3472,0.3141,0.3261,158570967.8,1729900799999,53089548.39904,188648,77550934.1,25998720.34418,0
2024-10-26,0.326,0.335,0.3206,0.3337,84287990.4,1729987199999,27698932.47855,93650,40495458.0,13313299.87258,0
2024-10-27,0.3338,0.3424,0.3309,0.3399,37089150.4,1730073599999,12498092.3129,57739,17965426.7,6053375.35455,0
2024-10-28,0.3398,0.348,0.3303,0.3437,89286920.0,1730159999999,30227598.12858,102264,43131024.4,14603206.44741,0
2024-10-29,0.3438,0.357,0.3428,0.3561,93763509.9,1730246399999,32802725.83112,110537,45185825.3,15807611.47804,0
2024-10-30,0.3562,0.364,0.3507,0.355,94701157.4,1730332799999,33779307.35949,141829,47314928.3,16878450.836,0
2024-10-31,0.3551,0.3613,0.3402,0.3418,91529863.7,1730419199999,32123418.77382,127201,45072443.7,15803624.08892,0
2024-11-01,0.3417,0.362,0.3341,0.3575,130382524.7,1730505599999,45832676.18841,169339,65839761.1,23141725.84345,0
2024-11-02,0.3575,0.3639,0.3453,0.3482,79245372.9,1730591999999,28166467.62657,108943,38859424.1,13824510.79655,0
2024-11-03,0.3482,0.3482,0.3275,0.3341,103816230.4,1730678399999,34906511.46879,140371,45839648.4,15418669.53058,0
2024-11-04,0.334,0.3368,0.3201,0.3263,88647140.4,1730764799999,29142616.18191,113775,43141076.7,14196713.91771,0
2024-11-05,0.3263,0.3382,0.326,0.3336,80194966.4,1730851199999,26701621.2812,91786,40383687.9,13446432.39496,0
2024-11-06,0.3336,0.3659,0.3335,0.363,210331494.8,1730937599999,74999653.61998,240874,104016936.4,37084669.16912,0
2024-11-07,0.3631,0.4068,0.3613,0.4065,213370214.5,1731023999999,81824519.64195,269291,107127162.9,41144655.23648,0
2024-11-08,0.4066,0.4587,0.4038,0.4447,478265867.0,1731110399999,207549647.20959,669223,244038648.5,105877343.27649,0
2024-11-09,0.4447,0.4986,0.4272,0.4967,225441944.3,1731196799999,101394490.11451,294226,112516534.6,50791473.45083,0
2024-11-10,0.4968,0.6599,0.488,0.5901,1158588378.1,1731283199999,677072194.48253,1832674,576685951.2,336894430.09109,0
2024-11-11,0.5903,0.6248,0.5575,0.6132,596396671.8,1731369599999,355765330.02167,1002859,295162504.8,176201456.62734,0
2024-11-12,0.6131,0.6541,0.555,0.5709,695933476.4,1731455999999,413181220.0952,1377066,331510704.7,197168976.89071,0
2024-11-13,0.5709,0.6098,0.5192,0.5783,603213656.1,1731542399999,339450439.45163,939380,290677126.8,163829459.76392,0
2024-11-14,0.5783,0.6,0.5417,0.5792,351116093.6,1731628799999,199769598.40681,540537,180843387.6,102928477.98337,0
2024-11-15,0.579,0.7075,0.5747,0.7071,883876827.2,1731715199999,569033307.29551,1593812,448757504.0,289190506.85048,0
2024-11-16,0.7071,0.8193,0.7026,0.7416,1131924924.1,1731801599999,848836232.19545,2595002,582318996.7,437040188.98059,0
2024-11-17,0.7416,0.7798,0.6893,0.7026,474262736.4,1731887999999,343209116.65849,903735,236354138.9,171399375.07575,0
2024-11-18,0.7026,0.7839,0.7002,0.7325,442341128.2,1731974399999,330666463.31476,888793,220226997.1,164608738.11882,0
2024-11-19,0.7324,0.765,0.72,0.7387,297007303.0,1732060799999,220052984.09587,737560,142924690.1,105917365.68662,0
2024-11-20,0.7386,0.8484,0.7384,0.8003,729698432.0,1732147199999,589176003.92552,1840954,367900354.7,297028726.44036,0
2024-11-21,0.8003,0.8239,0.7655,0.8218,486701467.7,1732233599999,385320898.48423,1114578,238403653.3,188770019.01728,0
2024-11-22,0.8219,1.044,0.8123,1.0175,1031366149.7,1732319999999,951601355.4573,2656816,528184288.8,488291205.01811,0
2024-11-23,1.0175,1.1542,1.0157,1.0658,919763706.7,1732406399999,999895519.1986899,3007293,458749381.0,499071922.61354,0
2024-11-24,1.0659,1.0978,0.9364,1.0226,581357178.0,1732492799999,589527198.16959,1639356,276539936.3,280628475.09357,0
2024-11-25,1.0228,1.0778,0.9294,0.9435,504171181.2,1732579199999,510126715.76066,1356295,245792532.6,248895027.87592,0
2024-11-26,0.9435,0.9899,0.8743,0.9603,479192975.7,1732665599999,446012171.51782,930730,224679502.5,209439836.53381,0
2024-11-27,0.9602,1.0419,0.9312,1.0116,383499059.9,1732751999999,381685157.39903,726784,185873391.2,185123415.76629,0
2024-11-28,1.0114,1.0491,0.9693,1.0321,254849669.5,1732838399999,255775297.24479,483834,122258551.3,122785375.14566,0
2024-11-29,1.0321,1.0996,1.0274,1.0755,351237724.5,1732924799999,372030464.58834,710434,182759869.8,193666750.28317,0
2024-11-30,1.0754,1.1498,1.0498,1.079,369560299.2,1733011199999,404695449.93611,788864,181032132.8,198287916.30013,0
2024-12-01,1.079,1.1633,1.0375,1.1496,372853685.8,1733097599999,408454755.18449,752578,188332644.9,206729418.2259,0
2024-12-02,1.1497,1.2424,1.0567,1.2022,866951754.4,1733183999999,1004619832.02816,1985411,437994509.9,507818408.9648,0
2024-12-03,1.2022,1.3264,1.1401,1.1914,802151381.2,1733270399999,996076336.2746,1777776,401465409.6,499487982.41331,0
2024-12-04,1.1915,1.2417,1.1403,1.1871,383350912.1,1733356799999,459038776.08453,1002570,187757231.2,225053946.25973,0
2024-12-05,1.1871,1.2445,1.1138,1.1597,413686149.8,1733443199999,493326782.85723,1170543,202760880.3,241847246.71655,0
2024-12-06,1.1599,1.2375,1.1336,1.2278,311787487.7,1733529599999,370336806.48191,809045,149942950.1,178218024.09327,0
2024-12-07,1.2278,1.2369,1.1881,1.2103,165417822.9,1733615999999,200216501.79526,507595,81137150.2,98214483.14035,0
2024-12-08,1.2103,1.224,1.1723,1.1936,255648168.3,1733702399999,305471310.07778,620438,124442730.0,148690534.41111,0
2024-12-09,1.1936,1.1936,0.91,1.0034,618530935.0,1733788799999,656856497.65303,1373897,284586419.3,302146749.0678,0
2024-12-10,1.0035,1.0378,0.91,1.0215,628873381.3,1733875199999,620337470.36458,1135695,321100247.0,317295680.60884,0
2024-12-11,1.0215,1.115,0.9718,1.0868,361950376.3,1733961599999,381253713.21657,625086,180854060.1,190612815.28468,0
2024-12-12,1.0869,1.1819,1.0728,1.1231,338015830.6,1734047999999,384694616.50235,762518,174228712.5,198436071.90492,0
2024-12-13,1.1231,1.1308,1.0774,1.1213,180296167.7,1734134399999,198879696.07751,472985,89796358.9,99110442.90135,0
2024-12-14,1.1213,1.1332,1.0431,1.061,138860581.3,1734220799999,151054575.98239,326779,65244807.8,71031770.19496,0
2024-12-15,1.0609,1.1123,1.0389,1.0996,139414086.3,1734307199999,150364364.2568,373038,66685068.5,71945146.10116,0
2024-12-16,1.0995,1.121,1.0474,1.0775,220525179.7,1734393599999,240019551.40804,628367,105701345.6,115026982.01098,0
2024-12-17,1.0775,1.1119,1.0418,1.0522,252529517.4,1734479999999,272307044.6217,611324,121171655.7,130672833.89965,0
2024-12-18,1.0523,1.0602,0.958,0.9681,375972520.0,1734566399999,381153020.99213,764116,180386415.9,182924848.05022,0
2024-12-19,0.9682,0.989,0.8475,0.8806,447732655.1,1734652799999,412799537.41702,965598,213159459.9,196931332.2371,0
2024-12-20,0.8806,0.9596,0.762,0.9501,594787205.1,1734739199999,505957923.75982,1068804,297747357.2,253740142.63947,0
2024-12-21,0.95,0.9979,0.8867,0.9052,289558064.4,1734825599999,271285306.1944,580092,141316993.3,132411759.41188,0
2024-12-22,0.9053,0.9249,0.8589,0.8834,234703947.6,1734911999999,209338752.62592,444124,114242586.0,101941795.00277,0
2024-12-23,0.8835,0.9425,0.8619,0.9264,245984682.7,1734998399999,220346228.35005,488005,124086222.7,111160918.94805,0
2024-12-24,0.9265,0.9507,0.8918,0.9358,165078579.2,1735084799999,152125524.91007,355489,82954113.8,76437584.55892,0
2024-12-25,0.9357,0.9403,0.9,0.9176,95106199.7,1735171199999,87484993.18814,245903,46038219.8,42369926.84073,0
2024-12-26,0.9176,0.9281,0.8507,0.8611,131074807.3,1735257599999,115033223.24511,275243,62764293.1,55066743.42463,0
2024-12-27,0.8611,0.9147,0.855,0.8771,134800242.8,1735343999999,119074484.61098,322382,64578519.7,57056726.20721,0
2024-12-28,0.8771,0.9,0.8662,0.8895,79029125.6,1735430399999,69514216.91419,212022,38089594.6,33503319.54113,0
2024-12-29,0.8895,0.9123,0.851,0.859,105900380.7,1735516799999,93448345.93245,239856,51142938.8,45178295.16395,0
2024-12-30,0.859,0.9048,0.8296,0.8615,168318692.6,1735603199999,145131815.83974,369154,81959155.5,70666601.48374,0
2024-12-31,0.8616,0.8791,0.8397,0.8451,107355712.5,1735689599999,92144216.53289,253859,53909396.7,46287993.55548,0
2025-01-01,0.845,0.9355,0.838,0.9222,171861317.3,1735775999999999,153287717.95969,394096,79584838.5,70858056.67718,0
2025-01-02,0.9222,0.9828,0.9222,0.9612,194982188.5,1735862399999999,186027073.22985,491830,103049971.5,98370648.37061,0
2025-01-03,0.9612,1.1194,0.9569,1.0894,388427400.9,1735948799999999,412185601.55579,1012138,199989775.1,211930668.55658,0
2025-01-04,1.0894,1.1144,1.0565,1.0707,168969002.6,1736035199999999,182111468.11348,482010,79192205.8,85366985.21793,0
2025-01-05,1.0707,1.115,1.0521,1.0911,171630835.3,1736121599999999,186330382.64185,525282,88126076.6,95728156.54877,0
2025-01-06,1.0911,1.1162,1.0575,1.0934,181395918.9,1736207999999999,197695924.05306,554712,88946695.8,97031569.87688,0
2025-01-07,1.0934,1.1519,0.988,0.9892,365562839.2,1736294399999999,392107377.97835,1018590,175919965.8,188881178.82189,0
2025-01-08,0.9893,1.0242,0.9079,0.9468,369801375.9,1736380799999999,355425471.97831,909967,170748853.6,164619357.05995,0
2025-01-09,0.9467,0.9604,0.8798,0.9045,239358339.9,1736467199999999,219018673.38349,533150,120567998.1,110398014.94723,0
2025-01-10,0.9045,0.974,0.904,0.9303,208259628.3,1736553599999999,195036479.13336,563378,103228594.4,96659651.86312,0
2025-01-11,0.9303,1.0176,0.9134,0.9955,146491610.6,1736639999999999,141064184.34762,378932,75731187.8,73115083.47373,0
2025-01-12,0.9955,1.0369,0.9613,0.9677,196542136.0,1736726399999999,196621401.95457,931506,103259104.1,103385955.0958,0
2025-01-13,0.9676,0.9938,0.8758,0.9444,288677979.1,1736812799999999,266802657.96545,1019494,135329780.3,125251442.93476,0
2025-01-14,0.9444,1.0109,0.938,0.9972,187168513.0,1736899199999999,182641785.74172,643019,96463337.1,94234418.66486,0
2025-01-15,0.9972,1.09,0.9879,1.0755,384217805.3,1736985599999999,400280349.15709,1460275,192831943.7,200826474.67168,0
2025-01-16,1.0755,1.145,1.0273,1.0892,383249639.4,1737071999999999,416688678.5374,1664449,190548592.5,207183435.51258,0
2025-01-17,1.0893,1.1662,1.0854,1.133,276530914.4,1737158399999999,311178355.46964,1083643,142121085.9,159925820.42254,0
2025-01-18,1.1331,1.1466,1.0482,1.1045,256781980.9,1737244799999999,277183564.57415,854851,123264484.1,133016353.94089,0
2025-01-19,1.1044,1.152,0.9636,0.993,560820593.6,1737331199999999,591660749.09068,1850941,255960121.6,269964309.67014,0
2025-01-20,0.993,1.1014,0.9594,1.0094,464297968.4,1737417599999999,479018113.56034,1614437,227052911.8,234594832.95206,0
2025-01-21,1.0095,1.0288,0.9508,1.0058,303337850.2,1737503999999999,299682154.44694,1204808,153730110.7,151959076.68403,0
2025-01-22,1.0059,1.0199,0.9759,0.9827,147886319.8,1737590399999999,147500242.17866,665826,71022568.3,70885240.24208,0
2025-01-23,0.9827,1.0118,0.9512,0.9867,192569354.5,1737676799999999,188553394.45486,895048,92349967.1,90473302.53073,0
2025-01-24,0.9867,1.01,0.9636,0.9712,124426928.3,1737763199999999,123307322.88768,581934,57569463.9,57010707.49776,0
2025-01-25,0.9712,0.9919,0.9642,0.9766,56721656.8,1737849599999999,55530554.54648,304870,27382957.0,26815234.74604,0
2025-01-26,0.9766,1.0003,0.9515,0.953,73197919.3,1737935999999999,71946568.23196,385840,33249551.4,32689213.20597,0
2025-01-27,0.953,0.9587,0.8568,0.9345,257950415.8,1738022399999999,233275349.50049,1281926,124554204.9,112670845.29494,0
2025-01-28,0.9346,0.9684,0.9031,0.9169,124707222.9,1738108799999999,117808064.83354,673282,61142113.2,57748151.19872,0
2025-01-29,0.9168,0.9603,0.9018,0.9399,135142289.7,1738195199999999,126108234.87981,639765,67203239.8,62737348.93655,0
2025-01-30,0.9398,0.9886,0.9363,0.9595,86721138.9,1738281599999999,83800863.79312,415435,44327630.8,42831507.13013,0
2025-01-31,0.9595,0.9837,0.9347,0.9429,113818765.2,1738367999999999,109123278.84919,512893,55359492.6,53103466.44611,0
2025-02-01,0.9428,0.9576,0.8875,0.8948,88384785.8,1738454399999999,81763836.86661,414099,38863207.6,35996957.01087,0
2025-02-02,0.8947,0.9113,0.7513,0.8052,340523726.6,1738540799999999,281001946.2775,1649257,161979397.9,133346913.30752,0
2025-02-03,0.8051,0.8245,0.506,0.812,1336951229.5,1738627199999999,923046921.96711,3842040,636846570.9,438753305.04003,0
2025-02-04,0.8121,0.8198,0.715,0.7439,336202720.8,1738713599999999,254723883.69626,1294772,162532877.6,123015828.34998,0
2025-02-05,0.744,0.7764,0.7251,0.7325,174717874.3,1738799999999999,131046286.55324,714615,83708766.4,62816578.03601,0
2025-02-06,0.7325,0.766,0.6978,0.7052,187578647.3,1738886399999999,136652192.35838,698718,93337776.0,68035053.69667,0
2025-02-07,0.7052,0.7532,0.6902,0.7072,206190185.9,1738972799999999,149143599.07408,772585,102050260.6,73822914.68177,0
2025-02-08,0.7072,0.718,0.6815,0.7005,106440011.1,1739059199999999,74135811.71145,392282,52688225.4,36719244.19838,0
2025-02-09,0.7006,0.716,0.6503,0.6814,145972643.5,1739145599999999,99924644.60889,462338,76346385.8,52334328.41277,0
2025-02-10,0.6815,0.7245,0.6632,0.7121,168781925.4,1739231999999999,117792945.62019,672885,86397959.9,60330252.20901,0
2025-02-11,0.7121,0.8213,0.7101,0.7781,364029512.7,1739318399999999,284354724.20044,1328554,185574659.0,144875246.4304,0
2025-02-12,0.7782,0.8079,0.7448,0.7997,271335009.3,1739404799999999,210062134.21233,1026795,133038491.3,103198079.6977,0
2025-02-13,0.7998,0.8309,0.7693,0.8107,148408733.0,1739491199999999,117486749.75232,687370,72422094.1,57342045.8422,0
2025-02-14,0.8107,0.8293,0.7891,0.7998,144880343.5,1739577599999999,117214064.41319,736090,72301186.1,58506590.90629,0
2025-02-15,0.7997,0.8141,0.7745,0.7811,72649439.8,1739663999999999,57679701.87928,408639,33585130.2,26688211.27245,0
2025-02-16,0.7811,0.7893,0.7615,0.7714,62651373.5,1739750399999999,48598755.97143,366819,30510450.9,23682112.41911,0
2025-02-17,0.7714,0.8291,0.7705,0.8089,193681003.3,1739836799999999,155718387.55634,920809,97303963.5,78223351.71749,0
2025-02-18,0.8089,0.814,0.7351,0.7541,173068755.8,1739923199999999,133260460.33976,907541,83379166.9,64190701.12989,0
2025-02-19,0.7542,0.7761,0.7328,0.7738,118560241.8,1740009599999999,90022856.37791,644726,58251369.5,44242870.98947,0
2025-02-20,0.7737,0.8111,0.7703,0.8036,123013598.3,1740095999999999,97238355.65307,508506,59565376.9,47086556.55215,0
2025-02-21,0.8036,0.8187,0.7501,0.7621,176129521.6,1740182399999999,138674282.64158,834305,85066959.3,67015315.4324,0
2025-02-22,0.7622,0.7845,0.7571,0.7734,70048824.6,1740268799999999,54011115.74636,335421,36000182.3,27763370.41821,0
2025-02-23,0.7733,0.7883,0.7596,0.7697,68066469.6,1740355199999999,52472981.66961,288761,32363197.4,24948392.48777,0
2025-02-24,0.7698,0.7774,0.67,0.6816,187852768.2,1740441599999999,135106086.4304,889937,87039729.1,62641125.58661,0
2025-02-25,0.6816,0.695,0.6302,0.6832,314619948.7,1740527999999999,208447374.60304,1522187,154362562.9,102370376.33253,0
2025-02-26,0.6832,0.6954,0.6312,0.6474,188683060.2,1740614399999999,125658919.32353,769375,88044466.6,58600990.36696,0
2025-02-27,0.6475,0.6798,0.6263,0.6451,119338095.8,1740700799999999,78277715.32011,545748,59986670.7,39326623.21934,0
2025-02-28,0.6451,0.6466,0.5801,0.6328,258110432.8,1740787199999999,157733442.35881,987218,121784929.1,74451895.93544,0
2025-03-01,0.6328,0.677,0.6252,0.6593,101845318.3,1740873599999999,65804740.21261,367448,49201149.7,31788114.91793,0
2025-03-02,0.6593,1.1488,0.645,1.135,1462027409.9,1740959999999999,1411488435.46581,4254021,752590299.9,727895658.1895101,0
2025-03-03,1.1349,1.1747,0.8228,0.8578,1410346466.6,1741046399999999,1367524113.78779,4377602,684537368.1,664754886.93781,0
2025-03-04,0.8577,0.9562,0.7576,0.9409,1103033777.6,1741132799999999,934759235.9205,3541324,552628368.6,468989369.61309,0
2025-03-05,0.9409,1.0278,0.9136,0.9741,684542897.2,1741219199999999,660407721.26487,2449251,347110827.9,335142993.4501,0
2025-03-06,0.9741,0.9886,0.8854,0.9065,426709138.1,1741305599999999,398596834.42932,1636895,206236499.5,192804587.73686,0
2025-03-07,0.9065,0.9206,0.8064,0.8181,789791963.0,1741391999999999,673088216.47782,2184983,376338843.4,320890196.19399,0
2025-03-08,0.818,0.8392,0.7931,0.8052,195763913.6,1741478399999999,159605847.88112,688923,93529135.2,76273951.89005,0
2025-03-09,0.8052,0.8176,0.709,0.7215,341584369.9,1741564799999999,260339574.1213,1031830,157507135.3,120027927.78526,0
2025-03-10,0.7216,0.7786,0.6582,0.6712,452130529.1,1741651199999999,323089305.81462,1317110,220018648.7,157376532.28983,0
2025-03-11,0.6711,0.7444,0.6471,0.7241,418368477.7,1741737599999999,296781875.96069,1162699,206495802.8,146675547.72699,0
2025-03-12,0.724,0.77,0.7111,0.736,272406998.1,1741823999999999,200223311.07232,864442,135729391.1,99800356.9291,0
2025-03-13,0.736,0.742,0.6909,0.703,264883435.2,1741910399999999,189638937.81745,605768,132173563.8,94639149.50096,0
2025-03-14,0.703,0.7514,0.6963,0.7373,200723012.3,1741996799999999,145727761.99987,437237,99462101.1,72217238.3285,0
2025-03-15,0.7372,0.7594,0.7309,0.7468,134638523.2,1742083199999999,100365735.53095,329027,65609118.1,48925496.14098,0
2025-03-16,0.7468,0.7473,0.6936,0.7049,166304049.4,1742169599999999,118795815.53379,429300,81404215.2,58121672.95997,0
2025-03-17,0.7049,0.732,0.7024,0.7175,124793194.3,1742255999999999,89824162.17278,358239,60520641.0,43566904.30067,0
2025-03-18,0.7175,0.7184,0.6816,0.7017,124187049.1,1742342399999999,86693445.56522,332412,60138039.9,41986219.15416,0
2025-03-19,0.7017,0.747,0.7003,0.7436,203333627.3,1742428799999999,148107888.31596,540518,97451210.2,71005433.92339,0
2025-03-20,0.7436,0.7554,0.712,0.718,163787969.9,1742515199999999,119745737.81105,396576,78220742.1,57226650.13167,0
2025-03-21,0.7179,0.7277,0.7006,0.705,99337577.7,1742601599999999,70699720.90876,264566,47682624.8,33943797.057,0
2025-03-22,0.705,0.7161,0.6971,0.7014,58014666.0,1742687999999999,40980448.4051,170194,27712590.3,19581946.884,0
2025-03-23,0.7015,0.716,0.6917,0.7107,83791747.2,1742774399999999,59185865.93141,296671,41519623.5,29351467.37387,0
2025-03-24,0.7106,0.7452,0.7055,0.732,164891536.5,1742860799999999,120039658.61984,376989,82873350.1,60337328.66075,0
2025-03-25,0.732,0.7666,0.7209,0.7448,191707229.1,1742947199999999,143354609.53041,442665,97190577.5,72691633.6981,0
2025-03-26,0.7447,0.7744,0.7197,0.7287,166873889.6,1743033599999999,125009779.06008,385185,76442358.3,57282185.32094,0
2025-03-27,0.7288,0.7444,0.7209,0.7381,78374162.9,1743119999999999,57646931.93526,237055,38351223.0,28217283.80929,0
2025-03-28,0.7381,0.7465,0.6895,0.7062,140942745.6,1743206399999999,99880337.63729,338942,64647201.8,45772407.3391,0
2025-03-29,0.7062,0.7122,0.6588,0.6732,104353465.2,1743292799999999,70728077.73035,291770,49927120.7,33830881.97695,0
2025-03-30,0.6733,0.6877,0.6512,0.6612,73774230.6,1743379199999999,49517938.52411,246971,34996607.7,23486827.35083,0
2025-03-31,0.6613,0.6655,0.6296,0.6618,126559978.9,1743465599999999,82455100.44599,397861,63616105.1,41453248.68108,0
2025-04-01,0.6618,0.6949,0.6577,0.677,106364321.5,1743551999999999,72012531.61113,313155,52182780.9,35331514.96916,0
2025-04-02,0.6771,0.7098,0.6348,0.64,168146368.6,1743638399999999,113932397.93491,520332,81829429.8,55521605.73886,0
2025-04-03,0.64,0.6576,0.613,0.6508,114219073.8,1743724799999999,72816786.96394,363102,55258276.4,35267653.70124,0
2025-04-04,0.6509,0.6717,0.6275,0.6603,126446033.5,1743811199999999,82513900.40815,382720,63090022.2,41183652.60803,0
2025-04-05,0.6603,0.6675,0.6448,0.6547,43762918.6,1743897599999999,28674560.89888,133525,21409678.5,14026652.92377,0
2025-04-06,0.6547,0.6553,0.5597,0.5737,166216469.9,1743983999999999,100114842.79883,469365,77762937.9,46838538.12177,0
2025-04-07,0.5737,0.6055,0.511,0.5864,419069987.9,1744070399999999,233993860.9905,985451,204579796.2,114392205.71695,0
2025-04-08,0.5863,0.6201,0.5528,0.5583,238977888.4,1744156799999999,140376776.13991,545644,116997656.7,68758672.29649,0
2025-04-09,0.5583,0.6464,0.5366,0.6315,327515064.6,1744243199999999,193514203.94054,564483,164508724.0,97229337.2639,0
2025-04-10,0.6315,0.6338,0.5857,0.6094,159599767.0,1744329599999999,97760667.94915,321380,78078705.8,47776014.84996,0
2025-04-11,0.6094,0.645,0.6059,0.6239,152727364.8,1744415999999999,95660548.13439,298083,76671620.4,48042686.50243,0
2025-04-12,0.6239,0.6675,0.617,0.6595,115874420.3,1744502399999999,74989055.19792,291188,57369562.5,37129403.47325,0
2025-04-13,0.6596,0.6687,0.6301,0.6383,104410716.6,1744588799999999,67661471.89077,345697,49852581.4,32325931.4697,0
2025-04-14,0.6383,0.6575,0.6277,0.6353,117699773.5,1744675199999999,75576835.20768,363782,59602750.2,38270615.30564,0
2025-04-15,0.6353,0.6486,0.607,0.6091,143898856.8,1744761599999999,90697492.06722,320564,65697560.6,41437205.62049,0
2025-04-16,0.609,0.6245,0.5946,0.6105,126774167.2,1744847999999999,77158540.10763,349107,59257991.3,36083415.20167,0
2025-04-17,0.6106,0.6299,0.6088,0.6167,70142773.4,1744934399999999,43465213.99385,202175,33101297.2,20517568.70613,0
2025-04-18,0.6169,0.632,0.6104,0.6275,55674804.9,1745020799999999,34564811.69458,141516,27785848.6,17249201.99257,0
2025-04-19,0.6276,0.6349,0.6191,0.6282,42619558.8,1745107199999999,26778635.77132,114533,19814319.8,12450764.21862,0
2025-04-20,0.6282,0.6348,0.6095,0.6202,50246835.4,1745193599999999,31191890.7986,129056,23550267.5,14622683.26515,0
2025-04-21,0.6203,0.6507,0.6159,0.6242,113722683.3,1745279999999999,72235526.83227,289831,55397333.0,35179383.34019,0
2025-04-22,0.6241,0.685,0.6153,0.6794,143341355.5,1745366399999999,93428819.18997,353122,74104574.1,48331856.41265,0
2025-04-23,0.6794,0.7183,0.6774,0.6977,159614226.0,1745452799999999,111432322.64062,407938,76315413.5,53294589.28138,0
2025-04-24,0.6978,0.746,0.6701,0.7219,171690319.8,1745539199999999,122204212.89687,412572,85475087.6,60866740.85667,0
2025-04-25,0.722,0.7331,0.7019,0.7135,150864406.0,1745625599999999,108219560.19004,393385,76488058.3,54890753.19563,0
2025-04-26,0.7135,0.7344,0.6996,0.707,98567156.4,1745711999999999,70618731.0,246805,49557120.0,35528289.91517,0
2025-04-27,0.707,0.7185,0.6907,0.7032,82135355.9,1745798399999999,57661597.92464,260075,39873895.4,28001270.22108,0
2025-04-28,0.7033,0.729,0.6821,0.7056,148303185.8,1745884799999999,104331236.54364,385904,71469565.7,50328719.31667,0
2025-04-29,0.7057,0.7181,0.6888,0.6958,144681664.2,1745971199999999,102458146.58677,311429,70731949.5,50116118.16,0
2025-04-30,0.6957,0.7037,0.6647,0.6816,97477142.0,1746057599999999,66716855.23126,256309,45858267.6,31382115.70536,0
2025-05-01,0.6816,0.7146,0.6814,0.705,85930672.3,1746143999999999,60296755.56027,231221,43785597.8,30724428.69114,0
2025-05-02,0.705,0.7255,0.6888,0.6981,99617178.4,1746230399999999,70400459.7687,276257,47213693.9,33371589.43844,0
2025-05-03,0.6982,0.7297,0.6917,0.6995,125664048.1,1746316799999999,89479007.5903,319383,64166653.5,45710088.4873,0
2025-05-04,0.6995,0.7147,0.6718,0.6762,113830422.1,1746403199999999,78686408.91985,314083,53834331.2,37232962.04564,0
2025-05-05,0.6762,0.692,0.6541,0.6622,115627149.0,1746489599999999,77361579.75511,273909,57666510.1,38582154.71748,0
2025-05-06,0.6621,0.6807,0.6426,0.6789,81419623.3,1746575999999999,53668986.40121,239320,39540113.7,26080082.5045,0
2025-05-07,0.6789,0.6892,0.655,0.6715,89497926.6,1746662399999999,60284800.34541,262327,43526622.4,29317200.33548,0
2025-05-08,0.6716,0.771,0.67,0.7693,238990032.9,1746748799999999,173217598.07426,617670,118977297.1,86164457.23528,0
2025-05-09,0.7694,0.818,0.7532,0.7774,223733227.0,1746835199999999,175253924.61107,803420,106358030.9,83326544.16102,0
2025-05-10,0.7773,0.8435,0.7704,0.8406,177651038.9,1746921599999999,143415300.86881,598657,87421654.6,70584370.36509,0
2025-05-11,0.8406,0.8466,0.7813,0.8053,131407953.5,1747007999999999,105878826.27742,490471,61861602.9,49829097.46225,0
2025-05-12,0.8054,0.8643,0.7802,0.817,250186987.8,1747094399999999,206245031.15204,818570,123204230.9,101655587.72615,0
2025-05-13,0.8169,0.8419,0.7716,0.8299,170776720.3,1747180799999999,137987596.82162,511819,80374761.0,64928729.04737,0
2025-05-14,0.83,0.8337,0.7887,0.7986,137228841.5,1747267199999999,111521590.00532,366696,68701889.9,55843843.8054,0
2025-05-15,0.7987,0.8102,0.7445,0.7624,181474078.9,1747353599999999,140156778.88252,441064,88018070.9,67993331.04094,0
2025-05-16,0.7624,0.7859,0.7505,0.7588,89428901.1,1747439999999999,69187209.20108,281130,45547508.8,35245393.73684,0
2025-05-17,0.7588,0.7814,0.7267,0.7427,127369154.9,1747526399999999,95638132.27526,358223,64476149.5,48395703.05486,0
2025-05-18,0.7428,0.7767,0.7171,0.7596,137043357.8,1747612799999999,102747560.9634,400023,67917404.9,50952960.74517,0
2025-05-19,0.7597,0.765,0.71,0.7425,121736745.6,1747699199999999,88983797.97391,351916,57822004.4,42264573.32953,0
2025-05-20,0.7426,0.7538,0.7224,0.746,94460431.4,1747785599999999,69700821.83684,293626,46338514.8,34202616.58568,0
2025-05-21,0.7461,0.7839,0.7366,0.7693,152161906.6,1747871999999999,115308417.52499,448917,76337432.5,57859835.93195,0
2025-05-22,0.7693,0.8108,0.7688,0.8093,136071438.9,1747958399999999,108182115.74625,350880,65299226.5,51923907.43149,0
2025-05-23,0.8093,0.8414,0.743,0.7471,228323410.0,1748044799999999,180963601.32664,604022,97681750.5,77390324.38807,0
2025-05-24,0.7472,0.7668,0.7409,0.7467,73357703.7,1748131199999999,55409984.26145,236065,36472620.7,27563033.75317,0
2025-05-25,0.7467,0.7604,0.7277,0.7598,80670789.5,1748217599999999,59879509.00708,285344,38766145.2,28796425.02643,0
2025-05-26,0.7598,0.7771,0.751,0.7604,79623463.0,1748303999999999,60805682.4477,252140,38439541.4,29365131.87684,0
2025-05-27,0.7604,0.7756,0.7434,0.7583,91137197.1,1748390399999999,69594192.20101,287891,45829397.9,35021301.63222,0
2025-05-28,0.7584,0.7614,0.7324,0.7476,75356290.5,1748476799999999,56486669.53706,252600,36181715.6,27134047.11342,0
2025-05-29,0.7476,0.7652,0.7194,0.7221,104471174.0,1748563199999999,77679528.53274,291904,50315647.6,37437897.90453,0
2025-05-30,0.7221,0.7281,0.6821,0.6889,174517183.6,1748649599999999,122584628.3786,404568,80825965.2,56760231.95032,0
2025-05-31,0.689,0.6952,0.6561,0.6858,111278610.9,1748735999999999,75021022.71933,315902,55722246.0,37544307.56729,0
2025-06-01,0.6858,0.688,0.6541,0.6855,92156943.0,1748822399999999,61880474.21462,245862,48169090.9,32325491.17205,0
2025-06-02,0.6854,0.6921,0.6636,0.6896,72942407.9,1748908799999999,49395407.56271,234972,35564428.1,24094187.90256,0
2025-06-03,0.6897,0.7072,0.6738,0.6837,75512318.6,1748995199999999,52218021.48704,248563,37138234.2,25690459.20485,0
2025-06-04,0.6837,0.7027,0.662,0.6654,71491826.6,1749081599999999,48905399.91903,247152,32900455.6,22520917.8475,0
2025-06-05,0.6654,0.6899,0.6186,0.6256,145639972.6,1749167999999999,94703950.38161,387988,72709901.6,47224350.73684,0
2025-06-06,0.6256,0.6723,0.621,0.6554,99504658.4,1749254399999999,64764034.87276,273761,50040507.2,32591717.92403,0
2025-06-07,0.6554,0.6708,0.6494,0.6645,52653743.0,1749340799999999,34951078.82232,128054,25530388.9,16953471.39069,0
2025-06-08,0.6645,0.6796,0.6517,0.6703,73152581.7,1749427199999999,48769745.91142,187305,36210908.0,24150822.7852,0
2025-06-09,0.6703,0.708,0.6565,0.7049,99192245.2,1749513599999999,67351121.01181,228460,50883221.3,34604488.89723,0
2025-06-10,0.705,0.7206,0.6859,0.7167,146832550.3,1749599999999999,103406010.20756,353212,72643885.4,51165599.46912,0
2025-06-11,0.7167,0.7315,0.6909,0.698,113621215.0,1749686399999999,81320676.73412,284598,52962538.2,37938698.4896,0
2025-06-12,0.6979,0.7003,0.6569,0.6613,99094622.1,1749772799999999,67245294.60862,246980,46277016.7,31457475.741,0
2025-06-13,0.6613,0.6614,0.6174,0.642,180308681.7,1749859199999999,114227561.42233,421022,86283744.7,54670644.27138,0
2025-06-14,0.6421,0.6428,0.6131,0.6247,57750191.8,1749945599999999,36385016.6694,137522,28097695.9,17699245.80091,0
2025-06-15,0.6247,0.6359,0.6208,0.6334,44666279.5,1750031999999999,28093026.33676,111752,23000871.8,14469956.72283,0
2025-06-16,0.6333,0.6575,0.6247,0.6303,99602152.2,1750118399999999,64255041.15464,230737,46813593.3,30218485.9629,0
2025-06-17,0.6302,0.6426,0.5998,0.609,110370304.8,1750204799999999,68473477.3862,280961,49640956.5,30830306.2097,0
2025-06-18,0.609,0.6217,0.588,0.6039,120946782.8,1750291199999999,72821096.55738,310075,52066549.0,31364486.33535,0
2025-06-19,0.604,0.6117,0.5898,0.602,69309415.7,1750377599999999,41632721.26293,177616,30297780.8,18206272.72084,0
2025-06-20,0.6021,0.6071,0.5613,0.5774,140958123.2,1750463999999999,82324466.0219,287110,62249012.8,36348762.33483,0
2025-06-21,0.5775,0.5882,0.5443,0.5561,140946671.2,1750550399999999,80131680.49216,283960,61302039.7,34859696.41879,0
2025-06-22,0.5562,0.5642,0.51,0.5419,254432354.9,1750636799999999,136603457.16723,461825,121168274.9,65069375.19644,0
2025-06-23,0.5419,0.5862,0.5289,0.5823,214940626.1,1750723199999999,119108968.50695,428594,103593894.7,57450091.33709,0
2025-06-24,0.5823,0.5936,0.5762,0.5875,148093981.2,1750809599999999,86538716.27419,285800,66302166.6,38744446.94813,0
2025-06-25,0.5875,0.5907,0.5631,0.5671,106514611.1,1750895999999999,61350103.14402,225158,47624096.9,27447965.59119,0
2025-06-26,0.5671,0.5819,0.5498,0.5543,101834511.0,1750982399999999,57309204.39403,225458,45681435.6,25729974.62183,0
2025-06-27,0.5544,0.5633,0.545,0.5587,80562142.4,1751068799999999,44656696.47917,175834,33100416.6,18362194.10065,0
2025-06-28,0.5586,0.5688,0.5554,0.5654,60272689.6,1751155199999999,33873566.67376,103394,27126660.9,15242292.67889,0
2025-06-29,0.5654,0.5857,0.555,0.5773,103251178.3,1751241599999999,58496308.09829,177795,48889911.5,27719232.10021,0
2025-06-30,0.5773,0.5905,0.5561,0.5722,113245597.3,1751327999999999,64727221.53763,230147,54955991.1,31430616.65101,0
2025-07-01,0.5722,0.5765,0.5366,0.542,122582583.1,1751414399999999,67859772.75825,225007,57362020.0,31778683.80461,0
2025-07-02,0.542,0.5998,0.5387,0.584,185381208.3,1751500799999999,107307595.68072,300621,88015351.5,50904553.45209,0
2025-07-03,0.584,0.6119,0.5827,0.5992,113126506.8,1751587199999999,67774049.97046,243376,54835057.3,32856956.60863,0
2025-07-04,0.5992,0.6034,0.5629,0.5724,84798877.1,1751673599999999,49123867.65846,188445,39586986.8,22915460.86,0
2025-07-05,0.5725,0.5835,0.5687,0.5755,35696806.4,1751759999999999,20554975.26339,91220,17780051.3,10231348.1239,0
2025-07-06,0.5756,0.5931,0.5707,0.5858,54435116.4,1751846399999999,31717884.86786,124379,28685328.9,16706684.14826,0
2025-07-07,0.5858,0.5947,0.5734,0.5805,79484536.9,1751932799999999,46433077.37291,171839,37488232.5,21912598.08699,0
2025-07-08,0.5806,0.5921,0.5722,0.5884,72621236.5,1752019199999999,42273682.95172,140692,36164607.5,21047136.45074,0
2025-07-09,0.5883,0.6281,0.584,0.6227,148070206.3,1752105599999999,90250880.5708,288947,74702071.9,45553077.09256,0
2025-07-10,0.6227,0.6803,0.6173,0.6775,157102169.2,1752191999999999,101200924.34153,371273,77906433.5,50209747.92042,0
2025-07-11,0.6776,0.7774,0.6681,0.7094,422407397.0,1752278399999999,306272613.87385,994423,199920350.8,145072465.11877,0
2025-07-12,0.7094,0.7371,0.6884,0.7089,168298372.1,1752364799999999,120239651.43366,431460,80602339.8,57637819.89882,0
2025-07-13,0.7089,0.7562,0.7052,0.7367,215053184.2,1752451199999999,158390538.75648,512235,106939184.7,78784665.50804,0
2025-07-14,0.7368,0.7683,0.7212,0.7352,236796029.0,1752537599999999,177328824.70904,557340,118276990.4,88578563.93536,0
2025-07-15,0.7352,0.7495,0.7105,0.7466,193798144.0,1752623999999999,141051229.02586,448277,94492487.8,68787817.92681,0
2025-07-16,0.7467,0.7849,0.7327,0.7644,193963182.7,1752710399999999,147055462.63542,435014,94632292.8,71812177.71078,0
2025-07-17,0.7645,0.8386,0.7401,0.8216,358854772.5,1752796799999999,287022804.90998,823242,178948251.4,143194508.68517,0
2025-07-18,0.8216,0.8955,0.7959,0.8158,392945944.3,1752883199999999,333173065.39475,979297,198716289.0,168633283.90048,0
2025-07-19,0.8159,0.8372,0.8017,0.8298,111106231.9,1752969599999999,91600048.2994,326188,56398962.2,46509373.21125,0
2025-07-20,0.8298,0.8786,0.823,0.858,225868721.3,1753055999999999,192998386.404,568960,111499209.3,95273987.0091,0
2025-07-21,0.858,0.9373,0.8415,0.8891,339104770.6,1753142399999999,303749095.31385,870390,172652113.6,154747346.8461,0
2025-07-22,0.889,0.9096,0.8526,0.9034,280731632.2,1753228799999999,246619451.7309,607883,143510224.1,126100926.83238,0
2025-07-23,0.9035,0.9037,0.7857,0.816,280523266.3,1753315199999999,233096990.7672,702835,128530663.4,106754328.23754,0
2025-07-24,0.816,0.8381,0.7613,0.806,300916507.2,1753401599999999,242542914.00891,600480,142743768.7,115244516.93942,0
2025-07-25,0.8059,0.8187,0.7747,0.8158,184839066.1,1753487999999999,147497050.36198,425556,87315667.9,69722346.70671,0
2025-07-26,0.8158,0.8387,0.8119,0.8198,104439376.7,1753574399999999,86277163.12952,230377,46641184.6,38540996.30083,0
2025-07-27,0.8198,0.8394,0.8141,0.832,115390984.0,1753660799999999,95312357.07786,290810,54042822.9,44650540.75711,0
2025-07-28,0.832,0.8559,0.786,0.7932,176220336.4,1753747199999999,144410850.28553,462124,82189639.4,67454133.31482,0
2025-07-29,0.7932,0.8099,0.7694,0.7828,126191748.8,1753833599999999,99482838.62699,286759,60406804.9,47634600.00632,0
2025-07-30,0.7829,0.7898,0.7301,0.7634,180444777.0,1753919999999999,137883255.39806,363719,83227496.8,63574447.80555,0
2025-07-31,0.7633,0.7893,0.7356,0.7392,135816550.6,1754006399999999,104006783.12023,286467,67431501.7,51640154.59463,0
2025-08-01,0.7392,0.7413,0.6962,0.7141,208847677.1,1754092799999999,151021709.41869,545579,100100456.5,72437351.8307,0
2025-08-02,0.7141,0.7278,0.6842,0.6975,128892289.5,1754179199999999,90901900.6619,334472,62110873.2,43796011.74427,0
2025-08-03,0.6975,0.731,0.6869,0.727,100572763.3,1754265599999999,72206730.37647,203113,53358079.4,38327223.43703,0
2025-08-04,0.7271,0.7591,0.7251,0.7549,109468445.8,1754351999999999,81345099.99729,270924,57340413.3,42615611.2833,0
2025-08-05,0.755,0.7601,0.7134,0.7258,116108835.0,1754438399999999,85668441.33607,320412,57004691.8,42078013.97767,0
2025-08-06,0.7258,0.748,0.7107,0.7413,80620550.6,1754524799999999,58786104.01552,216808,43039580.5,31400734.23881,0
2025-08-07,0.7413,0.7884,0.734,0.7874,145327737.2,1754611199999999,110474718.85162,306473,73846374.4,56147260.29291,0
2025-08-08,0.7874,0.8069,0.7759,0.7911,159518548.4,1754697599999999,126435892.71956,482605,77222638.8,61208193.61298,0
2025-08-09,0.7912,0.8212,0.7898,0.8029,126981193.8,1754783999999999,102771262.68502,337459,63502933.3,51406723.7106,0
2025-08-10,0.8029,0.8344,0.7844,0.8014,135582385.7,1754870399999999,109344083.59081,343203,64421408.7,51959953.96543,0
2025-08-11,0.8015,0.8338,0.7662,0.7728,197965368.1,1754956799999999,159056611.52759,454163,96606691.5,77584760.78662,0
2025-08-12,0.7727,0.8579,0.7658,0.8411,268542746.8,1755043199999999,218538079.46197,522373,133967049.4,108727656.72345,0
2025-08-13,0.8411,0.922,0.8334,0.9042,291140557.0,1755129599999999,254250688.42425,667162,149687887.9,130788942.90209,0
2025-08-14,0.9042,1.0193,0.8781,0.9258,901874210.3,1755215999999999,855583262.06558,1855779,453298252.0,429589091.93231,0
2025-08-15,0.9257,0.9643,0.9107,0.9453,417689026.4,1755302399999999,391712140.52648,1049390,215778420.8,202436281.9981,0
2025-08-16,0.9452,0.9777,0.9011,0.9211,283543709.0,1755388799999999,264574214.43787,626961,142663534.4,133063665.17655,0
2025-08-17,0.9211,0.9878,0.9045,0.9609,235922207.4,1755475199999999,225561030.03836,672125,122832759.2,117467756.77423,0
2025-08-18,0.961,0.9683,0.8877,0.9236,274717771.5,1755561599999999,252068831.48216,719429,127068115.3,116736692.63793,0
2025-08-19,0.9235,0.9597,0.8437,0.8464,361169288.2,1755647999999999,325420035.48239,944753,175363350.5,158653995.00766,0
2025-08-20,0.8464,0.8925,0.8371,0.8808,272793278.7,1755734399999999,234971153.3683,641761,137721118.9,118642823.8012,0
2025-08-21,0.8809,0.8926,0.8466,0.8519,147306956.5,1755820799999999,128195308.43577,397538,67500434.8,58764581.92409,0
2025-08-22,0.8519,0.9426,0.8218,0.9314,373507351.1,1755907199999999,333139583.00386,829262,187711228.5,167495803.97052,0
2025-08-23,0.9315,0.939,0.8912,0.9143,163214429.0,1755993599999999,149462344.27772,472918,78808532.6,72161475.74981,0
2025-08-24,0.9142,0.9643,0.8881,0.909,255530384.5,1756079999999999,234691051.8173,661662,126283668.7,116069846.1,0
2025-08-25,0.909,0.9284,0.8297,0.8371,297471294.0,1756166399999999,260403708.36823,787480,135014779.4,118269652.72248,0
2025-08-26,0.8372,0.8748,0.8267,0.8663,160655800.8,1756252799999999,136290096.98298,418621,78380499.0,66508864.86204,0
2025-08-27,0.8663,0.8784,0.8469,0.8509,157523208.3,1756339199999999,136010978.38542,400395,78218039.4,67542654.58641,0
2025-08-28,0.8509,0.8799,0.8417,0.8576,132011383.5,1756425599999999,113746185.28428,299384,64005061.6,55182440.00403,0
2025-08-29,0.8576,0.8664,0.81,0.8266,201342974.0,1756511999999999,167327202.38261,449796,94362467.9,78428574.90977,0
2025-08-30,0.8266,0.8444,0.8054,0.8224,81522223.5,1756598399999999,67161034.42052,193717,38618446.7,31807380.44059,0
2025-08-31,0.8225,0.838,0.8094,0.8113,70084168.9,1756684799999999,57846590.66976,162783,34143714.6,28183327.28832,0
2025-09-01,0.8112,0.8452,0.7818,0.8014,201302131.6,1756771199999999,163843430.84751,452028,99073557.7,80698429.81456,0
2025-09-02,0.8015,0.8356,0.798,0.8349,141486947.7,1756857599999999,115753665.51326,323184,68097871.7,55736002.68033,0
2025-09-03,0.8348,0.8437,0.826,0.8366,85339868.5,1756943999999999,71282605.57118,208319,43451408.4,36297830.91303,0
2025-09-04,0.8367,0.8418,0.8026,0.8093,85090122.5,1757030399999999,69554723.97477,196738,39102345.0,31972787.0333,0
2025-09-05,0.8093,0.85,0.8046,0.8307,129834408.2,1757116799999999,107860850.50161,272985,61336578.4,50954372.48831,0
2025-09-06,0.8306,0.836,0.8143,0.8184,46572139.5,1757203199999999,38379685.7848,110956,22134779.1,18247918.94465,0
2025-09-07,0.8185,0.8418,0.818,0.8351,64778457.0,1757289599999999,53796954.73464,130898,33172801.3,27552280.57685,0
2025-09-08,0.8351,0.8692,0.83,0.8651,133401128.5,1757375999999999,113935806.97612,293975,65244603.3,55700869.16309,0
2025-09-09,0.8651,0.8947,0.8525,0.8652,187181932.9,1757462399999999,163689793.94283,356822,89301072.4,78100118.55651,0
2025-09-10,0.8653,0.8967,0.8596,0.8854,108953413.3,1757548799999999,96089954.08914,267798,52028042.7,45883623.60902,0
2025-09-11,0.8854,0.8981,0.8658,0.8939,118050138.7,1757635199999999,104284436.24838,260108,57376871.5,50699184.22086,0
2025-09-12,0.894,0.9181,0.8825,0.9169,146458617.0,1757721599999999,131918270.09136,318128,75136697.0,67713985.9298,0
2025-09-13,0.917,0.954,0.9143,0.9294,207628746.0,1757807999999999,194032275.92095,441435,98331681.3,91857849.61881,0
2025-09-14,0.9294,0.9313,0.8792,0.8879,106703822.7,1757894399999999,96200259.31928,296360,52279587.1,47100569.12421,0
2025-09-15,0.8878,0.9025,0.8524,0.8632,155293426.6,1757980799999999,134923420.94271,349594,77037899.4,66933441.29183,0
2025-09-16,0.8631,0.8841,0.853,0.8803,92067486.3,1758067199999999,79972991.52211,213894,46521440.7,40408088.03382,0
2025-09-17,0.8803,0.9197,0.8608,0.9138,154733412.9,1758153599999999,136309028.5734,346511,75411520.9,66492686.76616,0
2025-09-18,0.9138,0.9386,0.8996,0.9244,163637205.2,1758239999999999,150424356.85432,374606,86259838.2,79310650.61163,0
2025-09-19,0.9244,0.9378,0.8855,0.8904,130832798.9,1758326399999999,118813292.35069,317132,62856011.0,57111776.48041,0
2025-09-20,0.8904,0.9065,0.8871,0.8931,52678149.5,1758412799999999,47179296.81544,141538,26926761.2,24121347.71992,0
2025-09-21,0.8931,0.9026,0.875,0.884,64617792.0,1758499199999999,57347753.93067,172337,31673466.0,28119624.26234,0
2025-09-22,0.8841,0.8877,0.7873,0.8256,262158405.5,1758585599999999,217134354.18643,601243,124610923.7,103225200.55524,0
2025-09-23,0.8257,0.8295,0.803,0.806,93154647.2,1758671999999999,76275482.1838,225780,48559439.5,39771984.54885,0
2025-09-24,0.806,0.8304,0.7901,0.8127,95855704.9,1758758399999999,77901958.22156,222877,47390049.4,38543399.25049,0
2025-09-25,0.8128,0.8144,0.7542,0.7637,212139193.9,1758844799999999,166051432.2349,486226,96291526.3,75339140.58555,0
2025-09-26,0.7637,0.7964,0.7576,0.7919,102424850.1,1758931199999999,79479283.54222,291032,50775932.9,39400213.76971,0
2025-09-27,0.7918,0.7941,0.7766,0.7809,38304292.5,1759017599999999,30053867.05413,111945,18406567.0,14443250.8507,0
2025-09-28,0.781,0.8119,0.7645,0.8086,60982333.7,1759103999999999,47827749.59335,157610,30786348.5,24157536.03072,0
2025-09-29,0.8086,0.8161,0.788,0.8061,84007858.7,1759190399999999,67503838.68653,215664,39405376.8,31667141.35117,0
2025-09-30,0.806,0.8132,0.7781,0.8072,88758520.5,1759276799999999,70666660.29203,223227,41897718.1,33379272.59793,0
2025-10-01,0.8073,0.8512,0.7968,0.8508,132642239.2,1759363199999999,109961676.29891,300468,70536862.4,58480135.78907,0
2025-10-02,0.8508,0.8778,0.8361,0.8706,134137531.5,1759449599999999,115025341.1496,293982,63686479.8,54632035.98858,0
2025-10-03,0.8706,0.8924,0.8482,0.8655,133631604.9,1759535999999999,115850123.01259,325596,67188497.2,58260650.34122,0
2025-10-04,0.8655,0.8688,0.8331,0.8395,71672443.0,1759622399999999,60644278.02963,182939,33927022.6,28716551.29928,0
2025-10-05,0.8395,0.8826,0.8269,0.8371,149427053.9,1759708799999999,128077109.02901,353333,67003048.2,57333669.00979,0
2025-10-06,0.8372,0.881,0.8317,0.8715,171579610.4,1759795199999999,147791024.21619,432771,77275179.7,66499992.96379,0
2025-10-07,0.8716,0.878,0.817,0.8198,170785500.2,1759881599999999,144193977.98588,457001,80278933.0,67823002.85577,0
2025-10-08,0.8199,0.8515,0.8079,0.8387,109616497.8,1759967999999999,90506719.9396,298444,52387099.8,43258984.99287,0
2025-10-09,0.8387,0.8396,0.7939,0.8152,125624051.5,1760054399999999,101900553.35673,321463,60403461.9,49004282.09189,0
2025-10-10,0.8152,0.8242,0.2737,0.6353,787201148.9,1760140799999999,502238104.0074,1982326,373021804.1,238001284.4827,0
2025-10-11,0.6353,0.6832,0.6092,0.6316,419734212.7,1760227199999999,271812426.57164,1063252,200511268.7,129703477.46803,0
2025-10-12,0.6316,0.7095,0.6176,0.7,210806749.0,1760313599999999,140770994.4996,585637,106376072.3,71109176.77993,0
2025-10-13,0.7001,0.736,0.6917,0.7284,243460738.8,1760399999999999,173815405.54666,599989,121600278.6,86866388.561,0
2025-10-14,0.7284,0.7334,0.6619,0.6989,291031627.6,1760486399999999,200675930.38782,604615,140345797.1,96765506.50936,0
2025-10-15,0.6988,0.716,0.6575,0.6684,160075781.5,1760572799999999,109763444.61667,348814,79328671.9,54412776.60209,0
2025-10-16,0.6685,0.6847,0.6332,0.6453,200052556.0,1760659199999999,132024592.40807,469081,92433349.6,61028789.50663,0
2025-10-17,0.6452,0.656,0.5923,0.6245,268779633.7,1760745599999999,166365589.68063,601782,132396759.2,81899140.75945,0
2025-10-18,0.6246,0.6409,0.623,0.6343,59384501.9,1760831999999999,37556030.39037,185805,30003936.9,18978305.91456,0
2025-10-19,0.6342,0.6652,0.6225,0.6528,109620437.0,1760918399999999,70799713.30671,306128,55095996.2,35596211.11657,0
2025-10-20,0.6527,0.676,0.6391,0.6625,144735122.7,1761004799999999,95958784.82134,369091,71641527.9,47517187.25653,0
2025-10-21,0.6626,0.6855,0.6369,0.6428,154145939.3,1761091199999999,101610812.65437,461408,73484806.1,48455253.45221,0
2025-10-22,0.6428,0.6468,0.6061,0.6238,155613632.5,1761177599999999,98127241.52799,404301,76364691.1,48179498.1232,0
2025-10-23,0.6238,0.654,0.6227,0.6428,93548863.2,1761263999999999,59800155.24974,241871,46464489.8,29702421.77772,0
2025-10-24,0.6429,0.6643,0.6387,0.656,99367742.5,1761350399999999,64664283.95758,235893,47146328.8,30688969.01806,0
2025-10-25,0.6559,0.6595,0.648,0.6542,40616598.0,1761436799999999,26591183.82143,110024,18970108.6,12420820.93565,0
2025-10-26,0.6542,0.6884,0.6466,0.6812,92318117.5,1761523199999999,61960619.84128,209393,47793614.0,32087893.7515,0
2025-10-27,0.6812,0.6938,0.6634,0.667,95122618.6,1761609599999999,64538722.15919,290163,48686455.6,33054256.8297,0
2025-10-28,0.6669,0.6755,0.6359,0.6459,116651079.9,1761695999999999,76822085.04456,346717,54870764.2,36148836.5289,0
2025-10-29,0.6459,0.6604,0.6252,0.6401,139267473.1,1761782399999999,89836489.08435,394420,68359674.2,44104130.95076,0
2025-10-30,0.6401,0.6486,0.5864,0.6016,164661705.0,1761868799999999,101095505.94278,489973,81473673.1,50040791.81496,0
2025-10-31,0.6016,0.62,0.5978,0.6091,99474430.0,1761955199999999,60697462.42945,266558,50467165.6,30805254.05872,0
2025-11-01,0.6091,0.6178,0.6033,0.6128,44683725.3,1762041599999999,27299676.49931,142445,20870284.6,12759524.0923,0
2025-11-02,0.6129,0.6189,0.5922,0.6106,53815345.4,1762127999999999,32610059.85726,175365,26340426.3,15968376.30174,0
2025-11-03,0.6105,0.6122,0.5259,0.5528,237564733.8,1762214399999999,133847447.78696,555675,109671519.3,61737404.49248,0
2025-11-04,0.5529,0.5633,0.4898,0.5208,336980946.9,1762300799999999,177769616.49424,865592,161232853.7,85116837.91213,0
2025-11-05,0.5208,0.5503,0.4947,0.5453,165359661.8,1762387199999999,87942350.89913,442111,83348528.2,44358679.89991,0
2025-11-06,0.5453,0.5456,0.5168,0.5318,121971447.1,1762473599999999,64815300.20636,332505,60000080.2,31878496.17947,0
2025-11-07,0.5319,0.5863,0.5196,0.5763,194941325.4,1762559999999999,107724772.1113,520509,100011554.2,55312123.43527,0
2025-11-08,0.5763,0.5932,0.5539,0.5688,99118952.0,1762646399999999,56981850.50436,315123,49113145.7,28267114.66288,0
2025-11-09,0.5688,0.5844,0.5478,0.579,91372351.7,1762732799999999,51879622.94747,277640,43267850.7,24606908.95482,0
2025-11-10,0.5789,0.6031,0.5737,0.5928,102827832.8,1762819199999999,60628055.60985,302099,53586102.7,31601675.46462,0
2025-11-11,0.5929,0.6069,0.5535,0.5564,115705244.7,1762905599999999,66863636.88326,327953,51262632.3,29696674.24202,0
2025-11-12,0.5565,0.5809,0.5394,0.5458,99390469.3,1762991999999999,55475904.45091,284941,50727200.5,28333297.57156,0
2025-11-13,0.5457,0.5716,0.5144,0.5298,149664298.1,1763078399999999,81336851.18705,345577,73910590.6,40123377.21901,0
2025-11-14,0.5298,0.5336,0.4901,0.4984,190803666.2,1763164799999999,97907303.59882,497150,90909366.5,46656664.29863,0
2025-11-15,0.4984,0.5154,0.4979,0.5036,109102128.6,1763251199999999,55371383.93685,223371,53330781.9,27071929.4728,0
2025-11-16,0.5035,0.5093,0.4735,0.4845,174030140.6,1763337599999999,85018166.77662,365602,80424036.5,39354081.45719,0
2025-11-17,0.4845,0.4997,0.4576,0.4663,224051283.6,1763423999999999,107563305.43848,473422,113244455.8,54396280.30299,0
2025-11-18,0.4664,0.4823,0.4562,0.4752,195617142.5,1763510399999999,91652075.41192,352998,94699073.1,44413475.60535,0
2025-11-19,0.4752,0.4775,0.4381,0.464,189011037.1,1763596799999999,86652223.29824,347817,94333124.4,43273104.24816,0
2025-11-20,0.464,0.4722,0.4288,0.4324,181640032.0,1763683199999999,81826852.96095,375063,90193640.2,40590724.94768,0
2025-11-21,0.4323,0.4397,0.3876,0.4091,451803309.8,1763769599999999,185912266.43607,711352,222372279.8,91391709.05874,0
2025-11-22,0.4091,0.4132,0.3907,0.4046,98873706.6,1763855999999999,39712161.91988,225227,49829145.4,20009708.18771,0
2025-11-23,0.4045,0.4185,0.4016,0.4085,112961442.4,1763942399999999,46465257.97333,192138,58541061.9,24085695.75175,0
2025-11-24,0.4085,0.4342,0.402,0.4276,156866959.4,1764028799999999,65336412.93517,287159,80791309.0,33666820.11376,0
2025-11-25,0.4276,0.4291,0.4046,0.4218,116535814.5,1764115199999999,48670459.49867,205573,59164039.0,24700369.66537,0
2025-11-26,0.4219,0.4373,0.4104,0.4356,94689425.9,1764201599999999,40121492.49807,192720,48314734.8,20467152.51256,0
2025-11-27,0.4357,0.439,0.4265,0.4331,69670175.5,1764287999999999,30200861.39638,142077,34775194.3,15072088.60802,0
2025-11-28,0.433,0.4371,0.4148,0.4199,102762431.4,1764374399999999,43828458.8797,202958,50736935.9,21648312.97949,0
2025-11-29,0.42,0.422,0.4114,0.4147,51363457.3,1764460799999999,21406099.99181,117413,26951086.4,11234535.28152,0
2025-11-30,0.4147,0.4274,0.4135,0.4143,62005649.0,1764547199999999,26057004.22007,126165,32435842.6,13626638.99179,0
2025-12-01,0.4142,0.4158,0.3707,0.3856,209371176.8,1764633599999999,80956509.14423,316863,104567081.4,40406200.69966,0
2025-12-02,0.3856,0.439,0.3848,0.4335,160318643.2,1764719999999999,66544223.08554,282664,80453113.7,33392172.34191,0
2025-12-03,0.4335,0.4541,0.4265,0.4499,130407203.4,1764806399999999,57344139.56575,267715,66559348.4,29282006.504,0
2025-12-04,0.45,0.4558,0.4346,0.4394,103549487.3,1764892799999999,46255836.39788,218623,48192090.2,21536295.48566,0
2025-12-05,0.4394,0.4429,0.4091,0.4157,97619818.2,1764979199999999,41594651.26241,221976,45396138.4,19353329.32016,0
2025-12-06,0.4156,0.4213,0.4099,0.4138,47479004.2,1765065599999999,19691263.17865,114024,24878726.3,10319949.13501,0
2025-12-07,0.4138,0.435,0.4057,0.4173,104457360.3,1765151999999999,43755633.52433,235125,51238323.7,21458153.23917,0
2025-12-08,0.4174,0.4414,0.4144,0.4328,105431201.3,1765238399999999,45585924.22889,242660,52301321.4,22617796.26544,0
2025-12-09,0.4328,0.4842,0.4239,0.4697,256310735.2,1765324799999999,117283518.80639,498108,137393637.7,63018827.71207,0
2025-12-10,0.4697,0.4761,0.4522,0.4536,188573523.4,1765411199999999,87551529.51621,389847,99382477.8,46151465.98073,0
2025-12-11,0.4536,0.455,0.4093,0.4255,255024361.1,1765497599999999,107775527.04225,425917,109203608.5,46226664.84458,0
2025-12-12,0.4255,0.4293,0.4035,0.4091,145597966.3,1765583999999999,60464300.84455,290519,63319979.3,26351292.60885,0
2025-12-13,0.409,0.4157,0.4061,0.4105,43464503.1,1765670399999999,17857623.1228,81009,20952941.7,8609069.7614,0
2025-12-14,0.4106,0.4116,0.3915,0.3963,93578123.8,1765756799999999,37541097.1925,146367,43856839.2,17595473.56949,0
2025-12-15,0.3963,0.4077,0.3773,0.3882,116687959.6,1765843199999999,45655042.07721,238086,56781535.8,22220521.79621,0
2025-12-16,0.3882,0.3916,0.3775,0.3859,94171731.2,1765929599999999,36239180.18219,180399,44707391.6,17219112.17299,0
2025-12-17,0.3859,0.4001,0.3639,0.3673,134900622.2,1766015999999999,51213804.74811,244563,64698601.7,24584706.7732,0
2025-12-18,0.3673,0.3794,0.3468,0.3514,154461800.5,1766102399999999,55911338.2644,272262,73608351.8,26673729.29344,0
2025-12-19,0.3513,0.3809,0.3466,0.3767,111249233.9,1766188799999999,40789742.80056,205081,56438657.0,20671593.00543,0
2025-12-20,0.3767,0.3806,0.3723,0.373,45059247.6,1766275199999999,16946228.22879,68748,21731762.3,8176959.17285,0
2025-12-21,0.3731,0.3747,0.3576,0.3662,80041766.8,1766361599999999,29280328.22649,116982,40789021.6,14923111.58544,0
2025-12-22,0.3662,0.3822,0.3619,0.3711,115017172.4,1766447999999999,42797818.70844,198079,59188615.0,22033846.94298,0
2025-12-23,0.3712,0.3744,0.3552,0.3628,87389611.9,1766534399999999,31778362.97387,141914,42971579.2,15630405.80411,0
2025-12-24,0.3629,0.3652,0.3523,0.3566,80682772.1,1766620799999999,28812615.20651,122320,37518871.7,13400202.64786,0
2025-12-25,0.3566,0.3614,0.3393,0.3434,117381757.3,1766707199999999,41418735.01194,150599,48639060.6,17175241.59932,0
2025-12-26,0.3434,0.3584,0.3418,0.3496,118134191.4,1766793599999999,41524629.46699,161056,57309089.7,20163571.95183,0
2025-12-27,0.3496,0.3711,0.3488,0.37,74514742.1,1766879999999999,26734479.57726,110402,37885479.3,13611912.65501,0
2025-12-28,0.3699,0.3771,0.3614,0.3688,89973452.1,1766966399999999,33215523.52886,131136,46318454.8,17105178.35517,0
2025-12-29,0.3689,0.3847,0.3506,0.3532,153538418.7,1767052799999999,56572640.59189,224201,80381416.4,29622952.17025,0
2025-12-30,0.3531,0.3568,0.3481,0.3514,95781881.0,1767139199999999,33773625.96686,123781,50603931.8,17850104.58457,0
2025-12-31,0.3513,0.3538,0.3294,0.3335,132046715.5,1767225599999999,45198439.72295,174900,70219149.7,24036921.75593,0
