open_time,open,high,low,close,volume,close_time,quote_volume,trades,taker_buy_base,taker_buy_quote,ignore
2020-06-15,16.5728,16.5982,15.4,16.377,1521685.21,1592265599999,24473919.621152,95145,800877.29,12889508.201067,0
2020-06-16,16.3758,16.6481,16.1562,16.4329,1614905.64,1592351999999,26479345.228743,60818,935237.65,15331332.45589,0
2020-06-17,16.4331,16.632,15.9709,16.3983,1502697.31,1592438399999,24591062.002603,64280,808849.77,13230475.803938,0
2020-06-18,16.3983,16.5423,15.8783,16.1608,1382820.87,1592524799999,22540156.403536,55749,562156.39,9180261.914511,0
2020-06-19,16.1665,16.3106,15.8966,15.9512,1324135.6,1592611199999,21271385.818115,49571,471743.42,7591732.147675,0
2020-06-20,15.9611,16.0898,15.7,16.059,1427210.22,1592697599999,22776460.301554,46408,406700.49,6492917.731201,0
2020-06-21,16.059,16.3358,15.921,15.9775,1317075.84,1592783999999,21166507.639654,42105,383925.75,6182890.571858,0
2020-06-22,15.9792,16.55,15.9499,16.5051,1706812.42,1592870399999,27776540.589516,56474,772589.38,12551133.875945,0
2020-06-23,16.5051,16.5472,16.2602,16.3898,1453306.73,1592956799999,23839966.432426,49946,590320.46,9675488.185791,0
2020-06-24,16.3898,16.6481,15.95,15.9968,1529800.3,1593043199999,24889909.655296,74620,857115.91,13963679.211339,0
2020-06-25,16.0084,16.0816,15.5,15.906,1201354.75,1593129599999,19105061.019309,59861,476127.0,7573775.257866,0
2020-06-26,15.9056,15.9996,15.5715,15.7694,1041399.0,1593215999999,16428293.389014,52275,546013.81,8621332.620603,0
2020-06-27,15.7696,15.8714,14.8,15.1242,1309335.66,1593302399999,20331918.057954,63605,519653.98,8063203.771305,0
2020-06-28,15.123,15.4944,14.9249,15.3782,1402858.96,1593388799999,21418398.753467,43845,416913.07,6358157.442419,0
2020-06-29,15.3714,15.5901,15.204,15.4656,1511856.38,1593475199999,23294081.307786,53592,706233.55,10891622.857652,0
2020-06-30,15.4674,15.5476,15.2519,15.3838,1315772.42,1593561599999,20305967.155072,40777,466642.9,7203257.120616,0
2020-07-01,15.3959,15.8888,15.3363,15.8144,1612208.19,1593647999999,25213346.757963,51459,471040.61,7342433.453914,0
2020-07-02,15.8123,15.9796,15.0743,15.3634,1399345.39,1593734399999,21887439.935344,71043,609875.02,9501341.508925,0
2020-07-03,15.364,15.488,15.2484,15.2863,1211128.83,1593820799999,18635019.695357,49275,319233.9,4911092.062645,0
2020-07-04,15.2856,15.6399,15.2239,15.5548,1319545.75,1593907199999,20357312.694258,50225,386953.32,5964417.862747,0
2020-07-05,15.5579,15.6135,15.1,15.4885,1120649.91,1593993599999,17283570.772307,56998,383286.72,5915374.535125,0
2020-07-06,15.4865,16.3496,15.4401,16.311,1606449.31,1594079999999,25364592.417103,91208,819533.62,12944168.560094,0
2020-07-07,16.312,16.8757,16.0301,16.8048,1880630.34,1594166399999,31044612.464728,132373,976029.42,16119969.56057,0
2020-07-08,16.7995,17.455,16.5683,17.2819,2271202.72,1594252799999,38799190.787738,159450,1200841.73,20504471.527908,0
2020-07-09,17.2819,17.5,16.4088,16.8274,1869273.67,1594339199999,31602020.878751,141530,971645.45,16442233.773866,0
2020-07-10,16.8278,17.331,16.4438,17.3123,2099193.57,1594425599999,35493337.168017,127050,949256.06,16051345.217945,0
2020-07-11,17.3133,17.6888,17.018,17.6205,2318005.65,1594511999999,40437763.388075,144715,1134713.38,19784526.418151,0
2020-07-12,17.6205,18.59,17.5928,18.2994,2995977.41,1594598399999,54487455.921637,179573,1555440.33,28278990.724151,0
2020-07-13,18.3036,18.9999,17.7282,18.4046,3228967.7,1594684799999,59615771.281561,207676,1463032.86,26984115.375136,0
2020-07-14,18.4007,18.77,17.8266,18.079,2385481.97,1594771199999,43474784.567259,167283,1151044.38,20992026.764526,0
2020-07-15,18.079,18.1538,17.4194,17.6351,1959582.73,1594857599999,34842425.382079,126220,1005890.05,17911429.632867,0
2020-07-16,17.6351,17.7618,16.5473,17.1647,2053439.44,1594943999999,35131243.13981,150330,1075450.97,18458566.715047,0
2020-07-17,17.1647,17.4825,16.9354,17.0676,1854764.1,1595030399999,32061512.83959,116734,872699.67,15091543.923591,0
2020-07-18,17.0675,17.3247,16.8122,17.1507,1687884.76,1595116799999,28863376.478105,92079,898890.68,15373765.264996,0
2020-07-19,17.1542,18.098,16.89,18.0154,2597680.63,1595203199999,45838808.72207,146972,1367473.04,24109027.910555,0
2020-07-20,18.0166,18.34,17.235,17.4645,2487505.49,1595289599999,44544637.599564,152776,1244978.55,22294093.926585,0
2020-07-21,17.4645,17.9799,17.4,17.7285,2110735.01,1595375999999,37350582.430636,121615,838681.27,14858849.862964,0
2020-07-22,17.7268,18.1151,17.45,18.09,2174379.2,1595462399999,38541658.757726,100580,881888.28,15643623.497742,0
2020-07-23,18.095,18.77,18.043,18.75,2393871.45,1595548799999,43866390.168993,137920,1353184.66,24806838.718594,0
2020-07-24,18.7508,19.55,18.235,19.1853,2790281.46,1595635199999,52627925.923414,177083,1482102.77,27979105.223939,0
2020-07-25,19.1878,20.0434,19.1451,19.8242,2956369.76,1595721599999,58227674.3389,163597,1688212.39,33282895.146919,0
2020-07-26,19.8196,20.49,19.2639,19.5557,2857739.16,1595807999999,56378423.676657,171767,1230383.72,24280592.030038,0
2020-07-27,19.5524,20.1999,18.4,19.7474,3841364.91,1595894399999,74130208.23661,254563,1890129.1,36556850.378218,0
2020-07-28,19.7489,20.6834,19.4281,20.1732,3516712.35,1595980799999,70792618.983958,208093,1974981.02,39792446.891499,0
2020-07-29,20.1692,20.4091,19.7404,19.899,2219760.2,1596067199999,44493255.130509,123472,1204942.1,24137797.608301,0
2020-07-30,19.8926,20.0995,19.5111,19.97,2052250.83,1596153599999,40761766.783253,108962,779694.22,15474643.261219,0
2020-07-31,19.97,20.855,19.9102,20.6615,2251101.21,1596239999999,46058826.375721,136334,1121529.52,22945523.25768,0
2020-08-01,20.6637,21.74,20.51,21.6168,2657942.85,1596326399999,55887870.718427,185894,1413611.64,29741524.703609,0
2020-08-02,21.6204,22.1832,19.1,20.9898,3352897.46,1596412799999,69934920.731055,224734,1633591.2,34191538.17654,0
2020-08-03,20.9899,22.5,20.7,22.0504,2668345.02,1596499199999,58090829.071236,176529,1441077.06,31304995.145159,0
2020-08-04,22.0622,22.4433,21.41,22.2818,2393749.74,1596585599999,52776394.103137,141793,1142483.35,25204779.655103,0
2020-08-05,22.2967,23.54,22.0566,23.2728,3698317.51,1596671999999,85353655.333133,231204,1850607.31,42683973.363592,0
2020-08-06,23.2685,23.315,22.5,22.7487,2442941.26,1596758399999,56050066.319069,164421,1092943.04,25094943.395931,0
2020-08-07,22.7488,22.9999,21.4515,22.3323,2770775.51,1596844799999,62149699.537839,186909,1321682.72,29671908.736182,0
2020-08-08,22.3323,22.9241,21.8571,22.9234,2408862.4,1596931199999,53994332.518485,133785,1108420.12,24755372.850688,0
2020-08-09,22.923,22.9233,22.0462,22.422,2112178.17,1597017599999,47551222.565809,137880,1020651.0,23012016.310322,0
2020-08-10,22.4224,22.77,22.0462,22.6369,2108928.42,1597103999999,47454718.9954,202648,1014428.41,22834208.291735,0
2020-08-11,22.6369,22.7306,20.66,21.2902,3211543.44,1597190399999,69760318.544251,302096,1558876.7,33875394.605663,0
2020-08-12,21.2993,21.982,20.571,21.4919,2455644.02,1597276799999,52586016.377161,209891,1227249.21,26284731.246994,0
2020-08-13,21.4919,21.856,20.64,21.7667,3079217.71,1597363199999,65454734.539757,235761,1647483.31,35012649.820934,0
2020-08-14,21.7751,23.3019,21.26,23.1047,3820214.92,1597449599999,85961407.014907,314892,1997805.66,44978362.449842,0
2020-08-15,23.0966,23.7884,22.7,23.0881,2752160.06,1597535999999,64002958.964407,223662,1343698.95,31254669.496148,0
2020-08-16,23.1045,23.779,22.7,23.529,2705823.75,1597622399999,62902908.491403,214925,1387762.54,32285427.540637,0
2020-08-17,23.5291,23.91,22.9584,23.4961,2423484.1,1597708799999,56563802.003731,187349,1186743.26,27730067.824908,0
2020-08-18,23.4868,23.78,22.333,22.9705,2531759.28,1597795199999,58722035.450273,191028,1171194.49,27173161.596348,0
2020-08-19,22.9802,23.25,21.8219,22.3761,2128074.03,1597881599999,47918443.635081,188657,1053658.79,23757135.453559,0
2020-08-20,22.3817,23.3,22.0265,23.0888,2246864.02,1597967999999,51194430.203348,157488,1014362.03,23145998.853201,0
2020-08-21,23.0909,23.32,21.5,22.0988,2493196.51,1598054399999,56307567.701161,232840,1123889.78,25376852.145067,0
2020-08-22,22.0994,22.2464,21.2814,22.2044,1892077.61,1598140799999,41544194.757966,157860,823034.04,18056598.418679,0
2020-08-23,22.201,22.2348,21.2841,21.8555,1618992.6,1598227199999,35416545.269059,121599,749405.09,16386326.550403,0
2020-08-24,21.8575,22.9746,21.6655,22.5953,1877744.04,1598313599999,42095062.815411,136433,974987.33,21839941.139964,0
2020-08-25,22.6016,22.6415,20.9805,21.3882,2271280.88,1598399999999,49614644.062294,187634,1110920.9,24303237.334296,0
2020-08-26,21.3881,22.4743,21.2651,22.1999,2500162.91,1598486399999,55294079.975605,182142,1298423.11,28717722.666999,0
2020-08-27,22.2005,23.1507,21.8064,23.1127,2927744.89,1598572799999,65738136.3832,203573,1490935.99,33489729.870659,0
2020-08-28,23.1127,23.5846,22.6158,23.0811,2545445.75,1598659199999,58714483.829457,182294,1358242.86,31329495.56924,0
2020-08-29,23.0783,23.5,22.7416,22.9398,1854485.72,1598745599999,42979076.16169,126196,793148.32,18382385.173094,0
2020-08-30,22.9441,23.83,22.9,23.6208,1908490.67,1598831999999,44494523.999081,147500,982606.55,22904567.855542,0
2020-08-31,23.625,23.9,22.967,23.1477,1767387.78,1598918399999,41283857.212099,154231,892950.7,20868103.346599,0
2020-09-01,23.1481,25.41,22.84,24.7028,4442974.1,1599004799999,105724305.34885,334047,2341120.77,55825064.03873,0
2020-09-02,24.7101,25.8262,23.1215,24.7652,5879568.29,1599091199999,145283830.860602,364240,2981958.61,73742965.687715,0
2020-09-03,24.7653,25.54,19.8765,20.3592,7231336.21,1599177599999,168929560.547917,412590,3469742.2,81382534.932678,0
2020-09-04,20.4027,21.83,19.2,20.9712,5306193.02,1599263999999,110033481.444783,281421,2625746.88,54470187.919993,0
2020-09-05,20.9995,21.5539,18.011,19.4698,4589184.15,1599350399999,89956784.050998,242523,2154245.05,42320058.946098,0
2020-09-06,19.4737,23.4418,18.5283,23.142,8105158.28,1599436799999,174973263.277279,337899,4052573.54,87461589.325262,0
2020-09-07,23.1612,23.5545,20.0,22.4426,5454222.91,1599523199999,118861938.295123,260044,2707684.0,59097388.522521,0
2020-09-08,22.4428,23.42,21.2739,23.2837,5158563.98,1599609599999,115741375.127741,292313,2605925.22,58505003.019777,0
2020-09-09,23.2745,24.5201,22.4139,24.4716,4016452.51,1599695999999,94841678.355233,234896,2047454.68,48348088.152061,0
2020-09-10,24.4847,25.67,24.0568,24.5489,4199327.55,1599782399999,103978013.813167,259800,2148993.99,53244872.332939,0
2020-09-11,24.5579,25.6969,23.0677,25.399,3622605.07,1599868799999,88276634.60726,221036,1773080.67,43215538.261204,0
2020-09-12,25.4,28.5305,25.3575,28.505,6538679.83,1599955199999,175807206.95354,369608,3236697.9,87116713.593513,0
2020-09-13,28.5044,32.4401,27.61,31.1656,10646215.66,1600041599999,324162248.740741,573503,5248337.48,159896857.120186,0
2020-09-14,31.1656,33.3888,29.0,31.2523,9039644.32,1600127999999,282868031.265543,501957,4581525.11,143394222.339487,0
2020-09-15,31.2546,31.278,26.7123,27.1181,7931354.646,1600214399999,228427870.13849887,481264,3835093.0,110470227.1737261,0
2020-09-16,27.1148,28.4724,25.82,27.8695,5777419.752,1600300799999,157849897.4035884,370735,2799616.432,76526696.9776003,0
2020-09-17,27.8539,28.83,26.05,27.095,4620518.874,1600387199999,125923630.0192624,310389,2302577.727,62757618.6660483,0
2020-09-18,27.1106,28.75,26.5708,27.629,4243135.999,1600473599999,117188169.0834446,324521,2198281.034,60780506.6630237,0
2020-09-19,27.6414,27.977,26.6591,27.2035,2431517.15,1600559999999,66209405.927378,195270,1279491.954,34846787.5760741,0
2020-09-20,27.2035,27.32,25.1247,26.316,2854262.145,1600646399999,75280239.4778047,225459,1401160.881,37012503.7639927,0
2020-09-21,26.3167,26.68,22.1,23.1232,5251422.243,1600732799999,127147745.4146961,356722,2491748.412,60473777.6525551,0
2020-09-22,23.1273,24.565,22.6666,24.0468,3289566.923,1600819199999,78154701.5056752,201274,1678875.896,39915496.3472352,0
2020-09-23,24.0468,24.3437,22.4514,22.8331,3134141.774,1600905599999,73949538.7721268,195891,1499179.854,35407523.4614373,0
2020-09-24,22.8448,24.6999,22.5661,24.5745,3284994.641,1600991999999,78161095.3881934,190772,1591178.094,37854884.034191,0
2020-09-25,24.5749,25.0799,23.7111,24.6924,2826869.589,1601078399999,69263025.7930358,192283,1615734.345,39599384.189824,0
2020-09-26,24.6925,26.4628,24.475,26.1998,3124585.621,1601164799999,79408145.0799521,190682,1558923.604,39760595.0869246,0
2020-09-27,26.1885,26.9,25.5012,26.251,2555050.062,1601251199999,67081907.1245433,202771,1321037.052,34686366.3739892,0
2020-09-28,26.2435,27.72,25.8313,26.9855,3220774.85,1601337599999,86081947.2234082,231333,1667306.995,44627881.2957208,0
2020-09-29,26.9969,29.0,26.86,28.8946,3642915.268,1601423999999,102019998.9212755,252789,1821336.581,51086801.6152707,0
2020-09-30,28.8814,29.5646,27.8813,29.2656,3106927.077,1601510399999,89130556.7427384,196831,1514194.649,43531237.1460172,0
2020-10-01,29.2696,29.3927,26.2111,27.4673,4045336.882,1601596799999,112775178.8240464,243313,1984457.406,55299236.1529016,0
2020-10-02,27.4583,28.3633,25.6652,27.3369,4141965.566,1601683199999,111875266.0506752,259960,2032718.519,54937296.7591431,0
2020-10-03,27.3338,28.3997,27.0701,28.1867,2946071.992,1601769599999,81824336.4915028,162910,1261009.303,35008658.7766765,0
2020-10-04,28.1872,29.15,27.9658,28.9668,3102597.66,1601855999999,89029435.3627163,158215,1315479.629,37707624.697312,0
2020-10-05,28.9832,29.2665,28.0687,28.6158,2268257.171,1601942399999,65226739.0045008,153121,1171594.686,33717392.2221048,0
2020-10-06,28.633,28.99,27.25,27.6812,2811072.145,1602028799999,79233644.3472898,224718,1423459.901,40154671.3891042,0
2020-10-07,27.6907,27.8965,26.8401,27.6898,2059951.007,1602115199999,56522074.4219916,168923,1057405.57,29023183.2170879,0
2020-10-08,27.6931,27.8153,26.4999,27.7424,2476236.461,1602201599999,67563734.7917341,176594,1236967.144,33760943.7639235,0
2020-10-09,27.7342,28.5368,27.4548,28.4076,2590468.083,1602287999999,72830100.2034075,181950,1357906.533,38173036.7788551,0
2020-10-10,28.398,29.2814,28.0666,28.4414,2405371.457,1602374399999,68983739.7395518,168004,1246652.415,35785574.8283303,0
2020-10-11,28.41,28.72,27.876,28.5271,2329452.666,1602460799999,66060639.207251,150757,942082.209,26719001.1860891,0
2020-10-12,28.52,31.1299,28.4338,30.6503,4364790.221,1602547199999,131244685.6815882,313690,2241385.973,67364101.6339341,0
2020-10-13,30.6503,31.7999,30.187,30.7256,3337167.877,1602633599999,103376455.255919,272993,1707199.741,52898526.7596302,0
2020-10-14,30.7256,31.33,30.3733,30.838,2472670.449,1602719999999,76148974.450635,171589,1063854.331,32773285.1856133,0
2020-10-15,30.838,31.6663,30.399,31.3256,2684900.014,1602806399999,83441987.7878503,170840,1506196.268,46852830.0173017,0
2020-10-16,31.3256,31.9798,29.5705,30.0516,2971307.367,1602892799999,90779001.7261287,218994,1430627.919,43758492.5955024,0
2020-10-17,30.051,30.564,29.6521,30.2414,1854975.623,1602979199999,56046581.6083654,101191,960389.439,29021444.7714922,0
2020-10-18,30.2423,31.0354,30.165,30.6593,2267377.317,1603065599999,69506327.3062206,120261,1236938.366,37923713.6593934,0
2020-10-19,30.6568,30.6766,29.7002,29.9107,1752644.999,1603151999999,52880539.7601399,146817,806797.927,24347358.2250505,0
2020-10-20,29.9043,30.0892,28.5,28.8227,2583242.44,1603238399999,75672316.5113656,186067,1147971.72,33599995.1708424,0
2020-10-21,28.8131,30.4074,28.6406,29.7329,2663615.889,1603324799999,78865122.0720149,202279,1398177.525,41392428.7085807,0
2020-10-22,29.7355,31.3,29.6655,30.6396,2830836.337,1603411199999,86720646.8231899,204132,1490478.566,45670760.8900087,0
2020-10-23,30.6334,31.2,30.0652,30.6377,2025854.801,1603497599999,62169451.0384786,130516,821754.998,25211488.740969,0
2020-10-24,30.6461,30.8781,30.4243,30.6639,1625502.524,1603583999999,49794483.4465404,86612,579006.811,17734607.9038578,0
2020-10-25,30.6522,30.9726,29.8805,30.128,1486538.469,1603670399999,45200159.7482249,111546,658539.912,20033815.7164314,0
2020-10-26,30.1342,31.43,29.96,31.0467,2648020.165,1603756799999,81440471.6615709,175463,1404005.072,43202523.3845278,0
2020-10-27,31.0436,32.3788,30.9,31.4826,2889326.968,1603843199999,91337221.7499318,213681,1524276.967,48188418.8585807,0
2020-10-28,31.473,31.9375,29.8,30.3338,2208604.609,1603929599999,68301209.6143729,164283,1085044.874,33621422.5164727,0
2020-10-29,30.3295,30.4272,29.47,29.8702,1977911.04,1604015999999,59517443.8081637,136168,1007348.416,30343357.1042767,0
2020-10-30,29.8696,30.2596,27.5111,28.4909,3211305.358,1604102399999,91773152.8073699,231147,1553271.738,44373300.3779826,0
2020-10-31,28.4969,28.888,28.1132,28.5058,1986140.314,1604188799999,56676023.1622222,118556,892183.602,25472029.5512662,0
2020-11-01,28.5058,28.679,28.0,28.5318,1916131.681,1604275199999,54186354.1899447,91856,804434.812,22776506.4455096,0
2020-11-02,28.5485,29.3079,27.7782,27.7983,2123599.052,1604361599999,60737427.1801497,134858,1067790.961,30578253.7579084,0
2020-11-03,27.7984,27.7984,25.7499,26.8638,2591560.855,1604447999999,69103680.171422,173479,1200696.401,32013492.4878141,0
2020-11-04,26.8722,26.97,25.9,26.96,2039985.34,1604534399999,54040159.9701983,150959,969017.788,25681575.7295765,0
2020-11-05,26.9607,27.8947,26.6601,27.6875,2396900.822,1604620799999,65625192.2818915,172414,1236813.078,33873982.5840826,0
2020-11-06,27.686,29.4692,27.6668,29.0435,2741813.969,1604707199999,78788712.4414132,215395,1462499.939,42036454.9000617,0
2020-11-07,29.0391,29.899,26.85,27.7651,3091788.824,1604793599999,88745055.8082075,259798,1494116.399,42940151.1045117,0
2020-11-08,27.7628,28.6943,27.449,28.4101,2298549.455,1604879999999,64871413.8250186,142614,1273716.715,35994212.2877209,0
2020-11-09,28.4101,28.9691,27.3461,28.0941,2148267.466,1604966399999,60645138.3246936,186163,1087354.057,30709361.7648223,0
2020-11-10,28.0836,28.488,27.6114,28.2188,2172598.769,1605052799999,61108713.3245662,155588,1121283.026,31544055.5674071,0
2020-11-11,28.2183,28.5999,27.7966,28.016,1974074.31,1605139199999,55629780.2600814,135668,955251.401,26932373.7789275,0
2020-11-12,28.0057,28.1599,27.3028,27.6874,1661489.286,1605225599999,46197453.3888555,123738,718057.954,19950089.519391,0
2020-11-13,27.7019,28.5198,27.5284,28.1974,1934234.556,1605311999999,54174977.5643055,172193,976598.264,27358363.5979179,0
2020-11-14,28.1974,28.1974,27.3684,27.9311,1503467.499,1605398399999,41716295.0042033,132361,673142.504,18666303.4211227,0
2020-11-15,27.9359,28.2332,27.07,27.6786,1442022.548,1605484799999,40116215.6090173,146356,673956.423,18754846.2427647,0
2020-11-16,27.6822,28.2202,27.4461,27.9451,1685368.835,1605571199999,46962028.7453876,172529,882365.089,24585231.7523663,0
2020-11-17,27.9588,28.8,27.9262,28.5552,2243647.205,1605657599999,63861426.3900747,207380,1181296.679,33621059.124064,0
2020-11-18,28.5552,28.838,27.5,28.0931,2220839.931,1605743999999,62538448.4686002,247361,1098227.035,30960107.1480809,0
2020-11-19,28.1049,28.3666,27.6183,28.1387,2011350.337,1605830399999,56444452.2279035,162787,893776.223,25075421.3341656,0
2020-11-20,28.1266,29.3516,28.0598,28.9715,2491336.079,1605916799999,71408453.4587546,213320,1364081.112,39042039.3225598,0
2020-11-21,28.9722,30.8,28.2955,30.5161,3160335.472,1606003199999,93653968.6634836,297019,1672370.541,49573933.2083156,0
2020-11-22,30.5168,31.12,29.0,30.0226,2842370.783,1606089599999,85423529.8039215,299851,1400117.881,42122620.504432,0
2020-11-23,30.0291,31.1,29.786,30.995,2920522.887,1606175999999,88971207.3290705,302496,1421000.982,43301805.0357508,0
2020-11-24,30.9994,35.14,30.7934,33.9407,7296367.369,1606262399999,240609850.8251635,572451,3757417.827,123960683.7018773,0
2020-11-25,33.9451,35.4338,30.439,31.2953,4589237.082,1606348799999,152462923.2455184,416580,2325880.915,77371613.145979,0
2020-11-26,31.295,31.7708,26.35,28.2356,6241853.013,1606435199999,179684915.4319223,579228,2986345.323,85941795.3593218,0
2020-11-27,28.2354,28.7175,27.2042,28.4606,2317359.795,1606521599999,65177587.3842698,241590,1218099.201,34262091.4479924,0
2020-11-28,28.4606,29.6175,27.9,29.1766,2636652.594,1606607999999,76333840.0852929,199459,1330936.195,38556482.9521749,0
2020-11-29,29.1552,30.45,28.8544,30.1045,2857702.301,1606694399999,84748920.1725558,176612,1162678.118,34388649.3257958,0
2020-11-30,30.1003,31.5999,29.723,31.4935,2978036.229,1606780799999,91534747.055381,242039,1512863.138,46472017.8179125,0
2020-12-01,31.4935,31.8875,29.17,30.1996,3139022.083,1606867199999,96681205.6214727,311551,1435299.979,44193362.4619928,0
2020-12-02,30.2003,30.9993,29.5306,30.2875,2360296.308,1606953599999,71525356.850704,191861,1165310.762,35323192.8874485,0
2020-12-03,30.2724,30.793,29.8568,30.7065,1924462.466,1607039999999,58447530.6808109,152875,822959.118,25002819.3813699,0
2020-12-04,30.7099,31.1371,28.7051,29.0231,2064574.445,1607126399999,61840679.7646827,216245,971679.158,29124178.6506524,0
2020-12-05,29.0315,30.0588,28.6588,29.728,1836870.147,1607212799999,53893876.3625983,177713,872479.239,25612862.4044572,0
2020-12-06,29.7296,30.1819,29.0124,29.5026,1330813.899,1607299199999,39419545.0689589,133765,611269.776,18111875.0669489,0
2020-12-07,29.4912,29.6685,29.06,29.37,1219543.166,1607385599999,35795857.6573833,114943,624858.115,18341832.9326417,0
2020-12-08,29.3705,29.4998,27.45,27.6705,1844102.056,1607471999999,52562094.3021941,217658,890379.541,25357260.7243902,0
2020-12-09,27.6705,28.3853,26.9244,28.1452,1635344.181,1607558399999,45454697.5386896,182482,816041.729,22689360.2938392,0
2020-12-10,28.144,28.2997,27.39,27.6926,1344683.627,1607644799999,37402211.1035569,118644,585650.619,16286547.5696264,0
2020-12-11,27.695,27.77,26.7273,27.3419,1244803.112,1607731199999,33839924.1542774,144598,607185.235,16504169.1325074,0
2020-12-12,27.349,28.23,27.2542,28.1603,1293965.518,1607817599999,36058480.5872906,112495,495849.334,13816897.5805211,0
2020-12-13,28.1603,29.2628,28.0,29.1571,1639495.816,1607903999999,47146012.390196,137327,652113.422,18732608.1141783,0
2020-12-14,29.1599,30.1884,28.6669,30.0338,2028334.088,1607990399999,59668479.1810639,200800,962144.732,28297532.85801,0
2020-12-15,30.0338,30.379,29.3069,29.5053,1624791.814,1608076799999,48398355.2235207,176586,742663.07,22136116.5203677,0
2020-12-16,29.5059,30.614,29.0265,30.5577,2161816.842,1608163199999,64494864.3794064,231879,1168336.576,34865669.0567135,0
2020-12-17,30.5524,31.5489,29.6891,30.2255,3274786.131,1608249599999,100846680.8674189,320109,1677504.006,51665049.9456326,0
2020-12-18,30.2254,31.2172,29.61,30.9882,2045326.343,1608335999999,62443342.4142675,200766,1036938.84,31665031.4038501,0
2020-12-19,30.9858,34.2307,30.8812,33.3167,4117460.293,1608422399999,134985674.648901,356909,2175383.691,71310443.4407859,0
2020-12-20,33.3018,35.69,32.5899,34.3148,4477498.818,1608508799999,153515421.8136417,346574,2400677.577,82392268.6336403,0
2020-12-21,34.3072,35.6,31.4871,32.05,4558115.88,1608595199999,152823799.8311665,387995,2262210.258,75953752.2598064,0
2020-12-22,32.05,33.8,30.4719,33.5151,3563635.673,1608681599999,115167307.8079382,359713,1769897.418,57240620.9843231,0
2020-12-23,33.5112,34.505,30.0,31.1843,3940926.442,1608767999999,128877133.6917357,431164,1953068.546,64055386.8085537,0
2020-12-24,31.1698,32.7589,30.0,32.4895,2999570.853,1608854399999,94739220.627289,317894,1510622.972,47732450.4863114,0
2020-12-25,32.4947,33.4954,31.7313,33.1996,2596272.905,1608940799999,84844896.3175845,237471,1199832.98,39215113.3603179,0
2020-12-26,33.1996,34.0495,32.51,33.6361,2418941.544,1609027199999,80768632.4381237,280678,1195320.551,39922638.2827846,0
2020-12-27,33.651,34.99,31.8601,33.674,3747872.718,1609113599999,126569474.2263928,383603,1841524.918,62195798.2273215,0
2020-12-28,33.6741,36.15,33.3105,35.951,4121783.103,1609199999999,145163638.0339237,365388,2213040.449,78000373.635263,0
2020-12-29,35.9507,39.9999,35.3015,39.0667,7022548.487,1609286399999,266651443.80075312,626216,3752689.246,142503967.0938527,0
2020-12-30,39.0746,39.27,36.8131,38.1558,2424623.467,1609372799999,91497596.0416403,318773,1238675.661,46748294.4897268,0
2020-12-31,38.1558,38.2133,36.5157,37.3588,1887715.835,1609459199999,70486125.9625969,215191,936965.882,35002864.2094946,0
2021-01-01,37.3596,38.959,36.9555,37.7762,2435989.127,1609545599999,92358608.1130839,287020,1211046.869,45917587.073385,0
2021-01-02,37.7637,38.8798,36.8,38.2331,3018062.206,1609631999999,114060050.8496281,342120,1515999.029,57304776.3182929,0
2021-01-03,38.2331,41.7017,37.763,41.2575,4903626.697,1609718399999,195224916.820531,499815,2538670.213,101002743.0746043,0
2021-01-04,41.256,43.2039,38.02,41.1333,5306248.166,1609804799999,214835112.08725193,546562,2748524.557,111379845.6171471,0
2021-01-05,41.13,41.8375,38.8014,41.8219,3513141.346,1609891199999,141831731.9587631,410985,1788689.042,72265488.7393605,0
2021-01-06,41.8271,42.267,40.4531,42.2417,3784444.687,1609977599999,156404649.3163699,417519,1864717.1,77109380.974763,0
2021-01-07,42.244,44.9,41.366,43.5728,5026746.669,1610063999999,216717611.7697121,523288,2535285.668,109380395.0858449,0
2021-01-08,43.5728,43.722,40.2313,42.356,3548923.788,1610150399999,149951576.8513453,411558,1804018.632,76246982.4386924,0
2021-01-09,42.345,44.0552,41.5,43.8479,2720363.636,1610236799999,116290473.5386175,294683,1458819.253,62429021.6118467,0
2021-01-10,43.8479,45.162,40.0,42.4031,4277406.29,1610323199999,185165251.1320646,431771,2147084.162,93038871.7060966,0
2021-01-11,42.4033,42.5094,35.0374,38.1674,6332801.055,1610409599999,243017347.96947128,664128,3174405.769,121735208.641529,0
2021-01-12,38.1623,40.1989,37.0,38.2541,3261261.81,1610495999999,125897888.047957,342953,1694961.868,65468036.386054,0
2021-01-13,38.2703,40.4499,37.02,40.1114,3512089.385,1610582399999,135791180.057457,366040,1870527.111,72423038.8991144,0
2021-01-14,40.1114,42.0,39.5739,41.8723,3306689.933,1610668799999,135085613.30355,306640,1701948.681,69561800.4605381,0
2021-01-15,41.8721,42.5622,38.6616,40.8668,3431358.936,1610755199999,140633163.6256023,363002,1713572.013,70259834.053726,0
2021-01-16,40.8951,44.12,40.625,43.142,3243054.414,1610841599999,138015822.2312169,362622,1631631.285,69475964.0289781,0
2021-01-17,43.1413,46.7228,40.9192,45.8675,3878914.299,1610927999999,169754085.7227767,445985,1968186.291,86107135.7011905,0
2021-01-18,45.8645,46.8888,44.0278,45.3412,3069449.938,1611014399999,139399114.1553898,366780,1621464.039,73628836.3248263,0
2021-01-19,45.3592,47.2187,41.7,42.5241,5151546.872,1611100799999,229455474.2432518,513040,2599956.861,116002911.421183,0
2021-01-20,42.5241,43.0992,40.2,42.6069,3709936.492,1611187199999,154503844.311202,424497,1925380.864,80231634.3700017,0
2021-01-21,42.6056,42.7176,38.2,38.6343,3388587.657,1611273599999,137245296.2017336,428440,1698015.514,68782961.643541,0
2021-01-22,38.6596,41.528,36.8518,40.8936,3088685.295,1611359999999,122212901.7638495,382460,1590742.579,63014625.2983667,0
2021-01-23,40.8938,41.88,39.4555,40.9109,2531809.648,1611446399999,103044289.6364261,244514,1342648.733,54685755.3869453,0
2021-01-24,40.9113,42.2,40.3144,41.8263,2340747.623,1611532799999,97017133.5978513,217223,1318156.759,54670519.1823808,0
2021-01-25,41.827,43.4241,40.5364,41.8347,2778238.02,1611619199999,117399838.4063164,336526,1437150.416,60745745.8923321,0
2021-01-26,41.8347,42.598,39.6955,41.8396,2758108.622,1611705599999,113401083.8483374,336515,1412818.169,58139352.1954479,0
2021-01-27,41.8397,42.0984,39.6102,40.8826,2638401.378,1611791999999,108149178.3593736,367923,1347626.69,55247217.2769438,0
2021-01-28,40.8957,43.085,40.317,42.5254,2984098.651,1611878399999,125825473.6606247,366517,1605987.652,67792465.5603934,0
2021-01-29,42.5277,44.0,41.8017,42.8618,3433689.484,1611964799999,147364483.4547029,481047,1728245.52,74215737.7248485,0
2021-01-30,42.8653,45.1071,42.5911,44.7849,2767954.291,1612051199999,121803577.410981,408399,1380161.055,60779677.9527693,0
2021-01-31,44.8022,45.8269,43.3,44.3292,2431692.198,1612137599999,107955886.1665317,356678,1272280.642,56490926.295949,0
2021-02-01,44.3291,52.3736,43.4331,51.4781,6095055.413,1612223999999,294440153.8956684,674212,3139861.584,151650053.087841,0
2021-02-02,51.4762,53.0,49.1572,51.0071,4675040.877,1612310399999,237619391.9434699,667934,2324364.12,118106043.9454521,0
2021-02-03,51.029,52.7,49.7823,52.12,2949735.036,1612396799999,150776117.8031686,462818,1478021.885,75613932.0146984,0
2021-02-04,52.12,57.0547,51.25,55.9599,4004741.294,1612483199999,215002299.8179948,579484,2009170.327,107865218.5724451,0
2021-02-05,55.9593,68.73,55.9202,67.7005,5040545.223,1612569599999,306515082.6292277,682891,2553628.244,155384183.3269051,0
2021-02-06,67.6217,75.5,61.7,72.8356,8482528.531,1612655999999,595983260.0097728,1151480,4308346.676,302785733.720596,0
2021-02-07,72.8693,74.8199,64.1803,68.3542,5969908.442,1612742399999,413359634.3580308,851424,3021096.543,209312842.4879326,0
2021-02-08,68.355,79.8823,67.6152,79.8374,7860567.389,1612828799999,573806461.5287857,1279676,4120260.435,301029214.69672287,0
2021-02-09,79.8734,116.24,78.0381,107.3469,12487305.868,1612915199999,1222317019.460554,1979175,6447029.417,630568283.4422902,0
2021-02-10,107.3496,148.4,107.2811,128.9711,16613534.274,1613001599999,2139218096.5096064,2836233,8398597.777,1082406763.2562406,0
2021-02-11,128.9463,132.8,117.7289,124.085,5920400.255,1613087999999,737374300.5875953,1185612,3047395.251,379874522.73723775,0
2021-02-12,124.1129,141.32,120.89,136.6139,5626020.824,1613174399999,740055607.987079,1155321,2942482.779,386870697.1807119,0
2021-02-13,136.7321,138.5067,125.0,133.3496,3785723.402,1613260799999,497454132.37548685,936880,1928761.338,253709480.2782892,0
2021-02-14,133.3498,139.0,128.4615,135.8623,4405507.885,1613347199999,588209671.8743159,919313,2232139.512,298343025.8263316,0
2021-02-15,135.8623,139.369,118.0,130.303,4772752.806,1613433599999,617209050.2792228,953125,2344720.725,303521358.68746114,0
2021-02-16,129.9493,133.4925,126.0,130.183,3258276.714,1613519999999,423640104.8636006,616879,1608528.808,209214194.8675469,0
2021-02-17,130.183,175.9997,126.7546,165.3233,10185662.26,1613606399999,1540919651.6330936,1654588,5245414.901,792880237.8561211,0
2021-02-18,165.3176,199.88,162.7969,195.6,11226893.373,1613692799999,2093727364.8790953,2106653,5657234.091,1056336845.7121124,0
2021-02-19,195.5549,348.6969,194.9279,333.111,20188858.198,1613779199999,5528652618.860825,4491728,10318236.699,2828404226.3620553,0
2021-02-20,333.2212,335.0,223.0,253.0,13497656.247,1613865599999,3803591547.448211,3476190,6630970.895,1870410142.65804,0
2021-02-21,253.01,309.4995,249.7044,295.2597,10646422.307,1613951999999,3016515097.5884132,2525329,5465511.067,1549414473.0323377,0
2021-02-22,294.9167,296.0,220.5,267.5147,12604399.402,1614038399999,3304868176.0392327,2806150,6230811.548,1634263433.5647347,0
2021-02-23,267.1721,269.444,186.1,231.3646,15879767.559,1614124799999,3533975184.1142673,3227858,7774847.038,1731886938.4771376,0
2021-02-24,231.3646,281.0,213.0257,254.5056,11777825.187,1614211199999,2968825220.6605544,2798601,6004023.023,1513501759.601709,0
2021-02-25,254.3826,265.4014,231.5,234.9146,6871992.794,1614297599999,1718504824.0212388,1774378,3452288.397,864352539.8770038,0
2021-02-26,234.7605,239.4,209.105,221.717,7410706.385,1614383999999,1673740236.8863392,1741056,3737840.02,844865944.4801531,0
2021-02-27,221.9592,237.77,219.011,225.3853,4192697.152,1614470399999,956073854.7960743,1008973,2166141.723,494139830.7168909,0
2021-02-28,225.4567,229.4,195.0,210.2138,5674373.249,1614556799999,1188324867.5736897,1183188,2866699.584,600250917.3107389,0
2021-03-01,210.1177,260.0,209.1204,254.9637,7911568.194,1614643199999,1909672582.711924,1907462,4088744.418,987099003.8664237,0
2021-03-02,254.9486,264.9,227.0,239.6841,5386013.794,1614729599999,1322863990.4305172,1328836,2745718.964,674747254.2673796,0
2021-03-03,239.7204,254.8481,236.002,240.5701,4278388.733,1614815999999,1055004494.1174928,1000546,2186236.085,539390338.7125823,0
2021-03-04,240.4801,249.9885,225.5308,229.6369,3999983.836,1614902399999,951344257.2707064,926776,2073150.058,493415239.00318897,0
2021-03-05,229.6369,232.2,215.6439,225.4714,3654842.805,1614988799999,816218663.6047622,979892,1883684.035,420821067.06470865,0
2021-03-06,225.5391,232.4996,219.1514,226.3814,2663375.536,1615075199999,600491090.2031841,746840,1364543.409,307822727.2659052,0
2021-03-07,226.3812,243.95,224.9542,240.11,3519962.929,1615161599999,825683976.966841,830560,1828590.463,428612114.9730892,0
2021-03-08,240.1039,243.0986,228.7029,240.5509,3045991.968,1615247999999,717450084.5848948,828116,1619678.38,381672307.0468426,0
2021-03-09,240.7852,297.2962,235.6001,293.2052,7937298.708,1615334399999,2125830116.6707408,2185699,4111348.115,1100055373.809576,0
2021-03-10,293.1305,295.5,263.8184,278.4499,6012304.148,1615420799999,1691967448.988708,1879085,2995946.109,843685237.1124606,0
2021-03-11,278.3522,315.2855,272.12,290.0301,6598662.207,1615507199999,1921178267.9669905,1782636,3393838.692,988184772.1471714,0
2021-03-12,289.786,290.5,247.5547,263.2201,5905880.87,1615593599999,1595966693.3539188,1777265,2965207.081,802465563.6129855,0
2021-03-13,263.192,284.2857,255.4206,276.2822,3902398.386,1615679999999,1064357365.4788338,1080831,2007425.021,547567224.4635545,0
2021-03-14,276.2892,276.8847,263.0003,263.238,2432196.535,1615766399999,656730954.5609341,784354,1243615.187,335878385.077513,0
2021-03-15,263.35,267.7453,249.5327,254.5144,3362734.143,1615852799999,865778780.1144474,913171,1667663.927,429410043.5718432,0
2021-03-16,254.3894,259.7847,240.199,258.5352,3013229.0,1615939199999,759878684.5077829,941686,1514276.021,382186012.61995053,0
2021-03-17,258.5611,272.1787,248.2001,269.7896,2856836.919,1616025599999,734538705.6010387,710698,1469304.526,377726659.8649003,0
2021-03-18,269.8578,277.8,257.01,261.4816,3152509.589,1616111999999,849612650.8889891,1367757,1579427.666,425652134.4477124,0
2021-03-19,261.5157,269.0,255.0,262.935,2262870.653,1616198399999,598172787.5127919,757665,1147666.894,303458569.6988104,0
2021-03-20,263.1083,274.6805,261.4,264.3023,2377018.11,1616284799999,637249236.4276834,696501,1189614.878,318991087.8723834,0
2021-03-21,264.2213,268.0305,257.0001,264.6513,1973476.754,1616371199999,520164482.6716413,595243,985373.897,259804359.6084102,0
2021-03-22,264.7152,277.0,252.9164,254.7976,3265655.831,1616457599999,867393890.9961793,1023992,1638252.799,435356572.156466,0
2021-03-23,254.9689,262.97,251.838,255.4646,2587450.732,1616543999999,667040263.824583,693711,1319720.054,340310596.6065826,0
2021-03-24,255.5191,268.7062,240.3333,248.5236,3270691.795,1616630399999,842490109.3031726,912867,1639926.078,422734582.0514395,0
2021-03-25,248.5345,250.0912,224.9686,233.9466,3498082.827,1616716799999,831361532.2659025,1169645,1746529.009,415262025.1503244,0
2021-03-26,234.0024,255.2113,233.8114,255.2105,2635329.155,1616803199999,650316857.7394375,866262,1391907.669,343505914.98047113,0
2021-03-27,255.1201,276.0,249.5001,269.2234,3089181.848,1616889599999,804732179.3560841,897779,1609286.117,419420988.338874,0
2021-03-28,269.2864,281.3939,261.0,268.4263,3272613.755,1616975999999,888837689.742223,1043000,1635934.711,444520994.04103696,0
2021-03-29,268.6234,277.9813,264.4585,275.2991,2728496.99,1617062399999,743818283.8759371,715362,1348663.637,367679631.4114833,0
2021-03-30,275.2986,311.5325,271.2857,311.2962,5532768.33,1617148799999,1633393562.8013515,1591484,2795755.06,825555132.6255116,0
2021-03-31,311.2962,316.6997,284.0,302.3724,4719335.506,1617235199999,1432519744.2660227,1513354,2335278.292,709198524.6444328,0
2021-04-01,302.4591,339.0,300.7,334.7991,4390708.581,1617321599999,1403784882.8732836,1443003,2295129.569,735483964.2745212,0
2021-04-02,334.6706,356.9882,324.6162,338.2932,4205858.478,1617407999999,1449673755.0076191,1583075,2156223.006,743048296.856169,0
2021-04-03,338.2932,349.1347,315.91,321.9497,3099870.848,1617494399999,1044647379.113692,1201098,1526788.222,514720353.0294948,0
2021-04-04,321.9597,352.3275,316.0,348.8617,2730876.03,1617580799999,930046907.3464288,1194390,1461473.173,498289249.92964256,0
2021-04-05,348.8705,380.0,335.8442,368.0263,3473780.055,1617667199999,1251830835.7298312,1685071,1753704.31,631788854.5523547,0
2021-04-06,368.1506,411.755,363.8333,403.3648,4481056.436,1617753599999,1741879509.9979262,1849537,2320423.115,902260599.136916,0
2021-04-07,403.2607,414.3803,356.0,375.5538,6179859.708,1617839999999,2382943130.333641,2394276,3046012.243,1174286253.3030703,0
2021-04-08,375.5538,422.6323,371.78,418.7048,4092498.638,1617926399999,1657671967.081196,1572444,2068162.371,837822102.3706211,0
2021-04-09,418.7047,453.9937,403.19,453.9937,3670424.433,1618012799999,1585030394.3795192,1577251,1861353.607,803881479.1693761,0
2021-04-10,453.9898,487.4062,450.0,471.2975,4659107.212,1618099199999,2200226600.979932,2198963,2343990.692,1106914782.216326,0
2021-04-11,471.2974,529.211,458.0165,525.9275,3644396.11,1618185599999,1776698304.8045452,1714867,1870815.494,912632086.7668072,0
2021-04-12,525.9275,638.5673,515.1,596.7104,9279328.84,1618271999999,5344661902.251941,4170759,4716105.003,2717750221.9402256,0
2021-04-13,596.7878,602.7871,530.2288,551.6442,5447746.544,1618358399999,3061385296.1027074,2657936,2682801.983,1507346463.339458,0
2021-04-14,551.3956,590.5369,521.1313,550.0182,4213337.251,1618444799999,2356734422.954988,2098627,2104771.539,1178203841.483344,0
2021-04-15,550.0182,556.9,533.7166,541.8824,2306850.045,1618531199999,1261789670.8404372,1267361,1163438.097,636442249.5718181,0
2021-04-16,541.8351,547.6074,489.7356,508.2743,4192218.462,1618617599999,2179386782.467181,2268178,2039197.186,1060928077.3448288,0
2021-04-17,508.2614,547.95,506.0,514.6861,2949040.221,1618703999999,1548814458.1705544,1573732,1556358.667,817486902.0443245,0
2021-04-18,514.8178,520.4237,428.0,481.4367,4468597.46,1618790399999,2101748555.76068,2234515,2210527.4,1040085950.964806,0
2021-04-19,481.5112,540.0,467.8846,504.0322,5031325.713,1618876799999,2572857437.0160513,2399333,2571500.16,1315476364.058136,0
2021-04-20,504.0322,589.5,470.207,586.3635,5730895.325,1618963199999,3065802468.2334905,2874737,2976258.891,1594794385.6750324,0
2021-04-21,586.5201,613.8975,535.9186,543.6327,5685067.894,1619049599999,3302743900.0496206,3036187,2886573.781,1678848599.171705,0
2021-04-22,543.6827,582.7051,480.0,505.2411,6375583.139,1619135999999,3453990005.3750396,3046301,3176384.826,1723785781.500857,0
2021-04-23,505.2282,530.0,450.0,526.5357,6855584.921,1619222399999,3382941422.360556,2895263,3413660.888,1686310183.4563494,0
2021-04-24,526.4319,528.8088,482.3052,496.992,3005329.075,1619308799999,1520666084.6393692,1499659,1476100.283,746989475.7664099,0
2021-04-25,496.992,517.74,478.01,505.0,2489756.6252,1619395199999,1244888360.1544836,1182658,1283024.298,642039862.3318955,0
2021-04-26,505.0,550.0,501.5,535.33,3098650.6351,1619481599999,1646103488.0288882,1701752,1592736.9304,846170469.0153412,0
2021-04-27,535.33,579.5,525.0,568.78,2807308.6198,1619567999999,1565140057.705096,1538945,1447392.0674,807109877.0052989,0
2021-04-28,568.78,578.88,538.0,562.78,2384514.8852,1619654399999,1333087930.86344,1425704,1228432.6818,687173637.255815,0
2021-04-29,562.78,615.29,554.0,599.7,4336516.3347,1619740799999,2536924856.305376,2485799,2236382.1742,1308726656.7422674,0
2021-04-30,599.66,628.0,585.72,622.65,3430512.4025,1619827199999,2095245536.8241105,2128827,1754421.4092,1071764087.9153816,0
2021-05-01,622.64,645.57,609.21,620.0,2427568.3909,1619913599999,1516905856.244409,1354769,1240020.8935,775012627.4961902,0
2021-05-02,620.0,629.0,595.3,621.78,2066258.2844,1619999999999,1273435369.898067,1370533,1037703.4937,639746136.981755,0
2021-05-03,621.77,680.0,621.22,676.15,2873379.617,1620086399999,1872406454.7114544,2014775,1469004.5141,956854947.1683825,0
2021-05-04,676.15,677.71,604.14,609.3,3765315.6951,1620172799999,2400359921.759795,2347503,1862944.8449,1188203494.423859,0
2021-05-05,609.41,656.67,605.0,651.1,2270137.4732,1620259199999,1454478376.495745,1360073,1168783.8181,749021456.3519449,0
2021-05-06,651.1,653.77,620.0,633.99,2065376.5442,1620345599999,1318819283.775989,1354644,1018335.1388,650418298.054164,0
2021-05-07,634.03,644.02,611.43,624.3,1979435.9584,1620431999999,1238889450.405969,1369842,1023006.478,640390870.792559,0
2021-05-08,624.3,657.91,618.36,646.1,2186084.7749,1620518399999,1395957617.959335,1417714,1114192.3023,711486762.888775,0
2021-05-09,646.07,679.0,630.54,661.74,2343402.1219,1620604799999,1543794428.062309,1617528,1212666.5187,799200153.184667,0
2021-05-10,661.74,691.77,588.0,631.1,3074645.0692,1620691199999,2022592640.9284976,2016009,1509043.8868,994708866.8383896,0
2021-05-11,631.16,673.0,621.11,671.91,2640713.327,1620777599999,1721298080.868251,1940771,1357590.2222,885049188.7371889,0
2021-05-12,671.9,684.91,581.4,594.65,2813834.8185,1620863999999,1822055485.2286448,2117314,1389627.7527,901787059.7140249,0
2021-05-13,594.2,633.5,526.6,571.1,5485323.7047,1620950399999,3209105953.1342926,2633774,2728698.5715,1597606513.209764,0
2021-05-14,571.1,615.0,566.0,602.61,2187570.2996,1621036799999,1301240937.051233,1435886,1124278.9216,668729304.319616,0
2021-05-15,602.61,611.31,560.0,563.41,2259793.5825,1621123199999,1322248759.387284,1401360,1136273.5495,665337271.8519031,0
2021-05-16,563.42,606.78,534.88,564.32,2939528.1774,1621209599999,1678652421.17639,1661060,1494765.8709,854122611.9615711,0
2021-05-17,564.66,564.66,483.0,512.07,4029118.3527,1621295999999,2087711760.249724,1900832,2005556.7267,1039684304.762441,0
2021-05-18,512.06,534.0,490.0,507.88,2720596.4374,1621382399999,1404143922.109876,1350984,1399179.1958,722486297.0166739,0
2021-05-19,507.9,516.5,280.0,334.8,11497731.3774,1621468799999,4527448944.4894495,3997634,5658323.6783,2229601626.3061595,0
2021-05-20,334.8,423.83,284.27,391.17,8116861.4224,1621555199999,2937633738.121213,2757743,4127071.9501,1496586139.797419,0
2021-05-21,391.37,415.71,274.0,326.01,8827845.3858,1621641599999,3021752642.8292913,2738049,4421100.4944,1516573333.358426,0
2021-05-22,326.23,335.82,284.55,299.76,5303046.012,1621727999999,1646566206.389925,1776570,2707307.706,840911662.771988,0
2021-05-23,299.75,313.45,211.7,260.72,8801148.1832,1621814399999,2229226334.873157,2747375,4298261.6572,1089403217.3530488,0
2021-05-24,260.72,350.0,257.4,345.64,7794003.641,1621900799999,2371630247.307144,2644136,3979521.6528,1211042032.045568,0
2021-05-25,345.64,378.12,306.61,343.18,7638986.0132,1621987199999,2568468246.869039,2679939,3858002.1658,1298178085.279542,0
2021-05-26,343.18,388.28,336.21,379.16,5336916.0722,1622073599999,1962829110.773636,2082589,2673811.3373,983655102.2938089,0
2021-05-27,379.16,387.56,340.0,369.67,4275801.5014,1622159999999,1564221587.83169,1704366,2140808.4699,783530313.8460209,0
2021-05-28,369.83,373.68,312.3,328.82,5253443.3619,1622246399999,1767981944.157346,1933829,2598883.1262,874537314.700747,0
2021-05-29,328.86,347.0,295.22,305.04,3764083.2923,1622332799999,1207409894.689486,1390377,1872279.1805,601649385.744475,0
2021-05-30,305.18,338.32,291.06,325.57,3739673.1138,1622419199999,1204069134.173924,1408477,1911886.8185,615710137.730793,0
2021-05-31,325.55,356.0,307.55,353.33,4110136.8744,1622505599999,1377416607.541584,1491701,2073385.13,695174322.053172,0
2021-06-01,353.37,364.4,339.48,362.39,3652280.6916,1622591999999,1284873991.761273,1433677,1822516.9792,641389445.046448,0
2021-06-02,362.36,419.43,350.43,401.54,4377024.6685,1622678399999,1713451718.593527,2005038,2216693.626,867266719.4426941,0
2021-06-03,401.52,433.0,391.32,428.48,4214469.415,1622764799999,1752346450.735721,2025392,2186064.7368,909442960.293411,0
2021-06-04,428.46,429.5,365.0,390.7,4926793.4499,1622851199999,1916201817.164444,2012318,2419380.41,941090245.734026,0
2021-06-05,390.68,426.0,373.8,390.08,3977579.347,1622937599999,1595813798.745922,1821063,2003051.7862,804467032.658608,0
2021-06-06,390.05,400.29,381.5,393.73,1862065.4318,1623023999999,729084366.503952,929629,930943.47,364608739.656506,0
2021-06-07,393.82,407.42,353.53,357.96,3028938.8445,1623110399999,1170669919.32938,1370512,1494666.7202,578702115.745544,0
2021-06-08,357.94,366.33,319.18,352.5,4986849.8512,1623196799999,1719924713.883863,1653195,2478865.2061,855494582.004821,0
2021-06-09,352.5,378.77,333.56,375.54,3494285.669,1623283199999,1249840132.937438,1317443,1774863.9483,634757943.72687,0
2021-06-10,375.56,377.55,344.13,351.94,2417974.6499,1623369599999,872882198.9498659,1071728,1202960.2109,434662249.103976,0
2021-06-11,351.96,366.28,340.84,345.75,2215352.723,1623455999999,785929588.8141689,964635,1101601.9459,390903655.273408,0
2021-06-12,345.76,348.88,325.3,343.7,2074837.0012,1623542399999,699907058.519639,802290,1029693.4534,347202094.482093,0
2021-06-13,343.68,369.0,330.48,365.8,1958071.3656,1623628799999,679668875.246562,910360,1013285.3649,351794187.588347,0
2021-06-14,365.81,377.33,355.07,370.19,1978613.2384,1623715199999,723637001.3751539,849339,1015484.5726,371383450.426436,0
2021-06-15,370.2,379.58,363.23,366.48,1545190.4369,1623801599999,573156968.63816,724893,782583.002,290387496.021308,0
2021-06-16,366.48,366.77,343.35,347.22,1531522.2062,1623887999999,543418325.492729,676336,779700.3651,276556823.124532,0
2021-06-17,347.22,362.47,345.85,352.85,1239146.5273,1623974399999,439111935.571411,631605,621717.4866,220363779.215172,0
2021-06-18,352.84,357.12,327.22,337.16,1583897.2791,1624060799999,543765122.851648,738607,771716.1532,264990565.829044,0
2021-06-19,337.21,345.0,331.11,334.01,1067456.2119,1624147199999,361192951.851484,634365,543688.6954,183989153.63945,0
2021-06-20,334.03,340.57,310.13,339.08,1618406.0051,1624233599999,529131275.11011297,792609,792261.3171,259151147.373625,0
2021-06-21,339.09,342.0,268.57,270.76,3729539.0167,1624319999999,1134169839.109733,1381929,1827178.3179,556020287.403706,0
2021-06-22,270.76,291.5,225.42,262.1,5570573.4851,1624406399999,1445168751.327064,1976516,2786384.568,723447909.2883619,0
2021-06-23,262.1,309.75,251.41,296.25,3319089.777,1624492799999,956389175.501215,1169247,1678050.4481,483474224.49559,0
2021-06-24,296.17,316.49,281.5,308.62,2635799.196,1624579199999,793593075.9976339,1009251,1385968.7086,417261352.240302,0
2021-06-25,308.6,314.84,275.24,280.81,2711888.8709,1624665599999,791189610.0092831,1011830,1348854.6521,393675457.234358,0
2021-06-26,280.89,290.33,264.26,279.65,2263064.3633,1624751999999,622268680.140945,979247,1122187.3484,308641877.811328,0
2021-06-27,279.58,291.7,269.72,290.87,1539903.0268,1624838399999,431044973.38306093,687822,782571.1094,219139142.959866,0
2021-06-28,290.89,299.96,283.55,290.0,1884580.1557,1624924799999,548496790.262426,750241,944261.8895,274761958.49379,0
2021-06-29,290.0,315.6,289.19,300.79,2126079.3416,1625011199999,646844599.029175,834590,1102485.915,335427815.865861,0
2021-06-30,300.79,304.88,281.53,303.71,2061866.47,1625097599999,606540123.129403,734913,1027784.8227,302523256.298881,0
2021-07-01,303.75,304.0,281.0,287.43,1388151.0265,1625183999999,401830865.47626704,573928,688603.5003,199336774.047158,0
2021-07-02,287.49,290.74,276.4,287.17,1003331.2269,1625270399999,282959964.051108,475079,512689.3549,144634892.715781,0
2021-07-03,287.17,303.21,282.77,298.13,1016731.5662,1625356799999,299594862.737075,466472,529221.1029,155932281.290265,0
2021-07-04,298.18,314.91,292.58,307.62,1309414.0255,1625443199999,401277889.880716,605689,677449.3985,207700870.224627,0
2021-07-05,307.63,307.68,291.0,302.02,1403218.2408,1625529599999,421248886.193342,672197,690140.9832,207203363.968134,0
2021-07-06,302.04,322.5,301.8,319.92,2066912.3595,1625615999999,650273531.159916,926280,1074874.1888,338213728.119891,0
2021-07-07,319.91,340.0,318.23,327.51,1779058.2937,1625702399999,590298135.792665,886193,904080.814,299972722.159872,0
2021-07-08,327.51,328.21,304.4,310.14,1644090.8501,1625788799999,519961296.569241,870608,828179.9981,261979001.80319,0
2021-07-09,310.08,319.69,301.43,317.09,1106411.786,1625875199999,343735624.263496,596693,562591.0741,174766006.759253,0
2021-07-10,317.09,321.44,310.57,316.12,818970.9225,1625961599999,258075549.819215,466128,422125.2851,133035620.715262,0
2021-07-11,316.12,326.82,312.21,322.16,799617.835,1626047999999,256199711.968271,486889,418492.276,134081065.748826,0
2021-07-12,322.17,334.37,308.57,316.12,1322836.6575,1626134399999,426623454.937474,716685,647717.2934,208968813.7391,0
2021-07-13,316.11,318.33,305.2,308.94,930032.3155,1626220799999,289436636.719732,585046,471624.4206,146806397.921935,0
2021-07-14,308.98,313.46,290.24,309.4,1430288.4026,1626307199999,432901624.170642,634993,709026.1883,214697217.691962,0
2021-07-15,309.33,324.33,301.32,316.11,2185210.8398,1626393599999,683580014.966445,1052809,1093774.1748,342140901.256496,0
2021-07-16,316.12,323.5,301.5,302.88,1456105.4019,1626479999999,452125371.767348,767224,727023.0241,225737516.36586,0
2021-07-17,302.94,306.71,295.0,300.52,1030879.9611,1626566399999,309811109.644366,547784,507411.7753,152561010.560586,0
2021-07-18,300.56,309.18,298.7,302.1,815497.3527,1626652799999,248310442.280799,448725,413434.355,125932857.879479,0
2021-07-19,302.04,303.94,278.85,280.54,1318041.7074,1626739199999,380236625.464024,666369,647818.605,186789840.158511,0
2021-07-20,280.54,283.6,254.52,264.44,1796600.5803,1626825599999,477330480.08544,746748,894982.1308,237765928.725501,0
2021-07-21,264.43,298.92,261.02,293.26,1740736.0226,1626911999999,493675666.918788,757674,901974.4504,255753352.54118,0
2021-07-22,293.27,298.44,287.3,293.36,1173507.9432,1626998399999,344239131.743979,674014,593027.8581,174041138.053119,0
2021-07-23,293.39,301.5,281.01,299.27,1640999.5389,1627084799999,479004113.189418,898939,850635.2576,248343760.910537,0
2021-07-24,299.29,307.79,295.43,301.56,1438901.3811,1627171199999,433812986.340374,681764,758287.8506,228635060.89773,0
2021-07-25,301.53,304.44,292.34,302.56,1083557.277,1627257599999,324189704.048681,536267,552424.3586,165322900.00668,0
2021-07-26,302.56,328.0,301.0,304.0,2575554.2802,1627343999999,814831876.350239,1245770,1309753.8291,414652245.307306,0
2021-07-27,304.0,318.41,297.61,313.48,1678708.0635,1627430399999,516987151.37943906,830331,875258.4004,269512473.16026,0
2021-07-28,313.47,318.68,308.0,313.8,1308249.13,1627516799999,410191599.79360706,706207,666436.1644,209021047.811072,0
2021-07-29,313.84,320.31,308.6,317.03,998946.1839,1627603199999,313547925.46514,499603,521486.8805,163738229.262128,0
2021-07-30,317.1,325.66,306.16,322.58,1297421.6445,1627689599999,409615592.86199,622787,674590.7763,213093536.668846,0
2021-07-31,322.58,338.44,317.21,332.38,1393753.965,1627775999999,457403870.688032,678980,723600.7139,237595584.015846,0
2021-08-01,332.38,347.8,328.99,332.59,1514514.2178,1627862399999,514454683.275946,848871,782348.0561,265878576.041112,0
2021-08-02,332.63,338.29,326.17,330.55,1018741.3098,1627948799999,338323320.513389,554120,518450.6129,172226843.002384,0
2021-08-03,330.53,334.73,317.02,323.43,1060806.3447,1628035199999,343038810.017112,498550,534938.0353,173017235.336345,0
2021-08-04,323.44,337.39,319.78,334.77,969671.4228,1628121599999,318558568.225493,564546,507183.2848,166652398.554635,0
2021-08-05,334.78,340.17,323.37,337.91,1263649.4926,1628207999999,419560178.09651506,675411,640386.7725,212668987.055897,0
2021-08-06,337.92,347.14,331.12,342.39,1267498.9178,1628294399999,429722920.93820304,651241,643899.6525,218345512.7565,0
2021-08-07,342.39,359.74,340.34,356.18,1545801.188,1628380799999,542603720.121595,783556,780105.0552,273808957.840442,0
2021-08-08,356.18,359.87,337.0,341.79,1275768.154,1628467199999,445920620.983132,685710,637395.5148,222953184.976974,0
2021-08-09,341.79,357.7,333.15,354.32,1284975.5132,1628553599999,448732876.95589,738182,638871.5007,223182907.116816,0
2021-08-10,354.32,376.6,348.0,371.92,1660844.1918,1628639999999,604564023.905828,1108969,844331.8479,307326223.381171,0
2021-08-11,371.95,408.72,371.09,390.96,1911892.6875,1628726399999,746352235.758229,1315114,994969.678,388360673.769969,0
2021-08-12,390.92,406.18,371.59,385.66,1835305.9382,1628812799999,709029017.365146,1054147,913400.1935,352974806.111734,0
2021-08-13,385.69,411.46,382.91,410.76,1261827.2925,1628899199999,504721884.412638,1039281,647998.6037,259244829.958551,0
2021-08-14,410.74,418.8,400.0,408.67,1439286.5064,1628985599999,587011410.464729,979054,711034.7929,290044032.592885,0
2021-08-15,408.66,415.16,395.88,414.05,1238115.4178,1629071999999,501360731.252956,667641,626652.3894,253881707.118168,0
2021-08-16,414.05,437.0,410.79,415.72,1850324.1906,1629158399999,782937826.9759487,1005712,935148.1275,395702904.9766126,0
2021-08-17,415.72,435.77,398.77,401.8,1984029.275,1629244799999,833886620.8244141,1075176,999206.4185,420382381.95838094,0
2021-08-18,401.86,412.36,385.47,396.15,1750539.5385,1629331199999,698437988.862602,1008587,873118.4444,348486697.278389,0
2021-08-19,396.23,431.7,390.89,431.27,1852873.4714,1629417599999,760855598.336724,1106798,948683.2212,389701706.797538,0
2021-08-20,431.21,458.0,421.84,454.93,1691101.5102,1629503999999,741836933.5102249,1306013,884813.9113,388146665.315858,0
2021-08-21,454.92,460.0,443.47,448.74,1426818.8978,1629590399999,646029835.594676,854002,735721.9985,333230170.543424,0
2021-08-22,448.74,458.34,437.77,448.68,1135535.8076,1629676799999,509610173.147653,694269,577741.3149,259343651.621651,0
2021-08-23,448.69,509.71,445.89,499.06,2660809.0219,1629763199999,1298353030.852169,1811364,1331807.7318,649326995.446275,0
2021-08-24,499.06,504.2,461.12,471.62,2080297.6979,1629849599999,1005799339.791438,1544248,1053827.6492,510203090.865685,0
2021-08-25,471.62,507.0,470.0,503.19,2242911.0333,1629935999999,1097153964.71357,1509519,1147940.1845,561662116.979682,0
2021-08-26,503.17,518.94,471.2,478.1,2229652.231,1630022399999,1091106242.802029,1317370,1110486.0316,543630780.186364,0
2021-08-27,478.2,495.0,467.1,494.5,1549790.9246,1630108799999,747871449.7962871,967190,799046.7263,385759376.19628096,0
2021-08-28,494.6,497.0,482.3,486.2,891854.5838,1630195199999,434757166.85392094,647241,445617.7873,217271794.832321,0
2021-08-29,486.1,495.5,475.0,479.7,910773.939,1630281599999,441423115.5593,535858,448184.594,217321228.5083,0
2021-08-30,479.7,480.9,457.0,460.3,1125497.9612,1630367999999,532177068.407757,645920,560117.8346,265034573.541768,0
2021-08-31,460.2,477.8,448.2,463.9,1477345.5552,1630454399999,687097552.053561,753856,731442.217,340294999.88438,0
2021-09-01,463.9,490.0,455.1,489.4,1320635.94,1630540799999,627928762.5625,702925,691582.643,328993144.6141,0
2021-09-02,489.5,504.7,478.0,483.7,1245680.6988,1630627199999,611758853.501436,787674,648219.1557,318489751.202876,0
2021-09-03,483.6,495.0,473.0,488.5,1094104.742,1630713599999,533570500.4333,652207,559932.544,273213671.1255,0
2021-09-04,488.4,509.9,485.2,497.7,1248261.6277,1630799999999,619851481.258591,713105,643245.7542,319419062.648741,0
2021-09-05,497.8,505.2,488.4,504.8,878406.045,1630886399999,436390403.4393,598313,449961.164,223617413.0533,0
2021-09-06,504.9,509.0,486.9,496.1,1121398.978,1630972799999,559438324.5125,718084,565681.051,282347697.9762,0
2021-09-07,496.1,504.8,369.0,418.7,3358688.1229,1631059199999,1479395491.557286,1548603,1602132.4784,704689590.645824,0
2021-09-08,418.7,425.5,382.3,415.0,2058507.11,1631145599999,841566323.6655,884760,991266.118,405521820.0415,0
2021-09-09,415.2,436.1,403.4,421.3,1543293.221,1631231999999,644440971.8215,778617,792147.071,330788995.1246,0
2021-09-10,421.3,439.4,393.2,401.4,1528906.751,1631318399999,632034252.0529,746322,760307.297,314486097.7836,0
2021-09-11,401.4,415.3,399.3,405.1,922767.055,1631404799999,376762491.3478,470341,461508.387,188470359.6853,0
2021-09-12,405.0,421.5,397.4,416.3,981402.883,1631491199999,405085778.0838,522393,488821.908,201820737.2838,0
2021-09-13,416.4,419.7,383.0,399.1,1531654.719,1631577599999,609769200.4037,690953,769807.15,306456631.0462,0
2021-09-14,399.1,414.7,395.7,414.3,930635.792,1631663999999,376195780.1579,532901,480280.307,194161253.1483,0
2021-09-15,414.3,438.0,409.6,431.3,1182055.631,1631750399999,502438326.3707,635488,622747.317,264847197.7576,0
2021-09-16,431.2,435.0,415.6,424.3,1037049.02,1631836799999,442117531.7271,617329,518404.577,221110736.8085,0
2021-09-17,424.2,426.0,400.4,406.6,844137.727,1631923199999,349222596.7781,522901,418600.643,173221233.9268,0
2021-09-18,406.8,420.0,401.5,410.7,733479.739,1632009599999,303442614.6176,506743,373050.942,154348317.6655,0
2021-09-19,410.8,419.0,402.8,408.6,743095.721,1632095999999,305428364.0104,528398,366704.1,150773174.2069,0
2021-09-20,408.5,410.1,353.7,364.1,1865673.9401,1632182399999,703797628.797956,977685,881923.5154,332657848.451965,0
2021-09-21,364.1,376.0,336.8,344.4,1577059.1261,1632268799999,566624712.0311991,763984,791896.4408,284572679.57325,0
2021-09-22,344.4,379.9,342.3,379.0,1085212.972,1632355199999,394051611.6032,597515,553884.795,201235269.5457,0
2021-09-23,378.9,384.6,369.0,383.5,992215.176,1632441599999,374836991.5699,519442,493566.181,186466460.6826,0
2021-09-24,383.5,385.3,333.6,355.0,1718950.219,1632527999999,611327922.318234,748096,832490.1089,295986539.32521,0
2021-09-25,355.0,360.8,343.2,349.6,916797.617,1632614399999,322522702.0666,418464,453287.438,159500728.5629,0
2021-09-26,349.6,353.0,320.0,344.0,1538759.1618,1632700799999,521735683.85030097,622577,746995.2385,253455370.050686,0
2021-09-27,344.0,357.6,335.0,335.5,956544.069,1632787199999,332372476.5115,457187,471865.409,164032359.6946,0
2021-09-28,335.5,344.6,330.0,333.0,922077.227,1632873599999,310828343.6974,417006,462640.097,156013524.1282,0
2021-09-29,332.9,375.4,331.2,367.7,1696420.045,1632959999999,612547661.8839,653011,847213.725,305701063.9109,0
2021-09-30,367.7,388.8,366.4,387.5,1163674.206,1633046399999,439628574.4184,551245,596095.313,225216292.8013,0
2021-10-01,387.5,423.4,381.5,421.5,1440336.041,1633132799999,584311192.716,727854,745894.075,302609132.0077,0
2021-10-02,421.4,438.2,410.6,427.1,1039006.518,1633219199999,441907791.7276,604611,529417.889,225199900.6896,0
2021-10-03,427.0,437.2,421.5,430.5,820910.792,1633305599999,352575425.7036,519696,413794.044,177745337.3787,0
2021-10-04,430.5,430.9,410.9,426.3,974423.359,1633391999999,410376184.3993,557908,494836.34,208477271.8517,0
2021-10-05,426.4,444.0,424.0,442.1,883699.828,1633478399999,385403145.0597,623411,463235.919,202048232.3482,0
2021-10-06,442.0,442.8,414.7,434.9,1245088.683,1633564799999,537791098.8015,758834,601184.585,259708002.9502,0
2021-10-07,434.9,450.0,423.6,438.5,1159098.7447,1633651199999,509653579.8304,736772,601235.4267,264438982.3554,0
2021-10-08,438.5,441.6,415.7,419.2,1505999.188,1633737599999,644030609.2269,944084,744536.978,318365991.6015,0
2021-10-09,419.3,426.0,416.0,421.9,632123.526,1633823999999,266856749.2173,455659,325020.232,137240869.6649,0
2021-10-10,421.9,422.3,402.0,404.1,729380.963,1633910399999,302884829.9452,500068,361493.033,150173542.0537,0
2021-10-11,404.0,424.0,399.8,413.1,759924.884,1633996799999,314882971.6098,509680,387435.599,160663005.8374,0
2021-10-12,413.2,444.5,392.2,444.2,1966630.183,1634083199999,829580710.1162,953219,994069.476,419640812.1219,0
2021-10-13,444.1,471.8,432.3,470.8,3383303.439,1634169599999,1542057671.3891,1576761,1710530.955,779651509.732,0
2021-10-14,470.7,482.8,461.2,472.7,1431305.925,1634255999999,676261023.816744,845772,742091.277,350671411.594244,0
2021-10-15,472.7,478.0,450.8,474.5,1508188.787,1634342399999,702474058.1554,882619,773010.288,360145949.6193,0
2021-10-16,474.5,484.7,423.0,465.8,1040477.571,1634428799999,490585492.1044,718791,518367.117,244799036.5714,0
2021-10-17,465.8,472.4,454.2,470.9,890609.849,1634515199999,414577714.959,546483,441006.57,205355248.1758,0
2021-10-18,471.0,487.6,466.4,484.9,1091006.031,1634601599999,518750531.8773,694852,570188.11,271176451.5119,0
2021-10-19,485.0,497.6,480.3,488.1,912494.969,1634687999999,445294411.0935,685710,461125.851,225085951.4643,0
2021-10-20,488.1,505.9,481.3,501.3,946412.94,1634774399999,467959376.3972,693317,499987.164,247248963.7968,0
2021-10-21,501.3,504.9,466.0,470.9,1851835.929,1634860799999,900310066.4435,1225287,927933.956,451159046.0223,0
2021-10-22,470.9,498.0,470.7,479.3,1118876.638,1634947199999,541705782.6395,722480,580705.769,281187181.8491,0
2021-10-23,479.3,485.7,472.6,485.5,521970.795,1635033599999,250907116.8612,425737,268423.017,129058618.3186,0
2021-10-24,485.5,486.5,467.8,475.8,590939.031,1635119999999,281745798.0897,483168,300455.544,143292247.6794,0
2021-10-25,475.8,488.6,474.7,485.1,632116.761,1635206399999,305600064.9152,548234,332462.431,160735031.4063,0
2021-10-26,485.1,489.8,473.5,478.1,702610.184,1635292799999,340191955.2634,589181,357720.978,173245847.0757,0
2021-10-27,478.2,486.4,435.3,448.7,1370950.214,1635379199999,630367975.4475,973507,663457.287,305180862.5071,0
2021-10-28,448.7,494.8,446.4,491.9,1523900.006,1635465599999,724786890.2403,1074597,786775.321,374277719.5819,0
2021-10-29,492.0,533.61,487.6,530.3,1411851.4394,1635551999999,720241822.825672,1222937,768100.0328,391836939.857562,0
2021-10-30,530.3,540.5,510.2,528.3,1095033.1264,1635638399999,575511112.876323,1048477,556476.9659,292522938.629933,0
2021-10-31,528.4,535.0,508.9,524.6,1018991.819,1635724799999,532431987.4044,914156,515522.72,269374873.4912,0
2021-11-01,524.6,551.9,511.0,551.3,1274272.0851,1635811199999,679389556.770091,1045678,672505.8114,358662328.211151,0
2021-11-02,551.3,564.0,537.4,554.4,1153919.1399,1635897599999,635985237.925595,1103251,589617.5201,325078588.533195,0
2021-11-03,554.4,570.1,537.5,568.4,1262766.5996,1635983999999,699196827.647012,1110367,667227.529,369585015.515862,0
2021-11-04,568.4,568.9,543.6,558.7,1052950.033,1636070399999,584534661.6208,949944,531765.729,295260799.9798,0
2021-11-05,558.8,616.9,554.1,607.3,1989945.5433,1636156799999,1187156588.997054,1493105,1031294.7765,614986723.355154,0
2021-11-06,607.3,637.8,595.1,637.7,1366385.957,1636243199999,838291690.0841609,1130633,681187.6267,418001220.35598093,0
2021-11-07,637.7,669.3,630.5,649.6,1476373.2487,1636329599999,968328578.1423631,1237108,735694.673,482470217.68379295,0
2021-11-08,649.5,655.7,631.0,653.5,1290096.384,1636415999999,829833782.4209,1107452,643358.73,413906018.5439,0
2021-11-09,653.6,656.7,631.9,635.0,879119.398,1636502399999,565719151.0885,913767,438097.252,281960401.4051,0
2021-11-10,635.0,662.9,573.0,614.1,1814654.086,1636588799999,1144508386.2603,1566685,877164.774,553767086.3746,0
2021-11-11,614.2,635.2,605.7,628.4,1019740.949,1636675199999,635981486.4901,964876,520136.654,324403092.2915,0
2021-11-12,628.4,634.5,602.7,626.9,1012909.088,1636761599999,628792038.9268,808543,503526.29,312576942.1893,0
2021-11-13,626.8,655.0,619.6,649.5,900107.757,1636847999999,574247361.3526,837297,462783.124,295324224.1481,0
2021-11-14,649.5,661.0,634.5,650.8,933689.139,1636934399999,605300515.2465,849977,457605.185,296682830.3456,0
2021-11-15,650.7,659.5,630.3,633.8,953989.634,1637020799999,615298900.6627,1026712,455754.644,294013379.1506,0
2021-11-16,633.9,635.2,573.7,588.7,2200954.903,1637107199999,1320193365.0954,1606754,1061429.794,636121482.4142,0
2021-11-17,588.8,592.6,553.7,578.0,1453408.555,1637193599999,832762537.5207,931271,727514.868,416941222.8617,0
2021-11-18,577.9,588.2,510.0,531.8,1750338.428,1637279999999,965930426.1507,1064211,852835.88,471075433.5588,0
2021-11-19,531.9,585.5,523.9,581.0,1300787.958,1637366399999,726611378.2376,899077,656184.833,366593185.6816,0
2021-11-20,581.0,604.8,572.6,604.3,1119517.131,1637452799999,657161664.3158,879969,558042.94,327615767.3645,0
2021-11-21,604.4,605.2,579.6,584.0,970133.807,1637539199999,572049351.412,813817,479850.967,282971141.0656,0
2021-11-22,584.0,585.5,553.8,559.3,1141002.755,1637625599999,650028588.5166,773893,566693.965,322893754.604,0
2021-11-23,559.4,605.0,557.9,591.1,1202541.917,1637711999999,700415875.4591,861890,610233.474,355485660.3154,0
2021-11-24,591.1,594.3,576.8,590.3,1079667.803,1637798399999,632805869.1918,849926,542646.976,318092960.3371,0
2021-11-25,590.4,650.0,587.4,639.1,1536194.042,1637884799999,958625175.4105,1281222,785388.645,489988789.4971,0
2021-11-26,639.1,657.9,564.2,587.3,2413553.439,1637971199999,1447846558.5573,1595124,1190239.602,713762317.6029,0
2021-11-27,587.2,621.3,582.6,599.9,1183849.36,1638057599999,712876474.9266,834017,608949.708,366634591.7336,0
2021-11-28,599.9,612.9,571.6,611.3,1281130.351,1638143999999,757806021.786,850287,637614.225,377217502.8542,0
2021-11-29,611.4,629.0,601.6,623.4,1090520.864,1638230399999,672538451.6903,866073,560898.356,345899573.4057,0
2021-11-30,623.5,635.0,602.6,622.5,1380656.205,1638316799999,858030125.9787,1002401,698521.928,434270015.6961,0
2021-12-01,622.5,649.8,618.2,627.5,1384101.087,1638403199999,879872431.1519,973369,697767.741,443639554.4136,0
2021-12-02,627.5,630.9,605.5,619.9,1104596.881,1638489599999,685357094.9824,776160,542229.378,336493098.1181,0
2021-12-03,619.9,628.0,574.0,595.0,1250950.167,1638575999999,758470254.7318,903964,611140.676,370745476.1359,0
2021-12-04,595.1,596.0,489.2,568.6,2611783.647,1638662399999,1425050943.3721,1498320,1260304.849,688193069.5578,0
2021-12-05,568.5,582.0,539.9,557.8,1258393.72,1638748799999,707167735.8036,749846,629604.781,353742720.7683,0
2021-12-06,557.7,593.0,533.0,587.5,2005928.932,1638835199999,1119432809.5291,1152308,1020222.356,569630285.3942,0
2021-12-07,587.5,594.1,572.2,578.7,1017363.943,1638921599999,595103047.9773,807295,519062.125,303717026.8277,0
2021-12-08,578.7,607.6,567.0,607.2,1113215.449,1639007999999,651285928.0383,805159,563504.848,329800182.1351,0
2021-12-09,607.3,617.0,567.7,570.2,1096635.012,1639094399999,648380380.7178,772261,537087.416,317731203.8656,0
2021-12-10,570.2,595.1,550.2,552.4,1083121.564,1639180799999,621292933.926,730571,548260.331,314474588.1019,0
2021-12-11,552.5,572.7,542.0,564.5,950448.474,1639267199999,529027286.0263,649423,483388.118,269008578.7261,0
2021-12-12,564.6,574.8,559.3,570.3,544940.336,1639353599999,308334857.2714,476827,281070.612,159043434.4895,0
2021-12-13,570.3,572.2,511.1,521.0,1037150.705,1639439999999,558660545.4829,678583,496813.632,267720996.4967,0
2021-12-14,521.0,535.8,509.7,528.1,1263782.101,1639526399999,660926721.8958,832636,630971.259,330040896.6269,0
2021-12-15,528.0,546.7,501.6,541.1,1147515.305,1639612799999,604825337.5588,798472,570060.033,300705526.32,0
2021-12-16,541.1,545.3,524.8,526.2,735504.682,1639699199999,394779330.6026,562102,365346.472,196115463.6768,0
2021-12-17,526.2,535.8,511.0,525.5,921732.763,1639785599999,484731644.0489,636038,456060.338,239896688.5116,0
2021-12-18,525.5,537.8,515.0,533.9,580436.098,1639871999999,306816951.2816,429085,297913.645,157516909.2405,0
2021-12-19,533.9,544.4,527.1,529.8,540256.684,1639958399999,289149894.6572,398493,272058.622,145637296.775,0
2021-12-20,529.8,534.8,505.6,524.0,727454.212,1640044799999,377351552.6286,503004,355652.842,184530907.7199,0
2021-12-21,524.0,535.7,509.8,528.3,686439.708,1640131199999,362435440.6159,468897,351944.821,185860057.3185,0
2021-12-22,528.4,545.0,527.2,533.6,721787.109,1640217599999,386718252.4613,534390,368159.343,197287087.8335,0
2021-12-23,533.6,552.6,524.3,549.0,844421.954,1640303999999,452954925.0665,601818,434852.821,233299578.792,0
2021-12-24,549.0,554.4,537.4,542.1,665439.81,1640390399999,363633383.3102,514371,333488.932,182268136.3992,0
2021-12-25,542.1,550.5,539.1,547.4,455399.793,1640476799999,248401383.1592,359677,229738.36,125325925.4399,0
2021-12-26,547.4,549.3,535.6,546.4,536338.775,1640563199999,291474552.8352,398373,274890.311,149387990.7642,0
2021-12-27,546.5,572.0,543.1,563.7,803370.283,1640649599999,448414224.8962,556275,422781.44,236053817.5859,0
2021-12-28,563.7,563.7,528.4,534.2,1002556.271,1640735999999,547720713.5012,627465,488779.085,267063481.6691,0
2021-12-29,534.2,540.5,510.3,514.5,740117.867,1640822399999,390415720.3118,498434,352578.627,186049723.4879,0
2021-12-30,514.5,527.8,508.3,518.5,639166.717,1640908799999,331680388.3552,431967,316479.96,164269838.9279,0
2021-12-31,518.6,528.3,506.0,511.4,677844.749,1640995199999,350384267.7,449243,327189.312,169196390.5897,0
2022-01-01,511.5,527.9,511.4,527.3,446171.541,1641081599999,231696121.2996,329538,228746.06,118795531.093,0
2022-01-02,527.4,533.9,518.0,531.0,404475.541,1641167999999,212693827.9376,346252,201215.689,105821746.9582,0
2022-01-03,531.0,532.8,510.0,511.9,663841.021,1641254399999,345896511.2778,463331,307248.318,160218591.7212,0
2022-01-04,511.9,520.0,502.0,506.9,687436.638,1641340799999,351709153.0318,481805,339618.046,173854830.3378,0
2022-01-05,506.9,516.0,457.0,474.1,985152.004,1641427199999,487039058.787,629399,468264.457,231667717.7675,0
2022-01-06,474.2,481.3,458.8,472.6,986669.9,1641513599999,462959866.6669,543241,483572.536,226927150.9018,0
2022-01-07,472.6,473.9,437.5,448.1,1331260.03,1641599999999,600028684.1946,615848,651085.365,293413191.1806,0
2022-01-08,448.1,459.7,415.0,429.9,1062788.589,1641686399999,464082732.8109,512468,512118.122,223858210.4121,0
2022-01-09,429.8,444.5,427.0,438.7,688777.347,1641772799999,299514285.4251,367892,350251.38,152326150.6956,0
2022-01-10,438.8,445.5,405.6,424.7,1221504.738,1641859199999,518143646.508,550883,598982.046,254094710.5416,0
2022-01-11,424.8,467.7,421.3,463.6,1266092.819,1641945599999,571335667.7927,670993,633684.189,285974081.1136,0
2022-01-12,463.6,489.9,456.6,487.8,836124.928,1642031999999,395395226.9867,542753,423686.855,200326634.2946,0
2022-01-13,487.8,489.8,466.5,475.2,908052.937,1642118399999,434855256.5301,574157,444646.22,212967489.4348,0
2022-01-14,475.1,492.3,467.6,490.0,797022.181,1642204799999,383070562.1503,532865,399272.612,191940595.492,0
2022-01-15,489.9,500.9,485.0,494.5,548626.203,1642291199999,270831128.9543,408859,273845.493,135196757.8088,0
2022-01-16,494.5,506.0,488.6,498.6,507042.332,1642377599999,251862226.2236,389752,255573.101,126955976.8741,0
2022-01-17,498.6,499.1,466.9,475.2,757806.035,1642463999999,363254557.7459,517026,366529.219,175776792.5506,0
2022-01-18,475.1,479.6,457.2,471.4,707501.577,1642550399999,330240013.3563,451974,347746.444,162364731.6517,0
2022-01-19,471.5,473.1,453.7,461.9,585750.3,1642636799999,272375832.0181,397483,288526.101,134181496.3553,0
2022-01-20,461.9,478.7,438.2,440.2,1137854.894,1642723199999,528565003.8169,688607,571148.567,265571291.5449,0
2022-01-21,440.2,444.6,373.7,383.9,1891179.594,1642809599999,780737529.9346,871503,924044.423,381743544.5111,0
2022-01-22,383.8,389.6,336.3,358.3,2635609.386,1642895999999,949889475.2338,1039653,1301920.156,469510550.9883,0
2022-01-23,358.3,389.0,356.3,383.9,1297043.923,1642982399999,486432084.5722,564987,648942.742,243330333.4258,0
2022-01-24,384.0,384.0,336.0,371.3,1900214.42,1643068799999,674434639.6883,747043,939454.975,333557486.5505,0
2022-01-25,371.2,389.5,357.4,385.1,1006111.155,1643155199999,374436795.3877,496841,508732.792,189366617.1185,0
2022-01-26,385.1,402.4,366.4,375.1,1073520.172,1643241599999,413788334.1036,609665,541547.803,208804261.6785,0
2022-01-27,375.1,393.8,360.0,389.9,962060.888,1643327999999,358493434.8504,530658,471171.641,175473344.5241,0
2022-01-28,389.9,395.9,375.8,385.9,752320.615,1643414399999,290426869.6174,439977,386443.382,149191637.3446,0
2022-01-29,385.9,397.3,380.7,389.3,534573.782,1643500799999,207593040.2279,342125,263033.259,102193937.2444,0
2022-01-30,389.4,389.6,372.2,377.2,536436.123,1643587199999,204652766.3272,322360,256880.767,98025189.9016,0
2022-01-31,377.2,385.4,365.2,374.3,620113.734,1643673599999,232898450.6479,360853,299825.668,112651437.3032,0
2022-02-01,374.4,388.4,373.7,384.2,555347.277,1643759999999,212697945.1107,333563,287877.37,110293234.4083,0
2022-02-02,384.1,386.1,366.1,366.9,572340.04,1643846399999,215596317.4431,346326,273049.822,102886669.806,0
2022-02-03,367.1,372.4,359.6,372.3,495715.227,1643932799999,181299666.3064,300375,241325.244,88275011.5879,0
2022-02-04,372.2,399.7,369.5,399.5,849825.828,1644019199999,326468411.3554,412637,456265.076,175306007.4232,0
2022-02-05,399.6,431.0,396.3,413.7,1031046.87,1644105599999,429828793.049,526783,520603.252,216978975.2392,0
2022-02-06,413.8,422.5,407.0,419.9,542631.176,1644191999999,225211627.8565,345411,277772.083,115280470.3142,0
2022-02-07,419.9,439.0,413.3,433.5,758247.667,1644278399999,326074842.5938,475365,391186.266,168228778.1696,0
2022-02-08,433.5,445.4,406.2,407.8,1148555.321,1644364799999,484080748.7926,608313,555684.262,234349470.0003,0
2022-02-09,407.9,427.7,407.1,422.9,633880.431,1644451199999,265055577.1978,390401,325445.133,136102659.7955,0
2022-02-10,422.9,434.9,410.0,414.7,956240.339,1644537599999,403767915.0088,518995,476629.455,201393978.0868,0
2022-02-11,414.7,418.9,390.5,400.0,700843.2,1644623999999,286858834.3641,438186,340126.872,139329643.6746,0
2022-02-12,400.0,407.1,393.3,403.6,521080.237,1644710399999,208673604.9611,338979,257919.186,103312876.227,0
2022-02-13,403.6,407.8,394.7,397.9,388657.052,1644796799999,156144929.8226,267677,185921.683,74722055.676,0
2022-02-14,398.0,404.5,390.6,403.4,472210.318,1644883199999,187826631.9452,281617,236504.48,94111239.337,0
2022-02-15,403.4,443.0,402.7,432.4,1184143.99,1644969599999,505124380.0128,555199,606900.857,258975010.5524,0
2022-02-16,432.4,433.5,422.2,427.3,606252.493,1645055999999,259874383.3159,376834,300138.378,128700291.5079,0
2022-02-17,427.3,431.1,400.0,402.4,661874.717,1645142399999,275709832.7181,399164,319535.092,133101455.9761,0
2022-02-18,402.4,411.0,392.2,399.2,611936.679,1645228799999,245671823.9169,332933,291905.747,117197127.9116,0
2022-02-19,399.2,406.4,393.0,399.8,410279.304,1645315199999,164154087.3112,253423,201734.291,80728447.7264,0
2022-02-20,399.8,400.0,375.0,380.6,624148.525,1645401599999,239051430.9718,344722,293980.502,112546478.8921,0
2022-02-21,380.7,393.7,355.0,356.6,1219652.481,1645487999999,457114758.2113,537899,579699.365,217373414.3592,0
2022-02-22,356.7,375.4,348.7,374.3,940456.822,1645574399999,340225406.7727,395255,470479.765,170275677.3903,0
2022-02-23,374.3,384.2,365.3,365.6,698692.661,1645660799999,262913145.3207,340110,356294.522,134116946.4908,0
2022-02-24,365.6,371.3,323.5,361.2,1949035.935,1645747199999,670530462.9295,727590,959743.748,330345418.9014,0
2022-02-25,361.2,377.2,356.8,375.0,783242.16,1645833599999,286459035.4918,383154,397797.573,145493287.0121,0
2022-02-26,375.0,386.1,370.5,373.7,548687.941,1645919999999,206711446.3645,304302,270133.865,101772066.8921,0
2022-02-27,373.7,381.2,358.1,360.1,677364.949,1646006399999,249999154.4557,354177,324168.593,119749407.2912,0
2022-02-28,360.1,397.2,355.8,395.6,773064.48,1646092799999,289850493.0347,417256,393947.475,147870067.6049,0
2022-03-01,395.7,424.9,390.4,408.7,1403695.832,1646179199999,570619625.5918,680260,715912.6,291123112.7624,0
2022-03-02,408.7,415.7,403.8,409.3,788499.443,1646265599999,323372980.944,430117,393840.401,161530363.1923,0
2022-03-03,409.3,413.2,397.4,402.6,577002.325,1646351999999,233991241.5175,320905,275591.5,111773034.2541,0
2022-03-04,402.6,403.5,372.0,374.2,756176.61,1646438399999,294267657.1117,366024,368155.709,143396928.6144,0
2022-03-05,374.1,387.3,367.2,384.7,453970.242,1646524799999,171261274.7136,269443,227740.15,85923287.0657,0
2022-03-06,384.8,387.3,371.6,375.0,489079.158,1646611199999,185729892.8404,260216,240559.334,91373487.9699,0
2022-03-07,375.0,385.9,362.8,380.6,949294.91,1646697599999,356471656.4455,394557,466027.949,175096096.3562,0
2022-03-08,380.6,388.7,375.3,381.4,647492.047,1646783999999,247897754.6279,298402,321339.939,123046986.7479,0
2022-03-09,381.4,402.7,381.0,393.2,1012850.747,1646870399999,399432781.3146,464185,516724.027,203772734.0077,0
2022-03-10,393.2,394.5,363.0,372.0,791332.984,1646956799999,296391848.9077,385923,381234.878,142819545.6778,0
2022-03-11,372.1,380.0,364.7,371.9,510174.586,1647043199999,189829352.1348,273544,258177.217,96095000.8736,0
2022-03-12,371.9,379.2,371.1,372.4,402475.646,1647129599999,151304077.1742,227739,206364.926,77590495.6075,0
2022-03-13,372.4,377.2,360.1,361.4,424762.642,1647215999999,157468699.6473,252852,209382.038,77654359.6298,0
2022-03-14,361.4,373.9,359.5,373.4,467814.984,1647302399999,171918309.3804,250927,236309.416,86863054.0619,0
2022-03-15,373.4,374.7,361.7,371.7,440890.823,1647388799999,162504505.4955,232435,227304.245,83812528.144,0
2022-03-16,371.7,386.6,367.8,385.4,668878.615,1647475199999,252390066.8971,348707,345771.544,130532391.6677,0
2022-03-17,385.3,393.5,381.7,391.8,569457.408,1647561599999,220668680.0061,292447,297233.249,115192595.5742,0
2022-03-18,391.9,400.0,384.0,397.2,553763.586,1647647999999,216435335.2584,309939,291640.236,114017596.6064,0
2022-03-19,397.2,406.4,394.9,399.9,459996.613,1647734399999,184226934.2762,285223,235946.934,94497270.1491,0
2022-03-20,399.9,400.8,386.2,390.8,398984.429,1647820799999,156927918.921,265148,200256.33,78795336.6725,0
2022-03-21,390.8,399.5,384.8,396.0,541479.78,1647907199999,213220417.4339,282212,280819.68,110626614.5818,0
2022-03-22,396.0,410.0,394.8,404.3,609034.607,1647993599999,246686059.4737,315030,321120.295,130032629.1414,0
2022-03-23,404.3,411.7,397.9,408.4,535891.79,1648079999999,216596978.3039,283766,275486.295,111394004.2289,0
2022-03-24,408.4,416.6,405.0,414.2,598366.115,1648166399999,246062725.2176,312271,308800.729,126972659.0136,0
2022-03-25,414.2,421.5,405.5,410.3,609691.876,1648252799999,252564500.671,324808,316541.494,131186491.2242,0
2022-03-26,410.3,416.4,407.5,415.8,280157.687,1648339199999,115642732.4925,197760,145489.149,60059598.8606,0
2022-03-27,415.9,431.6,411.7,430.5,490998.1,1648425599999,206354927.6384,302985,245098.373,102988732.0453,0
2022-03-28,430.6,441.0,427.6,430.2,719102.183,1648511999999,312557900.7517,410910,355592.439,154621914.4427,0
2022-03-29,430.2,441.6,429.4,434.2,629773.894,1648598399999,274292494.9875,372204,321151.616,139912799.5996,0
2022-03-30,434.2,449.3,425.5,442.1,768982.427,1648684799999,337640530.5811,435588,398548.919,174996873.4687,0
2022-03-31,442.1,452.3,423.9,428.9,957924.695,1648771199999,420218726.6781,511531,486530.998,213573720.5281,0
2022-04-01,428.9,448.2,412.8,447.7,971822.655,1648857599999,420007037.5609,502046,497087.025,214905535.8364,0
2022-04-02,447.8,454.2,435.7,437.2,827864.885,1648943999999,369703437.968,416135,409039.962,182727591.2409,0
2022-04-03,437.3,455.7,432.2,450.4,676230.892,1649030399999,300737395.2241,362521,349456.437,155431719.6767,0
2022-04-04,450.4,450.5,433.4,447.6,736637.271,1649116799999,326915235.4488,380099,364002.038,161560425.5014,0
2022-04-05,447.6,460.0,444.1,444.7,761168.725,1649203199999,344439007.4977,424545,382016.051,172926288.293,0
2022-04-06,444.7,448.6,418.3,420.1,928930.806,1649289599999,401489681.8239,504090,453024.853,195831892.6871,0
2022-04-07,420.1,450.0,416.2,436.0,717661.036,1649375999999,308674406.1649,400142,363836.868,156569023.9122,0
2022-04-08,436.1,442.0,418.4,421.5,684600.074,1649462399999,294837274.727,363605,338638.552,145901958.467,0
2022-04-09,421.5,428.2,419.6,426.6,356426.659,1649548799999,151083668.0967,207253,177707.148,75323075.1574,0
2022-04-10,426.6,429.5,417.0,418.1,386650.883,1649635199999,164022002.1582,212728,187094.844,79381884.4048,0
2022-04-11,418.1,419.7,391.2,394.6,856354.224,1649721599999,348015114.8186,361757,419909.415,170639466.928,0
2022-04-12,394.6,417.1,392.4,413.6,729790.918,1649807999999,297678247.1116,364735,373607.765,152391191.9849,0
2022-04-13,413.7,424.6,410.3,423.4,630077.277,1649894399999,263365818.4243,338150,327657.058,136975423.9552,0
2022-04-14,423.4,426.9,411.3,414.7,464220.208,1649980799999,194192225.9607,264015,230637.767,96489642.9877,0
2022-04-15,414.7,420.0,412.5,417.3,331730.773,1650067199999,138219013.2094,192015,163769.93,68239067.5465,0
2022-04-16,417.3,419.0,411.6,417.3,237289.02,1650153599999,98579512.0048,153106,119501.728,49654933.4751,0
2022-04-17,417.3,418.2,405.5,406.6,302390.726,1650239999999,125179818.3567,167160,148023.219,61294861.2011,0
2022-04-18,406.7,418.0,396.2,416.8,628747.772,1650326399999,255406129.1018,298174,319292.217,129776528.0202,0
2022-04-19,416.9,424.7,414.6,422.3,567586.931,1650412799999,238184351.9582,299856,286508.984,120241238.0221,0
2022-04-20,422.3,431.4,414.9,418.4,677255.09,1650499199999,286561981.3284,355369,350316.783,148255259.396,0
2022-04-21,418.4,426.0,401.2,404.9,771718.154,1650585599999,322432006.8005,323273,386689.718,161626483.3927,0
2022-04-22,404.9,413.9,403.3,406.6,563521.049,1650671999999,230501976.6605,255825,279971.409,114526893.6731,0
2022-04-23,406.6,408.1,397.3,401.1,339347.45,1650758399999,137157329.9267,187741,164295.63,66414494.8026,0
2022-04-24,401.2,405.5,397.1,398.8,322889.805,1650844799999,129744963.581,172618,156078.513,62722447.7397,0
2022-04-25,398.8,405.7,382.3,404.3,849798.678,1650931199999,334326205.4269,337734,424015.146,166883667.5986,0
2022-04-26,404.4,407.5,380.8,385.9,629808.812,1651017599999,248264999.2856,297370,307679.474,121285209.71,0
2022-04-27,386.0,394.8,383.3,391.3,567371.495,1651103999999,221200838.1662,250590,284226.882,110818405.6121,0
2022-04-28,391.4,408.6,388.5,407.1,946336.334,1651190399999,379597709.6867,390114,465097.666,186576996.0813,0
2022-04-29,407.2,410.7,389.7,393.0,694888.526,1651276799999,277495560.7687,343294,343813.041,137322409.224,0
2022-04-30,393.0,399.9,376.3,377.1,574905.822,1651363199999,224484821.4371,278317,267721.173,104604833.6433,0
2022-05-01,377.1,391.4,375.5,389.9,564144.673,1651449599999,216874708.715,285078,280692.675,107936479.1682,0
2022-05-02,389.9,392.6,382.1,389.5,454918.112,1651535999999,176653828.6666,242777,235079.619,91309022.8112,0
2022-05-03,389.5,392.3,379.8,383.9,388317.42,1651622399999,150137733.5287,213156,195560.343,75628380.2958,0
2022-05-04,383.9,403.1,382.7,402.6,599066.682,1651708799999,235145614.8909,290822,316097.483,124075722.1498,0
2022-05-05,402.6,413.6,370.7,378.4,1224114.512,1651795199999,480461812.5141,535227,604361.768,237456908.8888,0
2022-05-06,378.5,383.3,370.6,379.1,702441.419,1651881599999,265287421.9414,322398,355770.688,134356330.3265,0
2022-05-07,379.1,380.6,360.1,365.5,554852.531,1651967999999,207175988.6536,265003,255703.789,95472635.978,0
2022-05-08,365.5,367.0,349.5,355.9,785184.087,1652054399999,280783573.4153,311749,367939.264,131568845.2526,0
2022-05-09,355.9,359.3,295.4,296.1,2137566.8702,1652140799999,689731241.244785,691845,1049804.04,339070962.92553,0
2022-05-10,296.1,332.8,289.0,319.1,2160654.1754,1652227199999,681797899.107798,770073,1058434.735,333845499.6589,0
2022-05-11,319.1,323.0,260.8,271.5,3387753.9826,1652313599999,994453854.0525911,1310616,1663800.4496,488499968.93179,0
2022-05-12,271.4,285.0,218.8,269.0,4499625.6033,1652399999999,1160044030.817458,1678892,2192767.9657,566248059.64429,0
2022-05-13,269.0,313.5,265.4,290.6,1912387.361,1652486399999,570629505.735,777961,972518.566,289992223.5829,0
2022-05-14,290.7,299.5,272.1,296.9,1092874.023,1652572799999,313368698.1198,518046,556608.948,159620134.9104,0
2022-05-15,296.9,312.6,285.7,312.4,774709.231,1652659199999,231142840.1901,392238,389103.506,116104553.4209,0
2022-05-16,312.4,312.5,290.3,297.2,967622.834,1652745599999,288647095.5697,416224,484101.387,144389234.9869,0
2022-05-17,297.3,310.7,295.8,306.2,702265.607,1652831999999,213433635.73,340424,347041.057,105444987.7964,0
2022-05-18,306.2,308.6,286.8,287.7,731091.091,1652918399999,217141792.4776,327144,361142.33,107330288.0432,0
2022-05-19,287.8,308.9,286.8,307.1,685238.844,1653004799999,205598123.8996,352294,346082.627,103884240.365,0
2022-05-20,307.1,316.1,294.1,302.2,918118.177,1653091199999,281005765.1526,374986,464156.396,141978227.0217,0
2022-05-21,302.3,314.2,299.3,312.4,470778.483,1653177599999,144965150.0549,233370,230272.195,70901802.1093,0
2022-05-22,312.5,323.7,311.5,319.4,640675.573,1653263999999,203402231.0268,264728,325208.812,103255997.6852,0
2022-05-23,319.3,337.0,315.3,317.2,1016212.871,1653350399999,332787923.2211,403707,509179.981,166761026.4765,0
2022-05-24,317.1,330.4,312.1,328.3,1087140.698,1653436799999,350658423.566,360566,537662.604,173422460.3828,0
2022-05-25,328.3,337.9,324.0,325.7,1057736.755,1653523199999,348647272.3531,324800,530208.977,174746230.1103,0
2022-05-26,325.7,331.8,296.7,303.0,1539437.598,1653609599999,482675425.1862,472567,747810.221,234494191.2053,0
2022-05-27,303.0,309.8,290.6,301.6,1460549.008,1653695999999,439011128.0486,485013,713409.448,214453050.0109,0
2022-05-28,301.5,310.5,296.9,307.5,601654.504,1653782399999,182686636.394,238331,298145.657,90552519.2608,0
2022-05-29,307.6,308.2,298.6,305.8,519507.747,1653868799999,157551407.3438,223923,260088.838,78883001.3772,0
2022-05-30,305.9,324.0,303.9,321.8,1006928.231,1653955199999,318483358.1724,359039,521569.372,164970707.8702,0
2022-05-31,321.8,324.8,313.5,320.9,701746.39,1654041599999,224420165.5609,351755,348392.686,111439808.4767,0
2022-06-01,321.0,324.5,297.6,300.4,817984.609,1654127999999,254597660.7454,352811,399937.208,124452671.4438,0
2022-06-02,300.5,309.2,298.2,308.3,477670.4,1654214399999,144758528.4928,245840,239176.989,72491925.9285,0
2022-06-03,308.4,310.3,293.3,298.6,468996.677,1654300799999,140826605.1582,240420,230771.492,69269731.2435,0
2022-06-04,298.6,302.9,294.8,301.3,293533.108,1654387199999,87900097.3429,170227,151480.095,45365466.3185,0
2022-06-05,301.4,302.5,295.0,299.1,269695.901,1654473599999,80515666.7129,172367,134680.715,40214711.4824,0
2022-06-06,299.1,312.3,288.0,295.1,758590.86,1654559999999,229336066.1504,357412,373799.032,113119808.0166,0
2022-06-07,295.1,295.9,273.5,290.3,969784.619,1654646399999,276622300.0833,415694,473595.14,135155330.3518,0
2022-06-08,290.3,294.6,283.9,288.5,509510.455,1654732799999,147774213.8302,267476,264647.471,76767359.4464,0
2022-06-09,288.5,293.4,286.3,289.9,335495.073,1654819199999,97246541.1366,191304,180648.997,52363493.5402,0
2022-06-10,289.9,298.9,283.2,286.4,817523.364,1654905599999,236828890.8988,339014,428427.936,124191348.8107,0
2022-06-11,286.4,290.6,265.2,269.9,584351.456,1654991999999,161677600.7792,269404,282490.702,78108324.821,0
2022-06-12,269.9,272.0,251.1,254.8,827755.035,1655078399999,215061279.4901,344673,401769.922,104428494.9121,0
2022-06-13,254.8,257.8,213.2,223.0,2377589.4089,1655164799999,546805495.733613,738817,1158626.7144,266643449.16123,0
2022-06-14,222.9,231.4,204.1,223.0,1922025.0844,1655251199999,422925306.5654336,587234,954336.2071,210152823.37454,0
2022-06-15,223.1,234.7,198.4,233.6,2105397.5515,1655337599999,448547539.3195364,667284,1042847.422,222543475.5724,0
2022-06-16,233.6,237.2,207.7,210.2,975592.873,1655423999999,214986177.6497,356855,476983.002,105063970.1662,0
2022-06-17,210.3,222.1,207.7,215.8,690834.308,1655510399999,149392114.506,249702,349047.83,75507206.0331,0
2022-06-18,215.8,219.0,183.4,197.0,1404690.4959,1655596799999,279072472.256769,457262,668746.69,132878870.4645,0
2022-06-19,197.0,217.0,189.7,215.1,1102166.171,1655683199999,224920974.6115,354926,569294.167,116236550.8208,0
2022-06-20,215.1,219.8,204.8,216.5,880400.844,1655769599999,187322962.2861,315623,437645.957,93089774.7158,0
2022-06-21,216.5,228.4,213.1,220.1,829003.565,1655855999999,183872676.7358,302528,436736.138,96923457.7983,0
2022-06-22,220.2,221.0,211.2,214.4,690466.465,1655942399999,149052138.7577,251238,349225.642,75374483.4944,0
2022-06-23,214.4,231.7,214.0,228.9,783796.952,1656028799999,175743668.5606,299259,415136.143,93146096.331,0
2022-06-24,229.0,243.3,228.3,240.2,707275.387,1656115199999,166839422.1564,313643,361206.928,85202384.1711,0
2022-06-25,240.3,242.1,229.7,239.7,490948.31,1656201599999,116387757.5903,238844,243254.481,57694557.1703,0
2022-06-26,239.7,245.2,233.2,233.9,456762.547,1656287999999,109213172.7113,231565,228341.531,54625539.9365,0
2022-06-27,234.0,241.0,230.0,233.8,483616.798,1656374399999,113847391.7689,224326,243099.513,57244635.8679,0
2022-06-28,233.9,242.8,225.9,226.9,632626.779,1656460799999,149006957.8704,295208,325512.672,76739636.2322,0
2022-06-29,227.0,229.8,215.4,219.7,711780.691,1656547199999,157422165.4455,286457,364354.108,80612008.2383,0
2022-06-30,219.7,220.3,205.4,219.6,791526.898,1656633599999,168111073.7277,312512,401490.663,85253514.2265,0
2022-07-01,219.6,226.8,213.5,216.9,816261.885,1656719999999,179748144.2187,292502,426482.119,93850534.8584,0
2022-07-02,216.9,219.7,213.8,218.3,342712.099,1656806399999,74221672.5156,171343,176393.79,38212489.3049,0
2022-07-03,218.4,220.1,213.9,219.2,361103.065,1656892799999,78551392.8071,151738,187666.58,40820488.864,0
2022-07-04,219.2,232.2,214.8,231.5,514662.946,1656979199999,115095649.762,210928,271546.953,60707607.7633,0
2022-07-05,231.6,236.6,222.9,230.8,684927.621,1657065599999,157531502.5575,260306,327209.981,75214403.7669,0
2022-07-06,230.8,240.0,229.0,238.6,644951.713,1657151999999,152035811.0107,246590,332247.796,78314880.8626,0
2022-07-07,238.6,243.8,230.0,241.4,488193.225,1657238399999,116889808.366,215455,243710.449,58374918.0635,0
2022-07-08,241.4,247.7,237.0,240.7,643936.034,1657324799999,155410733.435,250004,330125.782,79694194.8757,0
2022-07-09,240.7,245.0,240.4,243.3,267778.165,1657411199999,65028839.7307,139755,143342.71,34815885.6153,0
2022-07-10,243.3,243.5,231.7,234.7,396712.237,1657497599999,93608353.6637,163249,197805.72,46684945.2197,0
2022-07-11,234.7,235.0,225.1,225.6,419335.067,1657583999999,96787885.921,194203,204467.196,47197503.5514,0
2022-07-12,225.7,228.3,220.2,220.6,410220.066,1657670399999,92021837.1589,179212,203288.701,45612940.6251,0
2022-07-13,220.6,231.3,216.4,230.5,714589.61,1657756799999,159664486.6001,276741,365499.985,81707454.2351,0
2022-07-14,230.5,240.0,227.1,238.5,577524.874,1657843199999,134737102.3693,238148,295097.434,68883474.5904,0
2022-07-15,238.6,242.7,235.4,238.5,446513.822,1657929599999,106441090.036,199251,233080.702,55567725.5287,0
2022-07-16,238.6,251.5,233.9,249.8,423399.994,1658015999999,103010813.2741,212250,220960.658,53772155.5355,0
2022-07-17,249.8,256.1,246.4,247.8,436448.547,1658102399999,109732342.9723,222746,222793.677,56021336.8921,0
2022-07-18,247.8,265.6,247.6,264.1,747067.029,1658188799999,193593760.8025,328943,382392.944,99092025.3114,0
2022-07-19,264.1,274.8,255.8,268.6,946386.94,1658275199999,250265863.908,385068,486261.027,128667701.3476,0
2022-07-20,268.6,272.0,256.4,258.2,771496.808,1658361599999,205390008.9628,327966,402550.85,107213788.2242,0
2022-07-21,258.3,266.0,250.7,265.6,545140.272,1658447999999,140726770.2612,253381,267768.693,69149066.3308,0
2022-07-22,265.6,271.4,261.1,262.4,508542.317,1658534399999,135732971.3766,239833,257841.085,68827786.3076,0
2022-07-23,262.5,272.6,252.7,259.2,488326.247,1658620799999,127285476.3853,238809,254518.392,66334523.6189,0
2022-07-24,259.2,266.2,257.1,261.4,333902.611,1658707199999,87651122.8448,182151,167953.902,44088808.8838,0
2022-07-25,261.4,262.7,243.8,244.6,458768.533,1658793599999,116542520.9678,220899,218400.984,55534465.7193,0
2022-07-26,244.7,249.6,239.6,249.4,365533.647,1658879999999,88956040.5187,194887,183348.935,44639465.9834,0
2022-07-27,249.5,272.0,247.5,271.6,656773.695,1658966399999,170925448.3281,301321,337068.498,87678800.9717,0
2022-07-28,271.6,280.8,263.6,277.2,669832.4,1659052799999,182039983.1174,332186,354243.824,96274862.0941,0
2022-07-29,277.2,302.0,274.8,293.6,1077799.221,1659139199999,311584621.6715,509567,531209.658,153518901.1069,0
2022-07-30,293.6,300.2,285.1,287.8,683111.103,1659225599999,200155642.0377,363041,334891.151,98140963.6308,0
2022-07-31,287.8,297.1,282.1,283.4,564727.273,1659311999999,164338264.5006,280830,282605.3,82271494.6735,0
2022-08-01,283.5,290.5,277.9,283.2,493847.804,1659398399999,140529914.4358,261018,241883.273,68838042.319,0
2022-08-02,283.3,291.1,274.2,283.8,627814.081,1659484799999,176987241.0335,306105,314870.809,88776883.4588,0
2022-08-03,283.8,305.7,278.2,297.5,685924.62,1659571199999,201744069.5699,335122,340181.591,100033333.1958,0
2022-08-04,297.6,313.4,297.2,311.8,808604.152,1659657599999,246396755.5475,399568,412768.592,125804089.7002,0
2022-08-05,311.9,321.5,308.1,315.9,641807.573,1659743999999,202413461.716,365140,323449.69,102013504.579,0
2022-08-06,315.9,322.9,312.6,315.2,394288.536,1659830399999,124933875.7491,231660,199268.631,63149678.3152,0
2022-08-07,315.3,325.9,308.2,322.8,415090.183,1659916799999,132021308.2209,228765,214960.311,68400765.1852,0
2022-08-08,322.7,334.0,320.8,324.9,580206.607,1660003199999,189929679.9716,295236,299088.346,97925928.1535,0
2022-08-09,324.9,328.3,312.4,324.4,500589.395,1660089599999,160641901.4976,263966,246886.675,79247623.9538,0
2022-08-10,324.5,336.8,313.6,328.8,831222.11,1660175999999,270943686.2168,409323,433849.267,141507395.5338,0
2022-08-11,328.8,334.7,322.0,323.6,549578.328,1660262399999,181136080.2977,278221,278636.78,91856158.6494,0
2022-08-12,323.5,328.1,317.7,327.9,384848.843,1660348799999,124362903.4881,218231,198713.625,64222450.5871,0
2022-08-13,327.9,333.0,322.8,324.3,405066.252,1660435199999,132869331.8471,224352,206565.369,67769192.8233,0
2022-08-14,324.3,331.0,315.8,317.6,378353.918,1660521599999,122468812.6467,228743,191971.358,62151799.5573,0
2022-08-15,317.6,327.4,313.6,319.5,455916.278,1660607999999,145530995.0574,252870,229110.764,73129317.0748,0
2022-08-16,319.4,322.4,312.0,316.1,370975.919,1660694399999,117467178.0101,227257,184011.773,58274145.4932,0
2022-08-17,316.0,324.0,304.2,306.9,504236.732,1660780799999,157961439.048,286770,239100.592,74883234.873,0
2022-08-18,306.8,311.0,295.8,298.1,409051.886,1660867199999,124617178.5225,230569,202439.479,61702056.4053,0
2022-08-19,298.1,298.2,276.2,279.1,870296.511,1660953599999,248082923.959,383884,424221.572,120956775.7544,0
2022-08-20,279.0,289.4,277.0,283.7,513021.106,1661039999999,145936114.3889,243765,258578.916,73591792.6028,0
2022-08-21,283.8,304.2,283.4,301.9,528156.209,1661126399999,156019516.1688,258953,275912.113,81499382.6048,0
2022-08-22,301.9,304.9,288.8,300.0,638895.985,1661212799999,189310375.0873,290633,328198.162,97277924.4861,0
2022-08-23,300.0,301.7,293.8,299.3,403374.952,1661299199999,120215414.4346,228509,210055.986,62606876.568,0
2022-08-24,299.3,300.5,294.3,296.4,344126.265,1661385599999,102349780.4904,207549,177421.771,52780013.394,0
2022-08-25,296.4,307.5,296.0,301.2,398617.06,1661471999999,120297663.2465,222146,202888.235,61225645.0005,0
2022-08-26,301.2,302.3,277.2,279.6,594770.355,1661558399999,173560709.7524,304980,292738.216,85476518.7092,0
2022-08-27,279.6,284.8,273.3,277.9,412732.716,1661644799999,115381037.0048,219867,205156.875,57351069.3692,0
2022-08-28,277.9,284.1,275.6,276.5,312819.026,1661731199999,87346870.5846,172326,156812.121,43789473.1212,0
2022-08-29,276.5,286.7,272.3,285.9,481690.832,1661817599999,134656813.5535,228169,244827.966,68456022.9285,0
2022-08-30,285.9,292.0,276.1,281.6,436765.765,1661903999999,124426031.0398,232772,221652.054,63133925.7957,0
2022-08-31,281.7,290.0,277.7,279.2,388909.545,1661990399999,110661963.1834,219850,196876.975,56014732.5641,0
2022-09-01,279.3,280.3,270.7,278.3,415193.212,1662076799999,114562125.8134,203985,207240.233,57183318.3698,0
2022-09-02,278.3,283.4,273.7,277.5,321409.948,1662163199999,89625526.057,171642,164264.718,45823678.6888,0
2022-09-03,277.4,278.8,274.2,277.8,148504.883,1662249599999,41095391.7466,99878,74554.537,20635475.0677,0
2022-09-04,277.8,280.6,275.0,279.1,193440.808,1662335999999,53790499.5637,112267,97496.409,27114986.0483,0
2022-09-05,279.1,282.0,273.4,276.9,258958.149,1662422399999,71532780.1941,140956,128488.214,35502512.1034,0
2022-09-06,276.9,286.3,261.0,262.5,640922.531,1662508799999,176536165.5361,292600,317981.582,87620767.1671,0
2022-09-07,262.5,280.4,258.6,278.9,431827.218,1662595199999,115857094.2042,209484,221009.342,59330679.0733,0
2022-09-08,279.0,282.9,275.4,280.5,385559.749,1662681599999,107680601.8348,191459,200862.923,56109645.2548,0
2022-09-09,280.6,295.9,280.0,293.4,541869.409,1662767999999,157120633.6617,285673,290221.162,84155122.319,0
2022-09-10,293.4,298.6,290.3,296.7,328332.542,1662854399999,96679858.8381,196432,172829.461,50901392.9545,0
2022-09-11,296.7,298.1,289.7,295.3,261093.945,1662940799999,76921681.903,156918,130056.046,38322814.4042,0
2022-09-12,295.3,300.0,290.8,294.1,408686.168,1663027199999,120574133.5628,218099,209984.982,61960609.0136,0
2022-09-13,294.1,298.6,275.4,277.4,578322.33,1663113599999,165715028.3164,309903,287087.397,82286357.8706,0
2022-09-14,277.5,282.8,273.3,279.3,424974.985,1663199999999,118512336.0126,229057,206637.249,57639181.4483,0
2022-09-15,279.4,280.5,266.3,271.1,520635.261,1663286399999,142604951.8573,236907,258796.214,70890579.6148,0
2022-09-16,271.1,276.6,268.5,274.9,311737.818,1663372799999,85275040.4255,173202,157405.651,43064157.8784,0
2022-09-17,274.9,279.9,274.7,279.1,189707.951,1663459199999,52624982.8163,121435,99464.713,27595032.5107,0
2022-09-18,279.1,280.3,263.1,266.2,327883.908,1663545599999,89585859.6556,179827,163832.083,44771064.4219,0
2022-09-19,266.3,273.0,256.7,271.9,508029.19,1663631999999,134393256.6133,243379,254860.678,67433802.3566,0
2022-09-20,272.0,273.7,265.2,266.3,335455.454,1663718399999,90215570.1637,163030,164772.564,44323027.4349,0
2022-09-21,266.3,276.4,260.3,264.0,535775.821,1663804799999,143451738.2075,259759,275548.622,73783424.242,0
2022-09-22,264.0,276.7,263.5,275.3,339390.821,1663891199999,91412188.4338,176775,176427.58,47535209.1058,0
2022-09-23,275.4,277.9,268.3,276.7,363390.805,1663977599999,99381888.094,213243,186613.196,51042455.3275,0
2022-09-24,276.7,285.0,274.2,274.4,324988.432,1664063999999,90927137.7213,181474,168697.737,47213244.665,0
2022-09-25,274.4,280.0,270.9,274.3,220895.598,1664150399999,60865798.2227,132247,109679.497,30226067.8602,0
2022-09-26,274.3,276.9,270.8,276.1,267919.665,1664236799999,73404700.587,172376,132077.339,36197095.6617,0
2022-09-27,276.1,286.6,269.2,272.3,406749.835,1664323199999,113664496.2136,236540,209801.753,58652824.8554,0
2022-09-28,272.3,283.7,266.3,281.6,357981.397,1664409599999,98283085.9797,213123,187974.077,51650683.6739,0
2022-09-29,281.6,285.6,277.1,284.1,301167.344,1664495999999,84839263.8185,195346,154148.735,43436828.1508,0
2022-09-30,284.2,289.8,280.5,284.8,391981.587,1664582399999,111674332.3233,220309,201616.888,57447129.7915,0
2022-10-01,284.9,285.4,277.7,282.9,196754.497,1664668799999,55536687.6329,129933,98406.534,27776186.8921,0
2022-10-02,282.9,287.9,279.4,284.7,200690.251,1664755199999,56846715.143,142252,102140.923,28939540.7795,0
2022-10-03,284.7,289.1,283.1,286.9,275974.883,1664841599999,78973348.1578,168995,140275.824,40154180.8288,0
2022-10-04,287.0,298.2,286.3,296.2,321841.165,1664927999999,94248616.7074,175277,167595.087,49075418.9608,0
2022-10-05,296.3,296.4,289.2,294.2,221018.685,1665014399999,64737577.4074,144677,108829.183,31881009.7165,0
2022-10-06,294.2,298.1,278.6,287.0,450036.833,1665100799999,130215244.4347,217636,215351.773,62314213.4533,0
2022-10-07,286.9,287.0,279.1,282.3,354485.961,1665187199999,100481529.2893,180046,169708.762,48113930.5505,0
2022-10-08,282.2,282.7,275.4,276.4,183653.119,1665273599999,51392337.1387,112079,81925.861,22933751.9103,0
2022-10-09,276.3,279.4,275.1,278.2,171008.247,1665359999999,47459488.889,97320,84210.88,23374148.5834,0
2022-10-10,278.2,279.2,271.3,271.5,216924.869,1665446399999,59605624.9216,136810,101062.062,27772368.7927,0
2022-10-11,271.5,274.0,267.2,271.4,222137.683,1665532799999,60175430.3276,148423,102971.172,27904638.3857,0
2022-10-12,271.3,272.9,269.2,270.9,167816.904,1665619199999,45523630.5199,125444,80040.432,21716263.478,0
2022-10-13,270.9,273.7,256.8,271.6,540797.212,1665705599999,143118801.2493,279132,262348.672,69443422.3613,0
2022-10-14,271.6,276.8,267.6,269.4,298386.918,1665791999999,81413111.8451,186956,151842.599,41460128.582,0
2022-10-15,269.4,271.4,267.4,268.2,144084.716,1665878399999,38892821.9386,130152,73960.29,19967198.8675,0
2022-10-16,268.2,273.9,267.9,272.5,185597.074,1665964799999,50273799.9495,146014,95524.066,25875908.5972,0
2022-10-17,272.4,275.9,269.8,275.6,187187.58,1666051199999,51151085.5275,131740,104433.567,28542738.3773,0
2022-10-18,275.7,276.0,270.1,273.1,195691.117,1666137599999,53473915.4375,142151,97458.573,26636646.243,0
2022-10-19,273.2,273.9,270.3,272.0,153657.96,1666223999999,41810731.1332,130028,75458.031,20534860.0769,0
2022-10-20,271.9,273.4,267.3,269.0,166135.496,1666310399999,44986069.5486,136960,79110.775,21428301.5199,0
2022-10-21,269.0,271.2,263.4,270.1,195432.212,1666396799999,52360415.0981,143664,95208.094,25518337.344,0
2022-10-22,270.1,271.1,268.4,270.4,84044.883,1666483199999,22665745.2842,88522,43120.468,11630349.4434,0
2022-10-23,270.5,276.8,268.7,276.0,134390.843,1666569599999,36579876.7559,106749,72586.747,19762563.6748,0
2022-10-24,275.9,277.4,271.6,274.1,154182.094,1666655999999,42223946.5416,115565,77680.711,21274217.912,0
2022-10-25,274.2,289.9,272.0,284.2,387523.125,1666742399999,109424124.6145,229772,207967.388,58696626.341,0
2022-10-26,284.2,292.0,284.1,290.2,316408.936,1666828799999,91230142.3111,191039,172846.082,49836361.0052,0
2022-10-27,290.3,293.3,284.7,286.7,315734.808,1666915199999,91136079.963,212121,160724.45,46408569.9147,0
2022-10-28,286.8,301.1,285.7,297.9,416648.243,1667001599999,122109397.9691,231909,218431.485,64043304.9397,0
2022-10-29,297.9,308.4,295.6,304.4,553646.125,1667087999999,167868011.2647,328111,287141.706,87069969.9132,0
2022-10-30,304.5,318.8,302.3,313.5,538624.403,1667174399999,167660898.3786,346158,277904.975,86506944.3398,0
2022-10-31,313.6,337.9,306.5,325.7,1047801.477,1667260799999,340425554.6015,505854,539333.423,175228417.9892,0
2022-11-01,325.8,334.6,317.4,323.9,550045.706,1667347199999,179160222.0247,318787,273447.497,89100136.4694,0
2022-11-02,323.8,330.0,315.3,320.2,561329.564,1667433599999,180869023.3075,363030,276469.903,89098851.5386,0
2022-11-03,320.2,338.7,318.0,329.5,622354.86,1667519999999,205277326.0489,391376,316277.731,104283266.7803,0
2022-11-04,329.6,358.9,328.3,354.6,751709.582,1667606399999,261103572.5566,487998,389525.811,135267062.4756,0
2022-11-05,354.7,361.3,346.1,349.2,411760.064,1667692799999,145635881.7737,327478,212743.446,75242430.762,0
2022-11-06,349.1,356.0,337.7,337.9,390974.879,1667779199999,136745098.0347,297770,196723.476,68867009.8424,0
2022-11-07,337.8,344.4,326.4,337.0,740465.512,1667865599999,248017900.2622,460314,376989.165,126319572.4136,0
2022-11-08,337.0,398.3,298.0,327.4,3103916.384,1667951999999,1055852274.3117,1739886,1607449.901,547128771.8921,0
2022-11-09,327.4,333.1,260.2,267.3,1901075.899,1668038399999,567664075.6822,1257192,918494.673,274884125.2292,0
2022-11-10,267.1,313.0,263.2,304.0,1411238.91,1668124799999,406358146.7639,1001855,706517.782,203341188.9076,0
2022-11-11,304.1,306.0,279.0,290.4,695145.641,1668211199999,202402540.8252,573830,340716.948,99209173.4669,0
2022-11-12,290.4,294.5,271.6,282.8,545359.355,1668297599999,154906443.4621,379895,256687.722,72861759.7858,0
2022-11-13,282.9,286.5,273.2,276.4,442278.921,1668383999999,123589124.7321,403102,221313.404,61850601.6895,0
2022-11-14,276.4,292.0,268.0,279.0,818725.897,1668470399999,227994916.626,570233,408350.535,113745934.8928,0
2022-11-15,279.0,282.4,273.2,277.0,445565.664,1668556799999,123903312.1649,331878,223048.595,62049799.7608,0
2022-11-16,277.0,280.2,268.8,271.8,402896.799,1668643199999,110278982.5105,283812,195395.704,53508942.4804,0
2022-11-17,271.9,273.5,262.9,267.9,367805.83,1668729599999,98606467.4681,246309,188376.882,50501119.9623,0
2022-11-18,268.0,274.8,267.7,274.1,277946.366,1668815999999,75643996.6943,195714,144211.493,39248045.7681,0
2022-11-19,274.1,274.6,268.9,272.6,194104.28,1668902399999,52728944.3301,152108,96683.793,26263998.5852,0
2022-11-20,272.6,273.8,261.8,264.2,306587.581,1668988799999,82401745.4219,264496,148698.214,39981365.3269,0
2022-11-21,264.2,265.3,250.0,253.9,581026.19,1669075199999,149844873.5876,366884,285889.948,73747928.7341,0
2022-11-22,254.0,267.8,252.0,266.7,357164.445,1669161599999,92786743.4638,257583,183777.146,47765237.2508,0
2022-11-23,266.8,301.8,264.8,298.8,1224050.689,1669247999999,356516355.7052,531600,607062.897,176643929.8567,0
2022-11-24,298.9,304.1,293.9,300.2,550792.655,1669334399999,164566994.1052,308749,270127.901,80708837.8153,0
2022-11-25,300.3,306.6,294.1,300.8,465733.483,1669420799999,139382821.9341,271666,228038.17,68248738.2981,0
2022-11-26,300.8,317.8,299.9,311.4,569578.773,1669507199999,177387113.6638,327917,303883.164,94647730.9049,0
2022-11-27,311.4,316.7,306.3,307.6,310095.845,1669593599999,96997226.2788,230926,152499.368,47715617.9838,0
2022-11-28,307.7,309.6,286.6,293.5,603763.83,1669679999999,178312004.9909,347819,308587.679,91151266.5342,0
2022-11-29,293.5,305.3,289.0,295.4,422502.385,1669766399999,126128219.769,260714,214663.044,64073397.6161,0
2022-11-30,295.4,305.5,292.5,300.6,467009.694,1669852799999,139979947.1509,298833,233728.706,70081871.0821,0
2022-12-01,300.6,302.0,290.0,292.3,798867.735,1669939199999,236380803.0174,404475,403746.239,119480598.6943,0
2022-12-02,292.3,293.9,285.4,293.4,364102.285,1670025599999,105520413.5547,231895,188591.036,54669912.9931,0
2022-12-03,293.4,294.4,289.0,290.4,234377.055,1670111999999,68292872.5588,162327,112982.813,32928499.0266,0
2022-12-04,290.4,292.8,287.4,291.8,244356.783,1670198399999,70996837.0021,165792,122002.296,35454304.778,0
2022-12-05,291.8,297.2,286.1,288.4,294958.79,1670284799999,86363781.9795,198197,149268.198,43729207.923,0
2022-12-06,288.5,290.8,286.5,290.2,247911.347,1670371199999,71585088.9535,171228,132638.962,38304899.86,0
2022-12-07,290.2,290.9,281.1,284.2,361435.528,1670457599999,102858804.3378,206560,177263.584,50444954.2613,0
2022-12-08,284.2,292.0,282.4,290.4,281655.085,1670543999999,80842697.122,160530,147391.85,42309260.0989,0
2022-12-09,290.4,292.0,284.4,286.0,308418.725,1670630399999,89037369.8403,152673,151688.357,43810389.1172,0
2022-12-10,286.1,289.9,285.7,288.2,148922.633,1670716799999,42834452.8982,103954,77875.899,22401246.2968,0
2022-12-11,288.2,291.4,283.3,284.4,206340.146,1670803199999,59514080.2258,120575,100254.073,28935054.9132,0
2022-12-12,284.5,285.8,271.7,276.1,507509.835,1670889599999,140940803.1346,239070,242679.034,67396000.6992,0
2022-12-13,276.1,282.0,255.6,272.2,1309642.684,1670975999999,351955870.3631,496233,643463.835,173081963.8399,0
2022-12-14,272.2,278.4,265.5,267.7,580082.911,1671062399999,157826873.8852,272183,284886.669,77562173.2661,0
2022-12-15,267.7,268.1,256.5,258.8,350889.164,1671148799999,92233729.9022,180516,162098.049,42618751.143,0
2022-12-16,258.9,264.7,224.7,231.2,876900.031,1671235199999,214869517.089,410142,406407.546,99637643.4038,0
2022-12-17,231.2,245.0,220.0,242.1,788798.493,1671321599999,183930176.9859,346154,403472.917,94150271.1725,0
2022-12-18,242.1,254.6,239.5,251.0,526139.427,1671407999999,130305766.1496,250104,277461.245,68731269.4234,0
2022-12-19,251.1,253.3,236.8,240.4,408787.202,1671494399999,100662869.9923,224923,201060.558,49527441.0489,0
2022-12-20,240.3,253.5,239.1,251.4,320509.026,1671580799999,79574286.8066,174192,173157.299,42982679.4612,0
2022-12-21,251.4,251.5,245.2,246.2,195051.385,1671667199999,48447186.3344,129860,98032.73,24355596.8349,0
2022-12-22,246.2,248.3,240.1,245.8,246104.196,1671753599999,60207564.1979,142323,127101.354,31107099.9128,0
2022-12-23,245.9,248.7,243.7,246.2,175280.013,1671839999999,43130222.3537,107007,92247.864,22702890.0053,0
2022-12-24,246.2,246.3,243.4,244.5,96773.731,1671926399999,23688074.9905,73104,45328.557,11095473.6879,0
2022-12-25,244.6,245.8,241.4,243.2,125016.877,1672012799999,30456150.2055,85421,60084.124,14637488.9176,0
2022-12-26,243.2,244.9,242.0,244.3,117117.968,1672099199999,28483521.2211,80435,58323.781,14186977.4799,0
2022-12-27,244.3,248.9,242.1,246.7,196642.12,1672185599999,48123719.9723,112213,103176.022,25261026.9831,0
2022-12-28,246.7,247.4,241.5,244.5,208632.342,1672271999999,50890930.807,137193,101995.45,24885728.5902,0
2022-12-29,244.6,246.9,243.3,246.3,161959.266,1672358399999,39764426.9632,113446,86879.801,21332847.4379,0
2022-12-30,246.3,246.7,242.7,245.8,128406.533,1672444799999,31413152.0195,105503,64693.613,15828789.906,0
2022-12-31,245.8,248.0,244.8,246.3,134141.311,1672531199999,33031138.6588,87386,68584.582,16893016.2128,0
2023-01-01,246.3,246.7,243.4,244.4,109450.117,1672617599999,26767261.7192,79606,53389.919,13056172.4363,0
2023-01-02,244.5,247.9,240.7,245.2,173452.9,1672703999999,42566621.7265,118257,88934.903,21832049.1827,0
2023-01-03,245.3,247.0,244.4,246.1,115059.991,1672790399999,28259473.5323,98320,55910.334,13735808.9432,0
2023-01-04,246.2,261.0,245.6,258.9,370055.082,1672876799999,94459376.8191,193907,193375.971,49340799.8654,0
2023-01-05,258.9,259.2,255.2,256.7,145297.963,1672963199999,37361134.4044,110069,70478.936,18128067.2373,0
2023-01-06,256.7,260.7,254.2,259.9,199497.076,1673049599999,51368774.9927,133584,101288.346,26087898.2697,0
2023-01-07,259.9,263.9,259.4,261.3,115152.77,1673135999999,30088933.4458,101015,59770.648,15620335.8998,0
2023-01-08,261.3,276.5,260.1,274.9,237308.89,1673222399999,63256842.6863,159558,125570.72,33500845.9422,0
2023-01-09,274.9,283.5,271.3,272.6,437828.428,1673308799999,121659068.738,296847,234500.873,65166641.529,0
2023-01-10,272.6,278.8,270.2,277.1,259938.562,1673395199999,71544603.7047,193227,133367.131,36713650.0757,0
2023-01-11,277.2,287.7,274.1,284.8,266107.304,1673481599999,74166049.4177,185244,140191.653,39110383.2313,0
2023-01-12,284.9,288.6,278.5,287.7,391553.641,1673567999999,111464592.0418,279121,199530.386,56827412.5341,0
2023-01-13,287.8,296.0,284.9,293.7,313541.811,1673654399999,90714499.3465,254385,163406.462,47281616.3212,0
2023-01-14,293.7,314.4,293.1,305.1,706402.087,1673740799999,215777694.13,544551,374279.614,114302715.6501,0
2023-01-15,305.2,306.1,291.8,302.2,288696.868,1673827199999,86365136.017,269807,143852.102,43025652.5905,0
2023-01-16,302.2,308.1,293.1,299.0,350990.993,1673913599999,105546343.5522,282785,184211.261,55377643.3174,0
2023-01-17,299.0,305.8,294.9,299.4,279993.876,1673999999999,84301030.8981,242595,142831.987,43017682.5338,0
2023-01-18,299.4,305.3,281.1,286.7,621064.665,1674086399999,182302178.0608,424163,302494.965,88879935.2442,0
2023-01-19,286.7,295.5,286.1,294.6,215522.146,1674172799999,62586318.1561,188757,115752.378,33621204.1711,0
2023-01-20,294.6,305.4,286.6,305.1,423829.136,1674259199999,124835179.1299,273051,223710.018,65921980.3982,0
2023-01-21,305.1,309.9,298.4,299.0,508000.024,1674345599999,154262036.4891,335988,255840.436,77722693.9156,0
2023-01-22,299.1,311.4,298.5,303.0,388815.192,1674431999999,118074364.3441,296818,196176.904,59600607.8585,0
2023-01-23,303.1,307.8,300.8,305.1,301946.005,1674518399999,92048016.7507,263527,155960.642,47553823.4512,0
2023-01-24,305.2,323.5,299.2,300.3,629758.279,1674604799999,197286790.1894,403898,309769.774,97067733.7981,0
2023-01-25,300.3,314.0,293.4,306.9,447238.539,1674691199999,135182951.9563,317506,227118.78,68644674.9363,0
2023-01-26,306.9,309.5,301.6,304.7,342344.705,1674777599999,104832628.0488,263764,170220.665,52132060.2226,0
2023-01-27,304.8,310.5,298.8,308.0,271326.79,1674863999999,82710629.2353,240434,138274.598,42165021.3342,0
2023-01-28,308.0,313.6,303.6,306.1,229517.8,1674950399999,70543615.9629,186520,115277.086,35430779.0794,0
2023-01-29,306.2,320.5,304.8,317.2,430698.673,1675036799999,135402894.4623,262551,212574.344,66831680.9454,0
2023-01-30,317.1,320.8,302.0,307.2,413716.212,1675123199999,128037381.1261,310394,202140.896,62572558.2932,0
2023-01-31,307.2,314.4,305.3,312.0,278061.958,1675209599999,86537029.2093,225513,138639.833,43148294.6845,0
2023-02-01,312.1,319.4,305.6,317.0,390978.523,1675295999999,121820323.1709,286200,192140.134,59890551.6748,0
2023-02-02,317.1,334.4,316.3,323.5,587655.881,1675382399999,192390747.6579,380701,297338.994,97314912.3924,0
2023-02-03,323.5,335.5,318.3,332.2,579577.162,1675468799999,190507194.7902,341331,291079.658,95651028.8502,0
2023-02-04,332.3,334.1,327.0,330.4,212109.626,1675555199999,70050858.8377,194840,109723.674,36236495.9642,0
2023-02-05,330.4,337.8,324.0,327.8,396514.711,1675641599999,130706234.816,303406,199932.405,65908041.9954,0
2023-02-06,327.8,331.5,320.7,324.3,290965.0,1675727999999,95098301.3522,223884,144140.518,47117808.6852,0
2023-02-07,324.4,333.7,323.2,333.0,265904.833,1675814399999,87505720.4959,253444,134740.202,44360441.111,0
2023-02-08,333.1,335.8,323.6,328.2,286865.867,1675900799999,94531270.4592,253535,139576.048,46007091.4697,0
2023-02-09,328.2,329.3,302.0,306.2,564612.572,1675987199999,178897753.6956,347884,268605.793,85151477.1438,0
2023-02-10,306.2,309.2,302.5,305.8,295784.976,1676073599999,90651947.9341,216851,148040.0,45375918.56,0
2023-02-11,305.9,311.4,305.1,310.4,154488.761,1676159999999,47628388.9448,134396,78224.37,24117160.9681,0
2023-02-12,310.5,321.0,306.0,312.6,291500.27,1676246399999,91485948.2107,197310,145272.969,45597299.2137,0
2023-02-13,312.6,315.7,282.8,294.3,1065985.594,1676332799999,314960864.8088,466340,519155.781,153358925.9178,0
2023-02-14,294.3,301.7,289.8,296.2,494698.654,1676419199999,145777145.5391,271930,243795.774,71913189.3497,0
2023-02-15,296.2,317.7,294.0,317.4,465921.943,1676505599999,142051141.657,261857,248783.126,75882418.3134,0
2023-02-16,317.5,327.8,303.9,304.4,858141.89,1676591999999,273631508.4029,477037,435583.817,139023786.5625,0
2023-02-17,304.4,317.5,302.8,313.0,508736.193,1676678399999,157933829.2178,314781,257841.995,80061812.1005,0
2023-02-18,313.0,319.2,312.9,316.5,282485.39,1676764799999,89264567.9837,210115,139079.916,43957198.7306,0
2023-02-19,316.6,318.9,310.3,311.5,336004.274,1676851199999,105898919.4869,271165,169820.995,53546464.6191,0
2023-02-20,311.5,319.8,308.0,315.4,514483.797,1676937599999,162561577.7291,332108,264832.096,83707489.7971,0
2023-02-21,315.5,317.4,309.3,311.5,385161.297,1677023999999,120775804.8529,299905,184687.744,57928308.5635,0
2023-02-22,311.5,312.9,303.2,312.4,368344.986,1677110399999,113217908.5172,285011,177386.44,54520900.6867,0
2023-02-23,312.5,315.3,305.8,308.3,300641.241,1677196799999,93188074.383,225358,150722.693,46739597.1384,0
2023-02-24,308.3,312.1,298.6,302.3,328726.4,1677283199999,100468727.7221,249902,158161.003,48357381.4362,0
2023-02-25,302.3,303.0,295.5,302.4,178538.408,1677369599999,53640769.2159,166704,85688.24,25750544.3041,0
2023-02-26,302.5,309.8,300.7,308.7,151419.166,1677455999999,46179503.1808,141711,79483.073,24245196.4823,0
2023-02-27,308.7,309.4,300.5,304.6,234405.821,1677542399999,71433037.0652,187654,117385.554,35769446.4424,0
2023-02-28,304.7,305.7,300.0,301.4,186649.192,1677628799999,56536923.3419,172220,90548.374,27434976.9722,0
2023-03-01,301.5,306.4,300.5,302.7,200883.893,1677715199999,60900584.0673,172485,98201.352,29781376.3015,0
2023-03-02,302.6,303.8,295.8,299.8,200964.842,1677801599999,60082927.5113,167725,96477.488,28847544.9432,0
2023-03-03,299.8,300.0,286.6,290.4,266627.564,1677887999999,77375815.2097,231651,122861.964,35650839.9794,0
2023-03-04,290.5,291.5,285.8,289.6,127846.865,1677974399999,36979790.81,127605,63472.637,18363457.2926,0
2023-03-05,289.6,292.8,287.4,288.7,128456.559,1678060799999,37300395.7492,123618,65382.777,18988295.1705,0
2023-03-06,288.8,289.7,283.3,287.8,205220.757,1678147199999,58782996.2149,156193,102980.02,29502304.9785,0
2023-03-07,287.9,290.5,283.4,289.3,200611.357,1678233599999,57609359.9966,167501,99790.549,28660841.4316,0
2023-03-08,289.3,294.3,285.1,287.1,260938.374,1678319999999,75356809.0494,203992,125910.148,36361291.8915,0
2023-03-09,287.1,291.4,271.2,277.1,318996.851,1678406399999,90265165.2206,256816,149606.078,42347601.9766,0
2023-03-10,277.1,278.1,265.0,277.4,404292.972,1678492799999,110074568.5416,282834,211108.872,57482240.5037,0
2023-03-11,277.5,281.8,270.5,276.0,370350.207,1678579199999,102108722.7581,293358,198406.655,54715550.7608,0
2023-03-12,276.0,288.8,273.2,288.1,316243.117,1678665599999,88260912.9764,254109,168370.451,47001055.5555,0
2023-03-13,288.1,314.1,286.1,307.9,991752.464,1678751999999,299509993.6058,567663,515453.313,155671853.7215,0
2023-03-14,307.9,319.5,302.0,308.4,703702.208,1678838399999,218821745.4102,464036,377779.868,117510125.76,0
2023-03-15,308.5,312.7,300.0,306.3,413251.773,1678924799999,126907786.4302,356984,207126.381,63629752.6627,0
2023-03-16,306.3,332.8,302.8,329.4,1251303.89,1679011199999,401797064.6412,637265,646507.68,207473815.7145,0
2023-03-17,329.4,340.0,325.0,338.9,726737.468,1679097599999,241644682.8438,450807,382204.46,127116929.1082,0
2023-03-18,339.0,346.3,328.0,331.0,662698.511,1679183999999,224183709.7316,443659,339915.774,115042995.5619,0
2023-03-19,331.1,341.7,330.3,336.7,401972.619,1679270399999,135490968.039,328802,211805.33,71396425.802,0
2023-03-20,336.7,339.1,331.3,332.5,511504.522,1679356799999,171843370.7453,404307,261312.479,87807132.2454,0
2023-03-21,332.5,339.9,327.1,334.4,477443.689,1679443199999,159793741.7808,373604,260571.938,87233393.7533,0
2023-03-22,334.5,339.5,316.0,321.1,1286215.777,1679529599999,422715609.9451,650526,668519.39,219771408.2535,0
2023-03-23,321.2,332.1,318.9,329.4,383094.591,1679615999999,124802181.3147,289519,194336.276,63312018.7801,0
2023-03-24,329.4,330.0,316.9,322.1,307030.002,1679702399999,99151865.5545,243287,156216.266,50442885.3579,0
2023-03-25,322.1,324.9,319.0,322.4,317118.332,1679788799999,102246368.2079,203195,174392.846,56221565.0687,0
2023-03-26,322.4,329.5,321.7,328.6,204700.193,1679875199999,66827422.6814,162414,112658.235,36779657.5278,0
2023-03-27,328.6,329.8,305.9,310.6,578039.555,1679961599999,182769703.624,355933,288712.46,91269442.2372,0
2023-03-28,310.6,315.8,306.8,313.2,329398.424,1680047999999,102362254.1103,241330,169630.241,52731940.9131,0
2023-03-29,313.3,319.9,312.4,313.7,327282.226,1680134399999,103404307.0787,241108,169149.339,53451408.0427,0
2023-03-30,313.8,320.8,309.1,316.4,496156.738,1680220799999,156327197.1435,313975,266465.626,83963718.2965,0
2023-03-31,316.4,319.8,311.8,316.9,266270.064,1680307199999,84310535.1086,232669,134980.388,42750137.0652,0
2023-04-01,317.0,319.0,313.0,314.9,185904.183,1680393599999,58599155.1467,171578,92978.82,29307198.7504,0
2023-04-02,314.9,316.2,310.7,313.7,149805.667,1680479999999,47006464.2186,161171,71968.317,22585583.4672,0
2023-04-03,313.8,314.1,299.5,308.8,450976.973,1680566399999,138921574.7271,327217,231307.252,71281709.1581,0
2023-04-04,308.8,312.7,308.2,310.8,305980.475,1680652799999,95018482.4739,220230,151255.815,46971882.2831,0
2023-04-05,310.8,316.8,310.2,313.9,320350.363,1680739199999,100571771.7011,220568,166172.924,52182799.5108,0
2023-04-06,314.0,315.2,310.6,312.3,232647.147,1680825599999,72725957.587,184035,114694.896,35856458.2918,0
2023-04-07,312.3,312.8,309.7,310.3,179863.362,1680911999999,55926512.0497,147735,89598.249,27860064.8893,0
2023-04-08,310.4,312.7,310.1,310.5,165372.944,1680998399999,51514644.4441,141077,81973.095,25535653.1926,0
2023-04-09,310.6,313.7,309.5,312.8,163948.725,1681084799999,50986008.2501,144294,84882.611,26400810.9379,0
2023-04-10,312.8,318.7,311.5,318.5,271539.24,1681171199999,85205066.9365,175548,143046.187,44893804.0393,0
2023-04-11,318.6,333.0,317.8,322.3,661117.672,1681257599999,215980918.4731,317339,356965.828,116587946.7733,0
2023-04-12,322.3,323.3,316.7,319.9,354216.724,1681343999999,113135820.0564,213232,194158.26,62014559.2811,0
2023-04-13,319.9,325.1,317.7,324.7,348151.945,1681430399999,112173084.698,200762,179251.628,57771804.5901,0
2023-04-14,324.6,335.5,323.2,328.9,679955.061,1681516799999,224793151.2458,376483,343388.846,113510825.6671,0
2023-04-15,328.8,336.0,326.9,333.0,418311.143,1681603199999,138970386.8544,241027,213073.676,70803772.5497,0
2023-04-16,333.1,350.0,330.1,347.7,632598.777,1681689599999,216486510.2014,350958,332445.911,113750726.6009,0
2023-04-17,347.7,350.0,337.5,340.0,556356.468,1681775999999,191176774.9373,311025,279476.547,96042141.9695,0
2023-04-18,340.0,346.7,337.0,343.1,391677.437,1681862399999,134225841.056,248408,200766.377,68811179.3491,0
2023-04-19,343.1,343.7,320.1,322.4,537444.082,1681948799999,177241467.3572,377615,259895.51,85707690.9659,0
2023-04-20,322.5,326.8,315.3,318.1,367453.933,1682035199999,118367527.8226,282354,182358.968,58759888.6503,0
2023-04-21,318.0,334.6,315.3,321.2,910773.894,1682121599999,296370164.1481,464111,450235.497,146513695.7578,0
2023-04-22,321.3,333.1,319.9,332.2,381882.032,1682207999999,124850258.756,242770,189031.266,61827455.8135,0
2023-04-23,332.2,332.5,327.4,330.7,384622.154,1682294399999,126958680.0237,253287,198520.911,65536757.0345,0
2023-04-24,330.6,334.0,327.7,331.2,442775.294,1682380799999,146556327.1712,293748,215530.087,71350901.5727,0
2023-04-25,331.2,340.0,328.6,338.4,436704.883,1682467199999,145152623.7318,281066,218956.537,72813340.5979,0
2023-04-26,338.4,345.0,321.5,330.6,679551.584,1682553599999,228450745.9855,420823,336287.251,113145858.4602,0
2023-04-27,330.6,336.6,328.2,330.9,482850.957,1682639999999,160502346.0046,309196,244838.391,81395173.0893,0
2023-04-28,330.9,330.9,318.7,324.1,991210.156,1682726399999,320507877.1316,476247,482866.042,156190387.6741,0
2023-04-29,324.1,325.0,320.6,321.9,226488.689,1682812799999,73126327.3959,164539,113421.488,36619261.5527,0
2023-04-30,321.9,338.3,320.4,337.5,711720.726,1682899199999,236115558.3166,351564,365146.806,121110455.4867,0
2023-05-01,337.5,339.6,326.1,328.5,719404.912,1682985599999,239751288.9926,383022,355780.521,118553849.839,0
2023-05-02,328.4,328.5,321.4,321.5,437446.281,1683071999999,141881359.3589,262049,212959.132,69071294.8659,0
2023-05-03,321.4,327.6,320.4,325.9,608765.389,1683158399999,196905763.1719,347629,290424.924,93965222.7025,0
2023-05-04,325.9,327.5,323.2,323.8,195370.268,1683244799999,63593785.5551,159089,97221.824,31650168.8526,0
2023-05-05,323.9,329.1,322.8,326.5,284536.108,1683331199999,92825871.0679,231130,146684.745,47860041.2884,0
2023-05-06,326.6,328.5,319.5,321.9,275367.716,1683417599999,89101595.9636,220414,128174.459,41481933.2518,0
2023-05-07,322.0,325.4,320.4,321.0,203577.219,1683503999999,65809878.4767,171930,101279.058,32746240.3142,0
2023-05-08,321.0,322.1,311.1,313.8,379192.119,1683590399999,119876329.8087,289748,176850.74,55903767.2048,0
2023-05-09,313.8,315.8,311.2,312.1,260672.045,1683676799999,81747989.2856,197989,122738.202,38495320.3325,0
2023-05-10,312.2,316.7,308.0,314.3,360146.811,1683763199999,112722393.2851,275137,173189.577,54220760.1555,0
2023-05-11,314.3,314.5,304.4,307.5,291854.667,1683849599999,90369005.2504,224468,138170.306,42772204.5958,0
2023-05-12,307.5,309.1,301.2,308.5,327008.927,1683935999999,99784360.6959,243015,162091.882,49468034.9796,0
2023-05-13,308.6,311.8,307.5,310.7,151642.554,1684022399999,47001910.5018,152139,74156.497,22983373.631,0
2023-05-14,310.8,314.8,309.5,312.1,192884.821,1684108799999,60226626.9218,145453,99140.648,30954851.8346,0
2023-05-15,312.1,316.3,310.5,313.4,202895.171,1684195199999,63792308.8934,160410,109605.343,34467296.9742,0
2023-05-16,313.4,314.0,309.3,311.4,182668.214,1684281599999,56874167.0213,151812,92475.406,28796093.642,0
2023-05-17,311.4,314.4,307.0,314.3,221274.514,1684367999999,68799773.1488,195941,111208.612,34583508.0041,0
2023-05-18,314.3,314.9,306.1,309.3,236575.286,1684454399999,73619131.9768,186767,115463.909,35934863.9,0
2023-05-19,309.3,311.5,307.5,308.9,191704.812,1684540799999,59286887.5964,132472,92839.089,28710345.6239,0
2023-05-20,308.9,312.0,307.8,310.6,104485.905,1684627199999,32347642.8651,99906,52742.464,16330781.5209,0
2023-05-21,310.7,311.6,305.7,306.4,143182.429,1684713599999,44293374.5127,119687,66006.806,20417511.1436,0
2023-05-22,306.4,311.1,304.4,309.0,222082.435,1684799999999,68557813.5485,139171,106146.423,32760056.8691,0
2023-05-23,309.1,315.4,309.0,313.5,225830.19,1684886399999,70763611.1608,152082,116335.819,36452810.4496,0
2023-05-24,313.5,313.6,303.6,306.0,292692.62,1684972799999,90018222.503,180354,141966.214,43651404.8728,0
2023-05-25,305.9,306.9,302.2,304.5,287322.502,1685059199999,87562770.5034,154669,131228.325,39997523.9241,0
2023-05-26,304.6,308.5,301.4,306.8,398588.895,1685145599999,121756770.7794,159790,192121.637,58694916.2288,0
2023-05-27,306.9,307.7,304.0,307.4,144742.086,1685231999999,44281243.2841,95235,71407.328,21848960.5166,0
2023-05-28,307.4,314.6,306.7,314.1,257233.179,1685318399999,79600097.6225,145064,137157.049,42452076.1185,0
2023-05-29,314.2,317.3,310.4,311.6,461485.115,1685404799999,145062337.2295,222698,243279.748,76457516.48,0
2023-05-30,311.7,314.2,310.8,311.5,291304.59,1685491199999,91013362.1095,172794,156279.841,48828481.8348,0
2023-05-31,311.4,311.9,305.0,306.8,437132.418,1685577599999,134239500.3593,178902,212891.71,65371868.2701,0
2023-06-01,306.8,307.7,303.1,304.9,255618.722,1685663999999,77928559.171,129905,135642.877,41355830.8976,0
2023-06-02,304.9,308.4,303.1,307.2,300583.675,1685750399999,92203727.6039,132865,166480.148,51079797.3853,0
2023-06-03,307.3,308.2,303.0,306.6,158805.926,1685836799999,48684741.5621,97573,81020.274,24841048.2299,0
2023-06-04,306.6,307.6,304.5,305.0,187805.427,1685923199999,57537980.8857,102322,99926.503,30614511.7728,0
2023-06-05,305.1,305.1,272.0,276.9,1096020.019,1686009599999,314258039.4391,437688,547537.118,156970390.5923,0
2023-06-06,277.0,285.8,273.2,281.2,708685.58,1686095999999,197599700.3864,255103,359172.388,100177506.0346,0
2023-06-07,281.2,281.8,253.4,259.3,1188263.837,1686182399999,313838020.5865,380071,589851.208,155659372.5066,0
2023-06-08,259.3,267.5,257.1,262.0,579854.02,1686268799999,152323676.7111,212359,286521.57,75277760.64,0
2023-06-09,261.9,264.4,255.7,260.5,509660.501,1686355199999,132789115.8495,199563,249603.552,65019651.7757,0
2023-06-10,260.6,260.7,228.4,238.7,1603602.202,1686441599999,384973615.933,607880,805703.423,193208299.5207,0
2023-06-11,238.8,239.3,233.4,235.4,402562.359,1686527999999,95102654.1768,171910,214079.867,50567675.7573,0
2023-06-12,235.4,239.3,220.4,231.3,1579141.84,1686614399999,362057778.294,496137,804829.346,184508769.7859,0
2023-06-13,231.3,247.0,228.7,244.2,1230681.021,1686700799999,294375872.3018,405087,620086.812,148207626.3314,0
2023-06-14,244.1,252.8,232.9,237.9,970411.718,1686787199999,237940592.4737,395122,487942.451,119631230.4318,0
2023-06-15,237.9,240.8,230.6,236.4,602141.969,1686873599999,141722725.8756,270067,297244.64,69951955.224,0
2023-06-16,236.5,243.8,232.2,239.3,562586.529,1686959999999,133825112.4104,220946,277471.641,66011144.2974,0
2023-06-17,239.4,249.8,237.2,244.5,491313.272,1687046399999,120377348.1879,199901,241300.423,59108434.3848,0
2023-06-18,244.5,248.7,242.3,244.1,359878.981,1687132799999,88378391.2806,156387,172251.42,42294933.4622,0
2023-06-19,244.1,245.0,238.3,243.1,425074.269,1687219199999,102961755.5535,160308,204946.579,49645218.0753,0
2023-06-20,243.0,248.1,238.7,247.7,639069.672,1687305599999,154968378.054,212388,328442.68,79667003.2592,0
2023-06-21,247.8,254.7,245.0,248.8,1006328.557,1687391999999,250959168.5731,351390,494956.687,123415002.8752,0
2023-06-22,248.9,257.0,239.4,240.8,1032630.471,1687478399999,256876559.6921,347973,529090.855,131693617.386,0
2023-06-23,240.8,249.8,239.7,244.3,638290.193,1687564799999,156124995.5926,254147,327143.028,80025859.2735,0
2023-06-24,244.4,248.7,230.4,236.4,791496.05,1687651199999,189462664.4101,284687,392239.987,93855838.9816,0
2023-06-25,236.4,244.0,235.0,238.8,513198.598,1687737599999,122634105.4772,217281,261521.086,62508918.2631,0
2023-06-26,238.9,241.3,233.6,236.1,526248.09,1687823999999,124675274.7049,225519,264273.287,62618313.3008,0
2023-06-27,236.1,240.8,234.5,237.5,360259.85,1687910399999,85834675.0653,161086,185324.969,44148400.8195,0
2023-06-28,237.5,237.6,224.6,230.6,643304.047,1687996799999,149305878.0527,257544,309073.117,71767593.4307,0
2023-06-29,230.6,236.7,230.4,233.1,352025.974,1688083199999,82245042.8293,158038,181468.311,42397611.6568,0
2023-06-30,233.2,241.7,230.7,240.3,843439.594,1688169599999,200483756.0175,350192,427265.714,101565505.7267,0
2023-07-01,240.4,249.0,240.0,247.9,723099.401,1688255999999,176868834.7547,256708,338381.688,82783943.5956,0
2023-07-02,247.8,248.5,242.9,246.5,598172.063,1688342399999,146687214.6501,220931,287430.284,70475757.6486,0
2023-07-03,246.5,254.7,245.3,246.5,873992.727,1688428799999,217329353.3851,297949,438235.451,109002380.9201,0
2023-07-04,246.5,246.9,240.4,242.5,488909.055,1688515199999,119449633.3821,190012,233298.321,57016600.4894,0
2023-07-05,242.5,243.9,235.8,238.9,520015.694,1688601599999,124699717.6546,209992,250400.742,60040657.6584,0
2023-07-06,239.0,244.5,231.5,232.2,673275.441,1688687999999,160660353.281,301503,321744.885,76829919.1372,0
2023-07-07,232.3,236.2,231.1,235.6,431534.586,1688774399999,101015451.0578,190499,204932.178,47968271.9661,0
2023-07-08,235.7,237.6,234.2,236.3,259727.721,1688860799999,61331779.1567,174447,133142.524,31442092.4836,0
2023-07-09,236.3,237.0,232.9,234.1,235123.329,1688947199999,55224068.3752,131348,127138.036,29861136.3439,0
2023-07-10,234.1,247.0,231.3,246.2,1193826.524,1689033599999,288577761.4019,359254,585177.519,141457667.8846,0
2023-07-11,246.2,249.5,244.6,248.6,660141.384,1689119999999,163092161.7441,242536,334947.059,82774540.6229,0
2023-07-12,248.6,250.5,242.6,243.9,599390.712,1689206399999,148023554.2427,195472,301270.155,74438275.1052,0
2023-07-13,243.9,257.8,242.7,256.1,1037831.391,1689292799999,260503840.2724,344039,530562.595,133157522.8151,0
2023-07-14,256.2,261.7,243.4,248.1,1071118.696,1689379199999,272238529.481,412390,505097.662,128466957.4574,0
2023-07-15,248.1,252.5,246.9,251.1,383772.673,1689465599999,95944881.0894,173161,200997.277,50246761.8643,0
2023-07-16,251.1,252.1,242.0,242.3,433016.609,1689551999999,107159359.2207,192136,202852.33,50228870.5948,0
2023-07-17,242.3,244.9,239.8,244.1,792745.158,1689638399999,192369763.5855,310213,409154.577,99313058.5003,0
2023-07-18,244.1,246.7,237.5,240.2,932504.771,1689724799999,225023659.9072,285888,452088.618,109099355.515,0
2023-07-19,240.3,244.1,239.6,240.8,444676.507,1689811199999,107568712.1823,168531,223876.819,54155949.4662,0
2023-07-20,240.9,245.0,240.3,242.8,449387.8,1689897599999,109089115.4593,167896,231406.874,56195573.4019,0
2023-07-21,242.8,245.4,242.0,243.7,295187.787,1689983999999,71997856.2745,115561,144496.141,35247903.2731,0
2023-07-22,243.8,244.9,240.1,241.1,184432.523,1690070399999,44760549.9083,90058,94053.016,22825730.9761,0
2023-07-23,241.1,244.0,240.4,242.5,171931.133,1690156799999,41687540.333,91330,87020.845,21103199.4473,0
2023-07-24,242.4,243.1,235.0,238.9,463451.698,1690243199999,110753533.6528,159881,226149.39,54039129.5205,0
2023-07-25,238.9,239.8,236.2,237.7,307201.312,1690329599999,73053333.6086,107229,156370.554,37183286.2754,0
2023-07-26,237.8,240.4,236.3,239.0,318667.814,1690415999999,75848956.2839,114421,158928.268,37834330.8512,0
2023-07-27,239.0,244.5,238.4,240.6,310179.989,1690502399999,74869479.8343,114564,157649.177,38054688.3539,0
2023-07-28,240.7,242.9,239.7,241.9,232739.179,1690588799999,56207693.5292,90466,120293.304,29059001.5413,0
2023-07-29,241.9,242.9,241.1,242.4,102406.899,1690675199999,24773023.5502,62770,53979.5,13060335.6073,0
2023-07-30,242.5,243.8,240.3,242.5,255246.532,1690761599999,61858999.839,104881,133774.706,32425557.7581,0
2023-07-31,242.6,244.5,240.5,241.0,333099.771,1690847999999,80865567.5508,115043,165964.955,40299708.8845,0
2023-08-01,241.0,247.8,237.3,247.7,813075.175,1690934399999,198363744.4037,210585,428826.66,104630014.9097,0
2023-08-02,247.8,248.8,235.7,240.7,630364.599,1691020799999,153020165.131,199916,295889.782,71849702.4601,0
2023-08-03,240.7,242.8,238.3,241.1,303966.677,1691107199999,73117107.9969,110921,160266.192,38557111.8809,0
2023-08-04,241.1,243.4,240.2,241.7,274715.344,1691193599999,66497124.776,100909,141660.915,34294005.1934,0
2023-08-05,241.7,243.3,240.1,243.2,176422.282,1691279999999,42649651.4073,84157,96413.122,23310134.206,0
2023-08-06,243.3,245.5,242.8,243.2,278149.257,1691366399999,67888359.9973,100370,144601.124,35296228.3856,0
2023-08-07,243.1,244.9,239.7,242.1,302098.545,1691452799999,73178128.2102,128831,149148.52,36139827.2787,0
2023-08-08,242.0,248.0,241.5,245.2,377607.574,1691539199999,92356948.4678,135737,197826.001,48382607.5957,0
2023-08-09,245.2,245.5,242.8,243.8,294212.606,1691625599999,71894705.2311,113372,135769.467,33180056.0979,0
2023-08-10,243.9,244.1,240.5,241.5,261873.92,1691711999999,63443697.9964,98678,128008.866,31025335.532,0
2023-08-11,241.5,242.3,238.0,239.7,287357.204,1691798399999,68977336.0305,127336,136265.188,32720564.3628,0
2023-08-12,239.8,241.4,239.3,240.3,114025.156,1691884799999,27423424.2774,69513,63913.79,15372470.2757,0
2023-08-13,240.3,241.8,239.8,240.2,132878.878,1691971199999,31960464.0307,75227,67456.525,16230436.6076,0
2023-08-14,240.2,241.5,239.7,240.4,201261.953,1692057599999,48426294.7964,96139,101261.467,24372616.801,0
2023-08-15,240.5,240.8,234.0,236.7,397828.347,1692143999999,94739230.1,179671,174194.762,41484011.3717,0
2023-08-16,236.8,237.4,230.7,232.0,427014.475,1692230399999,99874060.8179,175185,196968.217,46068077.5861,0
2023-08-17,232.1,232.4,212.5,218.1,1023773.861,1692316799999,229457143.1452,334802,492253.927,110215372.8604,0
2023-08-18,218.1,220.3,213.5,216.1,674545.267,1692403199999,146556115.4077,215489,334292.711,72650797.5988,0
2023-08-19,216.0,219.2,213.6,216.8,323294.673,1692489599999,69900741.1019,126865,160932.681,34801974.5699,0
2023-08-20,216.9,218.0,215.4,216.5,190457.433,1692575999999,41243951.0211,87786,89880.883,19468084.9954,0
2023-08-21,216.6,216.9,206.2,210.4,782096.622,1692662399999,164823491.5976,207968,352488.7,74228471.4781,0
2023-08-22,210.4,213.0,203.4,210.9,875925.591,1692748799999,182093302.0157,209257,452265.644,94048005.3417,0
2023-08-23,210.9,218.8,210.8,216.6,646096.521,1692835199999,139100814.0227,167841,330532.643,71162156.7611,0
2023-08-24,216.7,221.2,215.6,219.0,368866.011,1692921599999,80590240.5933,128152,192447.101,42055393.5906,0
2023-08-25,219.0,219.6,213.7,218.4,380692.105,1693007999999,82490314.6667,133953,197743.61,42862909.8911,0
2023-08-26,218.5,219.3,216.1,216.5,146835.271,1693094399999,31896070.8349,78993,70541.547,15322495.2645,0
2023-08-27,216.4,219.8,215.9,218.4,186853.184,1693180799999,40689386.502,76224,97789.883,21297803.6691,0
2023-08-28,218.4,219.5,215.1,218.8,310319.442,1693267199999,67502658.0164,106546,162238.476,35298716.5801,0
2023-08-29,218.8,234.8,217.0,226.9,666199.649,1693353599999,151324979.9833,237969,328483.425,74592289.2608,0
2023-08-30,226.9,227.3,221.7,223.8,305094.438,1693439999999,68404012.6529,112391,145196.307,32553765.3936,0
2023-08-31,223.8,226.0,214.4,216.7,452017.913,1693526399999,99599187.5856,138667,214352.718,47245309.4371,0
2023-09-01,216.7,218.4,211.2,213.7,461833.238,1693612799999,98906602.8881,134151,224866.923,48150330.7881,0
2023-09-02,213.7,215.9,213.0,214.4,207729.726,1693699199999,44541640.1152,89521,106735.228,22889512.8875,0
2023-09-03,214.4,215.2,213.2,214.4,168458.242,1693785599999,36078852.7499,69591,82525.559,17677133.6363,0
2023-09-04,214.4,216.5,213.1,215.2,305315.445,1693871999999,65652259.4118,103483,153805.696,33081600.7584,0
2023-09-05,215.3,216.1,213.5,214.6,242764.079,1693958399999,52156121.7649,88960,120561.668,25905560.3874,0
2023-09-06,214.6,218.8,211.8,215.2,300823.424,1694044799999,64596754.8989,99800,152770.207,32810054.7916,0
2023-09-07,215.2,217.9,213.6,217.1,247735.496,1694131199999,53365435.3813,92251,122055.253,26299882.7723,0
2023-09-08,217.1,218.8,213.4,214.7,235244.296,1694217599999,50731186.8383,99112,113377.066,24460512.5463,0
2023-09-09,214.7,215.4,214.1,214.1,94752.246,1694303999999,20356350.875,54570,46878.516,10073343.2311,0
2023-09-10,214.2,214.3,211.1,212.4,281482.379,1694390399999,59840295.3424,94220,136703.034,29063981.4295,0
2023-09-11,212.4,212.7,203.9,206.1,580093.123,1694476799999,120460067.2959,147921,271233.951,56296191.5593,0
2023-09-12,206.2,214.3,204.9,210.7,523734.999,1694563199999,110321515.4203,157384,270369.875,56966916.178,0
2023-09-13,210.8,213.3,209.3,212.5,301454.875,1694649599999,63746181.0503,102406,146225.312,30928577.121,0
2023-09-14,212.5,215.0,211.0,212.2,354022.553,1694735999999,75291908.9119,112928,179219.203,38122912.5409,0
2023-09-15,212.2,215.0,210.9,214.1,312856.997,1694822399999,66528306.9665,111625,168397.937,35819316.7541,0
2023-09-16,214.1,216.0,213.3,214.9,288697.085,1694908799999,61955726.2993,111652,162269.151,34832018.6399,0
2023-09-17,214.9,216.8,213.3,216.5,333002.468,1694995199999,71700223.6748,110946,183565.985,39529882.3361,0
2023-09-18,216.4,221.3,214.9,216.0,600156.61,1695081599999,130735805.9995,147171,304635.259,66378332.2952,0
2023-09-19,216.0,219.9,215.3,217.2,347261.748,1695167999999,75480968.3979,109534,170394.893,37038636.1557,0
2023-09-20,217.2,217.8,213.3,214.4,368825.746,1695254399999,79474917.4956,112115,179607.68,38714425.746,0
2023-09-21,214.3,215.1,209.1,210.8,412312.209,1695340799999,87294414.1873,118272,208710.055,44199538.1668,0
2023-09-22,210.8,213.0,209.6,211.1,237677.235,1695427199999,50135472.3992,83886,124775.72,26324289.5454,0
2023-09-23,211.1,211.7,209.9,210.5,117618.21,1695513599999,24779090.2678,59523,58951.247,12421098.9527,0
2023-09-24,210.4,211.2,206.5,208.3,185179.502,1695599999999,38827637.9994,73786,89976.809,18871100.9621,0
2023-09-25,208.3,210.6,206.5,209.9,272401.465,1695686399999,56924678.2105,91720,144283.079,30155136.7938,0
2023-09-26,210.0,213.7,209.7,212.6,280709.589,1695772799999,59488753.5475,98698,143627.073,30440271.9623,0
2023-09-27,212.6,216.0,210.5,212.0,409367.397,1695859199999,87213295.6396,128013,195206.2,41604114.1814,0
2023-09-28,212.1,217.0,211.5,215.0,394085.543,1695945599999,84416215.6065,124590,198013.558,42433594.6337,0
2023-09-29,215.0,217.6,214.3,215.2,371923.961,1696031999999,80287231.0222,114040,194657.85,42027073.8885,0
2023-09-30,215.2,216.5,214.1,214.6,179075.156,1696118399999,38525653.0438,77924,92828.095,19972757.2303,0
2023-10-01,214.6,219.4,213.1,218.2,415044.578,1696204799999,89726682.2753,133268,207718.652,44923446.503,0
2023-10-02,218.2,221.6,213.1,214.6,565949.136,1696291199999,123112092.6423,159392,282923.955,61572992.0376,0
2023-10-03,214.6,215.8,212.4,213.5,294511.083,1696377599999,63065028.0602,103256,145717.838,31208885.8563,0
2023-10-04,213.5,213.8,210.8,213.4,328882.49,1696463999999,69819488.4664,114823,165906.826,35226466.7412,0
2023-10-05,213.4,213.9,210.2,210.6,259374.039,1696550399999,54965499.6337,100475,128002.356,27126126.9323,0
2023-10-06,210.7,214.6,210.1,213.4,258866.553,1696636799999,54945455.1705,93058,131036.88,27819644.6018,0
2023-10-07,213.4,213.8,211.5,212.3,125590.792,1696723199999,26739226.3039,89421,55267.111,11767929.0639,0
2023-10-08,212.2,212.8,208.8,211.4,225258.305,1696809599999,47548210.2222,91197,104395.143,22040330.7164,0
2023-10-09,211.3,212.2,202.0,205.8,572318.205,1696895999999,118525638.8665,158170,269037.518,55736773.9215,0
2023-10-10,205.9,213.1,205.5,208.6,577725.014,1696982399999,120399736.9274,167912,301178.214,62773959.1828,0
2023-10-11,208.6,208.8,204.3,206.6,397200.817,1697068799999,81917381.5586,121586,194268.707,40065633.1995,0
2023-10-12,206.6,207.3,202.8,205.1,355516.958,1697155199999,72953132.7042,123101,176983.045,36321896.2228,0
2023-10-13,205.1,208.3,204.3,206.1,331300.92,1697241599999,68240940.6759,99854,165890.439,34172154.7253,0
2023-10-14,206.1,207.1,205.7,206.5,142741.132,1697327999999,29452373.0415,73474,71862.609,14829794.1879,0
2023-10-15,206.5,213.0,206.3,209.7,365630.554,1697414399999,76238355.8478,127761,194419.439,40551762.6306,0
2023-10-16,209.8,219.0,209.6,214.6,773179.81,1697500799999,165487571.0136,208429,403147.508,86281126.1938,0
2023-10-17,214.7,215.0,209.0,211.4,372808.016,1697587199999,79111066.0669,134897,180068.913,38216371.9165,0
2023-10-18,211.4,213.9,209.9,210.2,260942.338,1697673599999,55325763.0858,99848,127902.202,27132915.4308,0
2023-10-19,210.3,211.5,208.2,211.2,274491.489,1697759999999,57695328.7046,104718,141564.274,29767507.1873,0
2023-10-20,211.2,216.6,210.5,212.1,344927.206,1697846399999,73664939.3665,137055,179525.833,38342871.7572,0
2023-10-21,212.1,215.8,211.4,214.2,263182.512,1697932799999,56232405.6178,116485,137267.023,29332319.7661,0
2023-10-22,214.2,218.4,213.6,217.8,291845.069,1698019199999,62866183.9462,117293,151833.733,32712482.0557,0
2023-10-23,217.8,231.0,216.9,228.5,841393.165,1698105599999,187556172.7312,277300,457375.196,101956079.6189,0
2023-10-24,228.6,238.1,221.2,225.2,1011409.17,1698191999999,231896447.9067,349790,494759.77,113550721.1776,0
2023-10-25,225.2,229.1,221.5,222.1,624789.777,1698278399999,140855130.8811,218394,281733.155,63558498.699,0
2023-10-26,222.1,228.1,219.2,223.2,726200.668,1698364799999,162660929.0755,235180,348408.455,78070970.292,0
2023-10-27,223.2,231.6,219.9,224.1,970917.489,1698451199999,219332548.5696,299099,483222.573,109224748.3628,0
2023-10-28,224.2,228.4,224.1,225.7,347691.437,1698537599999,78745361.1092,140074,179854.796,40737896.3574,0
2023-10-29,225.7,228.1,223.6,227.1,269033.796,1698623999999,60824339.7271,130944,131676.357,29776486.397,0
2023-10-30,227.1,229.2,224.6,228.0,397120.276,1698710399999,90262886.821,158941,195184.245,44370237.0703,0
2023-10-31,228.0,229.3,223.9,226.2,465273.268,1698796799999,105313164.8925,185256,215309.293,48755602.7675,0
2023-11-01,226.3,229.5,222.3,227.9,578647.208,1698883199999,130526151.8536,215933,274736.253,62003959.5085,0
2023-11-02,228.0,233.7,227.5,231.9,829216.687,1698969599999,191104853.8685,265823,426094.541,98213202.6697,0
2023-11-03,231.9,232.4,225.6,230.2,501371.786,1699055999999,114768431.2497,235911,240908.126,55162306.2058,0
2023-11-04,230.3,238.7,229.3,237.1,391480.947,1699142399999,91700260.481,187294,214391.95,50226161.6929,0
2023-11-05,237.2,245.5,236.1,244.0,613299.473,1699228799999,148461728.7971,317197,322985.524,78200009.6573,0
2023-11-06,244.0,256.1,241.5,255.1,844924.324,1699315199999,210620058.5931,345075,455485.862,113561831.6267,0
2023-11-07,255.1,255.6,242.1,246.2,865045.808,1699401599999,214554466.2946,299474,444129.476,110096774.4129,0
2023-11-08,246.2,248.3,244.0,246.7,500403.192,1699487999999,123208657.9482,196425,263636.62,64919974.9874,0
2023-11-09,246.7,255.9,240.0,251.6,1320420.474,1699574399999,328534543.7581,485471,649017.01,161547072.769,0
2023-11-10,251.7,258.0,248.1,251.0,814936.218,1699660799999,205904335.778,317560,408837.114,103338973.974,0
2023-11-11,251.1,255.2,246.0,251.5,738756.911,1699747199999,185242581.1229,289654,362060.305,90812534.5674,0
2023-11-12,251.6,252.0,244.5,247.4,637126.209,1699833599999,158268647.2047,240726,295420.252,73397742.0234,0
2023-11-13,247.5,250.2,240.3,241.1,953917.532,1699919999999,234087272.3777,315939,454166.03,111475658.6737,0
2023-11-14,241.1,249.4,233.7,242.3,992864.124,1700006399999,241108612.3373,350365,487028.929,118309344.555,0
2023-11-15,242.3,254.5,242.1,253.7,911316.433,1700092799999,227361551.2316,298377,466531.623,116398204.3073,0
2023-11-16,253.7,256.0,240.0,242.7,1090149.24,1700179199999,270933175.081,330942,525561.354,130691382.1657,0
2023-11-17,242.7,245.9,238.3,244.9,757117.698,1700265599999,184229112.2533,252405,382094.29,93000809.1881,0
2023-11-18,244.9,245.2,238.5,244.8,485737.217,1700351999999,118012503.5516,161972,240860.919,58522782.9086,0
2023-11-19,244.8,246.9,241.8,246.4,379101.104,1700438399999,92591222.5672,140883,190090.822,46435035.3789,0
2023-11-20,246.5,268.4,238.6,253.1,1523794.58,1700524799999,385938132.7184,541413,765111.195,193813337.6285,0
2023-11-21,253.1,271.9,224.0,225.5,4050392.778,1700611199999,1011993817.7675,1330065,1969967.5,492994985.2965,0
2023-11-22,225.5,238.5,224.6,236.1,1791363.245,1700697599999,417655559.5203,450957,901861.731,210342377.4722,0
2023-11-23,236.2,239.2,230.2,233.8,718114.377,1700783999999,168197253.3751,212606,363116.189,85053853.1119,0
2023-11-24,233.8,236.7,231.6,232.7,616904.315,1700870399999,144657214.7094,194380,306527.044,71899705.963,0
2023-11-25,232.8,235.7,232.1,234.4,313338.264,1700956799999,73311189.6661,131778,164247.33,38430673.0236,0
2023-11-26,234.5,234.5,227.9,231.7,437624.722,1701043199999,101501869.2893,164960,202363.838,46951378.3434,0
2023-11-27,231.8,232.9,222.5,227.2,831147.034,1701129599999,188795151.7685,240758,398758.925,90571903.8631,0
2023-11-28,227.3,231.7,224.3,229.6,547422.862,1701215999999,124990569.2474,180702,282766.206,64567685.3371,0
2023-11-29,229.6,231.2,226.1,227.3,416529.001,1701302399999,95227304.2401,143396,206209.457,47150899.7085,0
2023-11-30,227.3,229.2,225.9,227.6,360874.419,1701388799999,82134829.4554,133792,191855.829,43674223.6113,0
2023-12-01,227.6,230.0,227.0,228.5,425879.275,1701475199999,97377363.7116,132047,213403.805,48795583.8125,0
2023-12-02,228.5,230.1,224.8,229.0,456196.933,1701561599999,104181500.1925,157045,226488.371,51736447.8712,0
2023-12-03,229.1,231.9,225.9,228.1,594689.614,1701647999999,135571793.4611,192981,284960.322,64988510.2669,0
2023-12-04,228.1,237.4,224.8,233.5,1475825.971,1701734399999,340713237.4163,398485,762901.097,176199949.9779,0
2023-12-05,233.5,234.9,227.9,231.2,861796.38,1701820799999,199321079.6331,296404,423860.087,98045091.1708,0
2023-12-06,231.3,234.8,228.6,229.4,858794.132,1701907199999,198533925.8919,304002,429552.893,99325514.6611,0
2023-12-07,229.5,234.8,228.3,232.6,793571.247,1701993599999,183986311.039,256861,396748.042,92032449.9493,0
2023-12-08,232.6,240.0,232.2,238.9,764638.52,1702079999999,179932210.9931,257312,392759.324,92443782.2475,0
2023-12-09,238.8,245.5,236.3,237.7,838098.223,1702166399999,202267145.4988,294258,422571.252,101991167.3731,0
2023-12-10,237.8,241.4,236.8,239.8,433591.534,1702252799999,103874632.9652,175456,218613.255,52385567.8558,0
2023-12-11,239.8,248.2,228.0,246.4,2010717.772,1702339199999,481507074.9227,580215,1015231.382,243359670.6632,0
2023-12-12,246.4,257.3,245.5,254.6,1877670.629,1702425599999,474066909.6198,551262,950699.862,240131842.8647,0
2023-12-13,254.6,255.9,244.1,252.0,1149182.339,1702511999999,287346449.3793,366113,568589.168,142190537.3935,0
2023-12-14,252.1,254.0,247.7,253.3,818946.787,1702598399999,205663878.7038,272248,408807.8,102683981.0496,0
2023-12-15,253.2,253.4,242.6,244.9,655654.892,1702684799999,162781619.0281,257518,302836.845,75226455.1885,0
2023-12-16,244.9,248.4,242.7,244.4,444080.33,1702771199999,109276324.5659,193517,215235.724,52962457.1007,0
2023-12-17,244.4,244.5,238.8,238.8,464957.446,1702857599999,112451147.5021,209731,213837.191,51734063.1358,0
2023-12-18,238.9,241.7,232.0,241.7,876189.244,1702943999999,207558062.952,305327,433973.887,102811874.9011,0
2023-12-19,241.7,254.8,241.3,252.9,1569167.394,1703030399999,392788601.6509,489304,809183.949,202597360.2492,0
2023-12-20,252.8,261.9,250.1,260.3,1116951.002,1703116799999,286414435.3106,354980,560070.047,143622371.5864,0
2023-12-21,260.4,274.9,256.2,272.1,1286767.653,1703203199999,344882938.8172,448177,646712.034,173375537.775,0
2023-12-22,272.1,276.5,264.9,271.1,967819.921,1703289599999,261603644.0307,362492,478736.599,129487216.9621,0
2023-12-23,271.1,272.0,265.6,271.0,408213.412,1703375999999,109797737.1071,207044,199755.849,53735662.5251,0
2023-12-24,271.0,272.9,261.9,264.5,572645.135,1703462399999,153772670.7267,285531,274447.876,73726007.9595,0
2023-12-25,264.4,268.2,261.5,266.9,469743.423,1703548799999,124678355.3422,255423,237721.237,63107533.9666,0
2023-12-26,266.8,303.2,264.0,297.7,2356245.345,1703635199999,677051118.3951,891624,1200526.832,344891185.4636,0
2023-12-27,297.7,324.4,285.1,324.1,2126454.61,1703721599999,645877189.4539,724654,1098849.743,333911748.1211,0
2023-12-28,324.0,338.3,320.0,322.6,2249136.219,1703807999999,737870670.9829,742279,1130946.383,371085068.5641,0
2023-12-29,322.6,325.6,307.0,313.7,1407022.74,1703894399999,444941733.1464,501778,685666.098,216869490.4733,0
2023-12-30,313.7,320.8,312.2,317.1,561853.413,1703980799999,177942240.5332,255800,282265.078,89420731.2861,0
2023-12-31,317.0,325.5,307.4,311.8,667097.557,1704067199999,212735142.2708,291013,329561.065,105164615.0165,0
2024-01-01,311.9,316.0,307.0,313.5,619455.158,1704153599999,192732706.8128,261880,312400.892,97214140.2231,0
2024-01-02,313.5,321.3,305.8,312.2,937764.737,1704239999999,295174406.4809,344903,471173.263,148344765.2339,0
2024-01-03,312.3,334.3,293.6,315.8,2132158.122,1704326399999,676220588.2609,799701,1070778.977,339887095.8676,0
2024-01-04,315.9,324.3,310.9,323.7,1133774.957,1704412799999,361837483.3215,418424,589998.906,188350930.1773,0
2024-01-05,323.6,327.3,308.6,317.5,1157056.276,1704499199999,368222963.7918,388664,559873.425,178251922.3723,0
2024-01-06,317.6,317.6,300.2,307.5,909358.183,1704585599999,278569949.9934,329261,421363.67,129040715.7017,0
2024-01-07,307.6,310.0,300.0,302.4,498367.089,1704671999999,152361829.1541,206206,242009.588,74016497.5836,0
2024-01-08,302.5,308.1,290.0,303.7,984590.842,1704758399999,295303747.6348,351442,477182.073,143133820.6223,0
2024-01-09,303.6,306.8,295.7,301.1,1401490.155,1704844799999,422526207.0798,423666,716638.006,216123361.9907,0
2024-01-10,301.1,310.0,288.8,305.8,1032565.477,1704931199999,308162176.0144,366664,522038.784,155900208.6422,0
2024-01-11,305.7,316.8,301.4,308.2,1179601.543,1705017599999,365379468.0055,410105,597028.446,184955724.591,0
2024-01-12,308.2,313.0,289.1,296.6,1003340.774,1705103999999,306490270.7949,353574,474977.834,145172579.0755,0
2024-01-13,296.7,303.1,290.8,302.2,436784.239,1705190399999,130482656.592,186167,224230.592,67000300.4416,0
2024-01-14,302.2,306.7,298.7,299.5,393054.947,1705276799999,119385412.0975,193008,196080.583,59580825.1694,0
2024-01-15,299.4,320.6,299.4,317.5,1704540.89,1705363199999,538168739.2421,507633,887606.757,280192675.3126,0
2024-01-16,317.6,319.4,313.0,315.2,951149.445,1705449599999,301098425.262,285324,457692.814,144902769.228,0
2024-01-17,315.1,316.3,306.8,309.4,1071343.496,1705535999999,334015672.2177,303286,494017.993,154031037.3089,0
2024-01-18,309.3,315.6,305.7,313.0,921121.889,1705622399999,286764675.8662,300608,463402.869,144275322.9484,0
2024-01-19,313.0,316.2,305.0,314.7,835724.4,1705708799999,260212056.1142,262620,419343.066,130624389.9313,0
2024-01-20,314.7,317.3,312.2,317.2,326090.187,1705795199999,102587302.7284,139000,177514.843,55853013.4118,0
2024-01-21,317.3,321.7,316.1,318.6,359764.313,1705881599999,114699882.2174,142612,195370.878,62290778.6228,0
2024-01-22,318.7,320.3,303.6,305.9,704437.647,1705967999999,219981142.9426,239986,344481.873,107583504.1446,0
2024-01-23,305.9,311.7,290.3,298.8,928195.378,1706054399999,277158407.7849,301539,457369.214,136605551.0961,0
2024-01-24,298.8,300.7,290.3,293.1,802312.815,1706140799999,236068964.3331,228147,396152.81,116598307.2188,0
2024-01-25,293.0,296.7,287.5,292.1,1004156.719,1706227199999,293393842.1302,277782,489592.884,143066643.554,0
2024-01-26,292.1,304.2,290.7,302.2,709942.404,1706313599999,212965430.5951,214719,373678.096,112057331.3426,0
2024-01-27,302.2,307.7,301.9,305.6,285357.667,1706399999999,86914329.9027,124410,143495.008,43710407.5125,0
2024-01-28,305.7,309.1,303.1,305.3,409403.057,1706486399999,125348980.2823,146852,203215.165,62237128.3635,0
2024-01-29,305.3,311.0,304.4,310.7,442799.505,1706572799999,136398210.8905,168366,233486.144,71922009.7183,0
2024-01-30,310.7,313.1,306.3,307.6,386375.467,1706659199999,119841147.8526,153482,193079.451,59899819.1959,0
2024-01-31,307.7,308.2,298.6,300.5,459007.698,1706745599999,139453769.9253,181983,204858.178,62242699.7283,0
2024-02-01,300.5,302.2,296.4,300.2,373269.789,1706831999999,111693886.0914,148954,179146.978,53614855.6062,0
2024-02-02,300.2,305.2,299.8,301.4,309501.649,1706918399999,93531533.3372,132879,152342.555,46043106.3825,0
2024-02-03,301.4,303.8,299.5,299.7,198730.962,1707004799999,59934756.239,100715,92656.197,27948436.6825,0
2024-02-04,299.6,307.7,298.0,304.7,503405.323,1707091199999,153038899.9585,160913,256113.11,77859776.1094,0
2024-02-05,304.7,306.8,299.5,301.2,488672.271,1707177599999,148229310.0409,156913,229922.517,69752159.6926,0
2024-02-06,301.2,304.1,300.9,302.7,260762.321,1707263999999,78912339.4264,127238,132573.771,40120041.4509,0
2024-02-07,302.8,308.7,300.7,307.3,352421.789,1707350399999,107278134.5215,142539,170806.92,52000528.6135,0
2024-02-08,307.4,320.6,307.3,319.2,921496.502,1707436799999,290495868.1278,283799,471539.292,148643337.6357,0
2024-02-09,319.2,326.3,317.9,324.0,739178.081,1707523199999,238469149.4622,246723,365848.872,118030881.3977,0
2024-02-10,324.0,325.4,318.9,323.0,321477.064,1707609599999,103609947.2204,149800,155513.135,50125339.244,0
2024-02-11,323.0,324.9,320.1,320.7,280308.105,1707695999999,90370119.2085,137326,135466.997,43685102.5896,0
2024-02-12,320.6,332.2,315.6,327.8,576734.162,1707782399999,186477781.445,222424,292443.076,94585670.5609,0
2024-02-13,327.9,329.2,318.6,324.7,441545.83,1707868799999,143321078.2164,203711,221167.149,71805986.2089,0
2024-02-14,324.6,334.6,323.4,333.9,452466.98,1707955199999,149740983.6118,200782,231164.766,76491751.7666,0
2024-02-15,333.9,366.6,333.3,354.2,1361590.403,1708041599999,478646206.0905,448821,680704.874,239274487.3521,0
2024-02-16,354.3,366.8,349.1,360.4,1061855.986,1708127999999,380862085.144,360598,526744.009,188978532.3136,0
2024-02-17,360.4,363.7,348.2,352.9,630266.52,1708214399999,224091913.1848,244807,295506.719,105137200.1646,0
2024-02-18,352.9,358.1,349.1,349.8,495667.634,1708300799999,174916562.0411,224130,224377.788,79205083.5564,0
2024-02-19,349.8,356.2,349.3,351.6,830917.534,1708387199999,292956743.1504,345997,414590.471,146196834.0431,0
2024-02-20,351.7,361.6,344.8,354.6,972650.558,1708473599999,344718252.3894,339802,477822.292,169438066.6968,0
2024-02-21,354.6,379.3,350.9,379.2,1701415.313,1708559999999,622522220.3496,514587,840914.698,307706688.4333,0
2024-02-22,379.2,387.3,373.7,382.6,1409647.481,1708646399999,536344338.408,444044,687873.961,261809299.7221,0
2024-02-23,382.7,385.8,369.0,375.5,1027891.295,1708732799999,386866756.7837,369744,481409.98,181259570.1996,0
2024-02-24,375.5,383.3,371.7,381.7,444587.481,1708819199999,168773631.0203,205659,223853.011,84995464.7152,0
2024-02-25,381.6,391.0,377.6,388.5,643002.671,1708905599999,247170192.0434,254167,323037.568,124237693.019,0
2024-02-26,388.5,404.9,382.0,401.6,1196262.204,1708991999999,470452539.8288,439494,603448.974,237386073.8552,0
2024-02-27,401.5,403.7,389.6,394.6,915873.073,1709078399999,364167988.7186,359085,453326.359,180285597.1777,0
2024-02-28,394.6,427.3,394.1,414.6,1348008.995,1709164799999,552001541.8641,632216,683791.98,280131088.2702,0
2024-02-29,414.7,419.7,391.1,399.4,1146024.362,1709251199999,469627729.0748,580983,525888.683,215574904.4918,0
2024-03-01,399.3,408.6,398.8,407.4,586580.611,1709337599999,237860266.1338,311204,285002.928,115581867.389,0
2024-03-02,407.4,414.8,405.8,410.9,590018.543,1709423999999,241430398.0742,317270,291005.339,119093267.2262,0
2024-03-03,410.9,416.8,402.2,414.5,838274.346,1709510399999,344938583.2117,383839,415127.006,170878289.8182,0
2024-03-04,414.5,423.8,410.6,418.4,1045414.001,1709596799999,436000270.4003,477914,512280.831,213699810.3019,0
2024-03-05,418.5,427.2,356.1,394.1,2073303.79,1709683199999,842880032.1611,919160,1002333.24,407656759.5141,0
2024-03-06,394.1,434.7,385.6,429.4,1804741.112,1709769599999,751515764.4224,770778,909402.515,379211335.5499,0
2024-03-07,429.4,476.8,423.2,474.6,1672134.41,1709855999999,749769224.1366,665523,892164.719,399906260.0902,0
2024-03-08,474.6,489.6,462.5,485.8,1660311.361,1709942399999,791088261.862612,706558,819263.008,390417132.543612,0
2024-03-09,485.8,493.8,480.7,488.3,852029.241,1710028799999,414533147.6676,433520,423776.867,206221495.0206,0
2024-03-10,488.3,537.5,484.8,528.9,1944137.084,1710115199999,1008148996.342,909899,981900.426,508822537.7983,0
2024-03-11,528.9,533.8,505.5,523.0,1608146.397,1710201599999,837717178.0817,729133,799348.505,416480285.1778,0
2024-03-12,523.0,548.5,519.0,537.5,1924767.687,1710287999999,1029803000.1368,974595,970287.545,519132454.8384,0
2024-03-13,537.4,633.5,531.7,630.5,2526002.564,1710374399999,1472173679.0133,1265237,1299773.56,757460406.7681,0
2024-03-14,630.5,631.5,565.5,603.2,2119540.3,1710460799999,1276710945.0094,1038297,1024242.995,617049992.1553,0
2024-03-15,603.2,635.2,540.9,632.7,3066312.788,1710547199999,1801522551.2584,1365283,1511465.039,888741399.1454,0
2024-03-16,632.7,645.2,567.2,576.4,1811838.042,1710633599999,1089990828.5325,1025452,887759.658,534198536.3274,0
2024-03-17,576.4,590.5,548.6,571.7,1712920.341,1710719999999,984797926.6451,802297,842602.718,484581547.2104,0
2024-03-18,571.7,587.7,540.1,555.4,2284301.814,1710806399999,1280062076.3232,994512,1105043.033,619415247.5823,0
2024-03-19,555.4,560.6,495.8,507.7,2551361.512,1710892799999,1331115169.0283,1213572,1264212.907,659751785.4936,0
2024-03-20,507.7,559.0,500.0,556.8,1425296.579,1710979199999,749188287.3,809335,722627.974,379956281.8959,0
2024-03-21,556.7,571.0,540.6,553.8,953921.372,1711065599999,530484956.5965,563996,490822.159,273124065.471,0
2024-03-22,553.8,588.1,535.5,553.8,1181298.51,1711151999999,665146195.2231,712381,597088.425,336453582.3686,0
2024-03-23,553.8,567.7,543.4,551.9,608753.329,1711238399999,338703185.9031,381050,300426.231,167212492.7134,0
2024-03-24,551.9,573.0,548.7,567.7,442930.35,1711324799999,247685878.078,316278,228019.045,127551786.5182,0
2024-03-25,567.8,598.0,564.4,587.0,802695.512,1711411199999,469579231.5133,583070,419512.15,245519376.5017,0
2024-03-26,587.1,597.0,571.9,580.4,569324.079,1711497599999,332801887.0926,435915,283964.015,165946829.6306,0
2024-03-27,580.4,585.6,560.3,574.3,531668.402,1711583999999,305741133.052,425362,266798.086,153468831.5803,0
2024-03-28,574.2,591.7,574.1,583.4,503901.624,1711670399999,294749471.6428,417770,270251.482,158116207.351,0
2024-03-29,583.4,620.0,582.1,612.5,1042401.169,1711756799999,635441895.7802,774967,556926.889,339337933.2212,0
2024-03-30,612.5,612.9,596.9,600.7,501020.148,1711843199999,303309397.2959,418779,239371.052,144936419.2649,0
2024-03-31,600.7,608.8,600.4,606.7,325136.967,1711929599999,196801011.3464,281965,165444.873,100153752.1936,0
2024-04-01,606.7,607.7,568.7,575.8,723114.09,1712015999999,422232040.5397,550127,335240.836,195706037.7081,0
2024-04-02,575.8,578.2,546.3,551.4,998260.814,1712102399999,557890803.7339,619723,492854.584,275426760.2362,0
2024-04-03,551.4,567.9,539.0,561.5,683925.233,1712188799999,380450017.1563,403926,344570.763,191753422.4773,0
2024-04-04,561.6,597.6,560.8,585.5,879640.68,1712275199999,513029443.1814,573215,461868.584,269312881.6054,0
2024-04-05,585.4,591.5,564.4,577.8,634206.619,1712361599999,367049671.0699,487996,305955.904,177073383.8347,0
2024-04-06,577.8,591.3,575.1,585.4,226975.996,1712447999999,132278897.6139,224088,117560.105,68527939.5872,0
2024-04-07,585.5,591.1,578.0,583.9,263849.216,1712534399999,154585203.3597,251758,134389.436,78735702.5665,0
2024-04-08,583.8,601.1,577.7,586.4,483568.312,1712620799999,285425656.2693,439330,264174.242,155965427.2645,0
2024-04-09,586.3,590.3,571.2,580.5,596275.792,1712707199999,345991219.2587,482272,290685.323,168702490.9461,0
2024-04-10,580.4,610.6,573.4,609.7,816050.7,1712793599999,483100690.5672,590395,429234.13,254236844.9012,0
2024-04-11,609.7,618.4,592.0,604.6,579678.194,1712879999999,350892798.4008,473253,299213.701,181290589.2599,0
2024-04-12,604.6,634.5,571.0,595.6,1517722.658,1712966399999,922093314.9389,1060352,767444.378,467016131.489,0
2024-04-13,595.6,600.2,508.0,553.1,1761628.473,1713052799999,988296299.5608,1267107,866685.166,486598854.6995,0
2024-04-14,553.0,576.0,536.1,566.4,965488.003,1713139199999,533164946.8269,692805,491692.341,271628980.7253,0
2024-04-15,566.4,585.5,544.7,552.7,698443.303,1713225599999,395592622.7526,596403,345855.785,195898509.3883,0
2024-04-16,552.7,554.2,522.8,537.6,623668.813,1713311999999,336470058.8908,452185,304922.909,164565873.9593,0
2024-04-17,537.5,547.9,512.6,534.1,657909.358,1713398399999,350644262.6027,464395,320981.626,171208365.5097,0
2024-04-18,534.0,555.9,527.0,552.1,589697.296,1713484799999,322107047.8927,470350,316463.902,172896600.2909,0
2024-04-19,552.0,564.3,524.0,554.0,545504.183,1713571199999,299560802.6402,367418,269449.714,148051208.0069,0
2024-04-20,554.1,574.3,548.8,570.9,242132.859,1713657599999,136141960.463,214259,125243.222,70460483.2102,0
2024-04-21,570.9,582.6,566.3,579.6,277755.724,1713743999999,159867167.9353,259682,145080.318,83541997.5142,0
2024-04-22,579.6,608.7,578.4,604.5,522892.157,1713830399999,312535591.8883,421292,264368.717,157917800.3098,0
2024-04-23,604.4,618.3,598.7,606.2,556883.344,1713916799999,338016342.9297,467839,289972.312,176045137.6259,0
2024-04-24,606.2,618.5,592.6,608.8,656953.677,1714003199999,398136610.0393,544681,332901.77,201750686.7526,0
2024-04-25,608.8,617.9,600.7,613.2,453745.517,1714089599999,276456819.9268,353114,234863.894,143112189.8331,0
2024-04-26,613.3,615.0,597.0,598.0,302119.884,1714175999999,182921811.3128,269508,141042.767,85400758.9125,0
2024-04-27,598.0,599.7,585.0,596.2,268783.912,1714262399999,159075524.0425,233820,126172.269,74683729.5193,0
2024-04-28,596.2,609.0,596.2,600.2,258059.431,1714348799999,155563327.3273,206703,133451.225,80443610.8682,0
2024-04-29,600.2,602.8,581.3,592.8,330474.005,1714435199999,194895190.9459,271926,160573.306,94733598.0797,0
2024-04-30,592.8,604.3,555.7,578.4,766513.446,1714521599999,442024066.4745,486465,381771.833,220252556.348,0
2024-05-01,578.4,580.4,536.7,561.8,669027.318,1714607999999,371042856.3967,427425,334188.496,185280961.6754,0
2024-05-02,561.8,565.9,539.5,560.5,359794.315,1714694399999,200004508.9447,250921,186000.362,103351107.6153,0
2024-05-03,560.5,590.0,558.9,587.0,342906.433,1714780799999,196300747.86,257575,174598.706,99981862.0715,0
2024-05-04,587.0,593.6,582.5,585.7,197129.251,1714867199999,115907821.4002,210303,100754.273,59247616.8803,0
2024-05-05,585.7,595.0,579.3,592.0,180458.236,1714953599999,106025278.2271,180794,90484.952,53184948.6463,0
2024-05-06,592.0,602.3,583.1,588.2,278669.005,1715039999999,164915187.6334,248490,141943.918,84020361.3779,0
2024-05-07,588.2,600.4,576.0,576.5,289488.709,1715126399999,170615635.1222,266127,145582.53,85855848.6096,0
2024-05-08,576.5,590.0,574.4,588.6,297016.617,1715212799999,173445200.0971,249379,154885.801,90466411.8001,0
2024-05-09,588.6,605.8,586.3,596.8,464857.601,1715299199999,277461169.032,332988,235310.802,140497811.2041,0
2024-05-10,596.8,597.0,581.5,585.6,296215.516,1715385599999,174757720.3065,243047,149140.719,88000174.0173,0
2024-05-11,585.7,594.5,580.8,592.2,210698.305,1715471999999,123879065.4674,176392,110856.406,65157095.5809,0
2024-05-12,592.2,600.1,587.3,594.8,191190.562,1715558399999,113647065.6195,197594,99884.344,59380608.4101,0
2024-05-13,594.8,598.4,585.2,591.7,389810.286,1715644799999,231181529.9276,289913,202020.782,119809450.1196,0
2024-05-14,591.7,593.1,562.0,567.1,453308.316,1715731199999,260670269.0921,326414,197408.495,113573835.747,0
2024-05-15,567.1,587.3,560.0,581.0,402812.993,1715817599999,231640318.7261,368277,205975.6,118462827.9614,0
2024-05-16,581.0,586.6,565.1,569.2,411937.056,1715903999999,237940982.045,353258,200161.003,115716516.0659,0
2024-05-17,569.2,584.5,568.6,580.9,236919.616,1715990399999,136736066.0091,229514,129057.135,74481741.5922,0
2024-05-18,580.9,581.9,574.2,580.3,168074.711,1716076799999,97276169.0784,147254,79240.404,45864409.1382,0
2024-05-19,580.3,581.9,571.3,574.5,142157.485,1716163199999,82153015.5064,136817,65461.052,37839102.3222,0
2024-05-20,574.6,602.0,568.8,599.6,469252.806,1716249599999,273916587.4838,329460,260534.379,152354885.3875,0
2024-05-21,599.6,631.4,593.3,618.5,1023559.613,1716335999999,629680133.3534,714176,542593.388,333817937.525,0
2024-05-22,618.5,626.3,610.1,614.8,404848.487,1716422399999,250112541.59,358849,203014.344,125467545.8543,0
2024-05-23,614.8,617.5,580.0,599.3,607671.947,1716508799999,365408323.5065,452702,287636.088,172962658.4532,0
2024-05-24,599.4,605.5,588.3,600.3,251965.176,1716595199999,150540221.747,234072,122857.327,73448527.3408,0
2024-05-25,600.3,606.7,599.5,602.4,121538.958,1716681599999,73238183.6787,152418,60656.817,36555098.0264,0
2024-05-26,602.3,605.4,598.0,600.2,122983.66,1716767999999,73993292.513,136737,58421.592,35157440.7011,0
2024-05-27,600.3,614.4,599.6,603.9,229302.377,1716854399999,138990897.2628,213322,115446.802,70007104.617,0
2024-05-28,603.9,606.0,593.8,601.7,284862.985,1716940799999,170866428.7429,276265,138252.741,82947402.7281,0
2024-05-29,601.7,603.6,593.1,595.7,212706.254,1717027199999,127314783.2932,297215,104306.507,62443538.1662,0
2024-05-30,595.7,602.2,586.5,595.1,225452.344,1717113599999,134058231.5414,247441,114106.631,67879041.8406,0
2024-05-31,595.1,599.0,590.0,593.7,168608.054,1717199999999,100127890.5189,192563,84038.113,49915396.241,0
2024-06-01,593.8,608.4,593.1,601.9,156464.894,1717286399999,93807304.5433,168039,88983.017,53373596.0617,0
2024-06-02,601.9,606.0,596.0,602.9,198299.996,1717372799999,119216586.139,205029,101463.434,61013044.4188,0
2024-06-03,602.8,638.8,601.2,626.4,654161.467,1717459199999,408619568.5288,445986,350949.958,219117294.8507,0
2024-06-04,626.4,688.2,624.8,685.7,736322.6803,1717545599999,480618195.60853,560841,403884.7589,263870217.18372,0
2024-06-05,685.7,716.0,684.7,698.8,673820.5652,1717631999999,471592896.6752871,516891,346403.5397,242379830.2925071,0
2024-06-06,698.8,721.8,692.0,711.2,544042.9592,1717718399999,383971667.0546109,424589,274383.6301,193735352.29719087,0
2024-06-07,711.1,712.0,658.9,684.0,594753.99,1717804799999,411647370.9832,467676,271049.464,187511996.088,0
2024-06-08,684.0,694.9,677.9,682.7,216849.473,1717891199999,148522259.267,226469,105309.814,72154973.4764,0
2024-06-09,682.7,684.8,670.3,673.0,173565.78,1717977599999,117580243.2205,205290,81637.726,55313473.7177,0
2024-06-10,673.1,674.8,613.3,625.1,692122.616,1718063999999,443628428.2456,698508,310647.874,199216779.4713,0
2024-06-11,625.1,629.0,595.8,602.5,640655.92,1718150399999,392329646.8744,607996,301131.195,184508015.7614,0
2024-06-12,602.5,635.4,591.3,619.4,454148.661,1718236799999,280606534.9802,418125,228189.544,141034295.8502,0
2024-06-13,619.4,619.9,595.6,599.8,313465.472,1718323199999,189807512.1516,444439,148302.882,89820260.2499,0
2024-06-14,599.8,612.5,590.0,603.3,279802.085,1718409599999,168377597.5893,579504,140105.517,84383515.8454,0
2024-06-15,603.3,609.7,601.3,608.2,122650.197,1718495999999,74376625.4952,239966,62007.241,37603630.4145,0
2024-06-16,608.2,611.8,601.1,610.8,104827.154,1718582399999,63655028.5963,157731,53108.608,32259444.9821,0
2024-06-17,610.9,612.6,591.4,604.3,235509.028,1718668799999,141794445.7183,287903,110663.528,66617756.0167,0
2024-06-18,604.3,605.2,575.0,588.6,459142.573,1718755199999,269411551.1401,723050,247053.992,144990083.6423,0
2024-06-19,588.6,605.9,586.6,599.3,260529.062,1718841599999,155686523.0016,302529,138838.99,82950824.8666,0
2024-06-20,599.3,608.0,584.6,587.7,289498.772,1718927999999,172878669.7902,300306,147839.834,88273735.1507,0
2024-06-21,587.7,589.3,577.8,586.1,191182.614,1719014399999,111683509.5204,231903,93121.849,54398247.658,0
2024-06-22,586.2,591.4,581.0,591.1,100439.584,1719100799999,58889744.9883,146230,45174.853,26491386.451,0
2024-06-23,591.1,593.2,576.0,577.5,141025.834,1719187199999,82700074.1585,187493,62626.815,36737322.3308,0
2024-06-24,577.5,582.0,551.2,568.1,356915.248,1719273599999,201975223.9453,476485,162563.581,92015443.5071,0
2024-06-25,568.1,580.0,566.4,578.2,177300.699,1719359999999,101775508.7125,223077,90984.067,52242939.8064,0
2024-06-26,578.3,584.7,567.4,573.0,154770.344,1719446399999,89021816.7667,223761,73108.195,42061839.1508,0
2024-06-27,573.1,584.7,566.4,581.7,199582.231,1719532799999,114879067.5068,224133,102042.235,58708751.2042,0
2024-06-28,581.8,585.3,565.6,567.4,210308.565,1719619199999,120971213.4525,236220,104011.505,59848910.8901,0
2024-06-29,567.4,573.9,566.9,570.0,99951.169,1719705599999,57037745.3195,184735,55534.326,31690070.2945,0
2024-06-30,570.0,585.3,568.3,582.2,169894.148,1719791999999,98063504.92,272102,100982.093,58291561.3152,0
2024-07-01,582.3,588.3,576.2,576.9,188481.951,1719878399999,109661771.2101,255430,100389.281,58428465.0761,0
2024-07-02,576.9,582.0,573.9,580.1,144561.934,1719964799999,83595650.9873,307060,73594.557,42560198.8327,0
2024-07-03,580.1,581.0,550.5,556.7,288318.808,1720051199999,162074388.468,294233,140331.933,78834004.8301,0
2024-07-04,556.7,558.1,511.6,513.6,511359.494,1720137599999,271362063.6033,527426,240501.419,127567491.8048,0
2024-07-05,513.5,516.1,454.8,497.7,992708.164,1720223999999,477944738.996,850494,484298.105,233016332.0654,0
2024-07-06,497.8,530.7,496.0,526.0,226597.141,1720310399999,116325464.473,290569,116253.706,59659035.1984,0
2024-07-07,526.0,526.6,488.4,490.7,279027.459,1720396799999,141525511.5082,318001,126961.718,64382611.742,0
2024-07-08,490.7,524.2,471.0,510.6,580970.096,1720483199999,290874412.6181,660754,284892.084,142598645.7194,0
2024-07-09,510.5,520.8,506.5,516.9,203358.601,1720569599999,104783981.2704,271013,104243.307,53743420.1159,0
2024-07-10,516.9,529.4,511.3,524.7,205460.208,1720655999999,107482904.158,292550,103989.259,54420845.0399,0
2024-07-11,524.7,545.1,520.1,524.8,262788.577,1720742399999,139656345.3707,416058,128694.693,68426446.5915,0
2024-07-12,524.9,537.5,517.0,533.8,207870.778,1720828799999,109277155.6752,396773,100392.81,52804342.1963,0
2024-07-13,533.9,539.4,527.3,532.4,161128.431,1720915199999,85959545.6284,281396,79500.686,42421231.6063,0
2024-07-14,532.5,547.7,531.2,544.8,148566.273,1721001599999,79894219.4869,284131,77489.592,41688962.2775,0
2024-07-15,544.9,586.8,543.8,585.3,335372.772,1721087999999,189865878.4188,573071,179866.455,101808951.0437,0
2024-07-16,585.3,587.5,554.4,576.2,347825.03,1721174399999,198747610.3712,506046,167683.955,95785537.9101,0
2024-07-17,576.3,584.0,564.3,568.9,198271.205,1721260799999,114191416.2815,380173,95261.729,54893933.6591,0
2024-07-18,568.9,579.6,561.6,571.9,153121.784,1721347199999,87460889.8859,381280,75653.046,43232124.7743,0
2024-07-19,572.0,598.7,565.0,593.4,331877.529,1721433599999,194179639.0283,580567,169982.644,99473966.9172,0
2024-07-20,593.4,597.9,586.7,593.1,144679.404,1721519999999,85733754.6122,226000,75833.918,44950408.2787,0
2024-07-21,593.2,603.4,581.5,602.5,243931.763,1721606399999,145514213.204,301302,137654.345,82196722.1271,0
2024-07-22,602.5,605.6,580.3,587.2,212452.69,1721692799999,126474838.8711,418597,99386.202,59218056.2018,0
2024-07-23,587.3,593.5,577.2,581.9,214355.311,1721779199999,125103987.1786,305938,103985.685,60704853.9016,0
2024-07-24,582.0,589.1,570.4,574.9,160535.208,1721865599999,93548644.6785,209580,76442.271,44570590.1227,0
2024-07-25,574.9,576.6,553.1,570.6,286997.522,1721951999999,161664095.8419,331659,137395.304,77412925.5323,0
2024-07-26,570.7,582.8,570.2,580.9,155492.92,1722038399999,89808484.418,189339,78652.357,45428084.8212,0
2024-07-27,580.9,592.8,572.6,581.6,184468.855,1722124799999,107622930.3255,229095,90689.814,52929207.6631,0
2024-07-28,581.6,584.9,574.5,583.9,92606.642,1722211199999,53762708.786,131654,45934.882,26669496.3725,0
2024-07-29,583.9,598.0,572.2,574.3,213824.089,1722297599999,125254349.9433,303558,104271.085,61157594.7612,0
2024-07-30,574.3,588.3,566.6,588.2,165024.413,1722383999999,94752452.1439,288160,82571.952,47456719.21,0
2024-07-31,588.1,592.9,574.7,576.5,194701.723,1722470399999,113838698.8411,297654,93988.407,54989504.6238,0
2024-08-01,576.5,578.0,553.7,575.1,280418.865,1722556799999,158920157.6353,463264,129509.122,73374507.3018,0
2024-08-02,575.2,577.6,540.2,542.9,283605.001,1722643199999,158973647.91,431920,128684.107,72122137.0859,0
2024-08-03,542.9,545.3,521.3,529.6,245777.525,1722729599999,131076763.6382,376792,113448.997,60513581.0246,0
2024-08-04,529.7,532.2,486.5,496.9,390238.285,1722815999999,198331072.8714,521749,180912.742,91921638.9926,0
2024-08-05,496.9,499.9,400.0,464.2,2114679.75,1722902399999,936709946.2717,1999683,991325.443,439439578.564,0
2024-08-06,464.3,494.4,463.5,484.8,458815.007,1722988799999,221910821.6103,588215,228954.244,110735193.2277,0
2024-08-07,484.9,497.7,468.1,475.0,322182.487,1723075199999,155878721.2477,490829,155038.709,75075556.4366,0
2024-08-08,475.0,521.7,467.5,517.1,286744.608,1723161599999,142644959.0329,396134,153399.824,76408441.5165,0
2024-08-09,517.2,518.4,498.7,508.7,195125.106,1723247999999,99252951.0151,300036,87638.316,44592603.0384,0
2024-08-10,508.7,525.4,507.2,523.1,126212.238,1723334399999,65106264.4061,188096,69339.074,35767820.3178,0
2024-08-11,523.2,535.8,502.3,503.4,206038.714,1723420799999,107396614.4,327297,98236.251,51266008.8394,0
2024-08-12,503.5,524.0,499.2,518.2,285951.347,1723507199999,146276671.4102,434495,146689.817,75094982.7524,0
2024-08-13,518.3,527.0,513.1,524.2,255029.497,1723593599999,132679939.5935,350436,134962.119,70235963.366,0
2024-08-14,524.2,531.9,515.4,523.4,220850.011,1723679999999,115904285.2938,379215,112167.631,58880894.1084,0
2024-08-15,523.4,533.9,510.0,519.2,229628.306,1723766399999,119729441.4465,405281,115831.877,60442003.2224,0
2024-08-16,519.2,524.5,509.9,519.7,174036.141,1723852799999,90234466.8196,351806,86807.487,45026778.6494,0
2024-08-17,519.7,547.7,518.3,541.6,196365.586,1723939199999,104648859.6598,304316,101830.016,54272526.5887,0
2024-08-18,541.7,542.6,530.8,531.2,148890.018,1724025599999,80080999.4861,279357,76081.308,40936215.3885,0
2024-08-19,531.3,560.7,529.1,558.4,233275.352,1724111999999,126752012.1447,369716,119969.847,65225669.1925,0
2024-08-20,558.5,574.9,558.2,569.4,422053.693,1724198399999,239532350.7605,605130,211329.27,119969051.7913,0
2024-08-21,569.4,575.1,546.1,570.1,345601.77,1724284799999,194150513.2876,460388,164997.587,92723372.394,0
2024-08-22,570.2,590.0,559.7,582.9,365020.284,1724371199999,211506200.4228,618404,185013.464,107195458.0855,0
2024-08-23,583.0,600.6,574.3,591.7,387772.663,1724457599999,226667831.476,587037,204719.794,119771913.911,0
2024-08-24,591.7,592.4,574.6,580.5,325168.897,1724543999999,189230078.1068,604105,148297.546,86348526.9589,0
2024-08-25,580.5,583.9,569.0,573.9,195984.559,1724630399999,112871783.1875,381566,95831.383,55206448.0626,0
2024-08-26,573.9,575.6,546.7,548.2,280985.576,1724716799999,157546934.309,560769,128590.021,72136958.7617,0
2024-08-27,548.3,558.3,520.5,533.3,298073.974,1724803199999,162636857.1307,597897,147268.469,80417440.2792,0
2024-08-28,533.3,546.8,522.4,537.0,269794.777,1724889599999,144652361.6358,558357,129669.718,69542603.2742,0
2024-08-29,537.0,545.5,530.9,536.4,166187.113,1724975999999,89803592.1243,462298,77052.598,41641444.6054,0
2024-08-30,536.4,543.4,522.0,535.2,197825.895,1725062399999,105438037.1851,457496,97274.24,51843427.4808,0
2024-08-31,535.2,541.5,531.1,532.9,95954.072,1725148799999,51436756.3339,235799,48390.078,25944121.377,0
2024-09-01,532.9,533.2,507.7,512.4,203698.867,1725235199999,105736484.8896,499073,97996.318,50875125.9821,0
2024-09-02,512.3,530.2,501.5,526.3,262984.426,1725321599999,135310263.7192,517693,122427.645,63115913.2727,0
2024-09-03,526.4,538.4,517.9,518.7,224481.65,1725407999999,118957795.679,491809,109995.696,58332590.4177,0
2024-09-04,518.8,523.7,495.8,507.6,435892.306,1725494399999,220932561.9079,813796,211512.052,107250257.916,0
2024-09-05,507.6,512.9,496.7,502.4,177237.32,1725580799999,89376836.949,499358,86738.569,43744933.7859,0
2024-09-06,502.4,509.9,471.3,487.2,357704.727,1725667199999,176434177.2464,786352,172277.427,85029143.5838,0
2024-09-07,487.3,499.5,482.9,493.5,140367.312,1725753599999,69061059.8594,355628,69462.508,34197391.8569,0
2024-09-08,493.6,506.9,490.7,503.1,135677.173,1725839999999,67747241.9683,363517,65943.965,32934866.095,0
2024-09-09,503.2,525.7,501.7,518.7,207528.54,1725926399999,106181387.9937,510008,104448.207,53463562.1751,0
2024-09-10,518.7,524.3,509.2,517.0,161417.812,1726012799999,83683310.8278,390632,76377.956,39607041.6398,0
2024-09-11,517.0,535.4,506.5,530.1,204079.602,1726099199999,106177105.3379,568921,104929.495,54622625.4037,0
2024-09-12,530.2,548.7,530.0,544.5,273877.8,1726185599999,148485556.5668,596092,144631.252,78413199.5573,0
2024-09-13,544.6,559.7,538.7,556.4,276743.273,1726271999999,151886434.1994,558805,150764.068,82776453.6452,0
2024-09-14,556.4,559.2,547.5,553.3,138432.964,1726358399999,76552118.0914,259051,68935.464,38125941.4174,0
2024-09-15,553.4,561.9,546.0,553.4,205254.79,1726444799999,114158887.1805,413854,108382.04,60299565.067,0
2024-09-16,553.4,555.2,527.0,533.7,267953.69,1726531199999,145272204.9542,581589,122959.275,66684496.9539,0
2024-09-17,533.7,552.7,529.0,546.2,195288.36,1726617599999,106087089.093,449287,98806.948,53670562.8864,0
2024-09-18,546.2,559.7,536.8,559.5,201182.985,1726703999999,109823535.9459,510408,104124.677,56878897.8002,0
2024-09-19,559.5,572.2,553.0,567.0,308427.742,1726790399999,173555626.4165,558489,159138.29,89525211.6546,0
2024-09-20,566.9,577.1,555.0,569.0,257077.709,1726876799999,146299260.296,568811,128566.994,73190922.8287,0
2024-09-21,569.1,590.0,566.4,588.6,208752.23,1726963199999,121144029.985,399532,117387.893,68095101.4992,0
2024-09-22,588.7,594.6,576.4,588.7,202978.791,1727049599999,118527723.4824,418231,106161.368,62017516.5721,0
2024-09-23,588.7,616.0,583.4,604.5,376010.207,1727135999999,225838917.1862,659028,207878.546,124862780.7577,0
2024-09-24,604.5,613.4,598.5,605.9,261622.131,1727222399999,158406716.9744,565904,128330.003,77746137.6457,0
2024-09-25,605.8,608.3,584.2,587.4,220793.948,1727308799999,131577137.9882,447562,103334.172,61610721.0774,0
2024-09-26,587.5,609.0,580.8,596.3,334337.474,1727395199999,199000531.3556,646729,164202.419,97755734.6761,0
2024-09-27,596.3,614.7,596.0,606.8,356901.64,1727481599999,216600653.3691,639779,183915.119,111611796.7323,0
2024-09-28,606.9,618.6,594.5,601.1,262593.381,1727567999999,159074265.4612,469042,126538.93,76720055.7231,0
2024-09-29,601.1,602.8,592.4,595.6,160103.084,1727654399999,95653191.0634,328313,80456.12,48073936.1964,0
2024-09-30,595.6,595.8,563.5,567.4,324086.737,1727740799999,187098291.1132,704335,161689.321,93395442.3885,0
2024-10-01,567.4,583.1,536.8,547.3,476372.945,1727827199999,266084992.2632,1024113,226523.528,126778022.9245,0
2024-10-02,547.2,558.3,535.4,542.5,282193.663,1727913599999,154229595.0561,567076,138035.902,75550263.6899,0
2024-10-03,542.5,550.8,534.3,544.8,220702.342,1727999999999,119668355.7484,609573,108719.145,58982532.7294,0
2024-10-04,544.8,557.8,541.8,555.3,186169.628,1728086399999,102741705.8821,484523,102959.109,56839978.9469,0
2024-10-05,555.3,565.2,551.6,563.0,124906.382,1728172799999,70050933.4191,328254,60761.266,34078593.0021,0
2024-10-06,563.0,571.9,561.1,570.3,106787.34,1728259199999,60348493.1096,289826,55204.846,31211053.1098,0
2024-10-07,570.4,581.8,563.5,564.3,213046.676,1728345599999,122157732.7852,603464,105010.105,60250453.0234,0
2024-10-08,564.4,586.8,559.5,580.8,286276.177,1728431999999,164556094.6575,687832,145094.706,83413211.8147,0
2024-10-09,580.8,586.0,566.2,570.7,324396.054,1728518399999,187764600.0406,706841,154596.095,89492357.7299,0
2024-10-10,570.8,572.9,551.5,563.9,178198.309,1728604799999,100625398.3754,627366,83662.164,47242329.7708,0
2024-10-11,563.8,577.5,560.1,573.6,185095.358,1728691199999,105075683.8837,494403,93541.93,53121267.587,0
2024-10-12,573.7,579.2,573.6,576.6,135773.959,1728777599999,78315432.7874,350037,69184.051,39905229.8223,0
2024-10-13,576.6,578.5,564.9,572.2,118779.976,1728863999999,67955148.4416,349095,55469.559,31738308.1918,0
2024-10-14,572.3,592.3,558.9,589.1,252803.176,1728950399999,147353933.5377,622130,130768.055,76269272.016,0
2024-10-15,589.0,599.9,577.7,594.5,324305.897,1729036799999,191193163.4713,935703,163870.926,96649890.7733,0
2024-10-16,594.6,605.5,589.7,600.9,259951.129,1729123199999,155177541.6939,732070,140185.652,83719054.9534,0
2024-10-17,601.0,606.3,585.1,592.9,194199.416,1729209599999,115638450.5871,574860,93570.265,55747742.5572,0
2024-10-18,592.9,602.4,591.8,599.2,136743.669,1729295999999,81756722.0332,421335,70549.63,42179490.179,0
2024-10-19,599.3,601.4,595.4,597.7,78940.239,1729382399999,47206621.5769,208927,39529.225,23642332.8671,0
2024-10-20,597.8,607.3,593.1,605.9,123572.057,1729468799999,74016985.857,306415,66012.894,39554372.6899,0
2024-10-21,605.9,611.8,591.5,598.8,275880.778,1729555199999,166472429.799,627019,142994.75,86318025.8585,0
2024-10-22,598.8,609.0,587.0,593.8,203756.934,1729641599999,121183814.7858,418879,101024.42,60105547.3211,0
2024-10-23,593.8,595.0,573.0,584.9,225698.465,1729727999999,131627008.0264,572617,102668.321,59858983.5429,0
2024-10-24,584.9,598.0,583.3,594.5,145781.537,1729814399999,86192860.0254,463329,75688.053,44752330.6708,0
2024-10-25,594.5,597.6,565.8,575.3,254214.693,1729900799999,148562012.6002,783030,123137.129,71922679.152,0
2024-10-26,575.3,587.1,571.6,583.4,119987.437,1729987199999,69636988.2744,422862,63340.996,36756986.0152,0
2024-10-27,583.4,591.0,581.7,589.2,94455.099,1730073599999,55358950.4306,270337,49282.811,28883808.9192,0
2024-10-28,589.3,604.6,585.5,601.1,189815.882,1730159999999,112841110.9841,592169,99008.208,58878740.2281,0
2024-10-29,601.1,612.2,599.9,606.3,301555.357,1730246399999,183028445.4459,684113,152630.668,92661284.6918,0
2024-10-30,606.3,606.7,594.1,595.6,186706.281,1730332799999,111921261.7247,532438,84981.261,50946899.7961,0
2024-10-31,595.5,596.5,571.1,576.6,279156.175,1730419199999,162569407.1743,570966,129369.026,75304570.0217,0
2024-11-01,576.5,585.5,567.7,573.1,242255.184,1730505599999,139653646.5376,699407,113435.933,65396861.9703,0
2024-11-02,573.1,577.2,562.4,568.6,143716.603,1730591999999,81923716.4734,368434,66975.219,38194128.5369,0
2024-11-03,568.6,569.3,547.0,557.7,217508.468,1730678399999,121252911.9394,701156,91016.788,50727921.6929,0
2024-11-04,557.7,564.8,543.6,552.5,264951.833,1730764799999,147460854.17364,773496,122080.264,67955779.67501,0
2024-11-05,552.51,572.8,551.22,563.21,211437.753,1730851199999,118914324.13832,803821,106907.212,60146719.16516,0
2024-11-06,563.21,595.0,563.0,592.22,535934.927,1730937599999,312142762.64576,1406733,267207.469,155681528.9718,0
2024-11-07,592.22,611.2,587.01,598.26,377600.506,1731023999999,226127478.91521,957275,187894.314,112588476.23204,0
2024-11-08,598.27,605.9,588.1,597.82,318752.718,1731110399999,190252650.44896,840005,150398.012,89805835.67393,0
2024-11-09,597.82,638.0,597.51,624.66,772172.655,1731196799999,481873005.65544,1360388,393130.433,245155471.87992,0
2024-11-10,624.67,644.2,611.62,627.33,812783.747,1731283199999,513661217.73232,1433530,405539.871,256363759.66709,0
2024-11-11,627.34,665.54,613.0,659.63,1006384.738,1731369599999,635276133.39284,1851229,505902.411,319874186.99025,0
2024-11-12,659.63,667.4,610.0,625.33,1166459.013,1731455999999,743633998.7370499,2169201,542848.44,346378141.73403,0
2024-11-13,625.42,638.06,598.6,620.68,1034672.114,1731542399999,638914920.75909,1679578,480284.3,296893774.81949,0
2024-11-14,620.68,660.4,610.5,622.3,1060649.7,1731628799999,673257806.86197,2073886,519531.979,329976993.20338,0
2024-11-15,622.3,628.3,603.4,619.37,654908.221,1731715199999,403836027.70154,1675202,324324.27,200060279.65834,0
2024-11-16,619.37,633.7,617.5,622.69,447887.923,1731801599999,279947693.94271,1380269,221546.114,138498321.05379,0
2024-11-17,622.69,647.6,605.2,618.9,595820.376,1731887999999,373035601.88046,1620884,288897.063,180940155.29964,0
2024-11-18,618.93,630.91,612.1,618.93,483382.136,1731974399999,300412598.77804,1390991,234583.25,145827909.52436,0
2024-11-19,618.93,621.41,605.21,615.5,420441.21,1732060799999,258923024.56484,1223765,186002.965,114554397.07854,0
2024-11-20,615.49,620.78,600.0,605.39,411142.628,1732147199999,251205966.08475,1233524,187375.332,114598586.84172,0
2024-11-21,605.39,629.37,593.05,621.86,647295.158,1732233599999,397863790.46244,1655881,320718.299,197260778.45904,0
2024-11-22,621.86,639.64,615.05,633.0,582665.923,1732319999999,366036815.39355,1632171,285301.917,179275565.005,0
2024-11-23,633.0,680.0,631.1,650.42,1071184.972,1732406399999,704006630.9684,2402894,545730.226,358584310.38748,0
2024-11-24,650.42,687.75,637.08,659.65,914571.368,1732492799999,603815106.11156,1960144,456675.81,301687205.83291,0
2024-11-25,659.65,676.79,626.43,636.2,783511.29,1732579199999,511818189.88482,1737341,359913.344,235289862.43321,0
2024-11-26,636.16,645.57,600.02,613.51,814621.938,1732665599999,506683169.58735,1691253,394958.021,245607153.06301,0
2024-11-27,613.5,646.75,607.79,644.14,629623.885,1732751999999,395138256.51757,1463772,315840.028,198260274.5852,0
2024-11-28,644.15,664.68,639.79,653.83,684789.628,1732838399999,447310382.25311,1584912,325572.213,212721133.3188,0
2024-11-29,653.84,663.8,648.42,654.67,429893.73,1732924799999,281863687.62204,1180985,204696.955,134234843.73461,0
2024-11-30,654.67,677.2,648.0,653.43,545812.569,1733011199999,360781212.65124,1370197,263584.841,174291002.50955,0
2024-12-01,653.44,664.17,645.16,655.99,434417.253,1733097599999,284736496.31933,1206704,195821.472,128387762.395,0
2024-12-02,656.0,667.2,627.99,647.82,771630.192,1733183999999,496814257.59973,1857659,363671.599,234274750.57894,0
2024-12-03,647.83,750.01,622.85,734.64,1575647.798,1733270399999,1065360654.902801,2481338,813609.7899,551323768.5420071,0
2024-12-04,734.64,793.86,720.0,739.53,2092976.428,1733356799999,1585363383.638898,3385203,1051263.0157,796586187.5691519,0
2024-12-05,739.54,739.9,690.0,717.1,1159099.388,1733443199999,833940195.14058,2206192,583465.147,420106905.27894,0
2024-12-06,717.1,745.93,705.06,730.22,747138.475,1733529599999,543354617.64708,1495972,355694.727,258817011.76313,0
2024-12-07,730.22,761.0,729.69,749.72,445276.173,1733615999999,332521641.55229,1244934,224356.293,167564901.52504,0
2024-12-08,749.71,757.26,727.47,742.0,343120.564,1733702399999,254746861.56089,1046084,164748.556,122380952.30374,0
2024-12-09,742.0,742.5,642.0,689.19,1068109.724,1733788799999,750478040.89311,2260664,474036.514,333554568.83544,0
2024-12-10,689.2,704.92,649.13,676.8,984801.75,1733875199999,668829820.38149,2146483,479352.549,325795018.51865,0
2024-12-11,676.8,713.0,658.54,711.21,526819.302,1733961599999,363578391.09084,1217954,278015.74,191999589.39284,0
2024-12-12,711.2,725.61,699.36,705.77,576876.965,1734047999999,412636064.68138,1423605,296442.694,212129080.62271,0
2024-12-13,705.77,729.88,696.8,725.72,548598.294,1734134399999,392046785.60903,1149982,299496.895,214113892.33372,0
2024-12-14,725.73,732.11,705.01,715.79,341929.145,1734220799999,246341704.54359,1010826,172172.599,124078459.28453,0
2024-12-15,715.8,724.08,702.66,718.87,282457.795,1734307199999,201977197.65233,1024397,128732.123,92056168.2886,0
2024-12-16,718.87,730.0,704.16,720.58,483844.553,1734393599999,346826686.35011,1382058,244520.142,175289935.07308,0
2024-12-17,720.58,737.37,712.24,717.69,502868.872,1734479999999,364062746.7002,1442171,255819.813,185253993.065,0
2024-12-18,717.7,722.0,681.0,686.38,726576.022,1734566399999,513577858.41071,1405247,356090.641,251864338.6831,0
2024-12-19,686.39,705.57,648.63,665.62,840266.48,1734652799999,570986179.2514,1697188,398098.964,270872593.92203,0
2024-12-20,665.61,680.58,618.69,678.6,982349.406,1734739199999,641954913.39672,1975278,466892.492,305587748.98379,0
2024-12-21,678.6,693.39,652.0,663.49,529437.789,1734825599999,356262914.98044,1047124,253611.575,170754688.1054,0
2024-12-22,663.5,669.71,639.37,649.77,333704.376,1734911999999,219106651.6007,818883,164511.436,108044083.47998,0
2024-12-23,649.77,698.5,638.1,694.16,606364.091,1734998399999,407676502.73876,1250928,302806.233,203690336.82751,0
2024-12-24,694.16,699.0,682.68,696.9,386936.217,1735084799999,267684126.6879,801176,190475.377,131820617.59587,0
2024-12-25,696.89,713.28,695.94,702.72,232510.25,1735171199999,163663370.11294,619252,118137.789,83167971.71496,0
2024-12-26,702.71,719.99,683.0,689.4,381100.002,1735257599999,266171547.7022,983804,182600.079,127585679.34142,0
2024-12-27,689.4,718.88,685.73,691.85,347156.043,1735343999999,241387898.60907,994784,165844.938,115403423.51757,0
2024-12-28,691.86,731.24,691.3,722.13,344251.861,1735430399999,246552528.75129,873546,188079.92,134796278.5762,0
2024-12-29,722.13,724.7,690.0,694.71,241528.144,1735516799999,170580495.58564,611981,120436.012,85026437.36164,0
2024-12-30,694.71,712.2,687.75,705.36,297267.103,1735603199999,207719498.60121,862172,147887.077,103363994.49342,0
2024-12-31,705.35,714.99,698.48,702.3,235464.832,1735689599999,166146690.59762,685689,116968.61,82555416.37537,0
2025-01-01,702.31,711.5,700.3,707.84,135703.339,1735775999999999,95912659.04516,450993,71288.596,50393053.58082,0
2025-01-02,707.84,715.8,698.04,706.25,292533.811,1735862399999999,206642127.74701,715222,148984.461,105250999.91415,0
2025-01-03,706.24,715.69,697.03,714.88,291701.675,1735948799999999,206214578.80261,703090,159091.006,112481688.30507,0
2025-01-04,714.87,721.84,707.82,713.41,167274.262,1736035199999999,119663318.91078,477042,86559.128,61934765.70646,0
2025-01-05,713.41,713.93,702.51,709.29,115144.345,1736121599999999,81589551.0974,357365,58981.298,41793844.90639,0
2025-01-06,709.29,745.29,705.91,729.42,357347.859,1736207999999999,259202689.33863,797928,184530.506,133801847.42062,0
2025-01-07,729.42,733.33,691.2,698.01,436096.682,1736294399999999,311205654.41287,1160929,209418.604,149719600.5228,0
2025-01-08,698.0,707.46,674.72,696.03,427277.957,1736380799999999,295988402.30722,1190705,207307.09,143686573.49684,0
2025-01-09,696.03,701.72,675.12,685.48,331906.578,1736467199999999,229395154.56301,939316,162954.004,112702855.91574,0
2025-01-10,685.47,700.69,683.18,693.21,234590.487,1736553599999999,162476464.702,738587,126493.746,87614375.51518,0
2025-01-11,693.21,701.47,690.39,696.7,87734.79,1736639999999999,61027521.95983,334776,47204.381,32838208.15294,0
2025-01-12,696.71,698.63,689.8,693.34,78211.295,1736726399999999,54271115.40096,300207,40615.258,28184055.631,0
2025-01-13,693.35,700.0,660.0,688.64,386629.943,1736812799999999,260749933.34469,1119948,172285.456,116338970.72958,0
2025-01-14,688.64,699.97,686.3,698.89,159723.609,1736899199999999,110907862.84401,486074,87445.141,60736371.70723,0
2025-01-15,698.89,715.0,688.45,714.59,282718.752,1736985599999999,198505959.43022,792835,154387.94,108432389.39035,0
2025-01-16,714.59,717.5,700.5,708.1,268104.726,1737071999999999,190449199.40963,799246,139424.475,99040945.60188,0
2025-01-17,708.1,729.97,708.1,721.76,289751.278,1737158399999999,208863892.21405,802129,151672.499,109373336.98918,0
2025-01-18,721.76,723.32,695.0,709.52,370480.456,1737244799999999,261042036.22393,837865,176895.96,124655335.76936,0
2025-01-19,709.52,714.6,676.0,683.19,712985.298,1737331199999999,494826558.77689,1623738,336374.465,233420915.57247,0
2025-01-20,683.2,709.38,671.0,682.51,668236.487,1737417599999999,460253770.23451,2049759,335402.821,231130283.09146,0
2025-01-21,682.51,697.0,675.01,692.21,294203.471,1737503999999999,201877994.17057,1220430,151859.771,104214564.66133,0
2025-01-22,692.21,704.13,689.93,695.52,218410.233,1737590399999999,152163801.08273,778968,110909.472,77263294.85262,0
2025-01-23,695.52,697.65,680.26,689.74,331191.456,1737676799999999,227449444.31795,1136767,172713.457,118625872.17482,0
2025-01-24,689.73,691.31,678.75,680.45,280584.305,1737763199999999,192311060.58876,722265,140230.18,96140355.31464,0
2025-01-25,680.45,689.56,677.68,686.4,140203.276,1737849599999999,96002980.7489,398257,75622.007,51781308.20444,0
2025-01-26,686.4,690.82,664.64,667.37,195887.168,1737935999999999,133335964.38517,468081,88543.098,60403895.56732,0
2025-01-27,667.36,680.53,637.79,679.74,486667.795,1738022399999999,319943135.41218,1736427,226266.429,149018305.19618,0
2025-01-28,679.75,682.88,659.4,661.29,202591.474,1738108799999999,136320412.20259,698982,89814.28,60466034.76642,0
2025-01-29,661.28,680.01,659.37,667.97,255536.138,1738195199999999,171429451.13217,829325,114764.854,76940439.0441,0
2025-01-30,667.97,682.99,666.0,677.53,145419.421,1738281599999999,98572665.66848,458024,76496.6,51850998.53154,0
2025-01-31,677.53,689.44,673.5,677.47,190707.861,1738367999999999,129837529.78904,578966,99029.159,67426140.07513,0
2025-02-01,677.48,681.56,650.73,652.94,177371.372,1738454399999999,118479169.50354,572608,86308.997,57699722.53868,0
2025-02-02,652.94,663.22,600.0,617.8,506728.603,1738540799999999,319686544.33016,2193785,229809.49,145092458.96521,0
2025-02-03,617.8,619.19,500.0,617.21,1340856.885,1738627199999999,761429704.70862,4325820,636341.473,361857690.74544,0
2025-02-04,617.21,619.24,557.88,572.69,549571.473,1738713599999999,320290589.1865,1769343,269099.031,156835668.31843,0
2025-02-05,572.69,580.0,561.22,569.55,227055.225,1738799999999999,129716884.83023,925294,113084.949,64633093.80792,0
2025-02-06,569.55,589.99,568.87,571.72,334342.953,1738886399999999,193969742.34818,1102386,169914.165,98604723.94882,0
2025-02-07,571.71,589.9,570.58,577.71,222673.88,1738972799999999,129451341.96099,857222,110350.646,64202024.93827,0
2025-02-08,577.7,633.73,573.62,612.39,490805.546,1739059199999999,297489199.61406,1061209,252755.308,153206110.80392,0
2025-02-09,612.39,648.13,602.4,615.81,774091.071,1739145599999999,486494461.58509,1655609,387923.387,243583255.93883,0
2025-02-10,615.81,622.42,596.24,618.65,360129.038,1739231999999999,218954195.88323,1383830,181866.326,110643924.08079,0
2025-02-11,618.65,646.94,615.08,642.11,488539.291,1739318399999999,310084181.73871,1641560,257131.664,163284133.28169,0
2025-02-12,642.12,705.48,626.88,696.93,822216.623,1739404799999999,547344272.16887,2332162,457236.551,305075608.5668,0
2025-02-13,696.92,732.0,658.28,664.72,1766921.695,1739491199999999,1235503153.47365,4414763,913886.039,639994821.09695,0
2025-02-14,664.73,684.86,652.0,659.71,650460.875,1739577599999999,435455485.36749,1781548,330709.762,221466576.10648,0
2025-02-15,659.72,671.43,653.46,662.21,255950.897,1739663999999999,169188074.94996,994231,126083.904,83327781.69396,0
2025-02-16,662.21,686.04,653.11,673.1,362205.963,1739750399999999,242885041.45402,1291598,181474.264,121707666.57568,0
2025-02-17,673.1,682.29,657.99,667.51,323350.276,1739836799999999,217073600.40769,1237030,165338.553,111023518.19536,0
2025-02-18,667.52,668.3,629.65,648.18,366356.988,1739923199999999,237605531.27277,1391692,177257.309,115012941.00804,0
2025-02-19,648.19,664.44,636.99,653.38,352798.243,1740009599999999,230093608.31893,1191211,193133.819,125969321.17783,0
2025-02-20,653.38,659.03,645.88,656.36,215894.368,1740095999999999,140683645.98812,881876,106050.773,69114738.66123,0
2025-02-21,656.36,668.5,635.0,647.47,317327.155,1740182399999999,207737127.35011,1188753,147783.357,96718918.23002,0
2025-02-22,647.47,679.9,645.21,668.57,297923.184,1740268799999999,197901565.80744,943929,155840.869,103524783.65619,0
2025-02-23,668.57,671.1,648.49,658.42,166658.013,1740355199999999,110014935.59318,575895,84848.026,56019771.32977,0
2025-02-24,658.41,659.56,610.6,614.2,360147.153,1740441599999999,228275603.70987,1455350,166933.094,105832570.00856,0
2025-02-25,614.19,628.7,586.0,623.49,647434.612,1740527999999999,393335861.56722,2577232,318885.089,193882659.92564,0
2025-02-26,623.49,632.14,594.07,611.57,428035.431,1740614399999999,263292239.55094,1692118,219184.862,134818476.5011,0
2025-02-27,611.57,619.77,595.84,605.41,295518.116,1740700799999999,180214548.10665,1226636,148033.753,90303218.43496,0
2025-02-28,605.41,606.33,559.71,588.07,600999.319,1740787199999999,348100030.61127,2432030,290649.36,168356328.2758,0
2025-03-01,588.07,609.48,586.4,607.93,292254.356,1740873599999999,174627265.35593,907408,138923.865,83069359.86372,0
2025-03-02,607.94,635.01,601.5,623.94,469069.23,1740959999999999,290922261.43101,1562454,245101.1,152067918.41563,0
2025-03-03,623.94,624.36,567.5,576.1,497949.879,1741046399999999,296931073.33352,1973288,241553.666,144072117.41662,0
2025-03-04,576.09,588.75,546.83,584.01,488869.851,1741132799999999,277254366.05704,2272449,239364.916,135969624.60744,0
2025-03-05,584.01,606.06,580.57,598.24,206205.988,1741219199999999,122536170.87545,1100570,109983.898,65363592.43801,0
2025-03-06,598.25,612.9,589.2,596.5,223701.39,1741305599999999,134753375.22754,988783,115838.986,69810960.69956,0
2025-03-07,596.49,610.2,577.23,594.77,289363.933,1741391999999999,172750428.92419,1444209,139088.377,83079063.06782,0
2025-03-08,594.77,602.77,590.11,593.1,117220.631,1741478399999999,69991200.96482,584699,61572.326,36775210.39153,0
2025-03-09,593.1,593.1,550.2,554.65,246382.904,1741564799999999,140015234.56134,1116177,114473.664,65068828.59632,0
2025-03-10,554.65,573.4,523.01,531.49,410154.62,1741651199999999,225187261.71934,1870843,180204.628,99065035.02858,0
2025-03-11,531.49,566.0,507.0,551.61,691870.521,1741737599999999,377448189.6883,2542958,356080.306,194509409.31414,0
2025-03-12,551.61,574.95,544.63,569.87,367224.211,1741823999999999,205368085.28517,1256293,193847.468,108461303.66392,0
2025-03-13,569.87,613.71,567.99,579.8,647497.028,1741910399999999,379822302.22007,1747273,334188.046,196105919.06673,0
2025-03-14,579.8,589.81,576.61,587.76,213012.082,1741996799999999,124194131.58567,762657,119668.704,69802426.5705,0
2025-03-15,587.76,619.96,587.49,619.83,254324.009,1742083199999999,153638521.26638,782849,145822.969,88061716.82361,0
2025-03-16,619.82,622.8,593.06,602.2,255774.316,1742169599999999,154620391.15023,894863,128315.116,77571862.18962,0
2025-03-17,602.21,643.72,602.04,631.69,591668.184,1742255999999999,372213621.75484,1356953,315023.627,198094659.14582,0
2025-03-18,631.68,643.33,620.28,627.81,443437.833,1742342399999999,280327124.87383,1122369,234818.226,148510772.63949,0
2025-03-19,627.81,628.2,604.36,618.7,399993.645,1742428799999999,246061914.58732,1063862,198921.712,122395842.79462,0
2025-03-20,618.71,637.75,616.55,630.47,578472.125,1742515199999999,363283126.57964,1595124,303161.499,190477016.38663,0
2025-03-21,630.47,637.8,624.92,635.17,262205.569,1742601599999999,165876355.89652,898550,142825.787,90374452.49758,0
2025-03-22,635.16,636.1,623.79,627.01,140206.083,1742687999999999,88175594.70204,553359,72429.096,45550910.32958,0
2025-03-23,627.01,629.14,619.5,623.79,155602.578,1742774399999999,96944430.59188,554919,74107.911,46168947.43786,0
2025-03-24,623.8,639.5,618.0,637.08,307575.991,1742860799999999,193512028.36247,946889,159195.813,100185500.4603,0
2025-03-25,637.08,644.88,627.05,629.82,554571.557,1742947199999999,353137599.65513,1145565,279526.624,178017544.75809,0
2025-03-26,629.82,634.01,615.3,617.99,222093.835,1743033599999999,139017120.22607,598142,107003.361,67014650.57561,0
2025-03-27,618.0,642.5,617.2,637.36,743401.847,1743119999999999,471692258.54266,1409175,404853.991,257031844.97872,0
2025-03-28,637.36,637.51,616.0,619.81,317817.16,1743206399999999,199721001.67967,815115,162209.954,102012816.82467,0
2025-03-29,619.81,623.84,596.97,602.99,254422.261,1743292799999999,154421898.07789,821221,117317.848,71147891.75337,0
2025-03-30,603.0,613.37,593.58,602.2,195649.405,1743379199999999,118304368.03307,645314,94617.905,57226801.24544,0
2025-03-31,602.2,608.89,587.26,604.81,254764.269,1743465599999999,152922764.81958,884465,124962.911,75032301.51448,0
2025-04-01,604.81,618.54,604.46,611.13,565603.069,1743551999999999,346421089.82224,1089355,290668.752,178031689.04563,0
2025-04-02,611.12,614.0,584.85,590.68,399507.957,1743638399999999,240612013.9548,1295784,193292.74,116485587.68892,0
2025-04-03,590.67,610.58,578.46,592.67,507928.514,1743724799999999,303406596.77059,1371430,249191.245,148930615.97128,0
2025-04-04,592.68,600.0,585.0,597.71,177145.405,1743811199999999,105181815.22505,810433,90706.293,53859108.42922,0
2025-04-05,597.71,599.0,588.71,593.13,85938.079,1743897599999999,51106827.24289,380314,42255.817,25136751.779,0
2025-04-06,593.13,593.78,544.17,555.54,332256.265,1743983999999999,189035699.70554,1118055,158081.268,89897358.89043,0
2025-04-07,555.55,567.6,520.0,554.6,727293.86,1744070399999999,397028708.94978,2220788,359672.824,196528892.59089,0
2025-04-08,554.6,566.0,547.64,553.72,212191.86,1744156799999999,118512835.45122,1049822,108115.704,60396930.94729,0
2025-04-09,553.72,585.97,534.3,582.32,378370.127,1744243199999999,213004910.74643,1609476,193982.128,109219970.2604,0
2025-04-10,582.32,583.58,566.17,578.03,369219.863,1744329599999999,212832786.45699,1138171,186081.31,107293864.22683,0
2025-04-11,578.03,590.36,575.7,585.93,174700.72,1744415999999999,101866043.54306,606797,96173.418,56083928.04283,0
2025-04-12,585.93,600.48,584.0,597.29,151268.708,1744502399999999,89655284.516,557934,86887.103,51515080.10647,0
2025-04-13,597.3,598.67,580.32,584.28,144896.285,1744588799999999,85200185.56801,690159,76113.352,44756998.9664,0
2025-04-14,584.29,593.1,583.14,584.54,153827.795,1744675199999999,90513576.06251,734997,80178.549,47177512.21977,0
2025-04-15,584.53,590.84,579.38,579.52,141640.579,1744761599999999,83039414.125,536522,73221.639,42939464.38349,0
2025-04-16,579.52,587.0,576.0,582.8,174537.948,1744847999999999,101484755.50647,657295,86959.904,50570922.85495,0
2025-04-17,582.8,592.97,581.0,590.49,151848.259,1744934399999999,89134723.84238,484906,80958.213,47523386.93926,0
2025-04-18,590.5,596.08,587.08,591.71,191575.748,1745020799999999,113223034.09646,437839,103011.453,60878054.0929,0
2025-04-19,591.7,594.49,587.7,591.73,96609.003,1745107199999999,57098589.6793,302829,47094.893,27841129.52672,0
2025-04-20,591.74,595.23,587.5,592.77,115343.598,1745193599999999,68276647.28278,355346,61438.772,36373336.59498,0
2025-04-21,592.77,608.52,592.53,597.34,171926.422,1745279999999999,103304762.56314,606843,96639.431,58078847.87047,0
2025-04-22,597.32,619.9,595.0,618.51,285468.164,1745366399999999,173308242.979,720292,143772.387,87320127.76024,0
2025-04-23,618.5,619.99,601.38,605.71,314125.448,1745452799999999,191839028.68921,931184,154607.709,94425950.10554,0
2025-04-24,605.72,606.78,592.59,601.55,204214.28,1745539199999999,122518204.22908,688342,100792.489,60468356.25663,0
2025-04-25,601.56,610.35,597.2,599.91,257426.554,1745625599999999,155796837.88555,804129,125451.263,75941840.30518,0
2025-04-26,599.9,609.25,599.34,607.23,137533.142,1745711999999999,83138818.02772,496928,67820.807,40997359.68962,0
2025-04-27,607.23,608.68,597.0,603.46,121784.476,1745798399999999,73282794.69697,445823,59758.166,35960993.53884,0
2025-04-28,603.46,608.27,598.2,606.16,143778.008,1745884799999999,86833971.50822,558813,76423.695,46165668.28541,0
2025-04-29,606.16,610.75,598.1,601.0,236809.997,1745971199999999,143146651.13683,618674,115028.198,69546774.25076,0
2025-04-30,601.0,604.44,591.42,599.88,210580.664,1746057599999999,126352033.11528,579043,102515.522,61516465.80972,0
2025-05-01,599.88,605.28,598.14,599.63,156229.229,1746143999999999,94008927.36652,462918,76624.754,46106226.36805,0
2025-05-02,599.64,603.61,595.12,600.69,141344.865,1746230399999999,84772654.30253,400361,75828.994,45473472.17316,0
2025-05-03,600.69,601.2,595.23,599.36,100770.294,1746316799999999,60296742.70511,302618,47275.805,28287838.71476,0
2025-05-04,599.36,600.49,584.7,586.03,143960.835,1746403199999999,85298964.66439,425251,56633.176,33528296.63366,0
2025-05-05,586.02,599.98,583.55,597.61,201100.589,1746489599999999,119371782.25071,493859,121764.427,72279230.42811,0
2025-05-06,597.61,603.18,593.23,602.57,214613.107,1746575999999999,128368850.19364,557571,110867.174,66320706.46383,0
2025-05-07,602.57,609.07,597.89,602.7,194088.591,1746662399999999,117132375.09366,519932,95123.861,57386101.54186,0
2025-05-08,602.7,629.33,600.8,629.17,384267.525,1746748799999999,236647691.95012,939619,213749.387,131672616.58335,0
2025-05-09,629.17,671.15,623.12,666.29,480734.869,1746835199999999,306980185.05931,1362546,267177.721,170693063.01934,0
2025-05-10,666.29,678.95,648.83,663.9,444595.43,1746921599999999,294150052.77147,1321115,205655.434,136104919.11429,0
2025-05-11,663.9,668.49,647.83,651.15,319998.959,1747007999999999,210577921.77225,965437,161132.058,106081184.90481,0
2025-05-12,651.15,693.0,647.31,660.07,586386.945,1747094399999999,392542282.91301,1658320,295553.825,197899426.73381,0
2025-05-13,660.08,672.0,640.66,664.13,416309.75,1747180799999999,272901658.76016,1236144,202178.273,132530521.2148,0
2025-05-14,664.12,667.33,647.15,652.47,290029.994,1747267199999999,190546608.72786,986450,132285.555,86895899.86184,0
2025-05-15,652.47,661.0,642.29,651.88,313560.813,1747353599999999,204057655.69996,1164772,155958.471,101509971.87388,0
2025-05-16,651.88,659.97,644.0,646.76,200793.607,1747439999999999,131210358.66972,766260,99557.406,65094079.1123,0
2025-05-17,646.76,646.9,635.05,639.51,141777.711,1747526399999999,90893253.2512,656073,65178.49,41795523.47777,0
2025-05-18,639.5,655.19,634.39,651.53,189475.296,1747612799999999,122348372.20883,690151,96290.237,62221467.1999,0
2025-05-19,651.54,653.53,633.51,649.62,210901.52,1747699199999999,135603856.35643,806175,106737.212,68647027.87929,0
2025-05-20,649.62,653.75,640.14,650.0,169584.291,1747785599999999,109772099.60261,632029,85465.73,55334610.84733,0
2025-05-21,650.0,678.0,648.49,673.31,470531.895,1747871999999999,311660393.95119,1133569,250336.215,165844964.38723,0
2025-05-22,673.31,690.02,673.0,686.57,390007.996,1747958399999999,266404901.15309,992245,218945.112,149577785.12489,0
2025-05-23,686.57,691.35,652.19,656.98,343668.707,1748044799999999,231427488.3675,1142401,158745.455,107053575.69443,0
2025-05-24,656.99,677.47,655.4,668.01,165142.039,1748131199999999,110606139.47037,627945,86453.281,57901683.06552,0
2025-05-25,668.0,671.67,657.1,669.44,169208.322,1748217599999999,112315213.63574,606622,79479.263,52774960.16916,0
2025-05-26,669.45,678.33,668.22,674.29,180148.252,1748303999999999,121339916.24473,575205,93070.041,62697205.16877,0
2025-05-27,674.3,697.73,666.56,686.91,326163.491,1748390399999999,223248228.18154,914236,172052.347,117719891.80567,0
2025-05-28,686.9,689.22,680.04,686.89,211875.743,1748476799999999,145022738.54658,713128,101541.228,69514686.82641,0
2025-05-29,686.89,691.24,673.33,675.02,260985.136,1748563199999999,178247626.81514,844624,127245.772,86956236.96873,0
2025-05-30,675.02,678.5,653.22,655.36,218723.509,1748649599999999,146064088.43998,990495,103160.773,68918403.8607,0
2025-05-31,655.36,661.42,645.04,658.01,158379.39,1748735999999999,103495185.93207,770569,79462.083,51951227.40387,0
2025-06-01,658.01,662.48,647.58,660.77,131807.448,1748822399999999,86198532.12636,571836,65702.628,42976218.78148,0
2025-06-02,660.77,667.0,650.05,665.93,143785.605,1748908799999999,94585715.4531,676770,76180.348,50141238.09459,0
2025-06-03,665.93,673.43,657.11,661.59,158377.459,1748995199999999,105542302.93054,615491,80831.241,53866672.0269,0
2025-06-04,661.6,671.76,660.84,663.23,124473.802,1749081599999999,83119492.0917,514423,63265.708,42246496.19477,0
2025-06-05,663.24,670.92,625.44,633.32,271543.149,1749167999999999,176686621.86037,1013492,123287.944,80275011.91504,0
2025-06-06,633.33,651.51,629.38,642.7,169535.957,1749254399999999,108901056.43203,625128,83399.453,53596316.79005,0
2025-06-07,642.71,653.81,639.69,650.82,90666.37,1749340799999999,58781736.18277,329816,49907.574,32350539.12435,0
2025-06-08,650.82,656.39,646.49,652.0,72300.314,1749427199999999,47052170.18367,304842,36504.743,23761407.7351,0
2025-06-09,652.0,667.74,648.01,665.58,127272.158,1749513599999999,83644611.37634,508179,71132.304,46751967.88595,0
2025-06-10,665.58,674.0,657.26,673.51,176645.056,1749599999999999,117408553.72931,713456,94622.168,62906912.08037,0
2025-06-11,673.51,674.8,662.2,667.43,177934.085,1749686399999999,119080780.42267,642930,93709.304,62726358.54729,0
2025-06-12,667.42,669.93,651.91,654.75,152793.975,1749772799999999,101339742.7784,651576,78906.502,52350087.72165,0
2025-06-13,654.76,659.42,639.01,655.35,223303.917,1749859199999999,145072177.3044,954080,109433.385,71125227.6146,0
2025-06-14,655.35,655.36,639.0,645.61,93690.143,1749945599999999,60587334.88062,370153,43548.354,28172901.36118,0
2025-06-15,645.61,652.0,642.77,648.19,79324.646,1750031999999999,51386018.57671,346804,43002.477,27862311.42077,0
2025-06-16,648.19,659.46,646.26,650.74,124203.787,1750118399999999,81319264.39316,476014,66639.21,43639278.63302,0
2025-06-17,650.74,659.0,640.11,648.08,182982.263,1750204799999999,119391370.60418,708532,93305.68,60896545.51886,0
2025-06-18,648.09,654.31,637.35,644.77,143725.674,1750291199999999,92747657.02993,604528,68928.378,44521329.66059,0
2025-06-19,644.77,646.5,638.66,644.65,80404.985,1750377599999999,51715724.58785,340969,41891.758,26943480.56684,0
2025-06-20,644.65,651.02,638.0,641.61,143279.622,1750463999999999,92391446.73424,479084,73593.981,47472329.10628,0
2025-06-21,641.61,644.84,621.94,628.97,143508.116,1750550399999999,91039970.44005,502284,63032.846,40017461.26449,0
2025-06-22,628.98,635.51,601.25,615.81,243515.033,1750636799999999,150461464.40226,908458,122960.512,76010086.43996,0
2025-06-23,615.81,642.79,615.05,640.49,219674.329,1750723199999999,137434002.16861,824397,124908.767,78171326.59485,0
2025-06-24,640.5,644.09,636.17,643.53,131607.231,1750809599999999,84247712.66687,495451,70736.207,45289926.30111,0
2025-06-25,643.53,652.64,641.85,646.07,169433.154,1750895999999999,109446216.98338,588673,88789.139,57364110.64727,0
2025-06-26,646.06,650.0,641.12,642.3,103057.286,1750982399999999,66552033.67641,455413,52458.679,33883609.08383,0
2025-06-27,642.3,648.44,639.16,645.71,81302.955,1751068799999999,52434499.65195,393437,42624.895,27493903.09161,0
2025-06-28,645.72,649.18,644.25,648.6,57714.965,1751155199999999,37311567.0011,219864,33296.17,21525993.96798,0
2025-06-29,648.61,656.0,646.72,654.9,73235.796,1751241599999999,47617946.51691,274297,41366.507,26905582.17645,0
2025-06-30,654.9,660.0,651.17,656.9,110702.196,1751327999999999,72511068.06305,424941,61584.054,40347533.51983,0
2025-07-01,656.9,659.1,644.0,646.33,85803.055,1751414399999999,55853408.99266,381179,43354.558,28218323.51521,0
2025-07-02,646.34,664.85,643.71,659.71,112807.955,1751500799999999,74257373.93229,413737,60680.488,39942211.09364,0
2025-07-03,659.7,664.57,656.7,663.59,99001.436,1751587199999999,65465622.82548,401632,53387.419,35307661.39323,0
2025-07-04,663.58,664.17,650.21,653.6,89027.412,1751673599999999,58469301.0502,377665,45990.386,30213865.09146,0
2025-07-05,653.6,656.75,652.0,656.16,51648.289,1751759999999999,33813242.68712,217046,27125.56,17759606.18324,0
2025-07-06,656.17,664.99,653.54,663.13,82399.119,1751846399999999,54387999.31117,299084,43769.749,28891139.34737,0
2025-07-07,663.13,663.5,656.77,661.06,83232.984,1751932799999999,55019317.81961,316562,46158.134,30512777.27437,0
2025-07-08,661.06,662.6,657.36,660.63,86374.042,1752019199999999,57014603.7036,333828,45563.488,30079117.88889,0
2025-07-09,660.63,671.5,659.05,668.68,123551.595,1752105599999999,82087015.33234,421990,68125.236,45265314.99711,0
2025-07-10,668.69,687.7,667.25,685.8,214967.536,1752191999999999,145245124.55052,623891,122022.416,82421428.01374,0
2025-07-11,685.8,697.24,682.83,689.99,268353.904,1752278399999999,185244954.90644,951072,139119.038,96075578.59943,0
2025-07-12,689.98,697.0,679.63,685.86,134785.185,1752364799999999,92906122.92625,632277,65050.928,44843700.45464,0
2025-07-13,685.86,694.12,685.12,692.0,84925.723,1752451199999999,58641223.00475,420139,46825.281,32334806.12707,0
2025-07-14,692.01,707.54,686.05,689.12,253634.996,1752537599999999,177173266.8273,916315,134377.942,93874042.34544,0
2025-07-15,689.13,693.21,675.3,689.92,188962.491,1752623999999999,129048003.51493,862340,89996.592,61473697.73873,0
2025-07-16,689.93,715.56,685.2,708.61,238334.938,1752710399999999,167032328.53935,890354,133975.782,93916445.27647,0
2025-07-17,708.61,727.85,706.14,720.65,409572.675,1752796799999999,294063734.31481,1476504,214098.341,153742987.20536,0
2025-07-18,720.64,765.56,718.73,729.92,556430.085,1752883199999999,412241488.29112,1898312,288947.069,214026467.4416,0
2025-07-19,729.92,742.5,718.76,733.2,188095.81,1752969599999999,137599574.21818,852649,97498.014,71328905.63282,0
2025-07-20,733.2,761.29,731.5,756.82,253255.203,1753055999999999,189589685.25925,1009318,136482.485,102190298.31837,0
2025-07-21,756.82,781.99,746.06,766.22,338419.952,1753142399999999,259224085.92258,1384348,175311.776,134309474.71688,0
2025-07-22,766.22,788.35,745.0,786.68,359074.056,1753228799999999,274410540.66907,1533013,189051.432,144596434.92893,0
2025-07-23,786.69,809.84,752.47,776.74,709087.1566,1753315199999999,558758062.2097089,2200934,363308.6893,286636589.352119,0
2025-07-24,776.74,786.16,742.62,770.74,363436.737,1753401599999999,279037336.76837,1671053,177916.133,136701763.8453,0
2025-07-25,770.74,786.0,752.22,785.45,284068.121,1753487999999999,218078862.99362,1384684,143185.404,109985208.90641,0
2025-07-26,785.44,798.0,778.28,793.29,128764.391,1753574399999999,101212044.16622,550872,67212.865,52833457.7638,0
2025-07-27,793.3,847.12,791.04,844.0,397296.2555,1753660799999999,324733711.4765263,1227811,223367.1295,182603893.10905632,0
2025-07-28,844.0,861.1,820.64,824.07,517734.6912,1753747199999999,436930876.44892704,1777923,270394.3298,228409553.048597,0
2025-07-29,824.07,835.06,800.12,805.1,427366.132,1753833599999999,349478646.03652,1731840,200895.06,164406656.81907,0
2025-07-30,805.11,811.64,766.21,793.51,369598.736,1753919999999999,292598414.78571,1494587,185037.996,146591446.45198,0
2025-07-31,793.51,814.8,781.38,783.14,335026.145,1754006399999999,268061917.80243,1282644,170066.862,136035312.43748,0
2025-08-01,783.13,795.4,744.69,757.08,393831.558,1754092799999999,303104688.78998,1865479,182408.196,140519509.09347,0
2025-08-02,757.08,770.11,732.36,736.42,209282.992,1754179199999999,157038728.0959,1112572,99390.666,74658809.81908,0
2025-08-03,736.43,755.53,730.01,751.21,142700.965,1754265599999999,106592055.52365,668939,67936.621,50736940.57058,0
2025-08-04,751.21,770.0,750.47,768.63,171505.406,1754351999999999,130422799.09016,719115,85212.824,64806460.40334,0
2025-08-05,768.62,769.79,745.11,755.13,179458.96,1754438399999999,135631922.09486,978941,90442.157,68318390.94219,0
2025-08-06,755.13,774.84,746.26,769.55,163684.71,1754524799999999,124894215.68082,768132,90487.242,69129781.73795,0
2025-08-07,769.55,788.68,764.17,788.67,188106.802,1754611199999999,145543031.21357,691791,95229.39,73741019.20331,0
2025-08-08,788.67,798.5,780.74,793.5,195309.718,1754697599999999,154082425.69663,900983,102280.523,80686328.59771,0
2025-08-09,793.5,819.44,792.81,798.83,202384.753,1754783999999999,163260549.46883,747875,106002.525,85496702.02823,0
2025-08-10,798.83,815.5,793.68,807.22,162735.303,1754870399999999,130869121.4424,744916,84194.255,67729891.56969,0
2025-08-11,807.22,827.59,792.0,805.09,316220.572,1754956799999999,255934175.20574,1304619,159105.54,128905517.82569,0
2025-08-12,805.09,839.9,797.73,832.47,268762.259,1755043199999999,219773129.75768,1077867,136756.863,111921691.07628,0
2025-08-13,832.48,858.89,828.23,848.01,395861.313,1755129599999999,334799833.79984,1373115,213368.7,180437594.27409,0
2025-08-14,848.02,869.4,820.6,840.42,592656.9793,1755215999999999,502655557.96402895,2131970,307421.7693,260924537.574609,0
2025-08-15,840.42,853.53,812.57,827.81,252091.108,1755302399999999,210411186.81867,1250650,125371.357,104746279.14708,0
2025-08-16,827.8,839.79,825.06,838.71,114512.1,1755388799999999,95367308.35974,558186,57741.789,48092809.98405,0
2025-08-17,838.71,864.0,838.04,855.38,164953.856,1755475199999999,140814256.94088,711532,85941.178,73361835.19066,0
2025-08-18,855.38,858.51,825.0,846.99,233741.603,1755561599999999,196010871.99911,1162125,112962.378,94741227.49797,0
2025-08-19,847.0,851.95,823.0,824.11,211802.026,1755647999999999,177598520.77224,1210799,101328.613,85012948.38965,0
2025-08-20,824.1,881.02,818.57,869.05,392159.8615,1755734399999999,332759264.4561456,1503538,229884.3725,195163841.0113056,0
2025-08-21,869.05,883.86,833.46,839.49,277889.676,1755820799999999,237896920.484744,1224435,134901.034,115559615.091434,0
2025-08-22,839.49,900.71,839.23,900.21,430842.5317,1755907199999999,375716244.24275506,1822909,229741.1065,200771625.313155,0
2025-08-23,900.2,900.21,875.55,880.42,209279.872,1755993599999999,185676260.6218,1034502,103983.507,92276333.96207,0
2025-08-24,880.42,886.66,859.34,876.51,289492.317,1756079999999999,252241190.9115,1153575,140966.984,122826473.16471,0
2025-08-25,876.51,880.75,832.76,839.32,320570.155,1756166399999999,275451434.76334,1681385,150312.587,129269289.85963,0
2025-08-26,839.32,868.0,829.59,863.7,194882.089,1756252799999999,164870874.5443,1093286,100778.366,85259956.41962,0
2025-08-27,863.7,867.1,852.9,855.18,135243.457,1756339199999999,116374619.66615,889218,67510.656,58101264.69142,0
2025-08-28,855.18,881.36,850.85,873.47,232414.922,1756425599999999,202249121.93069,1156281,119041.244,103607827.66997,0
2025-08-29,873.48,878.0,850.19,862.3,180524.219,1756511999999999,155483294.41144,1018319,89373.108,76991374.71728,0
2025-08-30,862.3,864.0,851.61,862.0,101039.981,1756598399999999,86722431.33024,565600,50717.436,43534276.9814,0
2025-08-31,862.0,867.7,857.0,857.65,94241.193,1756684799999999,81214520.85845,556584,46655.065,40207234.55687,0
2025-09-01,857.66,869.15,840.0,845.68,254185.715,1756771199999999,217105498.75903,1222034,122408.211,104558867.42947,0
2025-09-02,845.68,856.68,840.71,851.8,164333.169,1756857599999999,139702195.82979,786975,83243.64,70781670.94246,0
2025-09-03,851.8,864.06,848.91,854.76,116453.022,1756943999999999,99662265.22545,518178,58595.216,50147647.78493,0
2025-09-04,854.76,856.72,841.1,843.63,108195.902,1757030399999999,91679289.64725,512461,52506.212,44499283.92529,0
2025-09-05,843.62,857.73,842.22,850.14,120856.951,1757116799999999,102670054.02438,515156,61679.728,52394158.76185,0
2025-09-06,850.14,865.0,849.55,860.85,144234.054,1757203199999999,123901879.62194,468263,79139.511,67983868.76774,0
2025-09-07,860.86,884.05,860.55,880.05,136538.058,1757289599999999,118996279.84708,463226,78818.684,68690117.28428,0
2025-09-08,880.05,885.85,870.01,878.08,177574.781,1757375999999999,156027069.01887,604041,88857.799,78090749.53226,0
2025-09-09,878.08,884.83,871.38,880.01,150610.03,1757462399999999,132237315.63281,534537,77396.475,67956595.57889,0
2025-09-10,880.0,907.38,877.04,893.77,306830.178,1757548799999999,274181538.835692,870907,167609.242,149803130.191702,0
2025-09-11,893.77,904.53,888.38,902.77,179913.182,1757635199999999,161378078.80814,594895,97118.251,87126782.63552,0
2025-09-12,902.77,929.9,901.41,924.8,240267.9372,1757721599999999,219285340.43978608,864607,137603.5602,125603906.3691561,0
2025-09-13,924.81,943.86,922.11,933.68,251751.2324,1757807999999999,234836986.2596412,951149,136074.6784,126943924.0752412,0
2025-09-14,933.68,944.95,921.91,926.51,159814.975,1757894399999999,149043322.80995,733414,78121.958,72879175.20157,0
2025-09-15,926.51,935.72,910.64,919.68,175249.087,1757980799999999,161428141.25427,887020,83975.303,77357811.00672,0
2025-09-16,919.68,959.0,916.66,955.65,284918.8385,1758067199999999,267637447.7470392,1095803,155360.5685,146006363.5283392,0
2025-09-17,955.65,995.44,946.1,989.98,362193.1958,1758153599999999,348652678.6945979,1312915,193355.2128,186224816.39194793,0
2025-09-18,989.97,1006.88,979.48,981.04,402672.5617,1758239999999999,400199947.4299975,1191548,210970.1108,209746900.34663847,0
2025-09-19,981.05,1002.99,973.9,984.1,333582.761,1758326399999999,329790921.50354,1203920,161324.09,159544427.46312,0
2025-09-20,984.1,1048.0,982.9,1043.77,380966.0766,1758412799999999,385737171.3124027,1387842,204009.3126,206539358.8270727,0
2025-09-21,1043.77,1083.47,1039.2,1047.8,464411.2823,1758499199999999,492520656.67600095,1957353,234433.9103,248564632.999053,0
2025-09-22,1047.8,1050.55,976.89,992.9,588730.396,1758585599999999,596953882.44591,2238187,302464.673,306745884.65365,0
2025-09-23,992.9,1027.37,962.38,1015.98,420071.07,1758671999999999,421467277.89249,1841480,206907.383,207590168.43541,0
2025-09-24,1015.98,1034.5,991.46,1018.49,363049.882,1758758399999999,369092358.89094,1604582,175023.361,177929332.39975,0
2025-09-25,1018.49,1019.9,939.55,945.9,635121.254,1758844799999999,621318167.97413,2137489,341635.077,333745502.85461,0
2025-09-26,945.9,966.23,932.01,960.8,384757.514,1758931199999999,364408611.11634,1633419,188127.474,178247962.08749,0
2025-09-27,960.81,985.79,955.56,968.45,245246.415,1759017599999999,238037235.70271,1042251,129612.976,125820005.85085,0
2025-09-28,968.46,993.65,962.68,993.01,188486.48,1759103999999999,183624760.07743,890962,97493.143,95003694.12573,0
2025-09-29,993.01,1036.0,991.12,1029.79,291982.5,1759190399999999,295253054.46815,1569259,152387.587,154108704.62624,0
2025-09-30,1029.79,1034.01,992.93,1008.51,258830.971,1759276799999999,261981911.10553,1437959,125550.314,127115998.78195,0
2025-10-01,1008.51,1036.2,1003.35,1026.5,269007.811,1759363199999999,274516783.81454,1361838,134619.181,137409284.13043,0
2025-10-02,1026.5,1099.22,1022.01,1090.22,380679.445,1759449599999999,401900249.30658,1876448,206307.66,217870288.54631,0
2025-10-03,1090.22,1192.42,1083.84,1189.4,744996.7206,1759535999999999,842965061.361557,3184974,382953.0906,433406447.509357,0
2025-10-04,1189.4,1190.47,1134.93,1150.75,337438.509,1759622399999999,390930674.94389,1735291,168230.68,194923733.44062,0
2025-10-05,1150.75,1189.0,1143.14,1167.38,306730.178,1759708799999999,357420641.03322,1748354,156620.124,182505689.04852,0
2025-10-06,1167.38,1239.94,1161.85,1223.19,587477.5601,1759795199999999,711781233.380627,2594739,322533.0891,390607090.402837,0
2025-10-07,1223.17,1349.99,1204.61,1304.43,1351678.4887,1759881599999999,1737403256.538668,5035273,692309.3967,889580569.553248,0
2025-10-08,1304.43,1334.19,1264.32,1307.4,826555.123,1759967999999999,1076913281.89229,3491480,400565.316,522191363.78719,0
2025-10-09,1307.4,1320.0,1224.38,1255.35,925627.604,1760054399999999,1178510754.12517,3147403,461892.518,588360855.32562,0
2025-10-10,1255.35,1278.52,860.11,1102.47,1505025.673,1760140799999999,1738588911.96338,4860775,711133.822,823393500.64635,0
2025-10-11,1102.57,1182.76,1073.0,1135.07,1050905.245,1760227199999999,1181376420.04246,4839241,519123.14,583886221.52459,0
2025-10-12,1135.07,1319.8,1107.43,1302.65,1205248.016,1760313599999999,1490023746.48351,5001950,639014.778,790166542.3460301,0
2025-10-13,1302.65,1375.11,1251.28,1294.55,1483076.9719,1760399999999999,1944702007.14038,5971974,736421.5489,966457857.04594,0
2025-10-14,1294.54,1318.26,1143.01,1208.52,1398659.782,1760486399999999,1691229151.13683,6244627,704859.515,851941399.37234,0
2025-10-15,1208.55,1222.76,1148.92,1162.57,707327.747,1760572799999999,836699442.9499699,3590517,345787.78,408999532.8602,0
2025-10-16,1162.57,1195.0,1122.31,1144.83,716826.497,1760659199999999,835695242.85643,3898793,365700.312,426479644.71843,0
2025-10-17,1144.83,1156.3,1021.0,1071.15,1066221.771,1760745599999999,1143128765.33737,5122105,517215.239,553985769.84914,0
2025-10-18,1071.15,1131.05,1069.41,1092.43,419996.517,1760831999999999,462124290.22768,2270208,211480.182,232741879.61023,0
2025-10-19,1092.42,1133.76,1068.04,1109.88,409987.572,1760918399999999,451830662.14455,2153017,200360.571,220873346.28155,0
2025-10-20,1109.88,1143.2,1088.19,1100.19,481311.055,1761004799999999,535214259.16311,2579921,240131.899,267060352.48514,0
2025-10-21,1100.2,1114.53,1052.46,1057.16,541524.501,1761091199999999,586956054.55562,2763340,274216.398,297231090.64,0
2025-10-22,1057.16,1083.8,1053.25,1071.82,397249.062,1761177599999999,424924796.09075,2326963,199920.66,213900404.13212,0
2025-10-23,1071.83,1161.9,1071.83,1126.72,774946.718,1761263999999999,864047274.9668701,3416697,404035.954,450611405.9494,0
2025-10-24,1126.71,1144.17,1097.39,1109.01,342712.642,1761350399999999,385108586.81592,1924437,163399.027,183665207.63432,0
2025-10-25,1109.0,1120.89,1100.96,1116.53,162716.583,1761436799999999,181193804.95172,845838,83427.024,92946786.86058,0
2025-10-26,1116.53,1143.35,1114.48,1138.19,240939.545,1761523199999999,272038928.2965,1275693,126021.899,142331655.24916,0
2025-10-27,1138.19,1182.6,1131.44,1138.88,494467.695,1761609599999999,569610822.72901,2424722,244914.989,282359009.8745,0
2025-10-28,1138.88,1148.94,1074.0,1103.45,351579.17,1761695999999999,395192652.3363,2071891,166518.049,187396501.34634,0
2025-10-29,1103.45,1121.35,1082.59,1107.7,459713.496,1761782399999999,510072430.34674,2344960,239150.865,265443635.42243,0
2025-10-30,1107.7,1129.55,1043.48,1079.05,508291.657,1761868799999999,554615753.48928,2818780,235298.16,257309667.9614,0
2025-10-31,1079.06,1104.93,1071.43,1088.9,537669.646,1761955199999999,584994779.09792,2726472,274414.773,298625330.04871,0
2025-11-01,1088.9,1096.93,1081.8,1094.53,163493.548,1762041599999999,178160836.27944,851250,83188.166,90662232.28008,0
2025-11-02,1094.54,1094.92,1071.74,1083.25,132402.548,1762127999999999,143615965.50532,808562,62500.153,67818669.70905,0
2025-11-03,1083.25,1087.24,960.18,993.54,685198.885,1762214399999999,695307374.09516,3297405,309069.793,313383637.02508,0
2025-11-04,993.54,1002.12,880.8,936.77,985275.518,1762300799999999,924046511.24224,4907198,470001.869,441064484.81879,0
2025-11-05,936.79,969.27,900.39,959.33,526144.027,1762387199999999,497402208.36976,2910960,260609.721,246595929.00892,0
2025-11-06,959.32,965.23,925.07,950.4,312622.425,1762473599999999,295927015.25126,1985255,145839.988,138115238.75317,0
2025-11-07,950.4,995.6,925.7,991.15,452713.504,1762559999999999,434871852.02567,2719761,229360.696,220497299.67699,0
2025-11-08,991.14,1007.41,980.05,991.03,301705.689,1762646399999999,300155965.29685,1766264,157480.253,156707937.67593,0
2025-11-09,991.01,1007.16,975.84,996.63,256660.748,1762732799999999,254503411.11084,1363066,127015.174,126001516.43329,0
2025-11-10,996.63,1019.56,976.22,991.98,281128.796,1762819199999999,280689673.13887,1713723,142152.536,142012713.98966,0
2025-11-11,991.99,1008.6,956.08,958.08,283951.869,1762905599999999,278122345.76054,1791482,137190.324,134393641.90685,0
2025-11-12,958.08,978.61,937.9,952.86,216987.116,1762991999999999,207895272.16893,1541836,103578.757,99314240.33867,0
2025-11-13,952.87,972.2,905.72,927.15,334345.078,1763078399999999,314259121.5093,2155736,157981.142,148567800.50126,0
2025-11-14,927.15,934.04,887.88,915.25,438193.008,1763164799999999,401204627.31223,2900970,212559.627,194718210.24603,0
2025-11-15,915.26,945.22,914.91,932.28,161984.705,1763251199999999,151171632.97185,1147540,83545.162,77975615.54439,0
2025-11-16,932.27,949.77,908.16,926.56,252157.877,1763337599999999,233987143.9429,1826002,123974.103,115036406.07924,0
2025-11-17,926.59,939.55,891.72,907.36,332891.856,1763423999999999,305134278.30436,2543671,164328.162,150687378.48676,0
2025-11-18,907.36,939.99,884.4,932.79,357275.458,1763510399999999,326663851.75577,2340875,174818.151,160001834.86441,0
2025-11-19,932.79,941.06,872.38,897.77,296358.274,1763596799999999,268307936.85822,2057310,140186.734,127014889.22146,0
2025-11-20,897.78,917.0,865.57,866.51,301802.981,1763683199999999,269032673.70796,2087055,145347.842,129622654.84345,0
2025-11-21,866.51,877.33,790.79,830.46,654486.049,1763769599999999,542979217.98351,3636424,295511.992,244915626.95955,0
2025-11-22,830.47,842.93,813.77,833.78,167225.62,1763855999999999,138427266.23421,1454706,85229.796,70577104.07508,0
2025-11-23,833.78,855.46,833.28,843.6,167524.177,1763942399999999,141704290.78926,1017588,85621.415,72427378.55116,0
2025-11-24,843.6,876.3,830.01,864.92,248464.802,1764028799999999,211511619.02536,1555651,122761.453,104595413.37978,0
2025-11-25,864.9,867.66,837.47,862.57,158750.859,1764115199999999,135823380.71101,1086897,81815.914,70017508.5813,0
2025-11-26,862.58,897.25,851.72,891.78,159649.392,1764201599999999,139460353.89772,1047100,85460.975,74679484.24214,0
2025-11-27,891.77,904.86,883.8,895.74,141249.084,1764287999999999,126273074.47225,811084,70142.174,62702913.74777,0
2025-11-28,895.75,906.5,876.15,887.19,174843.677,1764374399999999,155822041.55361,1120706,86675.713,77279996.72268,0
2025-11-29,887.2,889.0,868.25,872.9,80059.932,1764460799999999,70344820.67889,540333,40731.398,35789496.16716,0
2025-11-30,872.9,899.75,869.56,875.31,106230.587,1764547199999999,94178228.95986,654131,49757.223,44105291.16189,0
2025-12-01,875.3,877.12,801.7,826.61,342746.385,1764633599999999,283999640.0346,1933181,163235.526,135225010.56878,0
2025-12-02,826.6,885.0,820.46,876.61,233149.68,1764719999999999,199034705.02779,1487908,114697.369,97959855.65734,0
2025-12-03,876.6,922.63,873.6,920.76,227309.929,1764806399999999,204499249.05121,1408052,119458.345,107497858.30637,0
2025-12-04,920.77,928.24,886.79,899.92,165779.563,1764892799999999,150836824.66394,1257410,77610.018,70634698.06641,0
2025-12-05,899.92,907.92,870.18,883.57,137493.999,1764979199999999,122346994.84129,1186200,66251.008,58961517.16322,0
2025-12-06,883.57,897.9,878.01,890.38,81289.981,1765065599999999,72211284.20858,708493,41775.598,37113496.91795,0
2025-12-07,890.38,906.0,870.23,894.37,131888.814,1765151999999999,117366943.71489,1094327,63160.206,56211422.09879,0
2025-12-08,894.38,913.29,888.93,897.12,121354.06,1765238399999999,109535418.55455,1140074,60892.304,54967902.64749,0
2025-12-09,897.13,928.0,881.78,897.3,209645.573,1765324799999999,189336040.76546,1384532,106836.521,96534270.99141,0
2025-12-10,897.3,915.0,884.27,893.43,186333.021,1765411199999999,166693561.34981,1320366,91267.131,81682306.99892,0
2025-12-11,893.43,894.7,859.54,885.91,182476.864,1765497599999999,159114587.16925,1436206,89551.251,78087246.61168,0
2025-12-12,885.92,896.07,870.58,881.58,110640.466,1765583999999999,97852155.11364,973955,55359.369,48960825.04721,0
2025-12-13,881.59,904.22,880.32,896.82,92401.054,1765670399999999,82431393.00693,650049,45648.034,40719760.75081,0
2025-12-14,896.82,899.5,870.11,877.27,110914.028,1765756799999999,98442378.82563,858682,53288.164,47297859.89274,0
2025-12-15,877.27,895.42,840.75,858.6,210867.871,1765843199999999,182971113.85925,1586386,102082.212,88569487.21228,0
2025-12-16,858.61,878.44,847.0,875.63,240835.336,1765929599999999,208552022.88205,1573030,120674.012,104517730.37088,0
2025-12-17,875.64,876.16,833.39,843.07,378073.209,1766015999999999,324665474.7502,2026373,186513.854,160271429.96388,0
2025-12-18,843.07,853.49,818.39,830.07,432024.878,1766102399999999,361452776.1874,2203650,212515.734,177839240.82406,0
2025-12-19,830.08,862.33,822.38,856.17,1227346.957,1766188799999999,1035735760.17278,2543581,611085.359,515719442.03958,0
2025-12-20,856.17,859.7,850.9,854.17,57015.132,1766275199999999,48685094.40048,389041,26548.828,22671232.73591,0
2025-12-21,854.17,859.91,845.5,858.64,69986.817,1766361599999999,59650811.23645,577502,36114.111,30794152.845,0
2025-12-22,858.63,871.0,850.85,858.66,147275.988,1766447999999999,127026489.4655,994531,73524.19,63422387.81425,0
2025-12-23,858.67,861.46,838.24,844.3,103894.874,1766534399999999,88114840.52677,770380,49716.2,42169275.33845,0
2025-12-24,844.3,850.0,835.21,846.58,84917.781,1766620799999999,71413872.14449,769130,38828.17,32662728.83526,0
2025-12-25,846.57,847.99,826.81,829.64,72777.087,1766707199999999,61067016.30325,602493,32470.977,27255146.58131,0
2025-12-26,829.63,847.16,821.21,834.72,120232.786,1766793599999999,100443874.53481,1020709,58978.158,49269471.08936,0
2025-12-27,834.72,846.54,834.0,845.04,89882.366,1766879999999999,75505665.25729,602676,44539.639,37414508.36878,0
2025-12-28,845.05,867.22,839.2,859.32,91601.986,1766966399999999,78245545.48423,640033,49261.813,42081221.77039,0
2025-12-29,859.32,872.12,846.0,852.46,127151.447,1767052799999999,109137090.48325,901806,67983.02,58347935.3399,0
2025-12-30,852.46,864.05,848.7,861.65,73233.047,1767139199999999,62791986.8921,583039,36371.56,31187458.21071,0
2025-12-31,861.66,877.29,857.69,864.3,149994.618,1767225599999999,129779137.07024,803509,76703.12,66376872.20347,0
