open_time,open,high,low,close,volume,close_time,quote_volume,trades,taker_buy_base,taker_buy_quote,ignore
2020-06-15,1.0009,1.0024,0.9995,0.9997,43944573.05,1592265599999,43986437.292892,109279,18651148.91,18672676.198612,0
2020-06-16,0.9997,1.0007,0.9993,1.0001,24363205.48,1592351999999,24368310.207731,79799,11410398.7,11413149.808104,0
2020-06-17,1.0001,1.0017,1.0,1.0012,26382574.05,1592438399999,26409977.036294,88743,13053537.42,13067012.256895,0
2020-06-18,1.0012,1.0015,1.0007,1.0012,26517894.24,1592524799999,26548254.740366,92436,11432858.03,11446501.009293,0
2020-06-19,1.0013,1.0018,1.0007,1.0017,33220497.72,1592611199999,33262777.012724,93334,16506744.73,16528604.800181,0
2020-06-20,1.0016,1.0017,1.0004,1.0006,28118538.71,1592697599999,28149378.023002,75023,11949667.15,11963696.090623,0
2020-06-21,1.0006,1.0017,1.0003,1.0015,21374677.5,1592783999999,21396087.054196,63822,11052836.61,11064875.871236,0
2020-06-22,1.0015,1.0016,0.9997,1.0001,28007737.45,1592870399999,28021247.150158,76159,9729282.67,9734334.423792,0
2020-06-23,1.0,1.0008,0.9999,1.0004,27700241.52,1592956799999,27709673.215948,80651,12404816.85,12409542.176041,0
2020-06-24,1.0004,1.0023,1.0002,1.0015,34183085.73,1593043199999,34226472.95286,86363,19141586.31,19166783.161129,0
2020-06-25,1.0014,1.0025,1.0005,1.0008,26770218.04,1593129599999,26802966.842692,73389,11441180.89,11456333.001698,0
2020-06-26,1.0008,1.0023,1.0006,1.001,30926827.05,1593215999999,30968584.40013,72768,14816106.07,14836743.490888,0
2020-06-27,1.001,1.0016,1.0008,1.0012,24687971.0,1593302399999,24718226.443259,82122,9928444.47,9941060.009502,0
2020-06-28,1.0011,1.0013,1.0004,1.0005,16431918.15,1593388799999,16445193.981344,59535,7363160.23,7369412.994642,0
2020-06-29,1.0005,1.0016,1.0003,1.0006,24111732.41,1593475199999,24134746.652434,65381,11422560.97,11433808.587946,0
2020-06-30,1.0005,1.0009,1.0002,1.0005,18627904.93,1593561599999,18638113.456976,53928,7350507.9,7354868.194131,0
2020-07-01,1.0004,1.0006,0.9997,0.9998,26164499.6,1593647999999,26166863.783634,82805,7575937.07,7577533.302103,0
2020-07-02,0.9998,1.0008,0.9997,1.0,26564423.08,1593734399999,26571796.519091,86256,10435524.34,10438909.529985,0
2020-07-03,0.9999,1.0004,0.9998,1.0,19478452.23,1593820799999,19479800.538691,62354,8279475.5,8280412.890549,0
2020-07-04,1.0,1.0003,0.9997,0.9999,15824496.72,1593907199999,15824126.266082,57641,7069600.86,7069876.633513,0
2020-07-05,0.9999,1.0002,0.9997,0.9999,17975886.47,1593993599999,17975367.054867,66622,8403594.56,8403805.800116,0
2020-07-06,0.9998,1.0003,0.9997,1.0,31186338.7,1594079999999,31186939.512709,96107,12272384.57,12272965.858909,0
2020-07-07,1.0,1.0005,0.9999,1.0002,27207265.18,1594166399999,27211536.415814,90275,12266210.39,12268430.635548,0
2020-07-08,1.0002,1.0005,0.9995,0.9996,39763682.66,1594252799999,39764528.230593,127520,17115544.36,17116592.255233,0
2020-07-09,0.9996,1.0005,0.9995,1.0001,35476695.49,1594339199999,35480855.445404,107410,18894215.37,18897123.290826,0
2020-07-10,1.0001,1.001,1.0001,1.0002,33354546.24,1594425599999,33376110.131909,97504,15583356.25,15594277.515601,0
2020-07-11,1.0002,1.0004,1.0,1.0002,18535301.17,1594511999999,18538324.093796,73308,8882248.12,8884118.384643,0
2020-07-12,1.0003,1.0003,0.9997,1.0,26105043.76,1594598399999,26105423.689717,79540,11729212.95,11729894.707877,0
2020-07-13,1.0,1.0009,0.9999,1.0007,36533396.26,1594684799999,36546320.448696,114903,19401445.83,19408986.985782,0
2020-07-14,1.0007,1.001,1.0,1.0002,32412198.03,1594771199999,32429893.555687,117459,13485891.08,13494062.514892,0
2020-07-15,1.0002,1.0014,1.0001,1.001,30615046.98,1594857599999,30639305.291306,121161,15915478.2,15928493.707781,0
2020-07-16,1.001,1.0018,1.0005,1.0007,34149648.15,1594943999999,34188691.370478,138180,14995172.48,15012934.585049,0
2020-07-17,1.0006,1.0014,1.0001,1.0003,26605076.7,1595030399999,26626152.066054,104965,9591925.93,9599712.221429,0
2020-07-18,1.0003,1.0005,0.9996,0.9997,25105396.31,1595116799999,25104784.83835,90740,9732441.82,9732515.325593,0
2020-07-19,0.9998,1.0002,0.9995,0.9997,25889002.04,1595203199999,25885171.648674,91888,13203014.13,13201571.917339,0
2020-07-20,0.9997,1.0003,0.9996,0.9998,32404645.73,1595289599999,32404887.263352,102640,14420240.21,14420670.350336,0
2020-07-21,0.9997,1.0003,0.9991,0.9993,42272210.2,1595375999999,42260849.154342,126225,16108445.9,16104993.993845,0
2020-07-22,0.9993,1.0,0.9976,0.9985,42081331.26,1595462399999,42055556.031708,106110,17183429.02,17172686.71812,0
2020-07-23,0.9986,0.9997,0.9977,0.9989,53747239.27,1595548799999,53685730.039809,125223,23069662.8,23043984.686778,0
2020-07-24,0.999,0.9995,0.9984,0.9988,48562933.04,1595635199999,48516468.64478,127695,20287543.31,20268834.391269,0
2020-07-25,0.9987,0.9993,0.9983,0.9989,43590008.87,1595721599999,43540597.409416,131886,19959132.76,19937104.617558,0
2020-07-26,0.9989,0.9998,0.9949,0.9992,64828450.89,1595807999999,64751963.753745,175387,28773116.37,28741741.821646,0
2020-07-27,0.9992,0.9995,0.9974,0.9981,111946663.09,1595894399999,111803118.133102,264560,44954055.68,44898179.944418,0
2020-07-28,0.9981,0.9998,0.998,0.9983,84734940.58,1595980799999,84630474.113709,228865,33643676.86,33602197.31763,0
2020-07-29,0.9982,0.9998,0.9982,0.9992,59910221.78,1596067199999,59859508.829684,163250,27532142.05,27508995.881515,0
2020-07-30,0.9991,0.9999,0.9983,0.9992,83478807.81,1596153599999,83414744.730519,167737,38436338.73,38408427.536231,0
2020-07-31,0.9991,0.9997,0.9984,0.9985,72800236.73,1596239999999,72724602.476722,166977,33902648.88,33869365.90509,0
2020-08-01,0.9985,0.9996,0.9972,0.9987,99326693.6,1596326399999,99204584.608387,225615,46303610.44,46250867.957221,0
2020-08-02,0.9988,1.0,0.9987,1.0,100742663.57,1596412799999,100689899.245922,264966,56762566.61,56734976.374371,0
2020-08-03,1.0,1.0002,0.9986,0.9991,66234654.76,1596499199999,66202715.128245,171278,31315710.93,31302749.654983,0
2020-08-04,0.9991,1.0001,0.9991,0.9995,72615202.58,1596585599999,72583439.146402,161330,37955314.46,37940182.125395,0
2020-08-05,0.9995,1.0001,0.9975,0.9989,76926896.8,1596671999999,76869733.685356,156519,34927422.89,34904420.656812,0
2020-08-06,0.9989,0.9995,0.9987,0.9992,69508331.42,1596758399999,69443599.0934,150583,35083147.99,35051911.05997,0
2020-08-07,0.9992,0.9998,0.9988,0.9989,63221189.32,1596844799999,63183992.074498,135089,31569075.87,31551935.792867,0
2020-08-08,0.9989,0.9994,0.9986,0.9993,49547634.05,1596931199999,49500600.138284,107722,26493834.89,26469950.22119,0
2020-08-09,0.9993,0.9995,0.9988,0.9995,58101362.76,1597017599999,58054224.680113,121668,30644357.69,30620794.672409,0
2020-08-10,0.9994,0.9995,0.9977,0.9992,70962282.69,1597103999999,70875420.300551,148860,31936919.34,31900350.311089,0
2020-08-11,0.9992,1.0007,0.999,1.0004,77627294.24,1597190399999,77601203.459054,173791,41066840.2,41054879.724877,0
2020-08-12,1.0005,1.0006,0.9989,0.9998,74845711.43,1597276799999,74825453.119597,171899,36262863.23,36254026.19184,0
2020-08-13,0.9998,1.0,0.9983,0.9987,80205553.96,1597363199999,80154229.58829,184616,37237457.78,37215518.378442,0
2020-08-14,0.9987,0.9992,0.9978,0.9988,76098262.68,1597449599999,75996700.822696,161174,34379972.25,34336745.837042,0
2020-08-15,0.9988,0.9998,0.9987,0.9994,65799807.26,1597535999999,65750875.121913,151199,33567795.11,33543856.362505,0
2020-08-16,0.9994,1.0001,0.9993,0.9997,53492336.1,1597622399999,53476278.776591,138436,28658226.41,28650707.83924,0
2020-08-17,0.9996,1.0001,0.9979,0.9988,75801606.29,1597708799999,75744163.792157,162728,34491369.19,34467856.577076,0
2020-08-18,0.9989,1.0001,0.9986,0.9993,74673360.69,1597795199999,74635802.567102,157117,36903073.33,36885833.692237,0
2020-08-19,0.9993,1.0002,0.9992,0.9998,69974115.64,1597881599999,69951597.862001,170791,34754086.19,34744180.227835,0
2020-08-20,0.9998,1.0001,0.9989,0.9995,48900023.88,1597967999999,48878918.021651,114862,23011567.98,23002256.36202,0
2020-08-21,0.9994,1.0005,0.9994,1.0002,80649192.15,1598054399999,80643972.892231,214959,42883060.34,42881605.793059,0
2020-08-22,1.0001,1.0006,0.9995,0.9995,54474141.72,1598140799999,54470507.05562,142316,25604937.25,25604376.955832,0
2020-08-23,0.9995,0.9999,0.9993,0.9996,34116079.07,1598227199999,34104281.250971,90495,17031161.24,17025785.8558,0
2020-08-24,0.9997,1.0001,0.9995,0.9999,40402530.4,1598313599999,40396651.224268,90316,22298082.66,22295553.299437,0
2020-08-25,0.9999,1.0004,0.9995,0.9997,56667591.02,1598399999999,56664580.961914,121197,28656092.82,28655877.994179,0
2020-08-26,0.9997,1.0001,0.9991,0.9994,47248022.44,1598486399999,47228366.703907,103272,21867793.8,21859735.159205,0
2020-08-27,0.9994,1.0002,0.9994,1.0001,53275741.71,1598572799999,53262995.781455,123848,28238989.67,28233311.817165,0
2020-08-28,1.0001,1.0001,0.9992,0.9996,47317855.2,1598659199999,47297756.71959,102675,21704786.09,21696362.297625,0
2020-08-29,0.9995,1.0001,0.9993,0.9997,46424331.95,1598745599999,46410120.705298,89592,23390932.15,23384477.711456,0
2020-08-30,0.9998,1.0003,0.9996,1.0,45946149.55,1598831999999,45944808.277203,95856,24460267.56,24460460.315579,0
2020-08-31,1.0,1.0001,0.9992,0.9996,56058243.43,1598918399999,56041367.07412,114439,26748309.81,26741030.617569,0
2020-09-01,0.9996,0.9998,0.9985,0.9997,69201404.78,1599004799999,69147532.248012,160010,36071705.76,36045362.81271,0
2020-09-02,0.9997,1.0002,0.9984,0.9992,92200124.6,1599091199999,92153842.27553,202752,45189674.6,45169821.318899,0
2020-09-03,0.9992,1.0005,0.9982,0.9985,113240305.48,1599177599999,113159022.681856,248377,56659528.6,56621299.916104,0
2020-09-04,0.9984,0.9995,0.9984,0.9992,97740156.78,1599263999999,97644578.383413,233747,49217282.96,49170834.020678,0
2020-09-05,0.9992,1.0007,0.9992,1.0,78938874.84,1599350399999,78934977.71426,226376,40729982.21,40728839.525088,0
2020-09-06,1.0,1.0007,0.9995,0.9999,80176072.31,1599436799999,80184784.869231,210323,39457501.25,39463074.573875,0
2020-09-07,0.9999,1.0003,0.9997,1.0,65212667.09,1599523199999,65211135.927258,158935,30318978.88,30319544.250473,0
2020-09-08,0.9999,1.0006,0.9998,1.0003,84402150.35,1599609599999,84410784.981237,166866,33649353.65,33654661.807604,0
2020-09-09,1.0003,1.0008,0.9995,0.9998,98176662.98,1599695999999,98183319.389828,142528,44391615.52,44397003.147329,0
2020-09-10,0.9998,1.0001,0.9994,0.9997,86986091.24,1599782399999,86955533.966131,143210,38934223.34,38921606.942262,0
2020-09-11,0.9997,1.0002,0.9995,0.9996,64527098.7,1599868799999,64517209.237556,103287,31424741.44,31421416.074891,0
2020-09-12,0.9995,1.0002,0.9995,0.9999,56745875.93,1599955199999,56743331.847698,97424,27765735.86,27765313.422336,0
2020-09-13,0.9999,1.0004,0.9997,0.9999,70136332.21,1600041599999,70135729.08315,119183,35219751.56,35220989.120767,0
2020-09-14,0.9999,1.0008,0.9996,0.9998,148065916.15,1600127999999,148074379.548608,152714,74316927.15,74324399.391571,0
2020-09-15,0.9997,1.0002,0.9997,1.0001,106178334.78,1600214399999,106168712.890323,144038,53619978.24,53617366.325364,0
2020-09-16,1.0002,1.0006,0.9996,1.0001,95053058.1,1600300799999,95045309.159746,134885,44568048.96,44566596.954186,0
2020-09-17,1.0,1.0003,0.9995,0.9998,65784083.48,1600387199999,65776620.473214,127206,31984060.45,31981861.945046,0
2020-09-18,0.9997,1.0002,0.9996,0.9998,75772577.68,1600473599999,75766694.868972,126704,40609774.78,40607922.122626,0
2020-09-19,0.9999,1.0002,0.9998,1.0,43536351.37,1600559999999,43536237.643131,85655,19809552.28,19810263.541383,0
2020-09-20,1.0,1.0005,0.9999,1.0002,40787915.42,1600646399999,40795266.855382,97104,21779138.0,21783918.326197,0
2020-09-21,1.0002,1.0007,0.9998,1.0001,60859659.05,1600732799999,60877097.732999,147885,30716879.91,30727291.255391,0
2020-09-22,1.0002,1.0004,1.0,1.0001,51034159.78,1600819199999,51041737.53635,118118,21227925.45,21232198.684613,0
2020-09-23,1.0001,1.0006,0.9999,1.0003,57074343.33,1600905599999,57083413.080745,120281,28894560.35,28900616.555753,0
2020-09-24,1.0003,1.0005,0.9998,0.9998,53927934.11,1600991999999,53935179.177797,113557,24094395.72,24098758.136768,0
2020-09-25,0.9998,1.0002,0.9995,0.9997,63338518.3,1601078399999,63331388.447631,118551,28503139.87,28501508.291629,0
2020-09-26,0.9996,1.0,0.9995,0.9999,50270023.27,1601164799999,50256870.453702,86161,24499281.1,24493885.58895,0
2020-09-27,0.9999,1.0001,0.9996,1.0,52234089.03,1601251199999,52226447.95915,91124,25266610.82,25264077.16292,0
2020-09-28,1.0,1.0003,0.9997,1.0002,70623393.19,1601337599999,70615203.295183,123380,38358894.07,38356010.08196,0
2020-09-29,1.0002,1.0006,1.0,1.0,65824060.07,1601423999999,65843955.565658,105152,36290023.53,36302349.94995,0
2020-09-30,1.0001,1.0008,1.0,1.0,64717461.78,1601510399999,64740658.090631,96226,37071865.36,37086696.730381,0
2020-10-01,1.0,1.0008,0.9997,1.0004,77511808.69,1601596799999,77524510.213509,129377,43258147.5,43268115.517539,0
2020-10-02,1.0003,1.0008,0.9998,0.9999,68116926.47,1601683199999,68125889.784262,133984,28920167.68,28925951.550831,0
2020-10-03,0.9999,1.0002,0.9997,0.9998,41300075.92,1601769599999,41296443.608691,72095,18064479.14,18063533.352286,0
2020-10-04,0.9998,1.0,0.9997,0.9998,42833913.34,1601855999999,42828606.981702,75735,19937388.25,19935726.347143,0
2020-10-05,0.9998,1.0002,0.9997,0.9998,47972933.78,1601942399999,47967490.808327,82707,20652951.64,20651554.795811,0
2020-10-06,0.9999,1.0007,0.9997,1.0003,88155465.59,1602028799999,88167329.731887,144351,43453425.87,43461839.045493,0
2020-10-07,1.0003,1.0004,0.9999,1.0001,55240319.35,1602115199999,55244914.392303,107258,23407623.33,23410668.925898,0
2020-10-08,1.0001,1.0001,0.9996,0.9997,71883345.29,1602201599999,71877838.874046,128394,27665211.44,27664275.160886,0
2020-10-09,0.9997,1.0,0.9994,0.9995,78629069.83,1602287999999,78605143.43833,120628,32728322.53,32719792.185203,0
2020-10-10,0.9995,0.9999,0.9993,0.9996,74264397.65,1602374399999,74236991.202102,117717,37749575.26,37737078.470505,0
2020-10-11,0.9996,1.0001,0.9995,0.9999,55113735.79,1602460799999,55108053.268341,97040,31546157.34,31543848.184107,0
2020-10-12,0.9999,1.0,0.9995,0.9995,75502496.07,1602547199999,75482313.17625,122616,34589828.69,34582172.609161,0
2020-10-13,0.9995,1.0,0.9995,0.9996,65167851.21,1602633599999,65150103.96874,121959,32588274.28,32581230.582262,0
2020-10-14,0.9997,0.9997,0.9994,0.9994,59948415.47,1602719999999,59923666.187626,117500,25536041.51,25526664.171893,0
2020-10-15,0.9995,0.9998,0.9993,0.9995,60961306.03,1602806399999,60934882.035187,117011,28778894.76,28767522.258029,0
2020-10-16,0.9996,0.9998,0.9993,0.9995,64272559.45,1602892799999,64240012.096602,116710,30817674.23,30803230.333716,0
2020-10-17,0.9995,0.9998,0.9994,0.9998,34509404.91,1602979199999,34492865.517606,57619,18280228.89,18272269.66381,0
2020-10-18,0.9998,0.9998,0.9994,0.9996,27325686.63,1603065599999,27312302.141644,45392,12015173.45,12009790.532435,0
2020-10-19,0.9996,0.9999,0.9993,0.9996,50600285.78,1603151999999,50578555.064875,81988,22969182.81,22960574.152462,0
2020-10-20,0.9995,0.9997,0.9991,0.9991,56440534.69,1603238399999,56408048.164021,109566,23619317.1,23606561.172775,0
2020-10-21,0.9991,0.9994,0.9969,0.9977,96603807.87,1603324799999,96469357.355555,170357,37254572.58,37201910.192084,0
2020-10-22,0.9977,0.9992,0.9975,0.9987,125011768.21,1603411199999,124839388.726743,160719,61978911.33,61897482.82168,0
2020-10-23,0.9987,0.9997,0.9986,0.9991,74015812.63,1603497599999,73958021.038002,112906,33320658.52,33295535.816471,0
2020-10-24,0.9992,0.9992,0.9987,0.9991,37994197.48,1603583999999,37957601.349148,73847,15973601.1,15958998.900252,0
2020-10-25,0.999,0.9995,0.9988,0.9991,43080918.17,1603670399999,43040890.119182,82968,21295660.55,21276793.461347,0
2020-10-26,0.9992,0.9996,0.9988,0.999,58686479.9,1603756799999,58645928.730948,118938,21799679.22,21785508.352407,0
2020-10-27,0.9989,0.9997,0.9988,0.9994,69812033.48,1603843199999,69762300.358839,126612,30073041.69,30052891.896513,0
2020-10-28,0.9995,0.9999,0.9994,0.9997,67939828.38,1603929599999,67918277.623807,147776,32188078.68,32179319.224994,0
2020-10-29,0.9996,1.0,0.9992,0.9993,60397591.83,1604015999999,60372734.063789,125968,24376274.08,24367734.311973,0
2020-10-30,0.9993,0.9997,0.999,0.9992,71618861.63,1604102399999,71573592.343075,156153,32110629.23,32091921.356039,0
2020-10-31,0.9992,0.9996,0.999,0.9991,50207033.98,1604188799999,50173788.499019,107535,24628455.19,24613324.29822,0
2020-11-01,0.9991,0.9995,0.9991,0.9994,37277904.82,1604275199999,37249439.412266,82213,19193797.86,19179811.666514,0
2020-11-02,0.9993,0.9996,0.9991,0.9992,75100929.87,1604361599999,75049688.841871,128187,33281228.72,33259980.978755,0
2020-11-03,0.9992,1.0,0.9992,0.9994,78861556.24,1604447999999,78826781.884289,139462,33409563.48,33396152.752106,0
2020-11-04,0.9995,0.9997,0.9988,0.9988,95132150.99,1604534399999,95070037.719302,172454,36800662.12,36777037.330648,0
2020-11-05,0.9989,0.9995,0.9982,0.9984,115803875.08,1604620799999,115684647.471799,206279,41804193.55,41761438.190743,0
2020-11-06,0.9985,0.9992,0.9984,0.9987,111491020.29,1604707199999,111355980.178301,223797,49542219.94,49484885.618451,0
2020-11-07,0.9987,0.9997,0.9983,0.9989,123621382.02,1604793599999,123482827.405234,272661,59469465.93,59407557.526837,0
2020-11-08,0.9989,0.9994,0.9987,0.9992,68858701.94,1604879999999,68789889.641529,152804,32535918.51,32505135.993051,0
2020-11-09,0.9992,0.9997,0.9988,0.999,106437943.05,1604966399999,106357782.472273,198946,42078601.18,42048035.189463,0
2020-11-10,0.9991,0.9995,0.9989,0.9991,83196814.53,1605052799999,83126179.050888,166651,33699812.66,33672424.14363,0
2020-11-11,0.999,0.9992,0.9984,0.9989,90599607.84,1605139199999,90502001.356767,177519,36728961.83,36691032.210759,0
2020-11-12,0.9989,0.9992,0.9981,0.999,96808736.53,1605225599999,96693596.05353,187082,47578219.79,47523108.897423,0
2020-11-13,0.9989,0.9993,0.9987,0.9989,90059444.03,1605311999999,89970809.42241,171611,42899183.6,42858515.29534,0
2020-11-14,0.9989,0.9995,0.9989,0.9992,66107183.11,1605398399999,66052187.592105,151170,35484716.08,35456877.715051,0
2020-11-15,0.9991,0.9994,0.999,0.9993,61622586.84,1605484799999,61574955.111521,151931,32249832.84,32226254.694157,0
2020-11-16,0.9993,0.9999,0.9992,0.9995,107451142.58,1605571199999,107398100.63143,185124,54446867.88,54422262.111921,0
2020-11-17,0.9996,0.9998,0.9987,0.999,137772368.17,1605657599999,137675738.151968,227580,68873409.95,68828974.795424,0
2020-11-18,0.999,0.9995,0.9987,0.9992,173466396.04,1605743999999,173313292.634354,307978,83874210.35,83804298.261508,0
2020-11-19,0.9992,0.9995,0.9988,0.9989,107021276.14,1605830399999,106937054.259973,215136,46475297.78,46441521.56618,0
2020-11-20,0.9989,0.9994,0.9988,0.9992,143625305.62,1605916799999,143501547.49252,233015,72614673.17,72554858.168607,0
2020-11-21,0.9992,0.9994,0.9985,0.9992,153440587.42,1606003199999,153289395.109393,309201,73371785.73,73302592.540554,0
2020-11-22,0.9992,0.9998,0.9986,0.9988,176332301.48,1606089599999,176208809.133313,323327,87510968.18,87454206.40379,0
2020-11-23,0.9988,0.9994,0.9987,0.9991,183000728.65,1606175999999,182852577.863778,324226,87614478.31,87546860.569204,0
2020-11-24,0.9991,0.9996,0.9983,0.9993,249003938.96,1606262399999,248771355.900022,437001,123993409.66,123884638.94964,0
2020-11-25,0.9992,1.0,0.999,0.9999,185134357.11,1606348799999,185027104.713991,357637,90205361.18,90158111.918323,0
2020-11-26,0.9999,1.0009,0.9993,0.9995,339288971.97,1606435199999,339247442.153502,549903,155806263.95,155791100.532475,0
2020-11-27,0.9994,1.0004,0.9992,0.9996,168127536.26,1606521599999,168092213.218122,312140,80707835.41,80696168.81928,0
2020-11-28,0.9995,0.9998,0.9988,0.9992,141371338.48,1606607999999,141283029.111373,237880,66997011.16,66957907.109046,0
2020-11-29,0.9992,0.9997,0.999,0.9992,109032672.27,1606694399999,108956606.437735,205053,55598529.37,55561936.829008,0
2020-11-30,0.9992,1.0002,0.9988,0.9997,191077062.45,1606780799999,190979109.82504,271954,95845151.6,95800764.617815,0
2020-12-01,0.9996,1.0,0.999,0.9994,234611954.1,1606867199999,234501508.671789,337656,105604579.03,105559907.862913,0
2020-12-02,0.9995,1.0001,0.9994,0.9995,140442133.05,1606953599999,140414319.549045,248767,65917153.62,65906433.621176,0
2020-12-03,0.9996,0.9998,0.9992,0.9992,138056563.69,1607039999999,137991181.97616,212190,58563575.08,58538656.729812,0
2020-12-04,0.9992,0.9998,0.9992,0.9997,130752994.51,1607126399999,130682758.921745,232836,64689581.21,64657333.001905,0
2020-12-05,0.9997,0.9998,0.9992,0.9996,97384309.05,1607212799999,97327698.810613,173931,46413736.86,46388554.214258,0
2020-12-06,0.9996,0.9996,0.9993,0.9994,102389868.26,1607299199999,102341644.677117,149106,49560716.32,49539750.901677,0
2020-12-07,0.9995,1.0,0.9994,0.9996,92028234.32,1607385599999,92004151.745507,137526,48928528.25,48916763.568858,0
2020-12-08,0.9996,1.0006,0.9996,1.0004,137691642.09,1607471999999,137700905.879843,206934,69590651.11,69597996.064175,0
2020-12-09,1.0005,1.0007,0.9997,0.9997,154117169.71,1607558399999,154160759.053148,229166,75335408.54,75361530.538987,0
2020-12-10,0.9997,1.0007,0.9997,1.0001,123207943.84,1607644799999,123224529.113973,174478,58551147.55,58561069.886942,0
2020-12-11,1.0002,1.0007,1.0,1.0001,149451438.89,1607731199999,149510322.000994,223818,72814159.72,72845661.556973,0
2020-12-12,1.0001,1.0001,0.9995,0.9995,94014968.1,1607817599999,94000003.994549,154538,41122831.93,41118539.765616,0
2020-12-13,0.9996,1.0003,0.9995,1.0003,110260075.72,1607903999999,110237642.062879,155644,53329251.86,53322068.220837,0
2020-12-14,1.0003,1.0004,0.9998,1.0001,91388149.46,1607990399999,91402393.003258,135663,44390005.33,44398326.931406,0
2020-12-15,1.0001,1.0003,0.9998,0.9998,121247985.72,1608076799999,121251205.953302,183990,44714199.25,44717321.128591,0
2020-12-16,0.9998,0.9999,0.9987,0.9992,231829799.2,1608163199999,231686393.240762,271028,101885956.5,101825854.462456,0
2020-12-17,0.9992,1.0001,0.9991,0.9993,365329908.79,1608249599999,365167435.557218,405518,184914632.92,184838966.056785,0
2020-12-18,0.9993,1.0003,0.9992,0.9994,196830230.97,1608335999999,196772095.681452,266576,96131124.97,96106992.205539,0
2020-12-19,0.9993,0.9997,0.9987,0.9988,190410776.2,1608422399999,190239779.673401,245530,89415641.86,89339982.227015,0
2020-12-20,0.9988,0.9996,0.9988,0.9994,152174182.68,1608508799999,152072955.601581,248847,81688888.98,81637898.061306,0
2020-12-21,0.9993,1.0005,0.9993,0.9997,173436268.14,1608595199999,173421561.542162,243421,88771222.74,88767086.806999,0
2020-12-22,0.9997,1.0004,0.9995,0.9999,159235824.17,1608681599999,159242862.76549,269192,78409737.04,78416208.082291,0
2020-12-23,1.0,1.0009,0.9999,1.0004,231506791.74,1608767999999,231634649.786074,379704,110581327.41,110646425.839645,0
2020-12-24,1.0004,1.0006,1.0,1.0003,169735834.64,1608854399999,169786197.114393,306279,65773352.73,65795939.830858,0
2020-12-25,1.0003,1.0007,1.0002,1.0004,150610996.46,1608940799999,150669151.565233,243185,73431538.81,73462567.239212,0
2020-12-26,1.0004,1.0008,1.0001,1.0007,159604601.48,1609027199999,159666916.199205,239081,77630518.44,77663509.305924,0
2020-12-27,1.0007,1.0016,1.0003,1.0012,256816406.47,1609113599999,257065656.680991,341412,138469506.17,138608377.079129,0
2020-12-28,1.0012,1.0016,1.0008,1.0016,215328395.6,1609199999999,215595558.271954,251029,111636652.06,111779007.926837,0
2020-12-29,1.0016,1.002,1.0008,1.001,222416397.82,1609286399999,222728606.921933,307390,102493897.2,102643156.930464,0
2020-12-30,1.001,1.0015,0.9996,0.9997,275427452.54,1609372799999,275582663.343762,297726,116053462.37,116121655.877639,0
2020-12-31,0.9996,0.9999,0.9986,0.9987,225499177.21,1609459199999,225387384.858924,238517,88615294.98,88577627.897634,0
2021-01-01,0.9987,0.9987,0.9971,0.9973,246620115.8,1609545599999,246116236.321923,274718,96239443.89,96041691.98111,0
2021-01-02,0.9973,0.9995,0.9969,0.9989,408678184.13,1609631999999,407921761.124064,352248,185695403.19,185361585.403002,0
2021-01-03,0.9989,1.0,0.9977,0.9979,421623215.44,1609718399999,421166969.26968896,450908,211142610.63,210920051.341903,0
2021-01-04,0.9979,1.0003,0.9914,0.9993,526696339.27,1609804799999,525988938.64413106,529437,258149413.43,257828127.096008,0
2021-01-05,0.9993,0.9997,0.996,0.9969,343744054.21,1609891199999,343265824.108334,413728,146858335.28,146668048.072415,0
2021-01-06,0.997,0.9986,0.9954,0.9976,422880303.22,1609977599999,421723154.063186,470145,185790774.08,185284253.618991,0
2021-01-07,0.9975,1.0001,0.9963,0.9987,571580725.42,1610063999999,570677123.285347,543212,307994604.77,307530445.380149,0
2021-01-08,0.9988,1.0,0.9985,0.9993,470848361.06,1610150399999,470461900.052897,464608,241749629.57,241558302.785931,0
2021-01-09,0.9993,0.9996,0.9962,0.9964,341925876.99,1610236799999,341388661.862535,378195,150160481.46,149940917.673583,0
2021-01-10,0.9963,1.001,0.9963,0.9998,516331031.95,1610323199999,515635899.976264,502327,269035815.02,268710443.621413,0
2021-01-11,0.9998,1.0046,0.9997,0.9998,801258789.79,1610409599999,802134895.4496471,682881,434972993.09,435478519.33942896,0
2021-01-12,0.9999,1.0009,0.9994,1.0005,398863107.4,1610495999999,398907787.895,438656,199592916.78,199631231.002791,0
2021-01-13,1.0005,1.001,0.9998,0.9999,312008920.68,1610582399999,312192056.244016,371529,153232167.48,153329972.190783,0
2021-01-14,0.9999,1.0016,0.9996,1.0012,397795479.93,1610668799999,397934243.13521296,388939,185166139.6,185243859.54669,0
2021-01-15,1.0011,1.0022,1.0,1.0001,399890578.87,1610755199999,400276070.402979,460363,180786990.32,180973186.767383,0
2021-01-16,1.0001,1.0005,0.9995,0.9998,333893493.92,1610841599999,333850402.833024,450011,145278675.18,145266679.232392,0
2021-01-17,0.9998,1.0006,0.9997,1.0003,268513571.98,1610927999999,268533898.310115,390441,134929582.75,134944227.301038,0
2021-01-18,1.0003,1.0005,0.9994,0.9997,245468935.73,1611014399999,245466798.265296,328412,120702021.16,120708616.905419,0
2021-01-19,0.9997,1.0001,0.9982,0.9996,438513553.57,1611100799999,438144726.53009105,419721,209436659.55,209275815.102826,0
2021-01-20,0.9996,1.0004,0.9992,0.9996,380142914.28,1611187199999,380048159.976577,443176,196175685.82,196135231.47509,0
2021-01-21,0.9995,1.0013,0.9995,1.0008,416820499.24,1611273599999,417026289.66559297,505019,222238442.9,222352487.704734,0
2021-01-22,1.0007,1.0013,0.9987,0.999,395688891.6,1611359999999,395629151.734955,443825,173130409.42,173119348.676434,0
2021-01-23,0.9991,0.9995,0.9987,0.9993,171436908.96,1611446399999,171285634.625872,271148,86193300.89,86120042.069966,0
2021-01-24,0.9992,0.9998,0.9988,0.9989,171212217.94,1611532799999,171075274.534272,253316,83487137.23,83425521.959764,0
2021-01-25,0.9989,1.0005,0.9987,1.0,424207075.01,1611619199999,424081952.72355694,361577,236459714.25,236401864.518973,0
2021-01-26,1.0,1.0002,0.9991,0.9994,626267605.52,1611705599999,625985390.054011,412118,319647892.71,319511057.137295,0
2021-01-27,0.9993,0.9999,0.998,0.9983,550020996.07,1611791999999,549447532.924724,422142,257718941.78,257462062.178474,0
2021-01-28,0.9983,0.9995,0.9972,0.9974,566103070.68,1611878399999,565265379.839498,415554,275286274.39,274894219.968939,0
2021-01-29,0.9974,1.0,0.9921,0.9995,1368212680.24,1611964799999,1365640054.036731,756563,684038769.2,682813580.911792,0
2021-01-30,0.9994,1.0,0.9988,0.9988,509045308.36,1612051199999,508780630.176148,450140,268321910.26,268195487.621608,0
2021-01-31,0.9988,0.9998,0.9987,0.9992,402188627.68,1612137599999,401893678.063149,412337,204177307.7,204036437.012051,0
2021-02-01,0.9991,1.0005,0.9988,0.9996,459754597.72,1612223999999,459559496.342871,415061,250061205.76,249963425.954881,0
2021-02-02,0.9996,0.9999,0.999,0.9992,450363661.93,1612310399999,450087325.255859,385761,219184764.05,219060153.432785,0
2021-02-03,0.9991,0.9995,0.9983,0.9987,441491814.64,1612396799999,440983104.305643,355357,219297465.37,219056531.884762,0
2021-02-04,0.9988,0.9995,0.9977,0.9991,664799470.88,1612483199999,663948966.145347,508740,339651906.01,339228837.727735,0
2021-02-05,0.999,0.9996,0.998,0.999,561042668.44,1612569599999,560432601.588511,475536,277579469.64,277286012.300389,0
2021-02-06,0.9991,0.9996,0.9983,0.9983,534599678.14,1612655999999,534037022.11563504,475299,271161966.41,270889718.275959,0
2021-02-07,0.9984,0.9994,0.9982,0.9983,571614427.34,1612742399999,570928701.7074289,509372,297807821.76,297462134.573143,0
2021-02-08,0.9982,0.9994,0.9967,0.9989,850742886.21,1612828799999,849496480.254443,557799,431705323.3,431103243.85784894,0
2021-02-09,0.999,0.9999,0.9972,0.9987,981990644.15,1612915199999,980935635.434291,656700,491762841.28,491280868.20153505,0
2021-02-10,0.9988,0.9998,0.9975,0.9993,985113593.12,1613001599999,983998234.0690541,745028,519989285.76,519430222.166012,0
2021-02-11,0.9992,0.9998,0.9988,0.9992,712415908.27,1613087999999,711890470.3436129,600045,377921781.59,377660343.031917,0
2021-02-12,0.9992,0.9998,0.9975,0.9981,789833666.69,1613174399999,788973212.5401311,571438,389740841.68,389336048.855545,0
2021-02-13,0.9981,0.9994,0.9978,0.9989,810991463.7,1613260799999,809959437.4168911,566261,414923970.98,414415065.835742,0
2021-02-14,0.9988,0.9997,0.9982,0.999,620521521.46,1613347199999,620011581.800559,481808,337225563.38,336964987.121712,0
2021-02-15,0.999,1.0001,0.9981,0.9999,887857507.27,1613433599999,887183360.917676,652608,458016145.36,457695689.64738303,0
2021-02-16,0.9999,1.0007,0.9993,1.0,847373496.7,1613519999999,847433934.340791,485391,466180167.21,466230646.574742,0
2021-02-17,1.0001,1.0007,0.9994,0.9996,960374104.28,1613606399999,960390666.185487,515601,499424214.58,499456352.15467906,0
2021-02-18,0.9997,1.0018,0.9993,1.0001,1115268824.8,1613692799999,1115495291.665266,545104,594892144.83,595034036.71443,0
2021-02-19,1.0,1.0014,0.9995,0.9997,1412892933.94,1613779199999,1413561997.073104,664982,739405534.32,739793213.6202819,0
2021-02-20,0.9998,1.0004,0.9991,0.9992,1366281686.85,1613865599999,1365821824.227602,720892,648054256.09,647870120.632069,0
2021-02-21,0.9992,1.0,0.9991,0.9992,900340826.3,1613951999999,900012171.196244,541465,437189503.07,437050867.77039903,0
2021-02-22,0.9992,1.0023,0.9988,0.9997,1620822935.9,1614038399999,1620920130.396461,843579,836894679.1,836998237.201978,0
2021-02-23,0.9997,1.0027,0.9995,1.0002,1723077860.64,1614124799999,1723732660.487183,1047591,907037633.71,907421867.8609849,0
2021-02-24,1.0001,1.0005,0.9993,0.9996,1022466402.89,1614211199999,1022215051.733107,716925,487212058.3,487118998.18624306,0
2021-02-25,0.9995,1.0004,0.9992,1.0001,733402426.06,1614297599999,733118540.8419261,570607,375392212.1,375267872.58124495,0
2021-02-26,1.0001,1.0004,0.9993,0.9998,744601811.82,1614383999999,744553540.32398,594741,372153706.12,372147197.657086,0
2021-02-27,0.9998,1.0004,0.9991,0.9991,590371929.25,1614470399999,590243007.8877449,460647,278019931.67,277978592.354724,0
2021-02-28,0.9991,0.9999,0.9977,0.9982,724261416.79,1614556799999,723619762.805864,502104,357984238.5,357682179.29152,0
2021-03-01,0.9982,0.9995,0.998,0.999,806118065.98,1614643199999,805110076.9160631,502770,394597819.08,394113528.29118,0
2021-03-02,0.999,0.9999,0.9988,0.9993,592432505.41,1614729599999,592011434.700012,440709,307150011.91,306943880.4662,0
2021-03-03,0.9993,1.0002,0.999,0.9997,709631447.11,1614815999999,709255412.171713,457352,368728405.16,368548613.95707506,0
2021-03-04,0.9997,1.0006,0.9993,1.0002,839119670.09,1614902399999,839004176.030389,523129,429202643.08,429161877.57911503,0
2021-03-05,1.0001,1.0006,0.9996,0.9998,625334609.55,1614988799999,625317949.963229,422521,299704304.32,299710029.433842,0
2021-03-06,0.9998,1.0005,0.9995,0.9996,484977993.76,1615075199999,484970398.199232,312927,225825986.33,225832661.64495,0
2021-03-07,0.9995,1.0002,0.9995,0.9997,625061918.21,1615161599999,624916806.371418,333032,307825486.57,307761707.541375,0
2021-03-08,0.9997,1.0,0.9994,0.9997,618812738.34,1615247999999,618577492.088211,407787,304669184.93,304563955.027258,0
2021-03-09,0.9997,1.0002,0.9993,0.9999,932779933.3,1615334399999,932568695.770617,548970,456690301.89,456604513.82587105,0
2021-03-10,0.9999,1.0004,0.9995,1.0,977213326.55,1615420799999,977038447.848689,543852,462810916.62,462750248.04954493,0
2021-03-11,0.9999,1.0006,0.9996,0.9998,916852885.27,1615507199999,916938695.9626191,524666,451895060.51,451958233.71320707,0
2021-03-12,0.9997,1.0005,0.9997,1.0002,947624392.86,1615593599999,947762226.285368,556996,453837736.58,453919245.26099294,0
2021-03-13,1.0001,1.0014,0.9998,1.0004,1001753459.17,1615679999999,1002079071.20878,572581,500576200.72,500754745.961376,0
2021-03-14,1.0004,1.0006,0.9997,0.9999,740664681.96,1615766399999,740776679.546065,522401,357186122.2,357254683.013464,0
2021-03-15,0.9999,1.0006,0.9995,1.0,1181680999.28,1615852799999,1181698648.528378,683695,569525903.39,569562349.496096,0
2021-03-16,0.9999,1.0007,0.9998,0.9998,1046595292.79,1615939199999,1046829395.758038,634826,518992443.41,519133956.98948,0
2021-03-17,0.9998,1.0002,0.9994,0.9997,778332646.69,1616025599999,778183559.0619609,513934,357461076.98,357408809.447278,0
2021-03-18,0.9997,1.0004,0.9996,1.0002,766427569.33,1616111999999,766453949.702744,529358,380134769.22,380161587.62359,0
2021-03-19,1.0002,1.0004,0.9998,1.0,588895681.85,1616198399999,588963755.9069351,448993,279845477.72,279891867.971992,0
2021-03-20,0.9999,1.0001,0.9996,1.0,558891169.64,1616284799999,558829489.838776,421452,259069909.06,259053285.481718,0
2021-03-21,0.9999,1.0,0.9992,0.9996,625573091.22,1616371199999,625343755.573714,404995,300981267.36,300881464.795475,0
2021-03-22,0.9996,1.0003,0.9994,0.9997,695281469.44,1616457599999,695184233.684648,470747,331622655.06,331589656.109393,0
2021-03-23,0.9997,1.0001,0.9995,1.0,667828778.93,1616543999999,667727639.954748,443051,323638349.65,323603561.266116,0
2021-03-24,0.9999,1.0008,0.9998,1.0003,829524198.64,1616630399999,829708539.329634,509601,433860251.4,433977095.943384,0
2021-03-25,1.0004,1.0006,0.9997,0.9998,885156851.17,1616716799999,885244010.106456,518582,422398562.58,422457435.23817295,0
2021-03-26,0.9998,1.0001,0.9993,0.9995,761816182.46,1616803199999,761589253.954016,436146,335985427.38,335896373.610774,0
2021-03-27,0.9995,1.0002,0.9994,0.9999,561416088.73,1616889599999,561315479.807269,423288,255656608.48,255624345.776169,0
2021-03-28,1.0,1.0005,0.9999,1.0002,464334806.92,1616975999999,464388625.398429,397008,235953969.07,235990974.958482,0
2021-03-29,1.0003,1.0005,0.9999,1.0002,611815218.67,1617062399999,611932982.071651,380439,287289380.46,287356322.017859,0
2021-03-30,1.0001,1.0007,0.9996,0.9997,730002408.45,1617148799999,730079620.8563609,407573,342248665.56,342303082.150939,0
2021-03-31,0.9997,1.0001,0.9995,0.9997,762496634.68,1617235199999,762350545.098134,465117,360401708.85,360348827.4781,0
2021-04-01,0.9996,1.0008,0.9995,1.0003,713116311.25,1617321599999,713143634.4381009,447170,361277006.82,361308647.378217,0
2021-04-02,1.0003,1.0011,0.9998,0.9999,724137908.84,1617407999999,724322010.281056,439714,361226995.23,361337961.988001,0
2021-04-03,0.9998,1.0004,0.9997,0.9998,634827383.31,1617494399999,634866645.652313,463167,319468921.7,319501489.949423,0
2021-04-04,0.9998,1.0001,0.9997,1.0001,570938759.63,1617580799999,570895040.387426,442446,286243285.0,286231597.834731,0
2021-04-05,1.0,1.0004,0.9998,1.0,886424217.58,1617667199999,886426089.7484461,563731,410259607.29,410278525.14050704,0
2021-04-06,0.9999,1.0005,0.9997,1.0001,905673588.25,1617753599999,905758701.303603,614394,449146944.32,449205041.60769504,0
2021-04-07,1.0001,1.0018,1.0,1.0004,1373457297.58,1617839999999,1373857265.643272,795371,682093641.09,682316960.467738,0
2021-04-08,1.0004,1.0011,0.9999,1.0001,1144459477.14,1617926399999,1144915847.980679,561506,551006452.15,551249701.331136,0
2021-04-09,1.0001,1.0007,1.0,1.0005,1016208874.49,1618012799999,1016455348.621299,512709,525090239.85,525236208.65863,0
2021-04-10,1.0005,1.0013,1.0001,1.0003,1358593828.37,1618099199999,1359310337.681435,589374,706302890.2,706702429.472448,0
2021-04-11,1.0004,1.0014,1.0001,1.0006,1048891008.9,1618185599999,1049758247.929944,530321,553209864.97,553683772.7182671,0
2021-04-12,1.0007,1.0013,1.0001,1.0005,1532251775.96,1618271999999,1533218769.468325,650199,792027767.74,792552285.2478751,0
2021-04-13,1.0006,1.0008,0.9995,0.9998,1997529230.56,1618358399999,1997544719.9041648,682908,979507008.67,979554631.737056,0
2021-04-14,0.9999,1.0006,0.999,0.9999,2121335631.16,1618444799999,2120953072.406326,754319,1070817066.43,1070668838.525841,0
2021-04-15,0.9999,1.0002,0.9984,0.9992,1813896996.21,1618531199999,1813134824.2320032,616861,842267824.78,841935057.6939539,0
2021-04-16,0.9991,0.9999,0.996,0.9987,3215647989.72,1618617599999,3211741383.257578,948602,1515383149.56,1513585871.093374,0
2021-04-17,0.9987,0.9999,0.9984,0.9992,1914039998.2,1618703999999,1912359056.3724368,748929,927922684.2,927131037.930437,0
2021-04-18,0.9993,0.9996,0.97,0.9981,2439792448.02,1618790399999,2435585955.279386,1021439,1070148285.49,1068432063.354482,0
2021-04-19,0.9982,0.9995,0.9979,0.9992,1832084960.73,1618876799999,1829761388.029066,719292,915867278.38,914748173.000893,0
2021-04-20,0.9993,0.9999,0.9984,0.9991,2135800489.51,1618963199999,2133871001.8171928,775963,1089609652.66,1088652596.261369,0
2021-04-21,0.999,0.9998,0.999,0.9996,1173102120.25,1619049599999,1172417550.651801,646844,598984975.32,598653342.982051,0
2021-04-22,0.9997,1.0003,0.9988,0.9999,1860037972.45,1619135999999,1859400355.752788,758722,966262048.69,965962750.5352031,0
2021-04-23,0.9999,1.004,0.9987,0.999,2322868711.0,1619222399999,2322210943.352556,876693,1106926442.79,1106687376.239664,0
2021-04-24,0.9991,0.9992,0.9987,0.9989,852681118.21,1619308799999,851797569.650815,376602,406895595.34,406485171.94596,0
2021-04-25,0.9989,0.9996,0.9986,0.9989,852947863.97,1619395199999,852221283.307903,336411,409116806.64,408778839.964446,0
2021-04-26,0.999,0.9994,0.9983,0.9993,1323982221.05,1619481599999,1322467629.434759,514825,617513835.98,616830109.637251,0
2021-04-27,0.9993,0.9993,0.9986,0.999,1023679827.18,1619567999999,1022542043.890758,468328,481241596.55,480723344.01741105,0
2021-04-28,0.999,0.9997,0.9986,0.9993,1470698172.19,1619654399999,1469395856.40046,541118,750077097.27,749438426.142351,0
2021-04-29,0.9993,0.9998,0.9989,0.9995,1745763668.84,1619740799999,1744634014.601869,700418,872003132.79,871466860.7222781,0
2021-04-30,0.9995,0.9996,0.9988,0.999,1403195615.42,1619827199999,1402014814.044916,651428,692918789.7,692361897.3440311,0
2021-05-01,0.9989,0.9995,0.9986,0.9991,1418167143.84,1619913599999,1416876600.345547,583404,715717736.72,715087266.405049,0
2021-05-02,0.9991,0.9997,0.9989,0.9993,1175502088.47,1619999999999,1174747404.578773,577402,596836006.36,596468538.663398,0
2021-05-03,0.9994,0.9997,0.9988,0.9992,1451578320.03,1620086399999,1450742562.718402,636782,741450275.48,741044696.865513,0
2021-05-04,0.9992,0.9999,0.9985,0.9994,2541353955.66,1620172799999,2539624759.999576,811739,1299964242.57,1299111907.120446,0
2021-05-05,0.9994,1.0,0.9985,0.9985,1843265757.35,1620259199999,1841957317.6121168,717254,924234188.32,923617854.454148,0
2021-05-06,0.9986,0.9994,0.9982,0.9992,1864963702.21,1620345599999,1862839144.91855,784732,933157472.1,932127675.0152689,0
2021-05-07,0.9992,0.9997,0.9984,0.9991,2037258089.61,1620431999999,2035427333.0511208,814861,985302666.34,984455994.135124,0
2021-05-08,0.9991,0.9991,0.9977,0.9985,1888776595.81,1620518399999,1886128413.629602,634105,893819872.13,892587942.697203,0
2021-05-09,0.9986,1.0029,0.9981,0.999,2945036937.76,1620604799999,2943410337.424207,715869,1560434583.83,1559649211.193109,0
2021-05-10,0.999,0.9997,0.9979,0.9989,2383630576.65,1620691199999,2380686851.604984,899170,1144768367.63,1143402915.555098,0
2021-05-11,0.9989,0.9995,0.9982,0.9987,1792164199.99,1620777599999,1790327249.519005,721119,873341516.66,872478915.376073,0
2021-05-12,0.9987,1.0002,0.9981,1.0002,2038513008.08,1620863999999,2036434817.2339911,819295,1062810660.4,1061777440.401766,0
2021-05-13,1.0002,1.0005,0.9984,0.9999,2993746270.35,1620950399999,2991677569.874548,999450,1506154227.7,1505201343.293554,0
2021-05-14,0.9998,0.9999,0.9979,0.9991,2051945893.33,1621036799999,2049462484.949103,682563,938888799.12,937775796.963477,0
2021-05-15,0.999,0.9997,0.9987,0.9995,1440836582.13,1621123199999,1439605341.85674,660329,737688864.34,737085450.8224819,0
2021-05-16,0.9995,1.0005,0.9992,0.9995,1805286643.91,1621209599999,1804778657.8566408,710971,953292037.19,953052068.099728,0
2021-05-17,0.9995,1.0002,0.9986,0.9997,2039063216.31,1621295999999,2037761636.33742,760229,1026539985.77,1025938729.354695,0
2021-05-18,0.9997,0.9999,0.9987,0.9993,1351426235.18,1621382399999,1350246266.18696,595573,653025765.76,652479638.921942,0
2021-05-19,0.9993,1.0009,0.9883,0.9981,4837335343.68,1621468799999,4830060224.322616,1603195,2416489622.27,2413146556.661068,0
2021-05-20,0.9982,0.999,0.9975,0.9979,2836014072.2,1621555199999,2831202554.8922687,1176057,1297002128.32,1294848925.075988,0
2021-05-21,0.9979,0.9994,0.9973,0.9983,2464998242.99,1621641599999,2461022840.025449,935413,1208197259.94,1206283372.600967,0
2021-05-22,0.9983,0.9994,0.9981,0.9991,1212891660.24,1621727999999,1211666301.240052,666973,597795472.43,597201592.0875391,0
2021-05-23,0.999,0.9997,0.9984,0.9986,1899242316.19,1621814399999,1897539982.4110367,993650,914763241.15,913987469.3390461,0
2021-05-24,0.9986,0.999,0.9982,0.9988,1936614562.08,1621900799999,1934021461.4012687,794556,867437310.0,866304856.521884,0
2021-05-25,0.9989,0.999,0.998,0.9989,1385213311.29,1621987199999,1383187132.417759,650785,663315797.36,662373517.106857,0
2021-05-26,0.999,0.9991,0.9983,0.9986,1179973773.37,1622073599999,1178505987.933265,578082,537919470.69,537271206.427646,0
2021-05-27,0.9986,0.9992,0.9984,0.999,1046387733.84,1622159999999,1045156970.064364,483659,518094705.64,517507340.16150093,0
2021-05-28,0.9991,0.9998,0.9987,0.9996,1244362267.9,1622246399999,1243349409.163488,543481,645860931.71,645357611.546316,0
2021-05-29,0.9996,0.9998,0.9991,0.9993,959006219.51,1622332799999,958491038.8100511,407810,500165904.07,499908161.381824,0
2021-05-30,0.9993,0.9998,0.9992,0.9994,819303699.36,1622419199999,818831043.8918849,355962,413055792.58,412827717.906031,0
2021-05-31,0.9994,0.9998,0.9991,0.9997,1046258345.88,1622505599999,1045655093.356792,391001,570490977.88,570183503.640088,0
2021-06-01,0.9997,1.0004,0.9996,1.0002,1490459701.32,1622591999999,1490479978.925094,427853,738275047.16,738298208.6219009,0
2021-06-02,1.0003,1.0005,0.9999,1.0,1432995285.49,1622678399999,1433180281.494984,444560,710510916.84,710625888.8049049,0
2021-06-03,0.9999,1.0005,0.9995,0.9998,1166259313.58,1622764799999,1166178481.047269,417471,545922304.73,545902084.603431,0
2021-06-04,0.9999,1.0,0.9993,0.9995,1442631517.74,1622851199999,1442074741.520048,495021,666158407.75,665920996.961544,0
2021-06-05,0.9996,1.0001,0.9994,0.9997,904860327.96,1622937599999,904562557.7623969,372464,466402621.76,466261710.188816,0
2021-06-06,0.9996,0.9999,0.9994,0.9997,596168029.48,1623023999999,595945950.707942,266131,293778439.8,293679178.473771,0
2021-06-07,0.9996,1.0,0.9992,0.9997,1155234693.38,1623110399999,1154724963.388563,442906,577085896.37,576850876.8063431,0
2021-06-08,0.9997,0.9998,0.999,0.9992,1397041973.0,1623196799999,1396180948.586845,484678,683791475.79,683393351.419319,0
2021-06-09,0.9993,0.9995,0.999,0.9995,1056608602.76,1623283199999,1055838501.696509,451407,510543692.44,510190510.098392,0
2021-06-10,0.9995,0.9997,0.9993,0.9996,787387586.49,1623369599999,786974934.4880849,379458,398375625.77,398181588.64366704,0
2021-06-11,0.9997,1.0,0.9995,1.0,660341066.85,1623455999999,660168804.523774,334916,366883891.55,366803513.458248,0
2021-06-12,1.0,1.0,0.9996,0.9998,614982622.11,1623542399999,614843160.68501,300286,300718983.87,300661834.308336,0
2021-06-13,0.9999,1.0,0.9997,0.9998,494318109.82,1623628799999,494251831.63865,284982,250106923.38,250082907.159023,0
2021-06-14,0.9999,1.0,0.9995,0.9996,786680702.67,1623715199999,786514915.269241,339908,363949793.67,363887832.31169903,0
2021-06-15,0.9997,1.0002,0.9996,1.0,718315859.48,1623801599999,718235755.031112,285651,379911557.73,379879581.06200093,0
2021-06-16,0.9999,1.0003,0.9998,1.0003,550500967.01,1623887999999,550497877.352295,258903,286636091.06,286647221.375635,0
2021-06-17,1.0002,1.0003,1.0,1.0,490838280.21,1623974399999,490877209.11866707,267612,226072705.3,226100657.735435,0
2021-06-18,1.0001,1.0001,0.9994,0.9996,784583692.06,1624060799999,784408556.02795,316645,363563365.96,363494294.72392,0
2021-06-19,0.9996,0.9998,0.9994,0.9997,476912874.03,1624147199999,476710334.05993503,236587,249814244.34,249718651.536452,0
2021-06-20,0.9998,1.0013,0.9997,1.0001,880947157.04,1624233599999,881009666.215576,301869,437571895.89,437598939.9789,0
2021-06-21,1.0001,1.0004,0.9996,1.0002,1562680675.75,1624319999999,1562758246.585181,517725,786633363.9,786695449.5321581,0
2021-06-22,1.0002,1.0003,0.9995,0.9997,1600057446.77,1624406399999,1599910797.099362,685092,758781778.11,758732585.4237901,0
2021-06-23,0.9997,0.9999,0.9994,0.9999,1335810823.79,1624492799999,1335436462.252611,433521,629136791.04,628983236.960031,0
2021-06-24,0.9999,1.0004,0.9998,1.0002,802561070.24,1624579199999,802579577.083356,334446,393610134.04,393626859.809719,0
2021-06-25,1.0002,1.0003,0.9999,1.0001,906943778.92,1624665599999,907070370.691357,337808,440642240.05,440714568.01234,0
2021-06-26,1.0001,1.0005,0.9998,1.0001,827330881.66,1624751999999,827370834.006992,295244,406902968.67,406931916.98252493,0
2021-06-27,1.0,1.0001,0.9997,0.9998,669616218.2,1624838399999,669550047.680554,270944,314382640.85,314361859.423446,0
2021-06-28,0.9998,1.0002,0.9996,0.9999,1140808627.44,1624924799999,1140686055.184075,319513,553057017.89,553011243.2286249,0
2021-06-29,0.9998,1.0,0.9995,0.9999,911183857.69,1625011199999,910972770.468107,328931,439013657.0,438929625.280638,0
2021-06-30,1.0,1.0,0.9996,0.9998,622258214.11,1625097599999,622162295.346018,307971,304153492.68,304116203.887076,0
2021-07-01,0.9998,1.0002,0.9998,0.9998,762214597.76,1625183999999,762188990.937868,276683,384135620.97,384133954.774512,0
2021-07-02,0.9998,1.0002,0.9998,0.9999,607596047.45,1625270399999,607594954.360496,224679,336775275.96,336782092.887504,0
2021-07-03,1.0,1.0,0.9997,0.9998,412086100.57,1625356799999,412028365.638216,217386,186026081.85,186006009.202564,0
2021-07-04,0.9998,1.0001,0.9997,1.0,519143095.97,1625443199999,519104160.659886,254362,294198304.22,294184407.425261,0
2021-07-05,0.9999,1.0,0.9997,0.9997,441413822.78,1625529599999,441339581.235976,272510,183472226.51,183449783.4304,0
2021-07-06,0.9997,1.0,0.9996,0.9999,650004034.42,1625615999999,649869856.195026,312748,327723648.1,327670160.88539,0
2021-07-07,0.9999,1.0,0.9996,0.9998,559006931.02,1625702399999,558879074.980461,311174,252859855.02,252809984.303135,0
2021-07-08,0.9998,1.0,0.9996,0.9999,630116895.11,1625788799999,630009413.642423,331876,337767619.36,337720520.273838,0
2021-07-09,0.9999,1.0001,0.9998,1.0001,515696923.84,1625875199999,515671597.188949,260689,287914430.12,287910569.851183,0
2021-07-10,1.0001,1.0001,0.9999,1.0,351513512.84,1625961599999,351512509.141391,216401,169547090.06,169553467.155006,0
2021-07-11,0.9999,1.0001,0.9999,0.9999,314979687.86,1626047999999,314986495.494001,195263,153548095.08,153557299.900214,0
2021-07-12,1.0,1.0001,0.9999,0.9999,587897254.94,1626134399999,587897153.32116,220185,291275266.83,291281951.909788,0
2021-07-13,0.9999,1.0002,0.9997,1.0,681270019.92,1626220799999,681254074.939621,256207,370860974.39,370862187.77733696,0
2021-07-14,1.0001,1.0002,0.9999,1.0,555584525.3,1626307199999,555597830.94279,302966,270903413.39,270918171.691199,0
2021-07-15,1.0,1.0004,0.9998,1.0002,740398506.97,1626393599999,740459979.2755871,336752,372345485.92,372382622.258916,0
2021-07-16,1.0002,1.0002,0.9998,0.9999,533678603.31,1626479999999,533670544.251238,288868,233448176.47,233451392.155439,0
2021-07-17,0.9998,1.0,0.9998,0.9998,332790917.44,1626566399999,332751004.507298,225347,164074020.12,164060385.567198,0
2021-07-18,0.9998,1.0,0.9998,0.9999,290302331.15,1626652799999,290261032.341568,203676,162504154.55,162488106.938542,0
2021-07-19,1.0,1.0006,0.9999,1.0,622754712.09,1626739199999,622856484.754436,226414,303001147.52,303053186.834278,0
2021-07-20,1.0,1.0002,0.9998,0.9999,506883123.53,1626825599999,506901461.746493,249622,220256822.27,220273499.173563,0
2021-07-21,0.9999,1.0002,0.9998,1.0,797402433.29,1626911999999,797396573.659015,328518,397259938.02,397269961.283271,0
2021-07-22,1.0,1.0001,0.9999,1.0001,697526959.25,1626998399999,697521679.847239,266756,327556695.33,327562329.981871,0
2021-07-23,1.0,1.0001,0.9998,0.9998,687571090.33,1627084799999,687533789.362678,373148,310021705.75,310020203.757948,0
2021-07-24,0.9998,0.9999,0.9994,0.9995,839731806.8,1627171199999,839432833.937412,436040,398324893.47,398194007.094336,0
2021-07-25,0.9996,0.9996,0.9994,0.9995,667320927.54,1627257599999,666989760.852498,354034,300040671.06,299903462.024386,0
2021-07-26,0.9994,1.0005,0.9993,0.9998,2077984090.32,1627343999999,2077597172.191632,594542,1013619097.34,1013433041.090088,0
2021-07-27,0.9998,1.0,0.9995,0.9998,1236216934.03,1627430399999,1235877670.002753,410404,590125803.02,589983924.828423,0
2021-07-28,0.9998,1.0,0.9995,0.9998,997038395.76,1627516799999,996744910.2898259,331106,466713172.85,466590766.49107504,0
2021-07-29,0.9999,0.9999,0.9996,0.9998,615550044.18,1627603199999,615392089.877599,280695,286585538.12,286523370.136421,0
2021-07-30,0.9998,0.9998,0.9994,0.9994,847441145.83,1627689599999,847109691.3853741,322836,381988650.99,381850283.18615294,0
2021-07-31,0.9995,0.9997,0.9992,0.9994,727460044.08,1627775999999,727082771.904572,297854,362802725.74,362621932.32976097,0
2021-08-01,0.9993,0.9998,0.9992,0.9997,706157132.5,1627862399999,705799807.99588,333085,375551815.43,375372581.155515,0
2021-08-02,0.9997,1.0,0.9996,0.9997,574404882.29,1627948799999,574312780.917828,263377,293598161.67,293561749.032138,0
2021-08-03,0.9998,1.0001,0.9997,1.0,630323284.51,1628035199999,630271990.174219,288986,346910655.54,346895708.367575,0
2021-08-04,1.0001,1.0002,0.9999,1.0001,581865454.91,1628121599999,581914520.637653,277884,280605331.48,280640550.325048,0
2021-08-05,1.0001,1.0003,0.9994,0.9996,1032077413.52,1628207999999,1032050453.339942,464836,460004103.91,460019188.055943,0
2021-08-06,0.9997,1.0,0.9995,0.9995,942453497.67,1628294399999,942166116.0605779,502705,431232201.02,431119309.08042496,0
2021-08-07,0.9995,0.9996,0.9992,0.9993,1068721471.91,1628380799999,1068084197.789269,522675,475713468.0,475445341.32255507,0
2021-08-08,0.9993,0.9996,0.999,0.9993,934165181.04,1628467199999,933487334.77981,426917,463585437.66,463263164.46122897,0
2021-08-09,0.9994,0.9999,0.9993,0.9998,846816923.66,1628553599999,846349807.110515,432997,465528811.43,465289309.557556,0
2021-08-10,0.9997,0.9998,0.9994,0.9996,747672351.06,1628639999999,747386383.968624,461556,369218906.43,369091626.83512497,0
2021-08-11,0.9996,0.9999,0.9994,0.9995,964234472.0,1628726399999,963854771.126261,589872,446502019.45,446343512.100188,0
2021-08-12,0.9995,0.9998,0.9994,0.9996,865327401.21,1628812799999,864993809.939452,496763,458098767.4,457940238.934384,0
2021-08-13,0.9997,0.9998,0.9995,0.9996,673804084.66,1628899199999,673530723.423289,441952,326154635.42,326036262.092908,0
2021-08-14,0.9996,0.9996,0.9991,0.9992,816989700.38,1628985599999,816445523.92352,439171,334690276.74,334481566.469751,0
2021-08-15,0.9992,0.9995,0.9991,0.9993,661519005.39,1629071999999,661051071.546843,409840,320996311.22,320782114.538644,0
2021-08-16,0.9992,0.9999,0.9992,0.9997,1100478537.91,1629158399999,1099995830.994473,548633,603408033.19,603163752.043464,0
2021-08-17,0.9997,1.0001,0.9996,1.0,1210092766.07,1629244799999,1209886968.614452,620654,678766899.0,678676955.062322,0
2021-08-18,1.0,1.0001,0.9996,0.9998,1096492989.82,1629331199999,1096323245.50628,542944,488027348.87,487970913.491272,0
2021-08-19,0.9997,1.0002,0.9997,1.0,1141193715.06,1629417599999,1141188598.029462,540813,593298314.06,593312931.599634,0
2021-08-20,1.0001,1.0001,0.9997,0.9997,1090878489.57,1629503999999,1090791120.849382,494780,515075437.56,515056339.57952094,0
2021-08-21,0.9998,0.9998,0.9991,0.9993,849587987.69,1629590399999,849095433.3214221,499860,358954464.8,358756668.702629,0
2021-08-22,0.9993,0.9994,0.9992,0.9992,641285475.14,1629676799999,640851038.513153,405623,331351349.39,331140868.888607,0
2021-08-23,0.9993,0.9998,0.9992,0.9997,1055618145.21,1629763199999,1055040659.282435,475392,602053820.82,601747805.079031,0
2021-08-24,0.9997,1.0,0.9994,0.9998,1088849477.98,1629849599999,1088554959.477595,488151,599497769.08,599350308.15986,0
2021-08-25,0.9998,1.0,0.9997,0.9998,881220230.87,1629935999999,881121188.5853181,557812,440013862.72,439983593.65509695,0
2021-08-26,0.9999,1.0,0.9996,0.9997,867306495.23,1630022399999,867176607.1820899,516490,401467041.13,401425871.773012,0
2021-08-27,0.9997,0.9998,0.9995,0.9996,785310933.0,1630108799999,785057115.2336,443561,376159342.0,376057878.2238,0
2021-08-28,0.9995,0.9996,0.9993,0.9994,576234494.0,1630195199999,575923435.9535,383633,255009091.0,254885314.62,0
2021-08-29,0.9993,0.9994,0.9992,0.9993,735711299.0,1630281599999,735215917.4552,402391,360343281.0,360115640.7188,0
2021-08-30,0.9993,0.9997,0.9992,0.9997,1122359998.0,1630367999999,1121796752.4927,464998,602199007.0,601915466.1728,0
2021-08-31,0.9997,0.9999,0.9995,0.9997,1151888718.0,1630454399999,1151567569.1371,508793,579847143.0,579706369.3311,0
2021-09-01,0.9997,0.9999,0.9996,0.9997,1002105728.0,1630540799999,1001809780.0763,401978,445362675.0,445251194.9242,0
2021-09-02,0.9996,0.9997,0.9994,0.9996,1022612888.0,1630627199999,1022141618.7823,476635,469025018.0,468827211.1358,0
2021-09-03,0.9996,0.9999,0.9994,0.9997,1200315520.0,1630713599999,1199924580.9542,556398,590760989.0,590589627.9001,0
2021-09-04,0.9996,0.9997,0.9993,0.9994,731747938.0,1630799999999,731403623.6911,443258,318267096.0,318130933.4117,0
2021-09-05,0.9995,0.9996,0.9994,0.9994,716674016.0,1630886399999,716286009.0185,470272,341596900.0,341428029.0889,0
2021-09-06,0.9995,0.9999,0.9993,0.9996,1197243537.0,1630972799999,1196728507.1566,650944,637585015.0,637331391.7696,0
2021-09-07,0.9996,1.0,0.9988,0.9997,2556118447.42,1631059199999,2554654489.728638,1178878,1264451175.0,1263788704.5697,0
2021-09-08,0.9997,1.0,0.9995,0.9998,1822305753.0,1631145599999,1821964247.0522,871307,966402791.0,966249536.6925,0
2021-09-09,0.9998,1.0,0.9997,1.0,1368329742.0,1631231999999,1368140135.2369,788517,717147482.0,717079112.9644,0
2021-09-10,1.0,1.0003,0.9998,0.9999,1207805686.0,1631318399999,1207790899.4382,685026,620620051.0,620634407.6302,0
2021-09-11,0.9999,1.0001,0.9998,0.9999,679408438.0,1631404799999,679399425.827,497965,325945288.0,325956772.084,0
2021-09-12,0.9999,1.0,0.9998,0.9999,616294551.0,1631491199999,616213527.0208,472628,325254367.0,325225813.4873,0
2021-09-13,1.0,1.0,0.9996,0.9997,1162437410.0,1631577599999,1162233793.5221,582008,536360866.0,536290321.0451,0
2021-09-14,0.9998,1.0,0.9996,0.9998,892703798.0,1631663999999,892515925.4563,470516,445534045.0,445457368.7872,0
2021-09-15,0.9997,0.9998,0.9996,0.9996,938658454.0,1631750399999,938363403.3595,464620,455810568.0,455687385.7864,0
2021-09-16,0.9996,0.9999,0.9996,0.9998,1087352934.0,1631836799999,1087095617.6643,652384,518062279.0,517959849.5672,0
2021-09-17,0.9998,1.0,0.9997,0.9999,896157136.0,1631923199999,896018228.2208,610059,477533416.0,477479622.2435,0
2021-09-18,1.0,1.0,0.9997,0.9998,695612466.0,1632009599999,695528900.0481,613035,321370093.0,321347463.7474,0
2021-09-19,0.9998,0.9999,0.9998,0.9999,540275920.0,1632095999999,540193815.4559,494484,259506399.0,259480448.3601,0
2021-09-20,0.9999,1.0005,0.9998,1.0003,1500209939.0,1632182399999,1500380708.3729,726127,794760510.0,794876478.0119,0
2021-09-21,1.0002,1.0005,1.0,1.0001,1264076467.0,1632268799999,1264314079.5908,606459,583765426.0,583896227.9727,0
2021-09-22,1.0001,1.0002,0.9995,0.9996,1040908770.0,1632355199999,1040725265.378,541347,462682509.0,462619628.9691,0
2021-09-23,0.9996,0.9997,0.9994,0.9995,1050822287.0,1632441599999,1050346852.1828,468426,525496782.0,525279477.8617,0
2021-09-24,0.9996,0.9997,0.9992,0.9994,1352704371.0,1632527999999,1351974345.4711,634028,651657697.0,651328960.7455,0
2021-09-25,0.9993,0.9995,0.9993,0.9994,617914098.0,1632614399999,617563271.2504,409148,330439838.0,330266999.9534,0
2021-09-26,0.9994,0.9997,0.9993,0.9996,1234041405.0,1632700799999,1233455817.8316,606338,665034256.0,664736055.0366,0
2021-09-27,0.9996,0.9998,0.9995,0.9996,838617235.0,1632787199999,838336645.3668,464743,436591857.0,436464190.9019,0
2021-09-28,0.9996,1.0,0.9996,0.9999,745694892.0,1632873599999,745572391.3555,381551,481401092.0,481335671.0414,0
2021-09-29,0.9999,1.0002,0.9999,1.0001,616699595.0,1632959999999,616714667.1234,316952,321717760.0,321738404.5443,0
2021-09-30,1.0,1.0001,0.9999,0.9999,614438947.0,1633046399999,614460743.0066,351118,268249144.0,268273129.201,0
2021-10-01,1.0,1.0,0.9994,0.9994,1033182506.0,1633132799999,1032886243.2207,495571,409459038.0,409354925.2447,0
2021-10-02,0.9994,0.9996,0.9994,0.9995,657072519.0,1633219199999,656774708.6424,420066,341114933.0,340976024.1778,0
2021-10-03,0.9995,0.9996,0.9994,0.9994,606224832.0,1633305599999,605938929.3892,414535,253549338.0,253444733.3705,0
2021-10-04,0.9995,0.9998,0.9994,0.9998,881805509.0,1633391999999,881458486.5938,476430,542695295.0,542499402.3253,0
2021-10-05,0.9998,0.9998,0.9995,0.9995,807434205.0,1633478399999,807182122.1048,480371,374357936.0,374260131.6901,0
2021-10-06,0.9996,0.9998,0.9995,0.9997,1071648765.0,1633564799999,1071271102.4622,599808,559945525.0,559770940.18,0
2021-10-07,0.9996,0.9998,0.9996,0.9997,1172047423.0,1633651199999,1171671207.3822,663427,607650193.0,607485142.5866,0
2021-10-08,0.9997,0.9999,0.9997,0.9999,1080773795.0,1633737599999,1080546210.7299,622603,575824002.0,575727983.5039,0
2021-10-09,0.9999,0.9999,0.9997,0.9998,659064387.0,1633823999999,658950702.8054,459321,329055679.0,329014796.6586,0
2021-10-10,0.9998,0.9998,0.9996,0.9996,597556373.0,1633910399999,597382467.977,430260,287622532.0,287553096.4414,0
2021-10-11,0.9996,0.9998,0.9996,0.9997,701159274.0,1633996799999,700963888.9746,412988,384200447.0,384109949.1909,0
2021-10-12,0.9998,1.0001,0.9997,1.0001,918904116.0,1634083199999,918794264.4345,420872,533339824.0,533295641.5859,0
2021-10-13,1.0,1.0002,0.9999,1.0,990207437.0,1634169599999,990216274.3933,486691,441165178.0,441186244.816,0
2021-10-14,0.9999,1.0,0.9998,0.9999,692041179.0,1634255999999,691987924.7673,444494,314767071.0,314759273.5164,0
2021-10-15,0.9998,1.0008,0.9998,1.0002,1447177504.74,1634342399999,1447274831.746987,750570,725666331.74,725721770.985787,0
2021-10-16,1.0001,1.0002,0.9999,0.9999,680390562.0,1634428799999,680434378.6532,445824,340258523.0,340291815.0652,0
2021-10-17,0.9999,1.0,0.9999,1.0,573674787.0,1634515199999,573648630.1365,425893,312106152.0,312106152.0,0
2021-10-18,1.0,1.001,0.9999,1.0001,1037119091.64,1634601599999,1037366681.403976,425646,484798793.64,484916022.530376,0
2021-10-19,1.0002,1.0003,0.9998,0.9999,802085592.0,1634687999999,802116472.2285,340873,329673521.0,329701092.6196,0
2021-10-20,0.9998,1.0,0.9996,0.9998,989633137.0,1634774399999,989490208.154,475636,483091312.0,483038532.3448,0
2021-10-21,0.9998,1.0002,0.9997,0.9999,1187465359.0,1634860799999,1187404738.3931,598947,646028594.0,646012811.3655,0
2021-10-22,0.9999,1.0004,0.9998,1.0003,1010101962.0,1634947199999,1010177253.4323,473030,536741329.0,536798117.6878,0
2021-10-23,1.0002,1.0003,1.0,1.0001,442017872.0,1635033599999,442070016.8606,300913,190816627.0,190849034.0774,0
2021-10-24,1.0,1.0001,0.9999,1.0,656346893.0,1635119999999,656337406.6429,382741,336547332.0,336556371.5302,0
2021-10-25,1.0,1.0003,1.0,1.0002,838031797.0,1635206399999,838144465.352,399348,402584976.0,402653570.3392,0
2021-10-26,1.0001,1.0003,0.9999,1.0,930802409.0,1635292799999,930856923.0718,493031,438367612.0,438411565.4876,0
2021-10-27,1.0,1.0,0.9979,0.9994,2248119477.09,1635379199999,2246870710.8800287,800956,1052367882.97,1051788118.40322,0
2021-10-28,0.9994,0.9997,0.9994,0.9996,1785391004.0,1635465599999,1784580635.7737,737663,893811181.0,893441020.3942,0
2021-10-29,0.9996,1.0002,0.9996,0.9999,1885079905.0,1635551999999,1885055296.6415,572997,899613786.0,899623072.8142,0
2021-10-30,0.9999,1.0001,0.9995,0.9995,1264422180.0,1635638399999,1264166046.9287,675788,576788109.0,576693756.2945,0
2021-10-31,0.9996,0.9997,0.9993,0.9993,1379412360.0,1635724799999,1378684391.0112,829448,660908521.0,660591676.5528,0
2021-11-01,0.9993,1.0,0.9992,0.9994,1351159379.0,1635811199999,1350480996.8824,646549,650179290.0,649866415.5127,0
2021-11-02,0.9994,0.9995,0.9991,0.9993,1574114346.0,1635897599999,1573009916.1845,719470,758534868.0,758028236.8015,0
2021-11-03,0.9993,0.9995,0.9991,0.9995,1431089738.0,1635983999999,1430081878.2589,821348,731801401.0,731312383.4547,0
2021-11-04,0.9995,0.9995,0.999,0.9993,1530636581.0,1636070399999,1529470902.7526,802062,754193508.0,753651112.236,0
2021-11-05,0.9992,0.9995,0.9989,0.999,1268278408.0,1636156799999,1267320258.7175,644061,574011141.0,573601998.1187,0
2021-11-06,0.999,0.9993,0.9989,0.9991,866663734.0,1636243199999,865913499.5912,511275,465493184.0,465103189.0244,0
2021-11-07,0.9991,0.9994,0.9991,0.9992,751013863.0,1636329599999,750440747.9443,433861,386712893.0,386431368.0384,0
2021-11-08,0.9991,0.9997,0.999,0.9994,1363542205.0,1636415999999,1362688148.7061,585189,724741838.0,724309991.8087,0
2021-11-09,0.9994,0.9999,0.9992,0.9998,1373048540.0,1636502399999,1372411475.7533,637418,793519790.0,793182263.5758,0
2021-11-10,0.9999,1.0001,0.9993,0.9995,1892634747.0,1636588799999,1892309678.9908,903226,889154317.0,889024186.3182,0
2021-11-11,0.9996,1.0001,0.9993,0.9995,1199304554.0,1636675199999,1198873277.7942,684473,545877308.0,545692096.5908,0
2021-11-12,0.9996,1.0,0.9995,0.9997,1161978184.0,1636761599999,1161746701.9457,630303,558148193.0,558048904.083,0
2021-11-13,0.9997,1.0,0.9997,0.9998,717286796.0,1636847999999,717211503.0267,504778,336687155.0,336665698.6233,0
2021-11-14,0.9999,0.9999,0.9997,0.9998,589380950.0,1636934399999,589253793.1543,421605,280079782.0,280031818.9986,0
2021-11-15,0.9998,1.0,0.9996,0.9999,940624527.0,1637020799999,940432581.9494,496726,459735929.0,459660055.4972,0
2021-11-16,0.9999,0.9999,0.9991,0.9996,1620011318.0,1637107199999,1619220168.3601,775824,747090844.0,746745119.4715,0
2021-11-17,0.9995,0.9998,0.9995,0.9995,1240587715.0,1637193599999,1240073680.1791,607872,590530480.0,590312087.1775,0
2021-11-18,0.9995,0.9998,0.9993,0.9996,1478698033.0,1637279999999,1478018107.9469,850837,717142755.0,716837462.0124,0
2021-11-19,0.9996,0.9997,0.9989,0.9992,1341011719.0,1637366399999,1340100694.529,592688,618647446.0,618243581.4274,0
2021-11-20,0.9992,0.9994,0.999,0.9994,1078621203.0,1637452799999,1077764786.5022,581871,561373056.0,560951090.7282,0
2021-11-21,0.9994,0.9994,0.999,0.9991,1036581497.0,1637539199999,1035816527.6418,671841,463390870.0,463070591.4066,0
2021-11-22,0.9991,0.9994,0.999,0.9993,1215922097.0,1637625599999,1214983194.405,704664,593432992.0,592997274.0909,0
2021-11-23,0.9993,1.0001,0.9993,0.9998,1188304431.0,1637711999999,1188007470.3829,654079,585866173.0,585721738.2664,0
2021-11-24,0.9998,0.9998,0.9995,0.9996,1107697801.0,1637798399999,1107324739.532,742421,552826831.0,552662340.009,0
2021-11-25,0.9996,0.9997,0.9992,0.9994,1265002091.0,1637884799999,1264273202.7183,732024,569686767.0,569380154.9052,0
2021-11-26,0.9994,0.9995,0.9986,0.9994,1681771135.0,1637971199999,1680445727.0015,853082,867659259.0,866991576.7258,0
2021-11-27,0.9993,0.9995,0.9992,0.9993,868644658.0,1638057599999,868101894.7595,567277,416863923.0,416621578.2176,0
2021-11-28,0.9993,0.9994,0.9992,0.9994,747839220.0,1638143999999,747319883.3208,590758,380869194.0,380621637.8729,0
2021-11-29,0.9994,0.9994,0.999,0.9991,1007447017.0,1638230399999,1006666807.0693,503313,444751215.0,444425606.5994,0
2021-11-30,0.9991,0.9993,0.999,0.9993,1236449165.0,1638316799999,1235416635.8117,599194,559247374.0,558801306.4482,0
2021-12-01,0.9992,0.9995,0.999,0.9994,1154930361.0,1638403199999,1153991529.5682,591911,565438461.0,565008470.7301,0
2021-12-02,0.9994,0.9995,0.9991,0.9992,948729476.0,1638489599999,947992949.419,592932,459832180.0,459491908.9115,0
2021-12-03,0.9993,0.9997,0.9991,0.9994,1208022202.0,1638575999999,1207251544.4641,644944,615972465.0,615602904.5981,0
2021-12-04,0.9994,0.9995,0.9888,0.999,2861382241.56,1638662399999,2856499891.260056,1114148,1307336282.77,1304951326.147129,0
2021-12-05,0.999,0.999,0.9983,0.9987,1077654628.0,1638748799999,1076208725.8044,554483,520350605.0,519659680.2121,0
2021-12-06,0.9987,0.9991,0.9987,0.9989,1161133738.0,1638835199999,1159886176.9478,667479,584173931.0,583566915.8371,0
2021-12-07,0.9989,0.9992,0.9987,0.9991,948884797.0,1638921599999,947847112.0512,522690,463143007.0,462658715.145,0
2021-12-08,0.9991,0.9992,0.999,0.9991,804327231.0,1639007999999,803593659.2852,519502,370463529.0,370141384.3034,0
2021-12-09,0.9991,0.9997,0.9991,0.9997,853093483.0,1639094399999,852478879.0595,449842,523721532.0,523358597.4966,0
2021-12-10,0.9996,0.9997,0.9995,0.9996,856981509.0,1639180799999,856645322.4565,429582,407549987.0,407405099.8379,0
2021-12-11,0.9996,0.9997,0.9994,0.9994,559473165.0,1639267199999,559201828.2535,338440,252365170.0,252249331.4943,0
2021-12-12,0.9995,0.9995,0.9994,0.9995,416341266.0,1639353599999,416110736.1267,284002,192748863.0,192652488.5685,0
2021-12-13,0.9995,0.9999,0.9994,0.9996,811540645.0,1639439999999,811227665.1091,408028,449447778.0,449288010.8032,0
2021-12-14,0.9996,0.9997,0.9995,0.9996,717873710.0,1639526399999,717608138.3843,431889,369576988.0,369455661.6289,0
2021-12-15,0.9996,0.9997,0.9996,0.9996,750456437.0,1639612799999,750192765.7179,500459,365112927.0,365003393.1219,0
2021-12-16,0.9997,0.9999,0.9996,0.9999,639684120.0,1639699199999,639479469.7814,417403,328802000.0,328712502.6172,0
2021-12-17,0.9998,0.9999,0.9996,0.9997,733728202.0,1639785599999,733555979.3151,440537,348539987.0,348467903.1716,0
2021-12-18,0.9997,0.9998,0.9996,0.9996,469225488.0,1639871999999,469068751.8222,365672,222832693.0,222768044.4297,0
2021-12-19,0.9996,0.9997,0.9995,0.9997,429851092.0,1639958399999,429670854.7416,325119,250896041.0,250800220.858,0
2021-12-20,0.9996,0.9999,0.9996,0.9998,698126838.0,1640044799999,697956029.6386,395876,377026417.0,376947293.0785,0
2021-12-21,0.9998,0.9999,0.9996,0.9997,652033560.0,1640131199999,651868341.922,375817,291232372.0,291171150.9785,0
2021-12-22,0.9997,0.9998,0.9995,0.9997,691267319.0,1640217599999,691009238.8217,440806,340221409.0,340107786.1136,0
2021-12-23,0.9997,0.9998,0.9996,0.9997,710919042.0,1640303999999,710698311.8178,515258,364668196.0,364571683.5964,0
2021-12-24,0.9996,0.9997,0.9994,0.9995,745219973.0,1640390399999,744878302.6102,496586,361674132.0,361524143.6349,0
2021-12-25,0.9995,0.9996,0.9994,0.9995,544054368.0,1640476799999,543774422.3283,379785,272407432.0,272279279.9967,0
2021-12-26,0.9995,0.9996,0.9995,0.9995,563768351.0,1640563199999,563511105.6199,377365,246387954.0,246289398.8184,0
2021-12-27,0.9996,0.9996,0.9995,0.9996,730487653.0,1640649599999,730162306.2716,464377,398970981.0,398811392.6076,0
2021-12-28,0.9996,0.9999,0.9995,0.9998,798628263.0,1640735999999,798399934.6854,564622,462951805.0,462842135.8532,0
2021-12-29,0.9998,1.0003,0.9997,0.9999,1169353699.0,1640822399999,1169309263.2626,430046,615877720.0,615857006.6614,0
2021-12-30,1.0,1.0001,0.9998,0.9999,650677456.0,1640908799999,650647648.6649,332827,331750279.0,331745804.7744,0
2021-12-31,1.0,1.0001,0.9998,1.0,685337617.0,1640995199999,685314767.0742,331194,366648896.0,366648660.1962,0
2022-01-01,1.0,1.0,0.9998,0.9998,398714296.0,1641081599999,398686775.2194,250718,179163302.0,179161086.8127,0
2022-01-02,0.9999,0.9999,0.9998,0.9998,285856711.0,1641167999999,285812840.8244,271164,133011666.0,132998364.8334,0
2022-01-03,0.9998,1.0,0.9998,0.9999,514609936.0,1641254399999,514572098.7495,352686,290575307.0,290565178.6633,0
2022-01-04,0.9999,1.0003,0.9999,1.0001,617886731.0,1641340799999,617904871.256,385446,322202007.0,322218613.2396,0
2022-01-05,1.0002,1.0003,1.0,1.0001,799329872.0,1641427199999,799401877.0644,479218,410764960.0,410817000.7624,0
2022-01-06,1.0001,1.0003,1.0,1.0,707175613.0,1641513599999,707300233.4899,427560,300634209.0,300697263.634,0
2022-01-07,1.0,1.0004,1.0,1.0001,814712130.0,1641599999999,814893895.9358,474054,394495954.0,394595100.4919,0
2022-01-08,1.0002,1.0002,0.9999,1.0,531120437.0,1641686399999,531141584.4267,374151,233284952.0,233303642.9191,0
2022-01-09,0.9999,1.0001,0.9999,1.0,396232777.0,1641772799999,396222502.8172,294219,181449414.0,181452211.7235,0
2022-01-10,1.0,1.0,0.9999,0.9999,559605639.0,1641859199999,559576362.3735,370174,266839374.0,266839374.0,0
2022-01-11,1.0,1.0,0.9997,0.9998,574949100.0,1641945599999,574867757.9563,339364,239653445.0,239630654.4772,0
2022-01-12,0.9997,0.9998,0.9996,0.9997,724411985.0,1642031999999,724196459.0808,365816,299313107.0,299237938.0347,0
2022-01-13,0.9997,0.9998,0.9995,0.9998,687780967.0,1642118399999,687535002.9997,391399,349740891.0,349627097.9567,0
2022-01-14,0.9997,0.9998,0.9996,0.9997,725548567.0,1642204799999,725323380.7946,393694,316605944.0,316521308.4896,0
2022-01-15,0.9996,0.9997,0.9996,0.9997,394709392.0,1642291199999,394572362.0622,275380,208538190.0,208475628.543,0
2022-01-16,0.9996,0.9997,0.9996,0.9996,448518783.0,1642377599999,448364330.6561,280460,249551693.0,249476827.4921,0
2022-01-17,0.9996,0.9998,0.9996,0.9998,602791066.0,1642463999999,602586943.6664,349995,329434185.0,329335929.5529,0
2022-01-18,0.9997,0.9999,0.9996,0.9997,611869607.0,1642550399999,611713660.7178,330834,310337777.0,310266721.1244,0
2022-01-19,0.9997,0.9998,0.9996,0.9997,538344480.0,1642636799999,538195596.2505,311290,280010344.0,279943438.8817,0
2022-01-20,0.9997,0.9999,0.9997,0.9998,570169458.0,1642723199999,570060853.2549,323862,299518454.0,299473937.2015,0
2022-01-21,0.9998,1.0,0.9997,0.9997,965234629.0,1642809599999,965114550.0982,568020,438724522.0,438692324.6902,0
2022-01-22,0.9998,1.0,0.9996,1.0,1027046460.0,1642895999999,1026816970.8631,796157,562507407.0,562399272.8658,0
2022-01-23,0.9999,1.0,0.9998,0.9999,627028743.0,1642982399999,626969561.321,432247,254870867.0,254856761.1624,0
2022-01-24,0.9998,0.9999,0.9994,0.9997,1285037280.0,1643068799999,1284602229.2038,653896,642590160.0,642380093.7665,0
2022-01-25,0.9997,0.9998,0.9995,0.9996,849700571.0,1643155199999,849393832.3949,402748,324238196.0,324133328.4202,0
2022-01-26,0.9995,0.9998,0.9993,0.9995,1146079780.0,1643241599999,1145574484.5058,561580,494686040.0,494482181.3529,0
2022-01-27,0.9995,0.9999,0.9994,0.9998,830785515.0,1643327999999,830504651.1215,418490,418766911.0,418636926.9976,0
2022-01-28,0.9998,1.0001,0.9996,0.9999,1001222839.0,1643414399999,1001085661.5699,382621,438316658.0,438264855.7598,0
2022-01-29,0.9999,0.9999,0.9997,0.9998,512939635.0,1643500799999,512811615.9794,301232,220605432.0,220561568.8814,0
2022-01-30,0.9998,0.9998,0.9996,0.9996,341317998.0,1643587199999,341199186.6608,254221,118504181.0,118469691.5611,0
2022-01-31,0.9996,0.9997,0.9994,0.9997,569812018.0,1643673599999,569589376.0716,276816,323312994.0,323193624.4509,0
2022-02-01,0.9996,0.9997,0.9995,0.9995,509273925.0,1643759999999,509065628.7131,309592,178682588.0,178620208.7304,0
2022-02-02,0.9996,0.9996,0.9995,0.9995,604435564.0,1643846399999,604159967.0628,322841,266208448.0,266101964.6208,0
2022-02-03,0.9996,0.9998,0.9995,0.9996,701926068.0,1643932799999,701679395.7376,302567,396679558.0,396548641.3654,0
2022-02-04,0.9996,0.9997,0.9994,0.9995,662342262.0,1644019199999,662054036.7881,318278,261439272.0,261332100.5103,0
2022-02-05,0.9994,0.9996,0.9993,0.9995,711943495.0,1644105599999,711541512.1103,299502,404645807.0,404426353.0598,0
2022-02-06,0.9995,0.9996,0.9994,0.9994,326961393.0,1644191999999,326787610.8446,256074,138625754.0,138558250.4705,0
2022-02-07,0.9994,0.9995,0.9992,0.9994,832110142.0,1644278399999,831572352.7827,391598,349331972.0,349119911.5574,0
2022-02-08,0.9993,0.9994,0.9991,0.9991,821904537.0,1644364799999,821297988.6139,443577,353812235.0,353566136.7735,0
2022-02-09,0.9991,0.9993,0.9991,0.9992,488447619.0,1644451199999,488073832.0719,337791,228677848.0,228512881.1408,0
2022-02-10,0.9992,0.9993,0.9991,0.9993,698950223.0,1644537599999,698394323.2209,407285,321373805.0,321130834.6576,0
2022-02-11,0.9992,0.9995,0.9992,0.9995,536599970.0,1644623999999,536222051.0747,343892,326644320.0,326425905.593,0
2022-02-12,0.9995,0.9995,0.9994,0.9995,310696725.0,1644710399999,310526022.6107,281353,157156457.0,157077878.7715,0
2022-02-13,0.9994,0.9995,0.9994,0.9995,254722243.0,1644796799999,254581699.7647,241771,122901105.0,122839654.4475,0
2022-02-14,0.9995,0.9996,0.9994,0.9996,489774257.0,1644883199999,489545170.1788,256038,296519449.0,296389026.8397,0
2022-02-15,0.9995,0.9996,0.9994,0.9995,514568308.0,1644969599999,514314868.671,285137,232338142.0,232232192.9984,0
2022-02-16,0.9995,0.9995,0.9993,0.9994,518389461.0,1645055999999,518077530.2049,282136,209284173.0,209165121.0108,0
2022-02-17,0.9994,0.9995,0.9993,0.9994,448965644.0,1645142399999,448682742.1682,323826,224798634.0,224665400.0094,0
2022-02-18,0.9993,0.9996,0.9993,0.9995,437644741.0,1645228799999,437407775.272,277288,233137133.0,233020922.2897,0
2022-02-19,0.9995,0.9996,0.9995,0.9996,227380845.0,1645315199999,227277588.5699,210350,104339924.0,104298188.0304,0
2022-02-20,0.9996,0.9996,0.9995,0.9995,273408473.0,1645401599999,273285424.4413,248345,136556778.0,136502155.2888,0
2022-02-21,0.9995,0.9996,0.9994,0.9994,506678740.0,1645487999999,506416272.3067,298272,248423648.0,248304555.1982,0
2022-02-22,0.9994,0.9996,0.9994,0.9995,507940439.0,1645574399999,507704348.3851,256761,313943290.0,313807517.2582,0
2022-02-23,0.9995,0.9996,0.9994,0.9994,450297575.0,1645660799999,450071677.5862,236914,192133026.0,192043279.4464,0
2022-02-24,0.9995,0.9997,0.9994,0.9995,949159188.0,1645747199999,948738407.1856,457541,477402011.0,477203363.8458,0
2022-02-25,0.9995,0.9997,0.9995,0.9996,577659609.0,1645833599999,577422614.4407,280160,259880161.0,259783658.2443,0
2022-02-26,0.9996,0.9996,0.9995,0.9996,303414521.0,1645919999999,303275521.63,235779,127078905.0,127028073.438,0
2022-02-27,0.9996,0.9996,0.9995,0.9996,392771868.0,1646006399999,392593184.7332,296800,177026672.0,176955861.3312,0
2022-02-28,0.9996,0.9997,0.9995,0.9996,604860646.0,1646092799999,604627216.3126,383112,358296753.0,358169285.7965,0
2022-03-01,0.9996,0.9998,0.9995,0.9997,975944693.0,1646179199999,975619044.9609,448169,481275523.0,481128348.7675,0
2022-03-02,0.9996,0.9997,0.9995,0.9996,603151843.0,1646265599999,602906570.5085,370939,286985662.0,286879684.4304,0
2022-03-03,0.9996,1.0002,0.9996,1.0001,734561856.0,1646351999999,734417831.317,325385,396260141.0,396188459.8056,0
2022-03-04,1.0001,1.0001,0.9998,0.9998,573967610.0,1646438399999,573911287.8341,271311,283586999.0,283568439.4165,0
2022-03-05,0.9998,0.9999,0.9998,0.9999,243339916.0,1646524799999,243302728.587,190857,114805702.0,114794221.4298,0
2022-03-06,0.9999,0.9999,0.9998,0.9998,253248685.0,1646611199999,253208526.364,209013,104911010.0,104900518.899,0
2022-03-07,0.9998,1.0,0.9998,0.9999,490728615.0,1646697599999,490670958.9752,277063,287339012.0,287316948.6303,0
2022-03-08,0.9999,1.0,0.9999,1.0,400959374.0,1646783999999,400937521.2728,218232,182432102.0,182432102.0,0
2022-03-09,1.0,1.0,0.9996,0.9996,563901081.0,1646870399999,563796557.6738,312777,206094462.0,206064790.012,0
2022-03-10,0.9997,0.9997,0.9996,0.9997,469903000.0,1646956799999,469734694.416,307695,196556160.0,196497193.152,0
2022-03-11,0.9997,1.0,0.9995,0.9999,637410029.0,1647043199999,637231124.0492,269522,391160836.0,391060367.6467,0
2022-03-12,1.0,1.0,0.9999,1.0,356283929.0,1647129599999,356265501.3376,220781,172007305.0,172007305.0,0
2022-03-13,0.9999,1.0,0.9998,0.9998,356725712.0,1647215999999,356673239.8517,270130,148366468.0,148352587.234,0
2022-03-14,0.9998,0.9999,0.9998,0.9998,380694627.0,1647302399999,380637114.385,249617,186263104.0,186244477.6896,0
2022-03-15,0.9998,0.9999,0.9997,0.9998,539624027.0,1647388799999,539519346.1576,272305,238734606.0,238700126.5139,0
2022-03-16,0.9997,0.9998,0.9995,0.9997,607041333.0,1647475199999,606831250.3465,382655,275893050.0,275806407.5237,0
2022-03-17,0.9997,0.9997,0.9995,0.9995,604873780.0,1647561599999,604625645.4324,351413,306859885.0,306745080.8395,0
2022-03-18,0.9996,0.9996,0.9992,0.9994,826822588.0,1647647999999,826384785.3382,461109,325730696.0,325569756.4198,0
2022-03-19,0.9994,0.9995,0.9994,0.9994,429495395.0,1647734399999,429259075.4933,405314,213777303.0,213670414.3485,0
2022-03-20,0.9994,0.9995,0.9992,0.9994,605004286.0,1647820799999,604635485.2038,400533,323541862.0,323353640.5377,0
2022-03-21,0.9995,0.9997,0.9994,0.9996,643294922.0,1647907199999,643011239.9591,348662,329123695.0,328990901.3244,0
2022-03-22,0.9997,0.9997,0.9995,0.9996,604274386.0,1647993599999,604021402.1073,326868,230571629.0,230488285.6422,0
2022-03-23,0.9996,0.9998,0.9995,0.9997,683409152.0,1648079999999,683148902.4203,326155,333087952.0,332972151.1352,0
2022-03-24,0.9997,0.9997,0.9994,0.9995,787892264.0,1648166399999,787517809.4792,357415,359958023.0,359796889.2291,0
2022-03-25,0.9995,0.9997,0.9993,0.9996,701898607.0,1648252799999,701526638.0774,361202,357096910.0,356920039.6751,0
2022-03-26,0.9996,0.9997,0.9995,0.9995,297928875.0,1648339199999,297796589.948,266325,141047326.0,140991121.7504,0
2022-03-27,0.9996,0.9997,0.9995,0.9996,415055964.0,1648425599999,414880148.6984,378955,256923455.0,256825260.6838,0
2022-03-28,0.9996,0.9997,0.9994,0.9996,813204285.0,1648511999999,812877765.7646,540012,389482925.0,389342702.9509,0
2022-03-29,0.9996,0.9996,0.9995,0.9995,694111788.0,1648598399999,693799053.7114,497054,343216054.0,343078767.5784,0
2022-03-30,0.9996,0.9998,0.9995,0.9997,712517840.0,1648684799999,712283894.1903,569239,369605363.0,369496430.6886,0
2022-03-31,0.9998,0.9998,0.9995,0.9997,923491205.0,1648771199999,923217641.3097,670567,425783688.0,425673487.7983,0
2022-04-01,0.9998,0.9998,0.9995,0.9996,869065848.0,1648857599999,868756977.3847,628110,409450025.0,409320572.553,0
2022-04-02,0.9996,0.9997,0.9996,0.9997,615179696.0,1648943999999,614962636.685,516462,290125634.0,290038596.3098,0
2022-04-03,0.9997,0.9998,0.9996,0.9997,537860478.0,1649030399999,537676852.6779,450995,295298957.0,295211192.5434,0
2022-04-04,0.9997,0.9999,0.9997,0.9998,790782525.0,1649116799999,790592984.7744,489857,389596459.0,389519713.8926,0
2022-04-05,0.9997,0.9999,0.9997,0.9998,652284620.0,1649203199999,652176819.9588,430355,301192775.0,301157645.2153,0
2022-04-06,0.9998,1.0001,0.9997,0.9999,990384591.0,1649289599999,990237591.9485,524144,534111005.0,534050538.5813,0
2022-04-07,1.0,1.0,0.9999,0.9999,478139847.0,1649375999999,478114192.2785,351706,221592632.0,221592632.0,0
2022-04-08,0.9999,1.0,0.9997,0.9998,560839059.0,1649462399999,560752126.0078,358188,248437956.0,248406335.3299,0
2022-04-09,0.9998,0.9999,0.9997,0.9997,309710555.0,1649548799999,309652329.3587,233746,120985549.0,120969385.5595,0
2022-04-10,0.9998,0.9998,0.9996,0.9997,406993397.0,1649635199999,406865243.2883,277954,203426060.0,203368211.8337,0
2022-04-11,0.9997,1.0,0.9997,0.9998,701960000.0,1649721599999,701841398.8557,366331,362068194.0,362016606.1765,0
2022-04-12,0.9999,1.0,0.9998,0.9998,606510098.0,1649807999999,606433780.3095,326894,289400496.0,289376241.4995,0
2022-04-13,0.9998,0.9999,0.9998,0.9998,337347721.0,1649894399999,337298060.7086,267691,178092528.0,178074718.7472,0
2022-04-14,0.9999,1.0,0.9997,0.9999,531842692.0,1649980799999,531771459.293,283416,293630144.0,293596797.5051,0
2022-04-15,1.0,1.0,0.9998,0.9999,305380799.0,1650067199999,305342794.6656,205086,133380689.0,133369692.5872,0
2022-04-16,0.9998,0.9999,0.9998,0.9998,161507162.0,1650153599999,161481901.6004,153197,70410328.0,70403286.9672,0
2022-04-17,0.9999,0.9999,0.9997,0.9997,228920746.0,1650239999999,228875044.3525,201241,102259053.0,102243137.3594,0
2022-04-18,0.9997,0.9999,0.9996,0.9999,687394393.0,1650326399999,687234802.7367,350655,373793750.0,373717442.892,0
2022-04-19,0.9999,0.9999,0.9997,0.9998,478952808.0,1650412799999,478859416.2304,317552,214448556.0,214415895.126,0
2022-04-20,0.9998,0.9999,0.9997,0.9998,705275050.0,1650499199999,705117582.1,401083,334955569.0,334893537.3376,0
2022-04-21,0.9999,1.0,0.9997,0.9999,695243156.0,1650585599999,695109168.8061,394075,359169528.0,359111400.5952,0
2022-04-22,0.9998,1.0001,0.9998,1.0,631063533.0,1650671999999,631006140.4509,265813,375862837.0,375838003.2466,0
2022-04-23,1.0001,1.0001,0.9998,0.9998,333049733.0,1650758399999,333009165.0086,216793,96681643.0,96676421.1717,0
2022-04-24,0.9998,0.9999,0.9997,0.9998,252279071.0,1650844799999,252233556.6511,218238,113473115.0,113457871.1552,0
2022-04-25,0.9998,1.0,0.9997,0.9999,577366809.0,1650931199999,577282894.4771,329636,330793184.0,330755778.1089,0
2022-04-26,0.9999,1.0001,0.9998,1.0001,793156627.0,1651017599999,793119789.4469,328558,474553502.0,474540450.6311,0
2022-04-27,1.0,1.0001,0.9999,1.0,392018877.0,1651103999999,392010272.8444,257050,169122208.0,169126007.6955,0
2022-04-28,0.9999,1.0001,0.9999,1.0001,753689716.0,1651190399999,753696676.8558,331650,386287687.0,386305282.298,0
2022-04-29,1.0,1.0003,1.0,1.0,903563076.0,1651276799999,903658202.0112,343423,499146300.0,499213835.7585,0
2022-04-30,1.0,1.0001,0.9998,0.9998,553434724.0,1651363199999,553418146.3619,300959,216834635.0,216840797.5032,0
2022-05-01,0.9999,1.0,0.9997,1.0,537419245.0,1651449599999,537350795.5876,293132,316310124.0,316277540.3066,0
2022-05-02,0.9999,1.0002,0.9999,1.0002,612795938.0,1651535999999,612809249.3715,268981,356271143.0,356286008.6975,0
2022-05-03,1.0002,1.0002,1.0,1.0001,633375690.0,1651622399999,633438111.9242,244314,321106523.0,321146433.8779,0
2022-05-04,1.0002,1.0003,1.0,1.0002,629798017.0,1651708799999,629897036.5768,303118,325159833.0,325220667.3617,0
2022-05-05,1.0002,1.0003,1.0,1.0001,954565999.0,1651795199999,954705290.5968,380415,467209836.0,467292094.8958,0
2022-05-06,1.0002,1.0003,1.0001,1.0002,611408836.0,1651881599999,611541820.4551,269196,297344921.0,297419789.6713,0
2022-05-07,1.0002,1.0004,1.0002,1.0004,557288568.0,1651967999999,557460120.0442,259288,263316147.0,263405931.4943,0
2022-05-08,1.0003,1.0004,1.0001,1.0004,1154144784.0,1652054399999,1154469808.121,290882,605448671.0,605638347.9871,0
2022-05-09,1.0004,1.0004,1.0001,1.0002,1553081146.0,1652140799999,1553410309.7027,531893,725526885.0,725704965.798,0
2022-05-10,1.0002,1.0005,1.0,1.0004,1591785639.0,1652227199999,1592176234.1539,694082,782538547.0,782762653.3425,0
2022-05-11,1.0003,1.01,1.0003,1.0053,4803369213.73,1652313599999,4813768732.46569,1344054,2572689334.11,2577782101.5225554,0
2022-05-12,1.0053,1.1,1.0018,1.0029,4472986064.52,1652399999999,4538537579.848887,2314551,2168680285.52,2201083102.582055,0
2022-05-13,1.003,1.0039,1.0008,1.0018,2126287302.0,1652486399999,2130325997.0545,1398777,1043718571.0,1045673943.0236,0
2022-05-14,1.0019,1.0025,1.0012,1.0015,1858707509.0,1652572799999,1862360706.4529,1806515,978257387.0,980200224.2727,0
2022-05-15,1.0014,1.0017,1.0011,1.0012,1072090001.0,1652659199999,1073564027.4883,912032,515583597.0,516312108.0619,0
2022-05-16,1.0011,1.0017,1.001,1.0014,1646071749.0,1652745599999,1648156217.3419,784441,941266065.0,942477984.5851,0
2022-05-17,1.0014,1.0015,1.0011,1.0012,1023835876.0,1652831999999,1025129629.5442,605281,458423731.0,459019748.969,0
2022-05-18,1.0012,1.0015,1.0011,1.0014,902341361.0,1652918399999,903486949.3067,576374,488454226.0,489091922.8292,0
2022-05-19,1.0013,1.0015,1.001,1.0011,1145485123.0,1653004799999,1146858099.7001,487334,511221980.0,511849850.1954,0
2022-05-20,1.0011,1.0013,1.0007,1.0013,1067346422.0,1653091199999,1068446803.068,408537,502638184.0,503168269.3713,0
2022-05-21,1.0012,1.0015,1.0012,1.0013,499906663.0,1653177599999,500580247.757,322687,268063744.0,268434554.7409,0
2022-05-22,1.0013,1.0014,1.001,1.001,628965467.0,1653263999999,629757798.0783,511852,275858535.0,276223372.8846,0
2022-05-23,1.0011,1.0012,1.0008,1.0011,1044546713.0,1653350399999,1045593287.3817,609644,511150387.0,511679552.119,0
2022-05-24,1.0011,1.0012,1.001,1.0011,664926804.0,1653436799999,665667502.8572,432105,291145277.0,291480947.9736,0
2022-05-25,1.001,1.0013,1.001,1.0011,697793577.0,1653523199999,698598653.974,447364,337179681.0,337582946.0437,0
2022-05-26,1.001,1.0012,1.001,1.0011,803152488.0,1653609599999,804034020.7551,493723,367870851.0,368292750.8657,0
2022-05-27,1.0011,1.0013,1.001,1.0013,626141477.0,1653695999999,626846726.0552,379554,326943859.0,327320851.7141,0
2022-05-28,1.0013,1.0013,1.001,1.001,330358548.0,1653782399999,330728012.9106,227730,139408107.0,139570493.4654,0
2022-05-29,1.0011,1.0011,1.001,1.0011,289581021.0,1653868799999,289881529.9001,282570,109278791.0,109398997.6701,0
2022-05-30,1.0011,1.0011,1.0006,1.0007,800058362.0,1653955199999,800710011.5395,539527,312938848.0,313196844.2475,0
2022-05-31,1.0008,1.0008,1.0006,1.0007,730263074.0,1654041599999,730779570.6966,701037,356866680.0,357134851.3109,0
2022-06-01,1.0008,1.0013,1.0007,1.0009,856216150.0,1654127999999,857014528.6785,554188,433874247.0,434285951.8438,0
2022-06-02,1.001,1.001,1.0007,1.0008,475236781.0,1654214399999,475639711.194,369177,181040055.0,181202956.4945,0
2022-06-03,1.0007,1.0011,1.0007,1.0011,487164999.0,1654300799999,487592691.3715,304075,324778658.0,325075195.9842,0
2022-06-04,1.001,1.0011,1.0008,1.0009,260911398.0,1654387199999,261152699.5669,252993,97974957.0,98068894.3271,0
2022-06-05,1.0008,1.0009,1.0008,1.0009,234591107.0,1654473599999,234791471.037,283063,126911514.0,127025734.3626,0
2022-06-06,1.0008,1.0009,1.0008,1.0009,508508705.0,1654559999999,508935306.2884,348025,203120217.0,203302507.498,0
2022-06-07,1.0008,1.0011,1.0005,1.0007,1241512981.0,1654646399999,1242443118.5455,500677,621122391.0,621588386.8192,0
2022-06-08,1.0006,1.0009,1.0005,1.0008,748979677.0,1654732799999,749466209.7062,439952,427606244.0,427900289.4497,0
2022-06-09,1.0008,1.0009,1.0006,1.0008,698661557.0,1654819199999,699207874.5768,466350,350518209.0,350804660.6136,0
2022-06-10,1.0008,1.0011,1.0008,1.001,511699306.0,1654905599999,512153670.5096,370628,265635453.0,265885668.537,0
2022-06-11,1.0011,1.0013,1.001,1.0012,459249268.0,1654991999999,459765548.8605,322612,221349457.0,221604845.7808,0
2022-06-12,1.0012,1.0014,1.0011,1.0012,725304046.0,1655078399999,726225062.6522,378202,363507561.0,363975395.3229,0
2022-06-13,1.0012,1.0042,1.0009,1.0015,2205783516.0,1655164799999,2209345460.9649,712673,1201711665.0,1203663958.8253,0
2022-06-14,1.0015,1.0016,1.0011,1.0011,1161045816.0,1655251199999,1162630098.1875,503832,580853992.0,581664979.742,0
2022-06-15,1.0012,1.0023,1.0011,1.0013,1491379139.0,1655337599999,1493618129.2282,529926,828689866.0,829949040.4653,0
2022-06-16,1.0012,1.0015,1.0011,1.0013,763858754.0,1655423999999,764809746.9224,324865,369238455.0,369711362.2469,0
2022-06-17,1.0013,1.0015,1.0011,1.0012,781260584.0,1655510399999,782288956.4033,232871,355894526.0,356368669.9362,0
2022-06-18,1.0012,1.0019,1.0012,1.0015,1159384154.0,1655596799999,1161064329.8374,337675,644234004.0,645178702.3691,0
2022-06-19,1.0015,1.0017,1.0013,1.0014,677935861.0,1655683199999,678910821.754,330339,292951946.0,293388021.5422,0
2022-06-20,1.0013,1.0015,1.0011,1.0013,771039602.0,1655769599999,772034045.0882,314590,355825700.0,356291512.1118,0
2022-06-21,1.0012,1.0013,1.001,1.0012,644842309.0,1655855999999,645574748.6227,304346,274459516.0,274780697.2207,0
2022-06-22,1.0012,1.0012,1.001,1.0011,448144279.0,1655942399999,448648267.1216,247827,202170830.0,202407119.9908,0
2022-06-23,1.0012,1.0012,1.0008,1.001,580275997.0,1656028799999,580831413.3905,261362,243517968.0,243757812.0853,0
2022-06-24,1.001,1.001,1.0007,1.0008,635392869.0,1656115199999,635936017.2656,304837,273644753.0,273885326.5798,0
2022-06-25,1.0008,1.0009,1.0006,1.0006,335462490.0,1656201599999,335697658.8942,243490,140336526.0,140438990.0837,0
2022-06-26,1.0006,1.0008,1.0006,1.0006,319256576.0,1656287999999,319481217.0122,233998,137614855.0,137716621.98,0
2022-06-27,1.0006,1.0012,1.0006,1.001,838813300.0,1656374399999,839541445.0038,364650,508687186.0,509132011.3968,0
2022-06-28,1.0011,1.0014,1.001,1.0013,725908434.0,1656460799999,726767661.8158,358239,394855479.0,395333641.3072,0
2022-06-29,1.0013,1.0017,1.0011,1.0013,1211574683.0,1656547199999,1213207974.0902,507591,645858541.0,646745247.408,0
2022-06-30,1.0013,1.0014,1.0011,1.0013,1068008649.0,1656633599999,1069346533.0411,463026,543759232.0,544454989.0884,0
2022-07-01,1.0013,1.0014,1.0011,1.0012,595323505.0,1656719999999,596066006.4562,338362,275443815.0,275795337.6707,0
2022-07-02,1.0012,1.0014,1.0011,1.0012,355306456.0,1656806399999,355753980.818,271092,176724618.0,176953270.1307,0
2022-07-03,1.0012,1.0013,1.001,1.0011,382258711.0,1656892799999,382703592.7528,236370,181297296.0,181513913.5278,0
2022-07-04,1.0011,1.0012,1.0011,1.0011,326892060.0,1656979199999,327266025.2229,245551,143839569.0,144012176.4828,0
2022-07-05,1.0012,1.0012,1.001,1.001,495956879.0,1657065599999,496507368.5053,275756,244821610.0,245104388.9801,0
2022-07-06,1.0011,1.0011,1.001,1.001,487185861.0,1657151999999,487697517.1918,316695,244703308.0,244972481.6388,0
2022-07-07,1.001,1.0011,1.0006,1.0006,669908304.0,1657238399999,670501871.9667,390421,242958658.0,243189125.7846,0
2022-07-08,1.0006,1.0008,1.0005,1.0007,539163393.0,1657324799999,539517993.0325,372017,265123552.0,265306248.4995,0
2022-07-09,1.0006,1.0007,1.0005,1.0005,257927558.0,1657411199999,258080763.4719,265267,94678241.0,94739141.0787,0
2022-07-10,1.0006,1.0007,1.0005,1.0006,268448254.0,1657497599999,268607234.5698,265538,147085369.0,147178226.9076,0
2022-07-11,1.0006,1.001,1.0006,1.0008,472152095.0,1657583999999,472527186.6674,281330,285172936.0,285406885.8754,0
2022-07-12,1.0009,1.0011,1.0008,1.0009,648729460.0,1657670399999,649358181.882,278030,314315432.0,314630395.5712,0
2022-07-13,1.001,1.0011,1.0008,1.0009,574847760.0,1657756799999,575370591.523,361118,256067644.0,256310072.4856,0
2022-07-14,1.0008,1.0009,1.0006,1.0008,727961382.0,1657843199999,728496597.0064,386825,309453876.0,309690049.7488,0
2022-07-15,1.0008,1.0008,1.0003,1.0003,664140857.0,1657929599999,664490233.1853,391587,266879209.0,267024752.0687,0
2022-07-16,1.0004,1.0004,1.0002,1.0003,485761211.0,1658015999999,485893803.7039,363286,217317122.0,217385541.8791,0
2022-07-17,1.0003,1.0005,1.0001,1.0004,540724511.0,1658102399999,540879953.8961,338941,265372062.0,265458580.883,0
2022-07-18,1.0003,1.0004,1.0,1.0003,794650261.0,1658188799999,794803659.2426,396977,385505170.0,385592784.4501,0
2022-07-19,1.0003,1.0004,0.9998,1.0,724625112.0,1658275199999,724672840.3692,390978,253884808.0,253909004.163,0
2022-07-20,0.9999,1.0,0.9998,1.0,737485742.0,1658361599999,737420479.8981,402735,295302151.0,295286790.2369,0
2022-07-21,0.9999,1.0001,0.9998,0.9999,556793406.0,1658447999999,556771853.8423,336110,278356466.0,278353950.6082,0
2022-07-22,0.9999,1.0,0.9998,1.0,531842748.0,1658534399999,531787242.9371,278874,241640949.0,241623146.4365,0
2022-07-23,1.0,1.0,0.9998,1.0,346768449.0,1658620799999,346737618.1097,245303,177291916.0,177282024.4722,0
2022-07-24,1.0,1.0001,0.9999,1.0,282709140.0,1658707199999,282709397.7621,235141,126322257.0,126328094.7096,0
2022-07-25,0.9999,1.0,0.9998,0.9999,440852468.0,1658793599999,440820425.5786,244080,187818245.0,187813082.0055,0
2022-07-26,1.0,1.0,0.9998,0.9999,464643758.0,1658879999999,464610720.2868,232429,235009308.0,234999759.7528,0
2022-07-27,0.9999,1.0001,0.9996,0.9996,774369170.0,1658966399999,774250461.3104,375709,309248807.0,309213760.6607,0
2022-07-28,0.9996,0.9999,0.9996,0.9997,761642726.0,1659052799999,761476875.9614,461906,349686840.0,349620862.3626,0
2022-07-29,0.9997,0.9998,0.9996,0.9997,835132800.0,1659139199999,834895890.0865,599832,361463996.0,361380898.7841,0
2022-07-30,0.9996,0.9998,0.9996,0.9997,545195188.0,1659225599999,545017906.0571,451265,277089300.0,277011205.3727,0
2022-07-31,0.9998,0.9998,0.9996,0.9996,645795745.0,1659311999999,645612235.0202,412688,283983024.0,283910000.3113,0
2022-08-01,0.9996,0.9999,0.9996,0.9998,746155365.0,1659398399999,745959849.5065,475720,381154969.0,381066812.9284,0
2022-08-02,0.9997,0.9999,0.9996,0.9999,777521813.0,1659484799999,777336254.873,397012,407767065.0,407680036.4643,0
2022-08-03,0.9999,0.9999,0.9997,0.9998,413366344.0,1659571199999,413291591.0061,377202,177722759.0,177698875.3089,0
2022-08-04,0.9997,1.0,0.9997,1.0,639060387.0,1659657599999,638963415.3912,317710,364752805.0,364707276.6002,0
2022-08-05,0.9999,1.0,0.9998,0.9999,430983123.0,1659743999999,430942991.3518,347274,198475144.0,198464199.8038,0
2022-08-06,0.9999,1.0,0.9998,0.9998,329209800.0,1659830399999,329168852.4093,283921,151848273.0,151834745.401,0
2022-08-07,0.9998,0.9999,0.9998,0.9998,211092659.0,1659916799999,211058594.8535,246103,81543853.0,81535698.6147,0
2022-08-08,0.9999,0.9999,0.9997,0.9998,542576482.0,1660003199999,542473764.5153,280889,253015477.0,252973903.8238,0
2022-08-09,0.9998,0.9999,0.9997,0.9998,550047113.0,1660089599999,549949265.1397,302975,240303740.0,240269142.1492,0
2022-08-10,0.9997,0.9999,0.9993,0.9998,1004632995.0,1660175999999,1004279375.4678,387597,456292087.0,456139776.0837,0
2022-08-11,0.9997,0.9998,0.9995,0.9996,941386551.0,1660262399999,941006040.4427,350070,420765132.0,420603106.0196,0
2022-08-12,0.9995,0.9998,0.9995,0.9996,465617175.0,1660348799999,465435811.9989,282988,224720492.0,224638758.1399,0
2022-08-13,0.9996,0.9998,0.9994,0.9996,805365022.0,1660435199999,805042224.9815,288389,355351746.0,355220172.182,0
2022-08-14,0.9996,0.9998,0.9996,0.9997,431995256.0,1660521599999,431869908.858,291221,215657805.0,215600526.2294,0
2022-08-15,0.9997,0.9999,0.9997,0.9998,504854242.0,1660607999999,504733319.0524,291592,233152140.0,233107778.5761,0
2022-08-16,0.9999,1.0001,0.9997,1.0,714301416.0,1660694399999,714206431.7168,236343,414330718.0,414281495.7856,0
2022-08-17,0.9999,1.0001,0.9999,0.9999,440694524.0,1660780799999,440673968.2643,272147,183366978.0,183367585.0748,0
2022-08-18,1.0,1.0001,0.9999,1.0,428799403.0,1660867199999,428793341.7119,249096,252850088.0,252854950.1634,0
2022-08-19,1.0,1.0001,0.9998,1.0001,715905952.0,1660953599999,715879978.7119,369048,372407995.0,372406383.265,0
2022-08-20,1.0001,1.0001,0.9999,1.0001,306337104.0,1661039999999,306330318.9965,277876,151746899.0,151748930.6089,0
2022-08-21,1.0,1.0001,0.9999,1.0001,403333542.0,1661126399999,403342368.144,214978,208044749.0,208054443.8694,0
2022-08-22,1.0001,1.0002,1.0,1.0002,374943884.0,1661212799999,374973315.1981,204453,234836993.0,234863292.4024,0
2022-08-23,1.0002,1.0002,1.0,1.0001,335805974.0,1661299199999,335831816.9277,242278,129883558.0,129900274.0758,0
2022-08-24,1.0,1.0001,0.9999,1.0001,558254472.0,1661385599999,558251235.6325,251717,264565869.0,264571193.0479,0
2022-08-25,1.0,1.0001,0.9999,1.0,364198687.0,1661471999999,364207534.866,275608,158704139.0,158714497.3527,0
2022-08-26,1.0001,1.0001,0.9999,1.0,491902642.0,1661558399999,491882094.3913,347186,219624530.0,219625954.1374,0
2022-08-27,1.0,1.0001,0.9999,1.0,319820088.0,1661644799999,319818521.3661,270565,170211682.0,170217088.3766,0
2022-08-28,1.0,1.0001,1.0,1.0001,166671153.0,1661731199999,166679136.741,218453,79837410.0,79845393.741,0
2022-08-29,1.0,1.0001,0.9999,1.0,386062615.0,1661817599999,386078543.8658,260293,179234405.0,179250449.9631,0
2022-08-30,1.0,1.0001,0.9999,1.0,369929041.0,1661903999999,369923705.7461,266457,168734935.0,168739860.1609,0
2022-08-31,0.9999,1.0001,0.9999,1.0,426360134.0,1661990399999,426373940.184,295739,231430793.0,231446639.6206,0
2022-09-01,1.0001,1.0001,0.9999,1.0,571200382.0,1662076799999,571223890.96,396731,316652153.0,316676774.709,0
2022-09-02,1.0,1.0001,0.9999,1.0,415179330.0,1662163199999,415187127.9397,300793,182717326.0,182730381.8497,0
2022-09-03,0.9999,1.0,0.9999,1.0,156924385.0,1662249599999,156916910.6322,169920,82180707.0,82180707.0,0
2022-09-04,1.0,1.0001,0.9999,1.0,269357462.0,1662335999999,269356751.6481,193952,144223897.0,144228083.1695,0
2022-09-05,1.0,1.0001,0.9999,1.0,489107887.0,1662422399999,489121242.7949,334911,268557095.0,268573802.3119,0
2022-09-06,1.0001,1.0001,1.0,1.0001,640676209.0,1662508799999,640709987.0645,579132,337780645.0,337814423.0645,0
2022-09-07,1.0,1.0001,0.9999,1.0,619311813.0,1662595199999,619302677.5852,404983,296061827.0,296069535.3566,0
2022-09-08,1.0,1.0001,0.9999,1.0,692397620.0,1662681599999,692375229.0034,486707,381186200.0,381189382.8498,0
2022-09-09,1.0,1.0,0.9997,0.9997,1248503046.0,1662767999999,1248275504.47,764154,525554134.0,525478875.1797,0
2022-09-10,0.9997,0.9999,0.9995,0.9998,701838541.0,1662854399999,701624789.334,513572,334639097.0,334546841.4354,0
2022-09-11,0.9998,0.9998,0.9997,0.9998,422923887.0,1662940799999,422816323.4508,429218,193136169.0,193097541.7662,0
2022-09-12,0.9998,1.0,0.9997,0.9998,905942126.0,1663027199999,905785001.3806,507459,435182499.0,435123045.5256,0
2022-09-13,0.9998,1.0001,0.9997,1.0001,1001057594.0,1663113599999,1000906587.6155,525919,544507332.0,544446003.0622,0
2022-09-14,1.0,1.0001,0.9998,0.9999,711076663.0,1663199999999,711063792.924,433597,264363066.0,264372571.0275,0
2022-09-15,0.9999,1.0001,0.9997,1.0001,980305816.0,1663286399999,980200497.1449,385239,588940292.0,588900970.9481,0
2022-09-16,1.0001,1.0002,1.0,1.0001,583554267.0,1663372799999,583595397.225,335575,309390552.0,309424166.0881,0
2022-09-17,1.0,1.0001,0.9999,1.0,330605057.0,1663459199999,330603742.1655,302895,133252354.0,133258519.0073,0
2022-09-18,1.0,1.0001,0.9999,1.0001,346706229.0,1663545599999,346709260.1314,341698,203219701.0,203228633.8931,0
2022-09-19,1.0,1.0001,0.9998,0.9999,628364619.0,1663631999999,628350388.0052,369171,238610713.0,238614060.1603,0
2022-09-20,0.9999,1.0,0.9998,1.0,498964099.0,1663718399999,498915436.2306,298870,238409297.0,238393447.4983,0
2022-09-21,1.0,1.0,0.9999,1.0,454082455.0,1663804799999,454059354.4522,322934,223076977.0,223076977.0,0
2022-09-22,0.9999,1.0001,0.9999,1.0001,466031975.0,1663891199999,466029501.8818,272917,274172165.0,274179203.3077,0
2022-09-23,1.0,1.0001,1.0,1.0001,395224614.0,1663977599999,395246109.4936,292162,214954936.0,214976431.4936,0
2022-09-24,1.0001,1.0001,0.9999,1.0,354233311.0,1664063999999,354232622.998,235001,149122287.0,149126590.3502,0
2022-09-25,0.9999,1.0,0.9998,1.0,305902407.0,1664150399999,305885455.1112,217549,162612441.0,162610127.3444,0
2022-09-26,0.9999,1.0001,0.9999,1.0,635950101.0,1664236799999,635962012.4458,371571,360521443.0,360539534.0075,0
2022-09-27,1.0,1.0001,0.9999,1.0001,691114357.0,1664323199999,691132260.8455,408239,382898604.0,382920910.6121,0
2022-09-28,1.0001,1.0002,1.0,1.0001,596147202.0,1664409599999,596185258.7003,368869,303840085.0,303871175.3452,0
2022-09-29,1.0001,1.0001,0.9999,1.0,557197737.0,1664495999999,557186374.9875,355509,277984040.0,277989732.9899,0
2022-09-30,0.9999,1.0,0.9998,1.0,584357697.0,1664582399999,584318242.5432,371208,299224240.0,299215677.6028,0
2022-10-01,1.0,1.0001,0.9999,1.0,564600530.0,1664668799999,564595426.6355,273932,293483377.0,293484815.1586,0
2022-10-02,0.9999,1.0001,0.9999,1.0,448321329.0,1664755199999,448312822.3697,323591,254020637.0,254021692.421,0
2022-10-03,0.9999,1.0,0.9998,0.9998,538034759.0,1664841599999,538003660.8188,341694,230075738.0,230075624.1632,0
2022-10-04,0.9998,0.9999,0.9997,0.9997,702874728.0,1664927999999,702737053.5252,351695,309312999.0,309263765.3199,0
2022-10-05,0.9997,1.0,0.9996,0.9998,683196848.0,1665014399999,683067828.5514,308831,357836533.0,357778960.3248,0
2022-10-06,0.9999,0.9999,0.9998,0.9999,326953731.0,1665100799999,326901841.3459,257944,135010921.0,134997419.9079,0
2022-10-07,0.9998,1.0,0.9998,1.0,439467420.0,1665187199999,439424440.2342,263566,266271750.0,266253673.2395,0
2022-10-08,0.9999,1.0,0.9998,0.9999,379104952.0,1665273599999,379071552.9216,208054,180502111.0,180491213.3248,0
2022-10-09,1.0,1.0,0.9998,0.9998,177540742.0,1665359999999,177521796.0141,183560,78292620.0,78287644.8567,0
2022-10-10,0.9999,1.0004,0.9998,1.0,785018894.0,1665446399999,785007639.4909,310441,461024035.0,461022032.5378,0
2022-10-11,1.0,1.0002,0.9999,1.0001,560643657.0,1665532799999,560683560.6075,301746,304835115.0,304864970.8974,0
2022-10-12,1.0001,1.0002,1.0,1.0001,360528235.0,1665619199999,360549865.1495,238768,179974217.0,179992799.6019,0
2022-10-13,1.0,1.0001,0.9999,0.9999,706404145.0,1665705599999,706413539.7269,396559,283027571.0,283042545.0453,0
2022-10-14,0.9999,1.0,0.9999,0.9999,447860698.0,1665791999999,447836777.3458,404400,208654156.0,208654156.0,0
2022-10-15,0.9999,1.0,0.9999,0.9999,286670845.0,1665878399999,286655323.3344,432386,131454189.0,131454189.0,0
2022-10-16,1.0,1.0,0.9999,1.0,355152126.0,1665964799999,355133274.2536,504668,166634662.0,166634662.0,0
2022-10-17,1.0,1.0001,0.9999,1.0,757518404.0,1666051199999,757500847.356,386085,398572639.0,398574697.3215,0
2022-10-18,1.0,1.0,0.9999,1.0,412929637.0,1666137599999,412909454.1941,350527,211101578.0,211101578.0,0
2022-10-19,0.9999,1.0,0.9999,1.0,571149687.0,1666223999999,571123613.6541,397391,310416228.0,310416228.0,0
2022-10-20,1.0,1.0001,0.9999,1.0001,372944943.0,1666310399999,372957698.3485,280018,159707580.0,159720618.0786,0
2022-10-21,1.0001,1.0001,0.9999,0.9999,466403800.0,1666396799999,466413248.1775,271824,203778610.0,203790339.2079,0
2022-10-22,1.0,1.0,0.9999,1.0,319643765.0,1666483199999,319623384.9171,332148,115842936.0,115842936.0,0
2022-10-23,1.0,1.0,0.9998,0.9999,429982228.0,1666569599999,429935352.8474,278843,229306796.0,229288565.4167,0
2022-10-24,0.9999,1.0,0.9998,1.0,470316502.0,1666655999999,470268047.0222,260163,216614113.0,216600252.4941,0
2022-10-25,1.0,1.0,0.9996,0.9997,755044699.0,1666742399999,754937272.4888,336370,282380293.0,282350029.8829,0
2022-10-26,0.9997,0.9999,0.9997,0.9997,865313164.0,1666828799999,865131746.2437,324641,420855537.0,420780690.8676,0
2022-10-27,0.9998,1.0,0.9997,0.9999,631388260.0,1666915199999,631291595.2008,313954,358703497.0,358660141.4385,0
2022-10-28,0.9999,1.0,0.9998,0.9998,517210428.0,1667001599999,517146661.0339,307542,202938508.0,202925448.0737,0
2022-10-29,0.9998,0.9999,0.9996,0.9998,866392471.0,1667087999999,866137258.2062,514927,438306253.0,438189259.3023,0
2022-10-30,0.9997,0.9999,0.9996,0.9998,695638477.0,1667174399999,695466961.2377,410173,370951959.0,370875016.9554,0
2022-10-31,0.9999,1.0002,0.9997,1.0001,1257646730.0,1667260799999,1257597358.3236,393785,687345000.0,687329072.1665,0
2022-11-01,1.0001,1.0004,1.0001,1.0001,981400913.0,1667347199999,981613555.8489,430367,497720673.0,497847097.9248,0
2022-11-02,1.0001,1.0002,0.9999,1.0001,761298966.0,1667433599999,761356676.1923,440103,323326344.0,323365405.031,0
2022-11-03,1.0,1.0001,1.0,1.0,639189328.0,1667519999999,639220463.2666,591392,311352666.0,311383801.2666,0
2022-11-04,1.0001,1.0001,0.9999,0.9999,838359825.0,1667606399999,838362572.5876,602854,384668163.0,384687934.2484,0
2022-11-05,0.9999,1.0,0.9998,1.0,632423584.0,1667692799999,632366232.1995,486947,306680141.0,306662394.8389,0
2022-11-06,0.9999,1.0001,0.9999,0.9999,464285013.0,1667779199999,464284018.077,399506,223345195.0,223354027.3477,0
2022-11-07,0.9999,1.0,0.9998,0.9998,863520434.0,1667865599999,863465947.8935,490329,416878153.0,416871827.7451,0
2022-11-08,0.9998,1.0001,0.9993,1.0,2483204906.0,1667951999999,2482631245.3977,1024162,1258449980.0,1258194340.6864,0
2022-11-09,1.0,1.0025,1.0,1.0023,4330917281.0,1668038399999,4335185105.9852,1064483,2428222327.0,2430615036.6679,0
2022-11-10,1.0022,1.032,1.0013,1.0027,4431927322.0,1668124799999,4461073095.1163,1515387,2321473920.0,2337074444.287,0
2022-11-11,1.0028,1.0046,1.0017,1.0022,1765464623.0,1668211199999,1769815680.9248,851751,951756146.0,954122023.6027,0
2022-11-12,1.0021,1.0027,1.0014,1.0017,1238426565.0,1668297599999,1241078751.2896,605319,651919821.0,653350947.7198,0
2022-11-13,1.0016,1.0018,1.0011,1.0016,1057683369.0,1668383999999,1059265532.677,731070,563267769.0,564129925.2255,0
2022-11-14,1.0016,1.0017,1.0011,1.0014,1362228149.0,1668470399999,1364095424.6601,700262,665627362.0,666565077.7911,0
2022-11-15,1.0014,1.0016,1.0009,1.0011,823964223.0,1668556799999,824926375.4301,533051,343266614.0,343688390.2144,0
2022-11-16,1.0011,1.0013,1.0007,1.0009,916330936.0,1668643199999,917191887.0554,505691,415251998.0,415660215.6012,0
2022-11-17,1.0008,1.0009,1.0005,1.0007,615363841.0,1668729599999,615778980.6259,418350,275887927.0,276084389.322,0
2022-11-18,1.0007,1.0012,1.0007,1.0011,863816902.0,1668815999999,864581118.2086,478005,492493044.0,492952416.5091,0
2022-11-19,1.0011,1.0012,1.001,1.0012,347827673.0,1668902399999,348206000.0319,330043,210703180.0,210938885.3381,0
2022-11-20,1.0011,1.0016,1.0011,1.0013,949971377.0,1668988799999,951179300.4396,843535,538410854.0,539108677.3103,0
2022-11-21,1.0014,1.0017,1.001,1.0011,1137303337.0,1669075199999,1138841673.6503,701945,551580089.0,552349060.8673,0
2022-11-22,1.0011,1.0015,1.001,1.0011,1239089870.0,1669161599999,1240538786.2357,663051,637813408.0,638578737.0667,0
2022-11-23,1.0011,1.0013,1.001,1.001,1091284166.0,1669247999999,1092527419.838,660212,528382142.0,529005841.0941,0
2022-11-24,1.001,1.0011,1.0006,1.0007,1015153728.0,1669334399999,1015983261.1543,522350,454699472.0,455083973.6942,0
2022-11-25,1.0007,1.0008,1.0005,1.0005,693942742.0,1669420799999,694381503.6054,464914,318964604.0,319181265.5208,0
2022-11-26,1.0005,1.0006,1.0005,1.0005,535460287.0,1669507199999,535752553.9487,489167,245368052.0,245515272.8312,0
2022-11-27,1.0006,1.0006,1.0004,1.0004,499018340.0,1669593599999,499287977.0103,538007,221808113.0,221939839.353,0
2022-11-28,1.0004,1.0005,1.0003,1.0003,867300348.0,1669679999999,867655785.5886,522982,448286452.0,448483928.5074,0
2022-11-29,1.0003,1.0005,1.0003,1.0003,774633411.0,1669766399999,774934963.3685,445425,358258705.0,358413871.4136,0
2022-11-30,1.0003,1.0005,0.9999,1.0,1113158655.0,1669852799999,1113310989.4808,497757,470135836.0,470212942.2113,0
2022-12-01,0.9999,1.0001,0.9999,0.9999,778200346.0,1669939199999,778179390.8432,447486,360739521.0,360743735.2325,0
2022-12-02,0.9999,1.0,0.9998,0.9999,806155836.0,1670025599999,806088141.7947,458434,355393382.0,355376863.264,0
2022-12-03,0.9999,1.0,0.9999,1.0,358790701.0,1670111999999,358769076.3344,354558,142544045.0,142544045.0,0
2022-12-04,1.0,1.0,0.9998,0.9998,339986809.0,1670198399999,339947135.1691,306995,157658655.0,157646592.1554,0
2022-12-05,0.9998,1.0,0.9998,1.0,640919069.0,1670284799999,640847657.4859,370367,334930573.0,334907580.9216,0
2022-12-06,0.9999,1.0,0.9998,0.9999,664429132.0,1670371199999,664367431.8948,295542,342618921.0,342598229.3221,0
2022-12-07,0.9999,1.0001,0.9999,1.0,570364895.0,1670457599999,570348729.5528,293980,300531956.0,300535233.7707,0
2022-12-08,1.0,1.0001,0.9998,0.9999,482367326.0,1670543999999,482338499.5773,300931,182322278.0,182320119.1472,0
2022-12-09,0.9999,1.0,0.9998,1.0,427882609.0,1670630399999,427861221.1178,318047,238120516.0,238118387.2484,0
2022-12-10,1.0,1.0,0.9999,0.9999,319720398.0,1670716799999,319705790.3906,330086,173644304.0,173644304.0,0
2022-12-11,1.0,1.0,0.9999,1.0,260750199.0,1670803199999,260737505.695,266799,133817149.0,133817149.0,0
2022-12-12,1.0,1.0,0.9997,0.9998,986148738.0,1670889599999,986029125.1558,393717,454259606.0,454224538.2677,0
2022-12-13,0.9998,1.0001,0.9989,1.0,2427569156.0,1670975999999,2426677483.9372,536491,1010685474.0,1010358576.9794,0
2022-12-14,0.9999,1.0001,0.9998,0.9998,823534311.0,1671062399999,823515259.4789,402121,392055474.0,392062807.6963,0
2022-12-15,0.9998,1.0,0.9998,0.9999,531517176.0,1671148799999,531454991.7687,274242,316480564.0,316455358.9568,0
2022-12-16,0.9999,1.0,0.9999,0.9999,661918929.0,1671235199999,661884161.2077,327937,314241006.0,314241006.0,0
2022-12-17,0.9999,1.0,0.9996,0.9999,762186584.0,1671321599999,762061368.7954,313336,363017929.0,362966758.9592,0
2022-12-18,0.9999,1.0,0.9998,0.9998,228925254.0,1671407999999,228902889.6845,223451,99368028.0,99362033.9822,0
2022-12-19,0.9998,1.0,0.9998,1.0,605319006.0,1671494399999,605265562.3945,241869,350011843.0,349995434.1718,0
2022-12-20,0.9999,1.0,0.9998,0.9999,565018783.0,1671580799999,564966166.3349,258131,285397172.0,285380648.5869,0
2022-12-21,0.9999,1.0,0.9998,1.0,533728152.0,1671667199999,533685869.9352,221716,234859993.0,234851050.0514,0
2022-12-22,1.0,1.0001,0.9999,1.0001,387962471.0,1671753599999,387960643.5056,215645,220399137.0,220406042.1398,0
2022-12-23,1.0001,1.0002,1.0,1.0,527943481.0,1671839999999,527978217.5548,195774,297985041.0,298015822.4404,0
2022-12-24,1.0,1.0001,1.0,1.0001,165614220.0,1671926399999,165623099.7874,200684,88797874.0,88806753.7874,0
2022-12-25,1.0,1.0002,1.0,1.0001,336213490.0,1672012799999,336256450.8502,187237,226442097.0,226476819.0947,0
2022-12-26,1.0002,1.0002,1.0001,1.0001,333778483.0,1672099199999,333831338.6368,264378,194777885.0,194816840.577,0
2022-12-27,1.0001,1.0003,1.0001,1.0002,438700812.0,1672185599999,438803525.8962,276132,196995123.0,197050451.0139,0
2022-12-28,1.0002,1.0006,1.0002,1.0005,659447368.0,1672271999999,659688312.9601,305285,430709869.0,430878186.5043,0
2022-12-29,1.0006,1.0006,1.0003,1.0004,701683381.0,1672358399999,701982889.4504,268236,361715451.0,361878404.2375,0
2022-12-30,1.0004,1.0005,1.0004,1.0005,506678748.0,1672444799999,506912979.5187,247485,315600195.0,315757995.0975,0
2022-12-31,1.0004,1.0005,1.0004,1.0004,254670754.0,1672531199999,254787837.4909,179129,152151893.0,152227968.9465,0
2023-01-01,1.0005,1.0006,1.0004,1.0004,236244455.0,1672617599999,236368169.0615,169221,116983384.0,117048818.401,0
2023-01-02,1.0004,1.0005,1.0003,1.0004,349790966.0,1672703999999,349926951.4739,215940,156576769.0,156645087.419,0
2023-01-03,1.0003,1.0004,1.0002,1.0004,588457103.0,1672790399999,588649524.9267,245033,308574714.0,308686848.9269,0
2023-01-04,1.0003,1.0004,1.0002,1.0003,562005668.0,1672876799999,562198404.2882,293726,296066505.0,296180389.2248,0
2023-01-05,1.0003,1.0005,1.0002,1.0004,580414224.0,1672963199999,580612894.6897,266129,343775181.0,343900591.4446,0
2023-01-06,1.0004,1.0005,1.0003,1.0003,748888116.0,1673049599999,749202701.8235,288297,401573050.0,401754858.4885,0
2023-01-07,1.0003,1.0004,1.0001,1.0001,337624009.0,1673135999999,337717372.8117,213585,132263122.0,132306038.5749,0
2023-01-08,1.0001,1.0002,1.0,1.0001,281590222.0,1673222399999,281626627.3348,241818,123835136.0,123856507.7656,0
2023-01-09,1.0002,1.0002,1.0,1.0,901944815.0,1673308799999,902031094.0306,460591,448768115.0,448827819.6126,0
2023-01-10,1.0001,1.0002,0.9999,0.9999,768630159.0,1673395199999,768680381.7675,363495,415371258.0,415414902.7071,0
2023-01-11,1.0,1.0001,0.9999,1.0,853852608.0,1673481599999,853860034.0938,372170,456301892.0,456320445.8474,0
2023-01-12,1.0001,1.0001,0.9999,1.0,896858674.0,1673567999999,896884778.8115,517251,397246527.0,397279810.077,0
2023-01-13,1.0,1.0001,0.9998,0.9999,986999810.0,1673654399999,986957842.1715,514195,545907354.0,545906208.6049,0
2023-01-14,0.9998,0.9999,0.9996,0.9999,1293058104.0,1673740799999,1292813237.0742,808091,639174412.0,639078515.8986,0
2023-01-15,0.9999,0.9999,0.9995,0.9997,708891939.0,1673827199999,708696844.2566,567564,340382574.0,340298456.1031,0
2023-01-16,0.9997,1.0,0.9995,0.9999,819342138.0,1673913599999,819138351.4839,518544,482094708.0,481987878.5038,0
2023-01-17,0.9999,1.0,0.9998,0.9998,724985612.0,1673999999999,724948982.7545,424133,361218072.0,361217965.6778,0
2023-01-18,0.9998,1.0001,0.9998,1.0,800421755.0,1674086399999,800376869.4431,486068,488354279.0,488342402.3673,0
2023-01-19,1.0,1.0001,0.9999,0.9999,664561436.0,1674172799999,664592995.7821,328918,355797613.0,355829752.3422,0
2023-01-20,1.0,1.0001,0.9998,0.9998,898443775.0,1674259199999,898391169.5616,427333,441748452.0,441743263.2496,0
2023-01-21,0.9998,1.0,0.9996,0.9998,1017552754.0,1674345599999,1017343499.9162,554003,564572581.0,564475850.2981,0
2023-01-22,0.9998,0.9999,0.9997,0.9997,588294106.0,1674431999999,588184785.1912,535441,312126787.0,312077303.8747,0
2023-01-23,0.9998,1.0,0.9997,0.9998,872778105.0,1674518399999,872671005.88,618039,461083758.0,461041591.2062,0
2023-01-24,0.9998,1.0,0.9997,0.9998,910685764.0,1674604799999,910567496.5474,660245,495350962.0,495298846.2863,0
2023-01-25,0.9998,1.0,0.9997,0.9998,1009913970.0,1674691199999,1009774719.5125,621965,524408696.0,524347081.8878,0
2023-01-26,0.9999,1.0,0.9997,0.9999,805188551.0,1674777599999,805089754.9979,532752,385265638.0,385231011.5049,0
2023-01-27,0.9999,1.0,0.9997,0.9998,1140309314.0,1674863999999,1140140149.5109,632322,647324673.0,647244984.5365,0
2023-01-28,0.9998,1.0,0.9997,0.9998,768344958.0,1674950399999,768205452.6749,575468,420756999.0,420694625.7927,0
2023-01-29,0.9998,1.0,0.9997,0.9999,723476226.0,1675036799999,723355163.2288,532425,388023187.0,387971082.3698,0
2023-01-30,1.0,1.0001,0.9999,0.9999,926388894.0,1675123199999,926357617.9349,704490,512407071.0,512408950.9004,0
2023-01-31,1.0,1.0001,0.9999,0.9999,697145614.0,1675209599999,697157379.3391,593646,355139296.0,355159722.8772,0
2023-02-01,1.0,1.0,0.9999,1.0,632528188.0,1675295999999,632496882.1402,633014,319469590.0,319469590.0,0
2023-02-02,1.0,1.0,0.9997,0.9998,1086034792.0,1675382399999,1085885202.2291,786662,489270043.0,489215668.7752,0
2023-02-03,0.9999,1.0,0.9998,0.9999,746251648.0,1675468799999,746194244.8396,662874,377003409.0,376990469.4536,0
2023-02-04,1.0,1.0,0.9998,1.0,453082326.0,1675555199999,453047932.4999,574607,207710470.0,207703729.3445,0
2023-02-05,1.0,1.0,0.9997,0.9998,610796291.0,1675641599999,610654916.5983,763207,296657638.0,296601092.4273,0
2023-02-06,0.9998,1.0,0.9997,0.9999,818321403.0,1675727999999,818215082.2044,644255,485884000.0,485841839.2832,0
2023-02-07,1.0,1.0001,0.9999,0.9999,876608640.0,1675814399999,876576305.1556,806449,516320066.0,516320505.0562,0
2023-02-08,0.9999,1.0,0.9999,0.9999,819511863.0,1675900799999,819474719.2081,796612,448073944.0,448073944.0,0
2023-02-09,1.0,1.0001,0.9998,0.9998,1088763949.0,1675987199999,1088704472.0282,936702,551176435.0,551173742.4081,0
2023-02-10,0.9999,1.0,0.9997,0.9999,1085634316.0,1676073599999,1085412953.5021,665021,633012305.0,632906906.8972,0
2023-02-11,0.9999,1.0,0.9998,0.9998,543126680.0,1676159999999,543056808.3253,448985,310105428.0,310075704.9267,0
2023-02-12,0.9998,1.0,0.9998,0.9999,440516915.0,1676246399999,440465249.9034,481798,219619178.0,219601772.703,0
2023-02-13,0.9999,0.9999,0.995,0.9989,3383179389.0,1676332799999,3379257192.9522,1000131,1531987862.0,1530202335.125,0
2023-02-14,0.9989,0.9998,0.9984,0.9996,1698981801.0,1676419199999,1697652181.7782,724831,800168616.0,799569962.7259,0
2023-02-15,0.9997,0.9999,0.9994,0.9998,1176705611.0,1676505599999,1176327717.7676,661116,527915470.0,527767441.912,0
2023-02-16,0.9998,1.0,0.9996,0.9998,1415903722.0,1676591999999,1415654734.9036,942825,713251355.0,713153119.5984,0
2023-02-17,0.9998,1.0,0.9998,0.9998,868586063.0,1676678399999,868490510.2222,697002,467888353.0,467855102.8225,0
2023-02-18,0.9998,0.9999,0.9997,0.9998,580607409.0,1676764799999,580493365.3714,584751,279101904.0,279058015.5622,0
2023-02-19,0.9999,0.9999,0.9996,0.9998,585619342.0,1676851199999,585508516.9761,709745,252675373.0,252639889.1555,0
2023-02-20,0.9998,0.9999,0.9997,0.9999,846456704.0,1676937599999,846314221.4065,875744,451198946.0,451142750.4354,0
2023-02-21,0.9999,1.0,0.9998,0.9998,793750943.0,1677023999999,793647401.2407,866290,393192820.0,393158368.8157,0
2023-02-22,0.9999,1.0,0.9998,1.0,885498679.0,1677110399999,885388690.8589,719107,470685557.0,470643654.9718,0
2023-02-23,1.0,1.0,0.9998,0.9998,725484756.0,1677196799999,725398715.9501,633174,358474061.0,358447356.4321,0
2023-02-24,0.9999,1.0001,0.9997,1.0,860176332.0,1677283199999,860078048.132,721504,435527582.0,435489443.0198,0
2023-02-25,1.0,1.0,0.9998,0.9998,445243056.0,1677369599999,445204144.2997,529819,193210825.0,193201611.9376,0
2023-02-26,0.9998,1.0,0.9998,0.9999,346957867.0,1677455999999,346922912.3741,389307,202482457.0,202467908.1592,0
2023-02-27,0.9999,1.0,0.9998,1.0,561613299.0,1677542399999,561572705.4671,466405,241093671.0,241087216.5921,0
2023-02-28,0.9999,1.0,0.9998,0.9998,559438248.0,1677628799999,559401426.4677,516043,228960740.0,228958911.3705,0
2023-03-01,0.9999,1.0,0.9998,0.9999,670395209.0,1677715199999,670322107.4877,476980,372502757.0,372473823.4714,0
2023-03-02,0.9999,1.0001,0.9998,0.9999,627231499.0,1677801599999,627204735.7553,407582,352739515.0,352734684.3088,0
2023-03-03,1.0,1.0,0.9995,1.0,875319875.0,1677887999999,875171737.5487,542256,371843645.0,371789533.1526,0
2023-03-04,1.0,1.0,0.9998,1.0,385200964.0,1677974399999,385172864.9068,341668,139157714.0,139154310.2432,0
2023-03-05,1.0,1.0,0.9998,1.0,280788404.0,1678060799999,280761671.6373,291485,141983335.0,141974377.3436,0
2023-03-06,1.0,1.0001,0.9998,1.0001,583287681.0,1678147199999,583272571.3811,307451,350534272.0,350535216.2449,0
2023-03-07,1.0001,1.0002,0.9999,1.0,539932475.0,1678233599999,539951250.0736,350481,254418985.0,254436831.2537,0
2023-03-08,1.0001,1.0001,1.0,1.0,454921463.0,1678319999999,454941261.6247,319479,197986247.0,198006045.6247,0
2023-03-09,1.0001,1.0003,1.0,1.0,580687363.0,1678406399999,580764326.4931,391273,312780880.0,312833913.8362,0
2023-03-10,1.0001,1.0003,0.9953,0.997,1387850729.0,1678492799999,1386971808.8003,532101,650254777.0,649780308.3984,0
2023-03-11,0.997,0.9971,0.9873,0.9929,1197759546.0,1678579199999,1190035380.2529,964762,545115066.0,541540733.4634,0
2023-03-12,0.9928,0.997,0.9919,0.9962,501156515.0,1678665599999,498470676.9123,621752,267209939.0,265785576.8986,0
2023-03-13,0.9962,0.9979,0.9928,0.9969,793676137.0,1678751999999,790663580.0848,803102,428837884.0,427233804.5023,0
2023-03-14,0.9968,0.9974,0.9952,0.9965,820918529.0,1678838399999,817993595.1625,749398,415730155.0,414266725.6639,0
2023-03-15,0.9965,0.9983,0.9945,0.9964,854416163.0,1678924799999,851330497.489,708627,460358139.0,458730317.2911,0
2023-03-16,0.9964,0.999,0.9963,0.9982,466535686.0,1679011199999,465378299.4328,468611,251807844.0,251194285.3357,0
2023-03-17,0.9982,0.9994,0.9976,0.9989,674058705.0,1679097599999,672933130.1868,629471,340695399.0,340134167.2776,0
2023-03-18,0.9988,0.9993,0.9966,0.9973,786046201.0,1679183999999,784702708.3264,666359,366737815.0,366120889.34,0
2023-03-19,0.9974,0.9979,0.9968,0.9972,372071174.0,1679270399999,371104146.0009,536819,172312763.0,171870356.979,0
2023-03-20,0.9972,0.9987,0.9963,0.9976,520143517.0,1679356799999,518773432.4706,638281,243835295.0,243189027.8351,0
2023-03-21,0.9976,0.999,0.9971,0.9983,439690693.0,1679443199999,438864737.987,545358,229895211.0,229470696.0654,0
2023-03-22,0.9983,0.9986,0.9975,0.9976,496878772.0,1679529599999,495924166.2906,514746,222267302.0,221847226.3921,0
2023-03-23,0.9977,0.9988,0.997,0.9982,651988985.0,1679615999999,650543104.7771,411697,329045179.0,328323916.8713,0
2023-03-24,0.9981,0.9991,0.998,0.9988,358359604.0,1679702399999,357849193.77,363613,159514267.0,159291461.8012,0
2023-03-25,0.9987,0.9992,0.9985,0.9988,358755383.0,1679788799999,358319545.1633,336268,159493942.0,159304243.5526,0
2023-03-26,0.9988,0.9991,0.9986,0.9988,267811480.0,1679875199999,267485440.3467,290730,122524164.0,122379430.4014,0
2023-03-27,0.9989,0.9995,0.9985,0.9993,473402424.0,1679961599999,472926205.1227,369119,228818916.0,228600318.7801,0
2023-03-28,0.9993,0.9998,0.9992,0.9995,381548146.0,1680047999999,381371681.3817,309922,163387128.0,163318191.8544,0
2023-03-29,0.9996,1.0,0.9994,0.9998,357275130.0,1680134399999,357158483.9992,400849,171526376.0,171476588.2333,0
2023-03-30,0.9997,0.9999,0.9995,0.9995,454242331.0,1680220799999,454114947.2195,462719,202096741.0,202050000.388,0
2023-03-31,0.9995,0.9997,0.9994,0.9997,357843352.0,1680307199999,357670173.1664,398193,185929756.0,185847534.4905,0
2023-04-01,0.9996,0.9997,0.999,0.9993,303161753.0,1680393599999,302959184.0233,385944,121131446.0,121051023.8718,0
2023-04-02,0.9992,0.9995,0.9988,0.9994,268782513.0,1680479999999,268568622.8919,380901,112464336.0,112376111.1015,0
2023-04-03,0.9993,0.9997,0.9992,0.9995,461566932.0,1680566399999,461323798.8296,540825,191595467.0,191501881.6134,0
2023-04-04,0.9994,0.9997,0.9993,0.9995,300853704.0,1680652799999,300708977.6797,418837,152103318.0,152035526.6712,0
2023-04-05,0.9995,0.9997,0.9994,0.9996,350129348.0,1680739199999,349971046.5545,509582,151876695.0,151815549.8602,0
2023-04-06,0.9995,0.9996,0.9995,0.9995,243168778.0,1680825599999,243057294.2042,468480,101005932.0,100965529.6272,0
2023-04-07,0.9996,0.9996,0.9991,0.9992,204998918.0,1680911999999,204875906.308,358885,84656962.0,84606597.4579,0
2023-04-08,0.9993,0.9994,0.9992,0.9992,351648759.0,1680998399999,351406687.3657,754114,177190996.0,177077082.8777,0
2023-04-09,0.9992,0.9994,0.9992,0.9994,283165570.0,1681084799999,282965022.5955,547232,144653488.0,144556664.3687,0
2023-04-10,0.9993,0.9996,0.9992,0.9994,362983787.0,1681171199999,362761916.1793,471693,167179807.0,167081859.6188,0
2023-04-11,0.9993,0.9997,0.9992,0.9993,487721776.0,1681257599999,487427804.0038,461849,221421798.0,221294496.8292,0
2023-04-12,0.9994,0.9996,0.9992,0.9995,480302402.0,1681343999999,480011741.8176,483628,226778900.0,226650977.6865,0
2023-04-13,0.9994,0.9997,0.9994,0.9996,406708959.0,1681430399999,406524095.7379,382766,177035919.0,176963863.5491,0
2023-04-14,0.9997,0.9999,0.9995,0.9997,479254186.0,1681516799999,479109851.3075,506965,240072895.0,240010908.858,0
2023-04-15,0.9997,0.9998,0.9995,0.9996,266228470.0,1681603199999,266136175.9241,381576,122052226.0,122015890.583,0
2023-04-16,0.9995,0.9999,0.9995,0.9997,293861627.0,1681689599999,293761222.2775,387308,158572036.0,158522433.2568,0
2023-04-17,0.9997,0.9998,0.9993,0.9996,434945857.0,1681775999999,434746368.7826,383686,197290054.0,197203042.7275,0
2023-04-18,0.9996,0.9999,0.9994,0.9999,405162030.0,1681862399999,405037622.6792,371280,205090557.0,205031654.66,0
2023-04-19,0.9998,0.9999,0.9994,0.9995,487366776.0,1681948799999,487199686.1232,386342,211096728.0,211029200.9351,0
2023-04-20,0.9995,0.9998,0.9994,0.9996,399600231.0,1682035199999,399449742.171,306365,212318040.0,212243208.2296,0
2023-04-21,0.9997,1.0,0.9996,0.9999,290763269.0,1682121599999,290707399.5378,276867,150542251.0,150518824.8099,0
2023-04-22,0.9999,1.0001,0.9997,0.9997,158532606.0,1682207999999,158511907.7294,178826,74951191.0,74944348.9127,0
2023-04-23,0.9998,0.9998,0.9995,0.9997,127136504.0,1682294399999,127091213.8388,199431,56049598.0,56032028.898,0
2023-04-24,0.9997,0.9999,0.9996,0.9999,164835166.0,1682380799999,164790517.1735,195776,77439028.0,77420896.4129,0
2023-04-25,0.9998,0.9999,0.9997,0.9999,193413122.0,1682467199999,193376930.277,210545,97793892.0,97779733.1005,0
2023-04-26,0.9999,0.9999,0.9996,0.9997,242093181.0,1682553599999,242044863.3366,279456,111663324.0,111647518.868,0
2023-04-27,0.9996,0.9998,0.9996,0.9996,210516148.0,1682639999999,210451429.1473,253784,112631534.0,112601651.031,0
2023-04-28,0.9996,0.9997,0.9995,0.9997,220477598.0,1682726399999,220387355.3098,200158,96636817.0,96601440.4118,0
2023-04-29,0.9996,0.9997,0.9995,0.9996,108060288.0,1682812799999,108015758.2047,192584,46880775.0,46863809.7485,0
2023-04-30,0.9995,1.0,0.9994,0.9997,275897662.0,1682899199999,275806959.2858,199331,160924646.0,160877297.4689,0
2023-05-01,0.9998,0.9998,0.9992,0.9993,282295137.0,1682985599999,282154434.6774,201040,145190741.0,145120188.3831,0
2023-05-02,0.9994,1.0,0.9993,0.9995,294602905.0,1683071999999,294495080.2629,210980,139748579.0,139700005.5538,0
2023-05-03,0.9994,1.0001,0.9994,1.0001,320243718.0,1683158399999,320185279.6121,238765,157528642.0,157501346.361,0
2023-05-04,1.0001,1.0001,0.9998,1.0,184200250.0,1683244799999,184184263.1403,152478,91891244.0,91886263.7584,0
2023-05-05,1.0,1.0001,0.9998,0.9999,254608723.0,1683331199999,254595511.8573,232119,121370741.0,121370031.7258,0
2023-05-06,0.9999,0.9999,0.9992,0.9993,225638972.0,1683417599999,225547825.6566,234163,88607211.0,88574857.775,0
2023-05-07,0.9993,0.9996,0.9992,0.9994,133418292.0,1683503999999,133335967.3709,164398,60828411.0,60792018.2998,0
2023-05-08,0.9994,0.9999,0.9993,0.9995,355778227.0,1683590399999,355612585.0608,247892,164831647.0,164758837.8654,0
2023-05-09,0.9995,0.9999,0.9995,0.9999,213121733.0,1683676799999,213052245.0638,161652,111882244.0,111848510.6947,0
2023-05-10,0.9998,1.0,0.9995,0.9997,228323018.0,1683763199999,228272430.4495,255583,105550393.0,105529722.3888,0
2023-05-11,0.9998,1.0,0.9997,0.9998,183464557.0,1683849599999,183426530.1798,231762,79198979.0,79185806.7061,0
2023-05-12,0.9997,1.0,0.9995,0.9998,208731494.0,1683935999999,208684506.6988,230452,100448613.0,100429114.3962,0
2023-05-13,0.9998,1.0,0.9997,1.0,87129298.0,1684022399999,87113366.2278,136035,42754366.0,42748638.1278,0
2023-05-14,1.0,1.0,0.9997,0.9998,71811815.0,1684108799999,71800527.2767,107448,31200850.0,31197537.4717,0
2023-05-15,0.9998,1.0,0.9997,1.0,124938696.0,1684195199999,124923959.2212,116719,66387327.0,66381941.8909,0
2023-05-16,1.0,1.0,0.9998,0.9998,103545027.0,1684281599999,103535322.9765,155271,47257946.0,47256048.6547,0
2023-05-17,0.9999,1.0,0.9998,0.9999,141599944.0,1684367999999,141582364.0294,185294,80689776.0,80682832.7591,0
2023-05-18,0.9999,1.0,0.9998,0.9999,115915908.0,1684454399999,115907387.6809,132708,50083729.0,50082655.999,0
2023-05-19,0.9998,0.9999,0.9997,0.9998,154768946.0,1684540799999,154739703.6231,147094,49204895.0,49197891.7444,0
2023-05-20,0.9998,0.9998,0.9996,0.9998,79824942.0,1684627199999,79804466.9503,133170,40464929.0,40456282.9563,0
2023-05-21,0.9997,0.9998,0.9997,0.9998,78468408.0,1684713599999,78448126.414,126564,32589364.0,32582846.1272,0
2023-05-22,0.9997,0.9999,0.9997,0.9998,119004383.0,1684799999999,118979311.3517,140461,51597972.0,51588921.667,0
2023-05-23,0.9998,1.0,0.9997,0.9997,218654765.0,1684886399999,218610982.1497,166559,99628386.0,99611573.2289,0
2023-05-24,0.9997,1.0,0.9996,0.9997,225792356.0,1684972799999,225738479.3645,214856,94496703.0,94478721.5976,0
2023-05-25,0.9997,0.9999,0.9995,0.9998,125648869.0,1685059199999,125615409.7094,161489,62437006.0,62422790.5205,0
2023-05-26,0.9999,1.0,0.9997,0.9998,110153095.0,1685145599999,110133882.3156,142591,54150080.0,54142516.2909,0
2023-05-27,0.9998,0.9999,0.9997,0.9997,61131646.0,1685231999999,61121962.9042,110083,27027293.0,27024497.9611,0
2023-05-28,0.9997,0.9999,0.9997,0.9999,96950041.0,1685318399999,96932062.5638,149404,44427749.0,44421455.5531,0
2023-05-29,0.9998,0.9999,0.9996,0.9996,104074603.0,1685404799999,104044913.6599,154981,38117097.0,38107995.1935,0
2023-05-30,0.9997,0.9999,0.9996,0.9999,113910719.0,1685491199999,113883082.6553,181559,50252994.0,50242940.9639,0
2023-05-31,0.9998,1.0,0.9997,0.9998,124685349.0,1685577599999,124660757.1526,202380,57723337.0,57714699.3699,0
2023-06-01,0.9997,0.9999,0.9997,0.9999,114890247.0,1685663999999,114868353.0307,157902,59139594.0,59131159.0781,0
2023-06-02,0.9998,1.0,0.9998,0.9999,103143618.0,1685750399999,103131990.0244,169715,53864357.0,53860265.018,0
2023-06-03,0.9998,0.9999,0.9998,0.9999,55558689.0,1685836799999,55550038.0677,143426,24608055.0,24605594.1945,0
2023-06-04,0.9999,0.9999,0.9997,0.9998,79186579.0,1685923199999,79172939.4748,189897,36691452.0,36686901.7432,0
2023-06-05,0.9998,0.9999,0.9988,0.9992,295078121.0,1686009599999,294910624.8029,291299,117694991.0,117635102.3961,0
2023-06-06,0.9993,0.9996,0.9991,0.9996,222663182.0,1686095999999,222530693.4145,203884,94399738.0,94346575.2115,0
2023-06-07,0.9995,0.9998,0.9993,0.9995,203626044.0,1686182399999,203528378.0311,222596,95441048.0,95398835.8575,0
2023-06-08,0.9996,0.9998,0.9994,0.9996,160412452.0,1686268799999,160348316.9889,173059,74375710.0,74348403.0552,0
2023-06-09,0.9996,0.9999,0.9996,0.9998,165010219.0,1686355199999,164968399.2356,170011,69755198.0,69740736.6022,0
2023-06-10,0.9998,0.9999,0.999,0.999,248599543.0,1686441599999,248459069.4343,394227,92775553.0,92726495.6387,0
2023-06-11,0.999,0.9995,0.999,0.9992,102175423.0,1686527999999,102091263.1557,122609,38566537.0,38536415.9752,0
2023-06-12,0.9993,0.9998,0.9991,0.9997,273097785.0,1686614399999,272957491.9959,167503,138977168.0,138909442.7035,0
2023-06-13,0.9998,1.0001,0.9996,0.9998,358376492.0,1686700799999,358308617.6001,189427,191268667.0,191238427.5626,0
2023-06-14,0.9998,1.0,0.9997,0.9998,223041051.0,1686787199999,223004431.3025,166462,101974730.0,101961928.9995,0
2023-06-15,0.9999,1.0022,0.9997,1.0005,600800555.0,1686873599999,601112046.0923,228591,272641133.0,272760191.5008,0
2023-06-16,1.0005,1.0017,1.0004,1.0007,188415557.0,1686959999999,188590902.8136,175432,86034687.0,86116786.8903,0
2023-06-17,1.0007,1.001,1.0003,1.0003,141692710.0,1687046399999,141779662.4021,127418,64069442.0,64110917.3818,0
2023-06-18,1.0003,1.0005,0.9999,1.0001,119700869.0,1687132799999,119730134.8368,94958,56695046.0,56709469.2259,0
2023-06-19,1.0001,1.0005,1.0,1.0004,105644777.0,1687219199999,105670758.002,120733,56728307.0,56743718.658,0
2023-06-20,1.0004,1.0005,1.0,1.0002,122829251.0,1687305599999,122853620.9309,131834,50401126.0,50413001.5159,0
2023-06-21,1.0001,1.0002,0.9999,1.0001,183126221.0,1687391999999,183138392.64,188968,83843245.0,83852757.4826,0
2023-06-22,1.0,1.0002,0.9996,0.9998,157478501.0,1687478399999,157461602.6438,231754,72586262.0,72581102.3605,0
2023-06-23,0.9997,1.0,0.9995,0.9999,176324496.0,1687564799999,176293189.5448,282340,80230176.0,80219579.9581,0
2023-06-24,0.9999,0.9999,0.9996,0.9997,90037844.0,1687651199999,90013748.4365,260608,38213154.0,38205204.7074,0
2023-06-25,0.9996,0.9998,0.9996,0.9997,104389585.0,1687737599999,104361446.9171,215653,53535835.0,53523863.3442,0
2023-06-26,0.9997,0.9999,0.9996,0.9999,183052042.0,1687823999999,183002568.9959,250486,89225621.0,89204719.7182,0
2023-06-27,0.9999,1.0,0.9997,0.9999,179408022.0,1687910399999,179383536.6676,169369,88439990.0,88431549.5275,0
2023-06-28,0.9998,1.0,0.9996,0.9998,189277962.0,1687996799999,189247395.1781,214088,90145739.0,90134780.953,0
2023-06-29,0.9999,1.0001,0.9997,0.9999,224373414.0,1688083199999,224353827.304,198337,128050104.0,128042721.2781,0
2023-06-30,1.0,1.0003,0.9998,1.0001,245657398.0,1688169599999,245671401.2869,336435,119761230.0,119772622.6536,0
2023-07-01,1.0001,1.0003,0.9999,0.9999,126323913.0,1688255999999,126333353.3372,202857,46542204.0,46547984.2598,0
2023-07-02,0.9999,1.0,0.9997,1.0,141658440.0,1688342399999,141645058.2962,180505,65762255.0,65758202.6546,0
2023-07-03,0.9999,1.0001,0.9998,1.0,218310757.0,1688428799999,218308720.0839,249294,98437843.0,98440283.0749,0
2023-07-04,1.0,1.0,0.9997,0.9998,118852650.0,1688515199999,118835605.1534,274447,50581188.0,50576525.5116,0
2023-07-05,0.9997,1.0002,0.9997,1.0,168535414.0,1688601599999,168519285.009,270765,91129456.0,91123109.8905,0
2023-07-06,1.0,1.0002,0.9998,1.0,232414477.0,1688687999999,232407207.2756,229907,112553273.0,112551402.2966,0
2023-07-07,1.0,1.0001,0.9998,1.0,156797029.0,1688774399999,156784845.8645,152916,73758959.0,73755196.6387,0
2023-07-08,1.0,1.0,0.9997,0.9999,83953505.0,1688860799999,83940040.6794,138502,34914558.0,34910687.8919,0
2023-07-09,0.9999,0.9999,0.9996,0.9998,94214066.0,1688947199999,94190832.6502,147520,38124227.0,38116269.8176,0
2023-07-10,0.9997,1.0,0.9994,1.0,249159173.0,1689033599999,249089553.5934,187885,109298572.0,109270015.954,0
2023-07-11,1.0,1.0002,0.9998,1.0,150630750.0,1689119999999,150625293.3217,152352,71396121.0,71396138.0256,0
2023-07-12,0.9999,1.0001,0.9998,0.9998,130495180.0,1689206399999,130488830.2663,143936,60524012.0,60523743.9218,0
2023-07-13,0.9999,1.0001,0.9997,0.9999,273383589.0,1689292799999,273367649.0956,253103,127080705.0,127077504.5351,0
2023-07-14,0.9998,1.0,0.9994,0.9997,257948033.0,1689379199999,257895271.2814,303111,125755947.0,125733090.3736,0
2023-07-15,0.9996,0.9999,0.9994,0.9996,168898822.0,1689465599999,168845105.8364,213238,88307847.0,88281236.9337,0
2023-07-16,0.9997,0.9998,0.9993,0.9995,109539105.0,1689551999999,109501764.9453,187714,52621583.0,52605653.1236,0
2023-07-17,0.9995,1.0,0.9994,0.9998,167577037.0,1689638399999,167531207.9358,212636,90589376.0,90566261.5369,0
2023-07-18,0.9998,1.0001,0.9997,0.9998,117571406.0,1689724799999,117555484.6937,146389,53648248.0,53642932.5795,0
2023-07-19,0.9998,1.0,0.9998,0.9999,84105811.0,1689811199999,84095904.3883,127392,42752512.0,42749116.7957,0
2023-07-20,0.9998,1.0001,0.9998,0.9999,126313514.0,1689897599999,126310419.8516,148926,57988097.0,57988266.7447,0
2023-07-21,0.9999,1.0,0.9998,0.9999,80306048.0,1689983999999,80296872.0487,137524,40046925.0,40044221.4524,0
2023-07-22,0.9999,1.0,0.9998,1.0,66735263.0,1690070399999,66730537.2488,122261,39358693.0,39357287.1279,0
2023-07-23,1.0,1.0,0.9998,0.9999,64378797.0,1690156799999,64374242.7605,137487,28986393.0,28985843.575,0
2023-07-24,0.9999,1.0001,0.9998,1.0,107868050.0,1690243199999,107860196.2824,166523,55105100.0,55103489.1502,0
2023-07-25,1.0,1.0002,0.9999,1.0,108226065.0,1690329599999,108231598.4809,109903,52576344.0,52581305.6973,0
2023-07-26,1.0,1.0001,0.9999,0.9999,122916889.0,1690415999999,122914014.1046,118296,59791077.0,59791449.3622,0
2023-07-27,1.0,1.0001,0.9999,1.0,129916460.0,1690502399999,129914933.2665,129977,62159829.0,62160697.0438,0
2023-07-28,1.0001,1.0001,0.9999,1.0,136235528.0,1690588799999,136233600.9638,110793,62877977.0,62878497.1479,0
2023-07-29,1.0,1.0001,0.9999,1.0,57892764.0,1690675199999,57890692.3119,103925,33211173.0,33211220.2581,0
2023-07-30,0.9999,1.0,0.9999,0.9999,53113832.0,1690761599999,53110997.1461,114707,24765293.0,24765293.0,0
2023-07-31,0.9999,1.0001,0.9999,0.9999,84506347.0,1690847999999,84504924.2437,102961,36786367.0,36787137.6014,0
2023-08-01,1.0,1.0008,0.9999,1.0006,168091042.0,1690934399999,168136479.0026,139235,84168612.0,84193076.5279,0
2023-08-02,1.0005,1.0008,1.0003,1.0005,145900282.0,1691020799999,145976128.3519,147787,67558589.0,67596058.4145,0
2023-08-03,1.0004,1.0013,1.0003,1.0007,134290407.0,1691107199999,134383137.785,116900,62218758.0,62264400.5791,0
2023-08-04,1.0007,1.0013,1.0005,1.0012,112600087.0,1691193599999,112693382.6381,132374,54398625.0,54446756.258,0
2023-08-05,1.0013,1.0014,1.0008,1.001,73425000.0,1691279999999,73506203.9201,148685,33967827.0,34006836.6571,0
2023-08-06,1.0009,1.0012,1.0008,1.0011,64045553.0,1691366399999,64107346.991,135169,34381834.0,34416289.646,0
2023-08-07,1.0012,1.0017,1.001,1.0011,117798539.0,1691452799999,117951606.538,233798,64003230.0,64088348.0333,0
2023-08-08,1.0011,1.0018,1.0008,1.0012,141943694.0,1691539199999,142119425.5487,214629,69565498.0,69653315.0725,0
2023-08-09,1.0012,1.0012,1.0008,1.0009,74445086.0,1691625599999,74516374.6781,146824,35880083.0,35916016.4606,0
2023-08-10,1.0008,1.0011,1.0007,1.0011,76070886.0,1691711999999,76136077.7867,104795,37713989.0,37747805.7523,0
2023-08-11,1.0011,1.0032,1.0009,1.0009,79708114.0,1691798399999,79805126.0602,94880,39041781.0,39090495.3104,0
2023-08-12,1.001,1.001,1.0005,1.0005,39395503.0,1691884799999,39423965.5054,70913,17069364.0,17082348.2595,0
2023-08-13,1.0006,1.0007,1.0001,1.0005,53643379.0,1691971199999,53671148.9953,109061,27653998.0,27669171.3779,0
2023-08-14,1.0005,1.0013,1.0005,1.0011,92742975.0,1692057599999,92831980.0916,129841,45894113.0,45938940.1237,0
2023-08-15,1.0012,1.0014,1.0005,1.0008,125115822.0,1692143999999,125247543.7692,188644,57192082.0,57254746.529,0
2023-08-16,1.0008,1.0013,1.0008,1.001,112961009.0,1692230399999,113077719.1308,159138,52022460.0,52078299.8348,0
2023-08-17,1.001,1.0014,0.9991,1.0009,252808732.0,1692316799999,252981685.0334,277435,124383301.0,124464069.1634,0
2023-08-18,1.0009,1.0026,1.0004,1.0005,169272218.0,1692403199999,169382686.9912,186544,83461287.0,83516552.1765,0
2023-08-19,1.0005,1.0008,0.9998,1.0002,116145930.0,1692489599999,116187345.3046,126794,53531853.0,53550475.9528,0
2023-08-20,1.0001,1.0002,0.9995,1.0001,64351003.0,1692575999999,64352474.1806,85993,27102114.0,27102862.8716,0
2023-08-21,1.0001,1.0005,1.0,1.0001,100072495.0,1692662399999,100096749.2259,102804,46674680.0,46687272.4315,0
2023-08-22,1.0002,1.0004,1.0001,1.0003,79294922.0,1692748799999,79317633.0289,101643,39060328.0,39072759.0813,0
2023-08-23,1.0003,1.0005,1.0002,1.0004,76965003.0,1692835199999,76991614.3484,110613,38515557.0,38530179.8829,0
2023-08-24,1.0004,1.0006,1.0002,1.0005,97202459.0,1692921599999,97238773.6188,110657,45453523.0,45472117.7055,0
2023-08-25,1.0004,1.0006,1.0003,1.0005,74109081.0,1693007999999,74140382.783,102863,36065490.0,36082126.1526,0
2023-08-26,1.0005,1.0006,1.0003,1.0004,34414140.0,1693094399999,34430307.2563,64648,18041266.0,18050255.7454,0
2023-08-27,1.0004,1.0005,1.0004,1.0004,29178946.0,1693180799999,29191832.6091,68036,12150307.0,12156382.1535,0
2023-08-28,1.0005,1.0006,1.0003,1.0004,89113654.0,1693267199999,89153266.4618,110944,44063904.0,44085175.4689,0
2023-08-29,1.0004,1.0007,1.0,1.0001,123082986.0,1693353599999,123132299.2762,181626,54501851.0,54527071.9893,0
2023-08-30,1.0,1.0002,0.9998,0.9999,104377739.0,1693439999999,104377915.1029,101988,48735380.0,48736979.514,0
2023-08-31,0.9999,1.0001,0.9997,1.0001,145405087.0,1693526399999,145397586.9644,135250,68216797.0,68215483.7363,0
2023-09-01,1.0,1.0007,0.9999,1.0004,143391180.0,1693612799999,143417812.0235,115482,61832669.0,61845082.7348,0
2023-09-02,1.0004,1.0006,1.0001,1.0001,73003377.0,1693699199999,73026895.8336,116044,27035590.0,27045758.5052,0
2023-09-03,1.0001,1.0002,0.9997,1.0,87364493.0,1693785599999,87368140.3409,100189,35770729.0,35773196.6608,0
2023-09-04,1.0,1.0002,0.9998,1.0001,115372366.0,1693871999999,115374014.3668,131732,54431071.0,54433322.341,0
2023-09-05,1.0,1.0003,0.9997,1.0001,155730079.0,1693958399999,155744119.808,136221,65271874.0,65280113.0907,0
2023-09-06,1.0,1.0005,1.0,1.0004,122366469.0,1694044799999,122399906.9983,143517,54752759.0,54768998.2963,0
2023-09-07,1.0005,1.0007,0.9999,1.0005,156209840.0,1694131199999,156263653.9196,134334,67625557.0,67650084.7219,0
2023-09-08,1.0006,1.0007,1.0001,1.0002,89735816.0,1694217599999,89774912.2283,147737,30502440.0,30517462.8139,0
2023-09-09,1.0001,1.0002,0.9998,1.0002,59395074.0,1694303999999,59400166.8754,105687,26698715.0,26701624.7785,0
2023-09-10,1.0002,1.0003,0.9999,1.0002,78147393.0,1694390399999,78151185.003,116927,36749527.0,36752628.9428,0
2023-09-11,1.0002,1.0004,1.0001,1.0002,79795142.0,1694476799999,79810316.6084,119216,30967099.0,30974518.4376,0
2023-09-12,1.0002,1.0003,0.9999,0.9999,66433699.0,1694563199999,66442187.2806,107130,26806964.0,26812007.089,0
2023-09-13,1.0,1.0003,0.9999,1.0,94552551.0,1694649599999,94559285.131,101965,44559282.0,44563788.4639,0
2023-09-14,1.0,1.0004,0.9998,0.9999,81807785.0,1694735999999,81814342.1044,95034,35593560.0,35597775.697,0
2023-09-15,0.9998,1.0001,0.9998,1.0,65036920.0,1694822399999,65031535.4476,102986,33844003.0,33842187.5506,0
2023-09-16,0.9999,1.0,0.9998,0.9999,43838399.0,1694908799999,43831623.7845,118929,16710129.0,16708467.4199,0
2023-09-17,0.9998,0.9999,0.9997,0.9998,37714180.0,1694995199999,37704797.3995,108012,15692520.0,15689450.4744,0
2023-09-18,0.9997,0.9999,0.9997,0.9999,67364509.0,1695081599999,67351230.9215,107866,34212116.0,34206567.6442,0
2023-09-19,0.9998,1.0,0.9997,0.9999,75454185.0,1695167999999,75442903.9454,107646,35247426.0,35243292.4868,0
2023-09-20,0.9998,1.0,0.9997,1.0,76782154.0,1695254399999,76771269.1753,97654,29259195.0,29256712.9726,0
2023-09-21,1.0,1.0001,0.9998,1.0,92714949.0,1695340799999,92709542.2117,147623,45263567.0,45262548.7823,0
2023-09-22,1.0,1.0002,1.0,1.0002,59505434.0,1695427199999,59508817.8062,140697,26149151.0,26151920.2661,0
2023-09-23,1.0001,1.0002,0.9999,1.0,42207126.0,1695513599999,42207901.3791,115303,18052606.0,18053613.668,0
2023-09-24,0.9999,1.0,0.9998,0.9998,55672800.0,1695599999999,55667752.4965,98068,25234515.0,25233335.057,0
2023-09-25,0.9998,1.0004,0.9998,1.0003,74878554.0,1695686399999,74888272.187,90774,39850528.0,39856180.5711,0
2023-09-26,1.0003,1.0006,0.9999,1.0004,111688481.0,1695772799999,111718212.6317,99785,41018091.0,41029291.3626,0
2023-09-27,1.0004,1.0011,1.0004,1.0009,119028707.0,1695859199999,119114310.4924,127767,63056270.0,63103040.7942,0
2023-09-28,1.001,1.001,0.9996,1.0,145318793.0,1695945599999,145386375.4899,143045,66253078.0,66280166.9152,0
2023-09-29,1.0001,1.0004,0.9999,1.0001,115101658.0,1696031999999,115112633.6933,84863,54483691.0,54490587.4154,0
2023-09-30,1.0001,1.0004,0.9997,1.0,197084812.0,1696118399999,197096994.4138,69540,86164742.0,86169947.0085,0
2023-10-01,1.0001,1.0002,0.9997,1.0001,170887079.0,1696204799999,170892890.985,84287,89899270.0,89904778.7325,0
2023-10-02,1.0001,1.0004,0.9997,1.0001,117187293.0,1696291199999,117190560.0422,97886,50306044.0,50308503.2145,0
2023-10-03,1.0001,1.0001,0.9998,0.9999,71360346.0,1696377599999,71358531.3167,82169,30740374.0,30740458.7801,0
2023-10-04,1.0,1.0,0.9998,0.9998,46397897.0,1696463999999,46394647.555,86985,21838344.0,21837697.8859,0
2023-10-05,0.9999,1.0002,0.9997,0.9999,79694918.0,1696550399999,79686989.3541,79665,38469580.0,38466698.9427,0
2023-10-06,0.9999,0.9999,0.9995,0.9999,65933315.0,1696636799999,65919929.0228,71520,37106868.0,37099617.7259,0
2023-10-07,0.9998,0.9999,0.9995,0.9997,30364514.0,1696723199999,30357761.5882,56302,12091172.0,12088818.0953,0
2023-10-08,0.9997,0.9999,0.9995,0.9998,45672789.0,1696809599999,45659286.3897,60353,24612821.0,24605914.7954,0
2023-10-09,0.9998,0.9999,0.9996,0.9998,57525182.0,1696895999999,57510186.0587,96762,32395705.0,32388259.3387,0
2023-10-10,0.9998,1.0006,0.9997,1.0002,138824960.0,1696982399999,138849140.9732,92793,75743664.0,75758052.6593,0
2023-10-11,1.0002,1.0004,1.0001,1.0001,38083852.0,1697068799999,38094547.8902,77095,16092593.0,16098044.422,0
2023-10-12,1.0002,1.0003,1.0,1.0002,47302026.0,1697155199999,47309009.3135,78175,20778861.0,20782526.5482,0
2023-10-13,1.0002,1.0004,1.0002,1.0004,37125124.0,1697241599999,37136464.8884,65473,19002044.0,19008757.8678,0
2023-10-14,1.0004,1.0004,1.0002,1.0004,26060702.0,1697327999999,26068613.995,57273,15679170.0,15684321.8436,0
2023-10-15,1.0004,1.0005,0.9992,1.0,103545352.0,1697414399999,103540910.1327,96330,48566166.0,48561095.344,0
2023-10-16,1.0001,1.0004,0.9999,1.0002,90904640.0,1697500799999,90917758.9189,102240,47005417.0,47013805.7724,0
2023-10-17,1.0001,1.0002,0.9999,1.0001,72219856.0,1697587199999,72227518.6849,83444,35881548.0,35886412.1217,0
2023-10-18,1.0001,1.0001,0.9997,0.9999,68751240.0,1697673599999,68747096.2916,65991,32415595.0,32413930.9406,0
2023-10-19,0.9999,1.0,0.9998,0.9999,44572767.0,1697759999999,44568893.7233,73579,23961822.0,23960485.3751,0
2023-10-20,0.9999,1.0,0.9998,0.9999,52002318.0,1697846399999,51996006.3531,84626,24177909.0,24176089.587,0
2023-10-21,0.9999,1.0,0.9997,0.9998,38312497.0,1697932799999,38307143.3926,86778,18169259.0,18167394.9968,0
2023-10-22,0.9998,0.9999,0.9996,0.9998,32674662.0,1698019199999,32667459.4789,73487,14372766.0,14370229.1782,0
2023-10-23,0.9998,1.0004,0.9997,1.0001,115342932.0,1698105599999,115334561.1103,144566,63020587.0,63016875.2287,0
2023-10-24,1.0,1.0002,0.9993,1.0001,142063653.0,1698191999999,142047558.3394,202250,68690814.0,68685006.1736,0
2023-10-25,1.0001,1.0001,0.9997,0.9997,86574862.0,1698278399999,86567789.335,149837,37299742.0,37298347.3274,0
2023-10-26,0.9998,1.0,0.9995,0.9999,77699972.0,1698364799999,77687750.9113,152149,43440766.0,43435595.1796,0
2023-10-27,1.0,1.0012,0.9999,1.0007,76848926.0,1698451199999,76889351.8243,133512,32208772.0,32225798.6,0
2023-10-28,1.0008,1.0019,1.0007,1.0016,46052366.0,1698537599999,46109451.6535,108992,24800624.0,24831287.0991,0
2023-10-29,1.0016,1.0023,1.0014,1.0018,38210585.0,1698623999999,38279270.1087,133107,16208346.0,16237994.6265,0
2023-10-30,1.0017,1.0019,0.9997,0.9999,76816486.0,1698710399999,76847933.3595,124781,28403178.0,28414343.6502,0
2023-10-31,0.9998,1.0002,0.999,0.9999,101738186.0,1698796799999,101708371.8612,159396,45996958.0,45984388.1877,0
2023-11-01,0.9999,1.0,0.9996,0.9998,68320307.0,1698883199999,68310070.6468,164868,31766681.0,31763445.8707,0
2023-11-02,0.9999,1.0002,0.9989,0.9996,71423845.0,1698969599999,71412538.975,194497,31888144.0,31884097.8216,0
2023-11-03,0.9996,1.0001,0.9995,0.9997,51806837.0,1699055999999,51796393.4445,139425,24927745.0,24923776.8607,0
2023-11-04,0.9997,1.0001,0.9995,0.9997,34056299.0,1699142399999,34049658.2439,103942,17406563.0,17404038.818,0
2023-11-05,0.9997,1.0,0.9981,0.999,52161789.0,1699228799999,52135995.8118,160530,24294644.0,24283848.0609,0
2023-11-06,0.9991,1.0,0.9989,0.9999,72906021.0,1699315199999,72877415.3225,167860,39155719.0,39142101.0106,0
2023-11-07,0.9998,1.0001,0.9992,0.9997,70360149.0,1699401599999,70345531.4149,171023,32444679.0,32439708.6906,0
2023-11-08,0.9998,1.0002,0.9996,1.0001,51383747.0,1699487999999,51378094.8957,127147,26051611.0,26049468.763,0
2023-11-09,1.0001,1.0003,0.9994,0.9998,124608568.0,1699574399999,124584936.4201,220163,63135576.0,63125688.119,0
2023-11-10,0.9997,1.0002,0.9994,0.9997,122427408.0,1699660799999,122399013.7972,248955,57541326.0,57530403.7189,0
2023-11-11,0.9997,0.9999,0.9986,0.9992,80501931.0,1699747199999,80449817.5102,270290,35898206.0,35875709.8906,0
2023-11-12,0.9993,0.9995,0.9987,0.9995,93424345.0,1699833599999,93346010.5134,200546,46416577.0,46378058.6721,0
2023-11-13,0.9994,1.0,0.9992,1.0,79331936.0,1699919999999,79298406.157,257400,38698430.0,38683968.6738,0
2023-11-14,0.9999,1.0002,0.9996,0.9999,75578362.0,1700006399999,75566550.2556,202955,35753609.0,35749846.3378,0
2023-11-15,1.0,1.0002,0.9995,1.0,61506914.0,1700092799999,61500017.9013,167900,31064655.0,31062738.4669,0
2023-11-16,0.9998,1.0001,0.9995,0.9998,65558291.0,1700179199999,65549734.0372,213583,32032779.0,32030136.8247,0
2023-11-17,0.9999,1.0002,0.9996,1.0,65359385.0,1700265599999,65350511.4939,144278,26381521.0,26379409.5994,0
2023-11-18,0.9999,1.0001,0.9995,0.9995,62558887.0,1700351999999,62544141.6591,116957,28190438.0,28184360.7766,0
2023-11-19,0.9995,0.9999,0.9992,0.9998,38965797.0,1700438399999,38949510.9662,100532,20369311.0,20361551.3897,0
2023-11-20,0.9998,1.0,0.9993,0.9996,59468259.0,1700524799999,59450169.2954,127672,26484778.0,26477718.2117,0
2023-11-21,0.9996,0.9998,0.9988,0.9995,81448521.0,1700611199999,81405311.3658,159857,38661311.0,38642260.7986,0
2023-11-22,0.9995,1.0,0.9993,0.9995,57511034.0,1700697599999,57493918.6332,93790,25650311.0,25643593.222,0
2023-11-23,0.9995,1.0002,0.9994,0.9997,44480152.0,1700783999999,44470876.6386,73308,21638024.0,21634374.1431,0
2023-11-24,0.9997,1.0001,0.999,0.9992,57431622.0,1700870399999,57411938.5522,77006,26949440.0,26941552.8917,0
2023-11-25,0.9991,0.9996,0.999,0.9994,29903288.0,1700956799999,29885261.2718,52082,13537028.0,13529223.3564,0
2023-11-26,0.9995,0.9997,0.9991,0.9995,42635665.0,1701043199999,42610392.0493,105876,19859577.0,19848535.1748,0
2023-11-27,0.9996,1.0002,0.9995,1.0,66111107.0,1701129599999,66100391.4995,128383,32643790.0,32640103.3298,0
2023-11-28,1.0002,1.0005,0.9998,1.0001,63538892.0,1701215999999,63545433.7598,96162,28752090.0,28755800.8754,0
2023-11-29,1.0,1.0007,0.9993,0.9995,52223410.0,1701302399999,52216456.2658,86972,21446045.0,21444248.6805,0
2023-11-30,0.9996,0.9999,0.9992,0.9997,60091988.0,1701388799999,60072780.9694,82467,23254323.0,23247809.0009,0
2023-12-01,0.9998,1.0,0.9995,0.9996,51226058.0,1701475199999,51214822.1283,99814,22357385.0,22353911.5259,0
2023-12-02,0.9996,0.9999,0.9994,0.9997,95201037.0,1701561599999,95170199.4441,101628,38802580.0,38789714.9408,0
2023-12-03,0.9997,1.0,0.9993,0.9996,52714484.0,1701647999999,52695904.6844,126119,22196937.0,22190245.2004,0
2023-12-04,0.9997,0.9999,0.9993,0.9998,107366304.0,1701734399999,107326297.6571,211157,47922177.0,47906931.7851,0
2023-12-05,0.9999,0.9999,0.9994,0.9997,72199710.0,1701820799999,72180278.6839,187128,28840282.0,28833932.6099,0
2023-12-06,0.9997,0.9999,0.9992,0.9995,83761605.0,1701907199999,83736690.2816,196918,35314750.0,35306022.0812,0
2023-12-07,0.9995,0.9999,0.9994,0.9997,78858410.0,1701993599999,78832299.7076,118697,44425046.0,44411567.4416,0
2023-12-08,0.9997,0.9999,0.9996,0.9996,66173383.0,1702079999999,66155356.0115,122671,32577110.0,32569686.0655,0
2023-12-09,0.9997,0.9998,0.9992,0.9996,33962484.0,1702166399999,33946573.9344,102871,12796642.0,12791439.9899,0
2023-12-10,0.9996,0.9998,0.9993,0.9998,41319713.0,1702252799999,41305861.8426,71332,16103291.0,16098817.3302,0
2023-12-11,0.9997,1.002,0.9994,1.0004,334216479.0,1702339199999,334366974.2546,123419,91025588.0,91062487.6843,0
2023-12-12,1.0006,1.0058,1.0004,1.0048,132703386.0,1702425599999,132849657.4441,64326,16854487.0,16885219.1758,0
2023-12-13,1.0048,1.0112,1.0008,1.0026,44159786.0,1702511999999,44350704.186,66179,12804481.0,12861317.1467,0
2023-12-14,1.0026,1.0032,1.0,1.0008,21406571.0,1702598399999,21426307.5152,39635,8582283.0,8589724.7144,0
2023-12-15,1.0007,1.0013,1.0002,1.0003,2222384.0,1702616399999,2223687.998,4672,740422.0,740886.3065,0
