open_time,open,high,low,close,volume,close_time,quote_volume,trades,taker_buy_base,taker_buy_quote,ignore
2020-08-18,2.09,4.44,2.0,3.1,6039881.97,1597795199999,18375373.392336,22593,3458952.5,10596741.994704,0
2020-08-19,3.1,3.1999,2.64,2.95,15895774.92,1597881599999,47558321.633254,75075,9037381.99,27152372.2278,0
2020-08-20,2.9449,3.1111,2.6,2.9,11040863.6,1597967999999,31457410.866817,53797,5189595.84,14890085.872345,0
2020-08-21,2.8978,3.09,2.6826,2.833,9765153.74,1598054399999,28393535.853484,50378,5164025.18,15030060.894737,0
2020-08-22,2.8387,4.55,2.782,4.4546,41611476.51,1598140799999,158038898.765092,289179,23427260.15,88968596.115353,0
2020-08-23,4.4756,4.4864,3.7032,3.9779,23845309.65,1598227199999,95428986.261665,175491,11759754.05,47013688.94093,0
2020-08-24,3.9805,4.7983,3.78,4.5759,25843953.12,1598313599999,109846588.655713,189041,14601332.13,61886451.255408,0
2020-08-25,4.5759,5.77,4.48,5.5412,39457369.99,1598399999999,198629064.460091,335897,21588604.34,108864420.934219,0
2020-08-26,5.5412,6.57,5.1015,6.0708,37811519.74,1598486399999,220764309.967986,323009,22195096.63,129604659.564569,0
2020-08-27,6.0708,6.8,5.2001,5.6547,42626336.42,1598572799999,254544768.748318,342856,21248677.32,127146658.69595,0
2020-08-28,5.6569,6.35,5.462,6.1812,24019172.63,1598659199999,143282994.413159,219336,12411549.07,73969909.308032,0
2020-08-29,6.1769,6.556,6.0032,6.1333,15360444.96,1598745599999,96738124.107342,158107,7888550.45,49695817.081734,0
2020-08-30,6.1339,6.251,5.6999,5.8912,13266535.91,1598831999999,79304141.69388,152937,6823989.8,40802286.923813,0
2020-08-31,5.8875,6.4662,5.7541,6.2718,13564047.71,1598918399999,83178113.342485,156933,6839851.84,41888927.534283,0
2020-09-01,6.2712,6.8619,6.12,6.239,16330264.82,1599004799999,105652410.569904,190791,8011059.78,51898427.006216,0
2020-09-02,6.24,6.4472,5.58,6.1374,15500500.04,1599091199999,93395820.330234,180233,7477224.91,45155970.417901,0
2020-09-03,6.1375,6.3325,5.5471,5.6743,21239867.51,1599177599999,127670120.658439,210984,10121518.46,60968416.183787,0
2020-09-04,5.6743,5.99,4.5,5.1019,28314850.39,1599263999999,149896428.923211,243715,13893028.85,73838844.401612,0
2020-09-05,5.0987,5.3147,3.5321,4.1456,32791302.31,1599350399999,143610169.191128,256705,15037552.05,66139254.947862,0
2020-09-06,4.1456,4.921,3.7298,4.784,23608694.54,1599436799999,104476521.403038,184455,11878282.29,52716489.385523,0
2020-09-07,4.7849,4.8367,4.001,4.5944,16089613.82,1599523199999,70783102.011423,135886,7828589.32,34449700.874609,0
2020-09-08,4.5967,4.6339,4.1067,4.2787,10449746.7,1599609599999,45273756.942433,78684,4945532.85,21432968.79637,0
2020-09-09,4.2657,4.7935,4.077,4.7003,11225976.14,1599695999999,50401817.278242,88997,5410628.26,24333111.750158,0
2020-09-10,4.7003,4.8894,4.4308,4.5796,9912392.07,1599782399999,46053296.665892,78092,4425894.77,20558264.200705,0
2020-09-11,4.5781,4.75,4.31,4.6498,9013005.18,1599868799999,40569470.753882,73965,4263128.71,19158082.117428,0
2020-09-12,4.6433,5.296,4.4998,5.1385,12566058.18,1599955199999,61409150.776726,103823,6023905.07,29398052.2814,0
2020-09-13,5.1379,5.4771,4.7668,5.3213,16262645.74,1600041599999,83366010.768212,137138,7916085.27,40518800.289768,0
2020-09-14,5.3198,5.5761,5.0911,5.3555,14288009.6,1600127999999,76292313.572999,131805,6916494.55,36947841.162626,0
2020-09-15,5.3597,5.45,5.012,5.0535,10306445.21,1600214399999,54210373.801356,95819,4976218.84,26174206.30004,0
2020-09-16,5.0535,5.28,4.9578,5.0712,8102718.15,1600300799999,41274456.703631,74112,4043855.7,20614504.578778,0
2020-09-17,5.0739,5.4261,5.043,5.3354,10973999.33,1600387199999,57511699.703967,107941,5456535.33,28569294.079056,0
2020-09-18,5.3313,5.455,5.0939,5.2616,7241901.56,1600473599999,38069226.660935,85065,3597883.04,18924951.861764,0
2020-09-19,5.2595,5.264,4.7862,4.924,6124417.44,1600559999999,30794741.088753,62749,3115610.11,15637164.979547,0
2020-09-20,4.9205,4.9707,4.3715,4.6518,11400427.77,1600646399999,52953401.248455,109144,6252919.6,28974787.805843,0
2020-09-21,4.656,4.6969,3.91,4.0691,18249034.01,1600732799999,76679925.476092,164108,9088378.82,38291106.868731,0
2020-09-22,4.07,4.2103,3.9,4.1625,8023448.28,1600819199999,32710887.50394,71397,3790227.25,15465657.31408,0
2020-09-23,4.1623,4.3241,3.94,4.0077,9432617.01,1600905599999,38859121.128485,83223,4551523.19,18767859.250716,0
2020-09-24,4.0128,4.49,3.9616,4.3782,8363967.02,1600991999999,35564854.18027,82064,4216748.81,17929793.975207,0
2020-09-25,4.3784,4.5299,4.241,4.4139,6666492.08,1601078399999,29115518.960414,66308,3309377.66,14457225.424761,0
2020-09-26,4.4139,4.4819,4.224,4.3308,3890876.06,1601164799999,16891450.714135,41073,1830395.9,7946304.849818,0
2020-09-27,4.3329,4.3641,4.1152,4.2962,3814327.15,1601251199999,16170603.463626,39322,1839275.22,7798387.855579,0
2020-09-28,4.2999,4.5939,4.2474,4.4501,9835916.81,1601337599999,43671163.470051,85541,4678442.48,20770616.290103,0
2020-09-29,4.45,4.6112,4.331,4.4969,7753017.85,1601423999999,34774996.961177,75852,3587236.33,16105605.237743,0
2020-09-30,4.497,4.5,4.2288,4.3458,4418266.77,1601510399999,19247738.974639,43336,2282405.25,9949099.215238,0
2020-10-01,4.3459,4.5858,4.2317,4.3468,7358246.56,1601596799999,32447493.78143,64032,3886380.31,17123066.382625,0
2020-10-02,4.3427,4.3621,3.8882,4.1282,7748588.83,1601683199999,31624107.029144,69895,3538392.39,14449141.161392,0
2020-10-03,4.128,4.1349,4.0263,4.0607,3078936.51,1601769599999,12583124.647453,27152,1487616.47,6081779.383006,0
2020-10-04,4.0606,4.199,4.0111,4.177,2792994.5,1601855999999,11467093.872754,27625,1420514.05,5837255.923802,0
2020-10-05,4.1744,4.25,4.106,4.1621,4362181.16,1601942399999,18272535.171666,36387,2212184.78,9269965.163052,0
2020-10-06,4.1589,4.18,3.606,3.7465,9256379.98,1602028799999,36200442.747869,82176,4322095.25,16904107.41468,0
2020-10-07,3.7461,3.8964,3.6,3.8517,8599075.85,1602115199999,32357646.136783,72796,4342934.15,16357243.99669,0
2020-10-08,3.8538,4.1625,3.6333,4.1163,8531658.6,1602201599999,33198573.053645,77723,4273759.0,16632369.958384,0
2020-10-09,4.1145,4.35,4.0087,4.2541,6400372.85,1602287999999,26790390.286398,61822,3224519.67,13498488.143508,0
2020-10-10,4.2546,4.489,4.23,4.2606,5182487.56,1602374399999,22540088.826369,52376,2549406.08,11091352.62919,0
2020-10-11,4.2579,4.3355,4.1683,4.245,3675666.58,1602460799999,15617937.695164,38117,1781470.74,7571141.375283,0
2020-10-12,4.2464,4.4501,4.1899,4.3075,6228123.12,1602547199999,27013072.904984,59521,3105047.43,13473024.604883,0
2020-10-13,4.3099,4.3464,4.1302,4.2473,4643179.26,1602633599999,19771038.842639,37207,2243912.32,9549997.513676,0
2020-10-14,4.2515,4.3795,4.0836,4.1829,5239195.66,1602719999999,22247127.96231,44525,2647735.1,11234664.897615,0
2020-10-15,4.1816,4.1873,4.02,4.099,3826663.78,1602806399999,15744975.025034,35415,1937616.17,7974148.369973,0
2020-10-16,4.099,4.1562,3.8,3.9106,5544038.18,1602892799999,21826981.677354,48887,2694634.54,10613671.164565,0
2020-10-17,3.9132,3.9799,3.8607,3.9663,1738606.63,1602979199999,6836554.196153,16454,860767.67,3385888.906522,0
2020-10-18,3.9652,4.125,3.954,4.1068,2456005.5,1603065599999,9983556.456588,21908,1253992.88,5096994.585539,0
2020-10-19,4.107,4.1229,3.9501,3.986,2740611.47,1603151999999,11063216.657162,28418,1167123.02,4715620.448287,0
2020-10-20,3.9843,4.149,3.8641,3.9034,5741108.49,1603238399999,23005564.339957,56343,2710911.48,10867126.544696,0
2020-10-21,3.9034,4.26,3.8907,4.1352,7288864.8,1603324799999,29764999.223351,70281,3636453.0,14864836.106029,0
2020-10-22,4.1329,4.338,4.1234,4.2683,5757990.79,1603411199999,24403327.368138,57011,2982704.29,12617295.190012,0
2020-10-23,4.2696,4.48,4.185,4.2633,8353056.52,1603497599999,36192277.897394,71429,4236956.0,18388014.052233,0
2020-10-24,4.264,4.43,4.2381,4.3536,4486543.97,1603583999999,19562136.201884,40668,2058986.08,8980801.205154,0
2020-10-25,4.35,4.4495,4.2588,4.331,4100261.59,1603670399999,17836698.674838,36383,1900139.11,8272390.323975,0
2020-10-26,4.3315,4.7475,4.2906,4.7031,11305772.22,1603756799999,51456482.4742,99841,5668343.14,25802717.208273,0
2020-10-27,4.7064,4.95,4.6429,4.6721,10646881.65,1603843199999,50810121.510993,94703,4997016.42,23866872.237582,0
2020-10-28,4.6723,4.78,4.252,4.357,9278337.14,1603929599999,41428280.823465,92491,4546456.7,20321741.503218,0
2020-10-29,4.3569,4.4115,3.8469,4.0605,10671185.96,1604015999999,44302334.904489,93913,4934537.19,20468114.466964,0
2020-10-30,4.0605,4.162,3.9153,4.0845,7322005.17,1604102399999,29642827.620062,64346,3572040.98,14468218.917807,0
2020-10-31,4.0843,4.282,4.0574,4.1854,3270318.58,1604188799999,13700526.122784,32232,1631429.85,6835019.589193,0
2020-11-01,4.1833,4.225,4.1079,4.2211,2456433.2,1604275199999,10230038.521185,23459,1150788.37,4796042.149838,0
2020-11-02,4.2211,4.2627,3.96,4.0316,5197343.74,1604361599999,21260452.406904,45126,2486394.66,10164285.76119,0
2020-11-03,4.0272,4.0694,3.8842,4.0362,5133339.46,1604447999999,20342448.723259,50535,2359344.08,9358197.334026,0
2020-11-04,4.0377,4.1556,3.8915,4.0969,7425623.62,1604534399999,29848311.663052,71645,3738695.45,15027397.38514,0
2020-11-05,4.0988,4.3,4.0105,4.2229,6288599.56,1604620799999,26180294.789032,65088,3209095.52,13371873.48773,0
2020-11-06,4.2248,4.64,4.202,4.5826,8938274.32,1604707199999,39722355.480857,86488,4438727.46,19727543.971741,0
2020-11-07,4.5837,4.8586,4.08,4.2341,15757508.9,1604793599999,69816455.507502,159057,7981427.25,35375473.564642,0
2020-11-08,4.2311,4.4275,4.13,4.3736,5332066.66,1604879999999,23008688.942506,48730,2578364.21,11130536.256534,0
2020-11-09,4.3733,4.4639,4.2395,4.3463,5918543.0,1604966399999,25757952.203137,52808,2942207.61,12811250.410746,0
2020-11-10,4.3476,4.5061,4.2998,4.4231,5197286.34,1605052799999,22849607.73701,54610,2479629.15,10904575.089248,0
2020-11-11,4.423,4.63,4.4168,4.4461,6264704.63,1605139199999,28217524.228517,63078,3096187.46,13959768.32528,0
2020-11-12,4.446,4.4758,4.3103,4.4042,4584711.89,1605225599999,20088297.790813,56403,2165577.93,9490282.842065,0
2020-11-13,4.4042,4.5918,4.3694,4.5425,5539505.41,1605311999999,24743287.495641,70834,2781324.81,12432650.683856,0
2020-11-14,4.5401,4.5549,4.3517,4.4637,5232906.42,1605398399999,23301316.25235,58498,2358084.02,10503178.718498,0
2020-11-15,4.4656,4.5027,4.3063,4.3664,4897453.63,1605484799999,21618674.728391,57685,2329551.05,10286299.450768,0
2020-11-16,4.3659,4.6,4.3353,4.4983,6702906.33,1605571199999,29908365.235069,64150,3071764.65,13704348.169268,0
2020-11-17,4.4986,4.9348,4.4882,4.8569,13923587.21,1605657599999,66570420.673859,150885,6733025.17,32181825.886359,0
2020-11-18,4.8574,4.945,4.495,4.6797,11415111.58,1605743999999,53726113.851792,120722,5365527.54,25246167.174098,0
2020-11-19,4.6791,4.85,4.5399,4.7567,7976959.23,1605830399999,37568175.646748,95474,3991519.98,18805466.276098,0
2020-11-20,4.7557,5.4714,4.7404,5.23,17934442.25,1605916799999,94025798.055775,185979,9210991.35,48226846.123152,0
2020-11-21,5.2301,5.8137,5.1285,5.7824,14938158.71,1606003199999,81670246.475703,151182,7417475.4,40553670.380688,0
2020-11-22,5.7822,5.8453,5.1702,5.524,12275138.21,1606089599999,67642239.55487,137667,5956545.04,32842247.512752,0
2020-11-23,5.516,5.96,5.415,5.9093,14908169.22,1606175999999,85331972.991604,146594,7371111.69,42224393.298186,0
2020-11-24,5.9063,6.0857,5.605,5.7334,15057227.46,1606262399999,87977432.6034,156208,7371085.53,43104129.062803,0
2020-11-25,5.7305,5.8328,5.13,5.3018,10948123.7,1606348799999,60442668.055545,113617,4915983.84,27119368.949627,0
2020-11-26,5.3,5.3771,4.4342,4.809,20179716.49,1606435199999,97072392.064152,194440,10300012.59,49575186.182234,0
2020-11-27,4.8091,5.0752,4.4969,4.8151,8464913.51,1606521599999,40296255.19935,81406,4317005.86,20564793.023966,0
2020-11-28,4.8148,4.9545,4.67,4.8939,5004579.77,1606607999999,24153713.442501,53608,2412373.03,11643665.800461,0
2020-11-29,4.8925,5.2059,4.8,5.192,5392525.95,1606694399999,27002852.017179,57283,2757188.21,13808479.009368,0
2020-11-30,5.192,5.4476,5.1333,5.3767,9070457.89,1606780799999,48011012.098499,91832,4198777.87,22239874.757364,0
2020-12-01,5.378,5.5429,4.92,5.0806,10943827.45,1606867199999,57473159.284929,105453,5451832.28,28645443.111571,0
2020-12-02,5.0824,5.5459,4.9994,5.4645,7081941.51,1606953599999,37484937.997333,72993,3596437.4,19050829.341394,0
2020-12-03,5.4583,5.5679,5.321,5.3997,5002283.03,1607039999999,27235269.97246,52938,2497726.87,13610111.09119,0
2020-12-04,5.3982,5.4336,4.9553,5.0,5569105.06,1607126399999,28994707.147518,56262,2548800.79,13289296.459298,0
2020-12-05,5.0,5.1925,4.8767,5.1806,4496795.32,1607212799999,22695365.715192,53852,1944275.59,9829410.545833,0
2020-12-06,5.1817,5.2068,5.0,5.1268,2749760.54,1607299199999,13990696.895441,34027,1382897.34,7033926.795617,0
2020-12-07,5.1293,5.1564,5.0107,5.0569,2453405.21,1607385599999,12474012.887122,31998,1096606.99,5573188.221942,0
2020-12-08,5.0568,5.0711,4.7,4.7399,5044001.16,1607471999999,24553771.237418,58067,2292326.09,11163095.415847,0
2020-12-09,4.7378,4.9392,4.6167,4.8728,5290274.94,1607558399999,25469275.601608,60544,2665198.69,12849420.629351,0
2020-12-10,4.8732,4.9167,4.7,4.8003,2575244.64,1607644799999,12388576.612159,32212,1217301.7,5859459.61634,0
2020-12-11,4.8026,4.8153,4.54,4.612,3915723.68,1607731199999,18191252.487325,45448,2000461.74,9288031.109008,0
2020-12-12,4.6102,4.7989,4.607,4.7385,2757351.25,1607817599999,13027566.93987,33548,1365914.54,6452259.24364,0
2020-12-13,4.7381,5.1,4.725,4.8957,3939252.37,1607903999999,19247937.30428,44038,2095807.16,10237522.061082,0
2020-12-14,4.8966,5.0094,4.8264,4.8969,2543847.2,1607990399999,12480088.996149,33439,1292974.8,6344140.219753,0
2020-12-15,4.8978,5.2911,4.8445,5.2391,5957058.68,1608076799999,30302992.858764,68649,3097622.4,15753484.411546,0
2020-12-16,5.24,5.374,5.115,5.3647,7988631.33,1608163199999,41783639.2912,90080,4150939.86,21714804.969538,0
2020-12-17,5.3634,5.7498,5.267,5.3455,11536864.68,1608249599999,63106389.768946,129298,5700609.02,31198198.681536,0
2020-12-18,5.3427,5.5097,5.245,5.3549,5673140.98,1608335999999,30399224.533859,71122,2796262.23,14989418.44107,0
2020-12-19,5.3592,5.577,5.2766,5.3358,5524007.44,1608422399999,30019103.357984,64229,2695610.25,14653647.685745,0
2020-12-20,5.3364,5.4374,5.0723,5.1868,6165710.95,1608508799999,32507319.132112,72651,3112973.22,16427813.480515,0
2020-12-21,5.1866,5.4483,4.7732,4.8702,7796554.96,1608595199999,39605840.802328,89964,3768234.9,19156614.35285,0
2020-12-22,4.8707,5.21,4.7974,5.155,8558735.42,1608681599999,42821688.374787,110057,4508930.98,22550628.843918,0
2020-12-23,5.1525,5.1911,4.5859,4.7149,8098117.21,1608767999999,39815176.130763,101484,3901419.67,19223902.671712,0
2020-12-24,4.7149,5.2013,4.6298,5.1116,8292421.99,1608854399999,41162648.200219,103192,4019065.45,19952613.414148,0
2020-12-25,5.1102,5.2881,5.0407,5.2099,5278806.02,1608940799999,27195860.707115,67374,2526789.3,13017013.85702,0
2020-12-26,5.2124,5.2938,5.081,5.1924,4830448.15,1609027199999,25085881.101631,60999,2358988.78,12258136.608574,0
2020-12-27,5.1946,5.4691,4.9325,5.1455,12600497.85,1609113599999,65887109.726366,132592,6372320.8,33352037.253248,0
2020-12-28,5.1462,6.7,5.108,6.5982,28565820.35,1609199999999,171246516.449081,281205,14977055.75,89923533.813489,0
2020-12-29,6.5931,7.7,6.12,7.5402,43059737.73,1609286399999,289920333.21983,418143,21725207.97,146517989.670715,0
2020-12-30,7.5473,7.678,7.055,7.2282,29271542.34,1609372799999,215041831.980196,308892,14448376.1,106172865.572037,0
2020-12-31,7.2284,9.51,7.1206,9.2619,39283522.88,1609459199999,322604577.415376,484632,19795190.08,162956089.626457,0
2021-01-01,9.262,9.428,8.0729,8.2776,40444969.81,1609545599999,353233275.048812,520258,20013837.09,174704317.291058,0
2021-01-02,8.2775,9.89,7.89,9.2037,41542040.61,1609631999999,367556137.19898707,479088,20783396.79,183959175.047634,0
2021-01-03,9.2056,10.5,8.8448,10.1307,37224723.44,1609718399999,353161994.292166,472481,19169502.79,182132299.754226,0
2021-01-04,10.1453,10.5169,8.7,9.5126,35233997.11,1609804799999,339398714.959462,420445,17809166.81,171831952.876337,0
2021-01-05,9.5147,10.0441,9.01,9.7084,20433614.97,1609891199999,196355600.37198,272399,10336769.9,99447528.643625,0
2021-01-06,9.7126,10.4452,9.4611,10.0679,24556008.75,1609977599999,243617218.207845,315659,13222637.15,131369438.196704,0
2021-01-07,10.0679,10.68,9.38,9.6439,23807905.1,1610063999999,237616292.045024,315431,12187901.88,121682160.99697,0
2021-01-08,9.6432,9.814,8.7788,9.2998,18487740.39,1610150399999,171510907.095546,248030,9029166.49,83836706.280822,0
2021-01-09,9.2959,9.815,9.0418,9.7354,11628693.46,1610236799999,109279014.391674,161829,5746049.44,53975402.520916,0
2021-01-10,9.7354,9.9889,8.6054,9.2911,13493639.61,1610323199999,127226157.445098,198534,6563428.51,61960893.582069,0
2021-01-11,9.2962,9.32,7.1642,8.2691,39051182.14,1610409599999,309636031.092044,473544,18994178.61,150712336.360489,0
2021-01-12,8.2736,8.7243,7.9201,8.3078,17770135.49,1610495999999,147513162.635036,227882,9192393.55,76356409.763022,0
2021-01-13,8.3072,11.4407,7.9833,10.9486,33973317.45,1610582399999,332456232.725623,551910,17738654.02,173740185.435313,0
2021-01-14,10.9417,14.68,10.8801,14.4867,50546604.14,1610668799999,617529827.156969,736622,25875901.94,316381726.570033,0
2021-01-15,14.4862,14.9599,11.7619,13.1679,56797246.56,1610755199999,775169881.710353,1022818,28380242.3,387146999.41526496,0
2021-01-16,13.1638,19.4,13.1567,17.9893,80460090.2,1610841599999,1338383395.493358,1337608,40578665.77,674801975.399558,0
2021-01-17,17.9849,18.2677,16.28,17.0832,50659218.35,1610927999999,875607510.055064,1018291,25221192.88,436144802.35054,0
2021-01-18,17.0897,18.221,15.7,16.5898,26097571.18,1611014399999,447166378.086954,531721,12674076.55,217375116.824687,0
2021-01-19,16.5786,17.49,15.887,16.3933,23747474.38,1611100799999,398554406.224193,529473,11456577.93,192542952.589897,0
2021-01-20,16.3951,18.2078,14.79,17.9808,33656669.48,1611187199999,551064673.025082,700130,17008675.27,279127700.524314,0
2021-01-21,17.9798,18.15,14.982,15.9818,38757498.25,1611273599999,638453818.75499,853936,18770752.24,309218784.144281,0
2021-01-22,15.9837,18.0178,14.7111,17.1207,31458042.07,1611359999999,520090777.67217,739801,15835994.74,262221396.779269,0
2021-01-23,17.1243,18.8,16.7951,18.7446,24293114.74,1611446399999,433626483.55171907,606449,12373130.67,220914238.195255,0
2021-01-24,18.7447,18.7646,17.22,17.9745,15685459.56,1611532799999,281019802.568063,486345,7697125.53,137881677.724255,0
2021-01-25,17.9757,19.1,17.069,17.207,19765645.59,1611619199999,359142531.787728,463645,9881602.85,179712186.529102,0
2021-01-26,17.2075,17.7844,16.0,17.1013,14031585.41,1611705599999,236894166.914575,313658,6648605.52,112354898.701724,0
2021-01-27,17.1115,17.127,15.0316,15.43,18777450.02,1611791999999,296614999.063232,426885,8983055.74,141943395.393408,0
2021-01-28,15.435,17.4938,15.2583,16.8643,18773126.13,1611878399999,314493694.852837,418526,9234063.23,154569298.493369,0
2021-01-29,16.8716,17.7522,15.9389,16.7968,24085491.74,1611964799999,404773422.158676,511449,11745149.64,197275469.482257,0
2021-01-30,16.7995,17.0808,16.1327,16.5349,10071916.92,1612051199999,166576675.710472,307140,4889303.81,80880124.056938,0
2021-01-31,16.5423,17.5332,15.6438,16.1128,13322271.39,1612137599999,220605145.767217,301992,6521405.34,108049296.261456,0
2021-02-01,16.1153,16.5615,15.5807,16.4385,10427226.81,1612223999999,167557855.242855,240031,5150128.38,82789937.670688,0
2021-02-02,16.4401,17.67,15.9813,17.1765,17507006.87,1612310399999,295247180.963793,370905,8520627.55,143686388.750392,0
2021-02-03,17.1766,20.9322,16.8,20.8538,28799999.03,1612396799999,544351063.148015,562627,14979199.71,283470717.686682,0
2021-02-04,20.8588,21.7321,18.57,19.6677,25501882.41,1612483199999,522397358.20998496,659752,12376430.05,253689925.759364,0
2021-02-05,19.6682,21.4,19.3472,20.84,17350792.08,1612569599999,358077889.396154,465603,8399398.54,173400171.516516,0
2021-02-06,20.8259,21.399,19.8425,20.3734,11925117.12,1612655999999,242875852.116264,349646,5734906.17,116814475.87771,0
2021-02-07,20.369,20.8031,18.46,19.7345,15159822.49,1612742399999,297844389.267083,415359,7400438.22,145336256.377562,0
2021-02-08,19.7365,23.6969,19.1828,22.9853,25522324.88,1612828799999,559082270.52946,674025,12888176.39,282675807.739534,0
2021-02-09,22.984,24.12,22.2269,23.0846,16067713.73,1612915199999,372075616.56081504,528757,7630121.39,176849368.28909,0
2021-02-10,23.089,24.8498,21.8916,23.5821,16612771.89,1613001599999,389250144.206917,446508,8279659.71,194081086.84353,0
2021-02-11,23.5784,25.7071,23.2357,25.0224,13943337.77,1613087999999,346981474.416131,420143,6846365.91,170357210.844207,0
2021-02-12,25.0036,29.7272,24.5,28.6555,15767764.9,1613174399999,430472925.104468,561648,8165682.23,222832116.228401,0
2021-02-13,28.6523,30.21,27.2203,27.9364,15559714.6,1613260799999,446944764.773566,514950,7899984.51,227099049.957178,0
2021-02-14,27.9602,29.4142,26.4,26.8724,10698732.39,1613347199999,296547882.44916,354523,5425069.79,150334005.725144,0
2021-02-15,26.88,29.5365,23.1555,27.8021,20272317.43,1613433599999,545759605.207356,610812,10056516.42,271074693.254012,0
2021-02-16,27.8201,31.0606,26.8002,30.0832,20070860.93,1613519999999,593917367.669448,783059,10234041.16,302929543.068831,0
2021-02-17,30.0897,32.4,29.6109,31.9862,14917487.45,1613606399999,460313514.06000495,655753,7554476.48,233332977.246872,0
2021-02-18,31.9849,32.5926,30.5453,31.11,7915382.55,1613692799999,248881631.491504,277728,3749924.25,117958030.50697,0
2021-02-19,31.11,35.0,29.5,34.824,16536466.18,1613779199999,536781505.018438,475362,8547238.39,277813277.105814,0
2021-02-20,34.8093,42.2848,34.7,38.942,29189715.44,1613865599999,1132991994.534086,1039302,14190300.9,551044606.763412,0
2021-02-21,38.9381,40.6992,38.0,39.5863,15160345.53,1613951999999,592314558.658972,586768,8120897.69,317191965.1041,0
2021-02-22,39.5867,39.7434,30.8104,37.6143,27519472.04,1614038399999,988595325.932752,948847,14273095.73,512414816.239871,0
2021-02-23,37.6369,37.8,26.5,34.5325,40437206.88,1614124799999,1312434062.039564,1188730,19848079.84,644859210.400386,0
2021-02-24,34.5697,36.8,31.1,33.6396,20265938.21,1614211199999,702963090.27525,944188,10452771.62,362807736.07317,0
2021-02-25,33.6315,35.26,30.8582,31.2341,13365957.05,1614297599999,447459174.328922,494763,6648040.02,222560579.791853,0
2021-02-26,31.2282,33.5516,28.0001,31.4362,25275240.2,1614383999999,772041315.839312,840124,12648804.83,385877101.884148,0
2021-02-27,31.4506,35.6618,31.3471,33.4575,20330311.63,1614470399999,690474687.505784,947663,10209653.55,346830531.101517,0
2021-02-28,33.4664,34.56,29.7,33.8,19977135.54,1614556799999,635414234.349868,787367,9556097.21,304208382.089684,0
2021-03-01,33.7964,35.66,33.0149,35.6273,13666144.31,1614643199999,472097070.53604096,711734,6946131.79,240065920.130385,0
2021-03-02,35.6278,37.9247,34.3777,36.1393,15276420.14,1614729599999,552485611.127354,717070,7663247.08,277314432.864807,0
2021-03-03,36.1485,38.68,36.1031,37.0985,11641704.64,1614815999999,437405514.2394,500889,5681953.65,213465533.567721,0
2021-03-04,37.0661,38.38,34.35,35.2166,11601602.41,1614902399999,421142166.80173296,657807,5632058.54,204707755.444047,0
2021-03-05,35.2251,35.2687,31.31,33.6194,15293689.83,1614988799999,505102719.943943,521521,7534008.57,248923685.046721,0
2021-03-06,33.5926,34.1997,32.05,33.3596,6037223.17,1615075199999,200420558.209941,232422,3067804.06,101853456.145944,0
2021-03-07,33.3628,35.2999,33.3628,35.095,6061093.36,1615161599999,208261033.28557,257474,3075145.59,105714547.737881,0
2021-03-08,35.0898,35.5566,33.4053,34.9737,6813802.79,1615247999999,234178708.694172,261380,3357785.62,115432220.610993,0
2021-03-09,34.9867,38.8788,34.5148,38.1882,12891833.92,1615334399999,471280633.188538,490247,6939886.78,253712396.068915,0
2021-03-10,38.1845,39.6,36.2181,37.5494,12012623.7,1615420799999,457559360.824972,564565,5942636.02,226661234.896858,0
2021-03-11,37.5534,38.0434,35.8675,36.9026,8664283.5,1615507199999,319628166.831291,406006,4180482.21,154293375.385833,0
2021-03-12,36.8988,37.4995,34.3773,35.9551,6812852.03,1615593599999,244446555.924177,307608,3230356.26,115967222.132693,0
2021-03-13,35.9582,38.2742,34.6873,37.1418,7399275.26,1615679999999,273828141.882536,340503,3778871.95,139844638.233,0
2021-03-14,37.1308,37.9979,36.2477,36.4427,4741817.09,1615766399999,175719479.851548,230964,2241675.3,83106282.195673,0
2021-03-15,36.4427,38.5636,33.8351,34.2963,10731480.2,1615852799999,383188649.76720893,505959,5228860.41,186805680.679731,0
2021-03-16,34.2868,35.5422,32.07,35.3987,9126077.86,1615939199999,310134804.51211,433755,4644471.51,157975758.341872,0
2021-03-17,35.3981,36.4495,34.3879,36.1036,6842523.37,1616025599999,243123632.665256,301270,3533574.25,125614221.453493,0
2021-03-18,36.1157,37.0187,34.9648,35.3399,5558730.76,1616111999999,201322579.154342,245829,2723450.13,98693708.280867,0
2021-03-19,35.3399,38.8636,34.6,38.1735,9561406.59,1616198399999,356387974.452902,511377,4911693.94,183043372.014084,0
2021-03-20,38.1735,40.1,37.1559,37.2279,8583160.2,1616284799999,336353386.758988,545858,4357359.85,170881479.683666,0
2021-03-21,37.2293,38.0995,36.1001,36.6851,6631041.19,1616371199999,245377130.080839,306808,3344176.45,123771292.208459,0
2021-03-22,36.6802,37.7803,35.0572,35.2338,6137342.07,1616457599999,224614281.61593,286867,2920861.98,106953001.168416,0
2021-03-23,35.2202,36.2896,34.0325,34.2174,5897723.07,1616543999999,207451097.246862,330835,2860244.58,100668548.293262,0
2021-03-24,34.1961,36.1468,27.4586,30.2209,13285955.46,1616630399999,423599600.509516,626750,6201584.32,197653684.089655,0
2021-03-25,30.2139,31.2676,28.3,29.8059,17474869.14,1616716799999,521686968.604594,693181,8733450.8,260799274.39996,0
2021-03-26,29.8059,33.3689,29.7894,33.1782,7973987.37,1616803199999,250686135.445118,446169,3957348.85,124353007.990038,0
2021-03-27,33.1607,33.5,31.1119,32.5884,6080754.51,1616889599999,197140845.911631,313328,3021265.16,97994382.429224,0
2021-03-28,32.5873,33.2231,31.2276,32.2331,4896790.56,1616975999999,158742629.435072,292343,2360657.15,76536822.879695,0
2021-03-29,32.2331,34.714,31.7496,34.3403,6754322.38,1617062399999,227757344.870181,387397,3248091.3,109555752.83045,0
2021-03-30,34.3404,34.8,33.4855,33.9778,5489182.37,1617148799999,186942587.37252,296736,2486885.74,84746654.959726,0
2021-03-31,33.9778,38.28,33.22,37.0765,14303159.29,1617235199999,515451723.418196,718356,7501963.26,270344120.133376,0
2021-04-01,37.0784,38.945,36.0021,37.461,9608182.24,1617321599999,360878285.780073,651791,4815256.85,180740011.299987,0
2021-04-02,37.4655,41.4081,36.5721,41.0271,10204662.65,1617407999999,396702443.30621105,643643,5280038.66,205531381.967561,0
2021-04-03,41.0344,46.8,40.9103,41.3802,18075397.33,1617494399999,797469848.021123,1226995,9157183.89,404095991.114808,0
2021-04-04,41.38,45.0858,40.6666,44.3135,8717890.34,1617580799999,380478968.01377,622802,4397590.28,192020001.062491,0
2021-04-05,44.3204,45.8694,41.806,45.8003,7991387.42,1617667199999,348965251.721777,435402,3947886.52,172480455.918835,0
2021-04-06,45.8,46.2616,41.56,43.35,9415415.87,1617753599999,412681817.49279106,451422,4740784.11,207949663.459391,0
2021-04-07,43.3547,43.5038,37.69,39.5013,11787515.43,1617839999999,474173726.29073906,575212,5689532.93,228971622.585438,0
2021-04-08,39.51,41.5999,39.2121,41.334,5879782.79,1617926399999,238610868.002639,432601,3064758.35,124366227.8396,0
2021-04-09,41.3248,42.0984,40.0501,40.8085,4356116.29,1618012799999,178899046.408409,245199,2210787.81,90806322.944329,0
2021-04-10,40.8085,42.757,39.9777,41.5868,5302312.77,1618099199999,220355666.96373,310279,2576992.94,107093476.792424,0
2021-04-11,41.6,41.87,39.9818,41.3196,5023884.47,1618185599999,205061228.617838,288275,2472554.76,100943351.983279,0
2021-04-12,41.3133,41.7699,39.3643,40.46,6509499.53,1618271999999,264924895.974708,341074,3332879.36,135705010.958655,0
2021-04-13,40.4601,43.3554,39.809,42.9301,9390973.4,1618358399999,388824668.437334,512642,4602826.28,190663602.729186,0
2021-04-14,42.9301,44.5594,40.0,42.5171,10710847.58,1618444799999,455533856.02912897,569168,5148202.18,218950668.036534,0
2021-04-15,42.5217,44.3,41.4046,43.4318,8291327.15,1618531199999,355045175.189824,466976,4014672.01,171978138.058353,0
2021-04-16,43.4169,43.8252,40.0007,41.3898,9269576.83,1618617599999,389038149.701362,520471,4742725.02,199073745.334327,0
2021-04-17,41.3931,48.36,41.37,42.0577,17205151.16,1618703999999,769188816.563127,1016855,8552885.31,382815602.884159,0
2021-04-18,42.0568,42.7051,32.0,37.363,25846971.85,1618790399999,943946817.106623,1226865,12414086.32,453064667.97269696,0
2021-04-19,37.3623,38.7007,34.0,34.7373,11880828.89,1618876799999,431036843.282096,570302,5968569.39,216935617.184014,0
2021-04-20,34.7371,35.7508,31.5542,35.4133,14345901.28,1618963199999,484353519.55610496,649553,6896920.62,233135445.347491,0
2021-04-21,35.4112,36.3172,33.0261,33.7953,11604140.78,1619049599999,403597433.405648,556688,5597684.5,194734388.392474,0
2021-04-22,33.7714,36.7635,32.8,32.9571,17785821.28,1619135999999,610095103.540605,756767,8972354.17,307783473.736133,0
2021-04-23,32.947,33.4998,26.6355,32.2323,25328983.32,1619222399999,762835610.752339,973517,12775344.19,384495385.317806,0
2021-04-24,32.2402,32.4026,28.53,28.9629,12019207.5,1619308799999,364599179.84303504,519054,6018406.43,182506885.617671,0
2021-04-25,28.9819,31.3,28.1,29.83,7392943.065,1619395199999,219859456.155838,393744,3584821.328,106715542.485445,0
2021-04-26,29.83,33.473,29.755,33.4,12586853.239,1619481599999,406292770.169756,580304,6448659.142,208214848.724366,0
2021-04-27,33.396,34.94,33.141,34.845,10126562.837,1619567999999,344820727.257083,560936,5120632.933,174402386.937297,0
2021-04-28,34.845,35.389,32.566,33.972,9168443.638,1619654399999,309130585.047848,466275,4524898.924,152521982.238234,0
2021-04-29,33.968,36.0,32.966,35.979,8746880.388,1619740799999,297473292.670809,452188,4359057.706,148257003.898054,0
2021-04-30,35.979,36.811,35.087,36.522,11153636.937,1619827199999,402233061.54452306,669188,5738057.421,206976527.894821,0
2021-05-01,36.511,37.46,35.8,36.908,7426793.568,1619913599999,272383069.920689,382683,3787654.847,138960559.913501,0
2021-05-02,36.904,37.179,35.485,36.626,6899280.736,1619999999999,251080965.187143,332879,3399671.85,123735238.436012,0
2021-05-03,36.62,38.3,36.571,37.25,8437636.158,1620086399999,315957386.320209,477568,4225602.639,158308441.374846,0
2021-05-04,37.249,37.931,34.366,34.777,13221688.847,1620172799999,476098662.845805,652790,6521152.33,234926852.758605,0
2021-05-05,34.778,40.761,34.522,40.422,15940781.371,1620259199999,608061480.8720031,805191,8375472.994,319496614.62646,0
2021-05-06,40.423,43.9,37.98,41.588,19626530.967,1620345599999,798053897.005788,1035825,9838950.792,400308277.005908,0
2021-05-07,41.564,42.8,38.34,39.864,13673656.089,1620431999999,558699479.8008289,725188,6748945.591,275794825.829054,0
2021-05-08,39.869,40.646,38.693,39.899,7174506.876,1620518399999,285102867.786409,377129,3612468.433,143571965.716979,0
2021-05-09,39.898,40.558,38.2,40.3,9941002.399,1620604799999,392861624.84722304,488152,4896210.798,193516929.942298,0
2021-05-10,40.309,41.85,32.059,36.488,15156271.812,1620691199999,579552858.2601689,846716,7424635.148,284192124.418245,0
2021-05-11,36.488,38.683,35.529,38.637,10529252.621,1620777599999,389349189.31851506,584502,5463099.643,202051175.630168,0
2021-05-12,38.638,42.472,33.74,35.128,19203754.059,1620863999999,753241875.696237,1170503,9497388.636,372996229.17441106,0
2021-05-13,35.129,41.869,33.0,39.988,32382529.916,1620950399999,1259980989.40105,1773815,16354465.163,636892154.125476,0
2021-05-14,39.982,48.0,39.381,47.979,25755875.959,1621036799999,1115211607.382656,1616221,13649437.832,591874673.671367,0
2021-05-15,47.97,49.78,42.723,43.643,29713880.387,1621123199999,1388383218.238688,1797562,14877666.378,695683520.309676,0
2021-05-16,43.638,46.722,39.277,42.436,19390116.793,1621209599999,833077765.00723,1223333,9644623.677,414879875.87859106,0
2021-05-17,42.426,42.471,35.1,38.693,22756823.567,1621295999999,882657845.170877,1224424,11067873.439,429695260.484102,0
2021-05-18,38.691,42.598,37.653,40.595,18784123.607,1621382399999,752887130.431293,1013748,9486212.816,380324099.451294,0
2021-05-19,40.603,41.403,18.0,25.044,76760027.408,1621468799999,2291132124.042648,2861458,36591006.719,1095993006.707891,0
2021-05-20,25.044,31.288,21.2,28.958,46079545.709,1621555199999,1257703487.654612,1636510,22820929.754,623385391.458259,0
2021-05-21,28.944,30.999,20.0,24.399,49259719.832,1621641599999,1238361810.324912,1583433,24373351.383,614351604.3578969,0
2021-05-22,24.386,24.6,20.314,22.057,32371263.631,1621727999999,731634044.2741901,1138932,16130930.499,364471213.59479,0
2021-05-23,22.05,23.465,13.638,17.912,65071228.803,1621814399999,1149967076.485791,1725613,31821700.416,563499353.695792,0
2021-05-24,17.913,23.482,17.098,23.261,43581078.152,1621900799999,886775294.956936,1296303,22049624.938,448923440.900756,0
2021-05-25,23.267,24.217,19.65,22.16,34789720.032,1621987199999,752653508.704671,1090363,17461185.286,377981254.316633,0
2021-05-26,22.149,24.771,21.603,24.528,26085513.265,1622073599999,608535711.8834311,1012784,13138980.793,306659473.675579,0
2021-05-27,24.529,24.946,21.747,23.982,22582359.517,1622159999999,529696592.58529,840356,11255452.115,264290530.65044,0
2021-05-28,23.987,26.22,20.0,21.35,40752090.288,1622246399999,917643869.2083471,1408650,20041144.861,451609977.26778495,0
2021-05-29,21.349,22.319,18.779,19.868,20620470.347,1622332799999,423929772.952276,733877,10111000.923,208077361.860553,0
2021-05-30,19.881,21.356,18.416,20.465,17307772.375,1622419199999,351190236.378652,624064,8566599.859,173911021.168045,0
2021-05-31,20.46,23.45,19.06,23.264,21593146.82,1622505599999,458802954.187542,761763,10996614.78,233689696.520446,0
2021-06-01,23.273,23.539,21.6,22.84,18793956.11,1622591999999,422557506.324423,753367,9542887.632,214686568.778385,0
2021-06-02,22.84,26.87,22.649,25.916,24489800.102,1622678399999,605825207.882552,1241891,12541956.645,310176879.232597,0
2021-06-03,25.913,28.6,25.673,27.004,22096623.219,1622764799999,602717323.423216,1274565,10930524.144,298173172.569868,0
2021-06-04,27.005,27.019,23.605,24.988,23200131.881,1622851199999,576239612.88829,985149,11089357.035,275350138.342055,0
2021-06-05,24.991,26.4,22.933,23.771,15159286.356,1622937599999,374681469.695268,882820,7266047.812,179785667.415968,0
2021-06-06,23.772,24.501,23.433,24.184,8542620.371,1623023999999,205312976.912186,346779,4214685.428,101341027.513111,0
2021-06-07,24.189,25.283,21.3,21.686,16728777.96,1623110399999,399742774.08120704,671363,7946108.277,190063949.906787,0
2021-06-08,21.686,22.291,19.6,21.65,22854699.756,1623196799999,483168687.02567905,879284,11190716.338,236810081.486817,0
2021-06-09,21.643,23.335,20.361,23.214,17895882.483,1623283199999,391614110.23073906,690842,8803506.929,192679110.988083,0
2021-06-10,23.216,24.6,22.042,22.683,18698941.752,1623369599999,439960346.80035293,745905,9333822.046,219610648.956311,0
2021-06-11,22.68,23.206,20.487,20.95,12851416.712,1623455999999,283090536.03217,596002,6236343.273,137420639.171156,0
2021-06-12,20.945,21.262,19.5,20.742,12547282.803,1623542399999,255877618.405633,484353,6283311.578,128146001.732471,0
2021-06-13,20.742,22.412,19.928,22.04,9398764.597,1623628799999,197377445.449344,379717,4794729.215,100646135.452834,0
2021-06-14,22.041,26.026,21.233,25.858,23122012.59,1623715199999,550314633.622724,1171223,12146993.658,289422582.122439,0
2021-06-15,25.858,26.009,23.514,23.942,17728382.399,1623801599999,435871196.885298,1147831,8483625.923,208677302.685431,0
2021-06-16,23.942,24.584,22.491,23.033,13836266.103,1623887999999,323846736.226706,676924,6690686.299,156651029.893842,0
2021-06-17,23.028,24.0,22.0,22.533,10290433.237,1623974399999,237609364.610461,615026,5069087.313,117221384.43418,0
2021-06-18,22.536,22.566,20.205,21.432,10556068.528,1624060799999,225950111.326408,430147,5148400.562,110212654.391465,0
2021-06-19,21.432,21.632,20.215,20.222,7447145.388,1624147199999,156251669.561517,403723,3539084.856,74309873.54888,0
2021-06-20,20.221,21.0,18.871,20.617,11045346.054,1624233599999,220052173.840306,539850,5109283.534,101854105.274228,0
2021-06-21,20.616,20.794,15.35,15.707,27185128.197,1624319999999,477391628.29364,917502,13411874.865,235550708.402386,0
2021-06-22,15.711,16.936,13.0,14.688,42443370.028,1624406399999,630210885.681015,1009364,20767838.166,308416508.092125,0
2021-06-23,14.684,16.8,13.963,15.792,24268090.268,1624492799999,385602939.878806,600231,12124008.488,192735137.031334,0
2021-06-24,15.794,16.609,14.724,16.223,14150471.665,1624579199999,224047083.174193,360698,7034782.437,111458921.420238,0
2021-06-25,16.224,16.742,14.414,14.422,15832639.428,1624665599999,243056713.028115,403261,7667922.598,117771559.516062,0
2021-06-26,14.424,14.981,13.616,14.511,13921587.238,1624751999999,197443771.131558,325801,7033176.649,99798386.754582,0
2021-06-27,14.507,15.027,14.03,15.01,10035136.207,1624838399999,145778526.723275,249715,4967728.605,72193798.497637,0
2021-06-28,15.008,16.026,14.584,15.794,12407568.948,1624924799999,189313240.248572,335027,6150833.448,93893917.77294,0
2021-06-29,15.793,17.029,15.714,16.3,15069027.291,1625011199999,247808283.587447,462292,7714557.778,126937603.152463,0
2021-06-30,16.305,16.628,15.086,16.402,13522533.232,1625097599999,213838895.646136,370783,6729228.915,106452779.65119,0
2021-07-01,16.4,16.411,14.85,15.174,10239264.118,1625183999999,158039674.622864,259546,4994321.323,77052352.326268,0
2021-07-02,15.173,15.455,14.622,15.289,7898912.744,1625270399999,118430782.249452,197774,3949197.702,59233015.713553,0
2021-07-03,15.288,15.752,15.019,15.52,7020623.727,1625356799999,108331681.090896,182181,3610999.749,55714793.178708,0
2021-07-04,15.523,16.575,15.162,15.975,8386779.841,1625443199999,133389986.683411,243305,4348823.469,69162245.452774,0
2021-07-05,15.974,15.975,14.5,15.228,10609352.577,1625529599999,162657727.580447,266936,5108266.55,78400148.180155,0
2021-07-06,15.229,16.191,15.194,16.135,12531769.007,1625615999999,196619994.802449,340803,6372677.59,100003870.78508,0
2021-07-07,16.127,17.668,16.085,16.861,18479476.985,1625702399999,311827864.942478,624612,9247614.035,156060714.065483,0
2021-07-08,16.862,16.893,14.99,15.317,13613806.663,1625788799999,214205225.438089,440875,6570726.328,103408149.897308,0
2021-07-09,15.311,15.918,14.82,15.681,8527447.532,1625875199999,131365587.889219,228112,4207703.511,64847203.96218,0
2021-07-10,15.681,15.999,15.038,15.276,7361515.051,1625961599999,113392501.11478,173321,3592637.233,55359412.42533,0
2021-07-11,15.277,15.708,15.138,15.495,5220591.256,1626047999999,80696309.864375,133143,2619892.317,40490891.682739,0
2021-07-12,15.495,15.65,14.381,14.845,7384762.29,1626134399999,111467155.293549,193377,3571226.298,53952535.711249,0
2021-07-13,14.845,15.099,14.011,14.19,7000669.871,1626220799999,101259769.691486,183421,3506110.095,50725593.535989,0
2021-07-14,14.191,14.227,13.164,13.801,11240723.808,1626307199999,153459912.067134,300231,5457357.755,74505078.483622,0
2021-07-15,13.798,14.108,12.739,13.095,11295460.335,1626393599999,149339226.845827,270779,5604065.997,74078462.134758,0
2021-07-16,13.095,13.313,12.0,12.026,11747810.942,1626479999999,148061094.180568,304404,5686382.658,71720194.162146,0
2021-07-17,12.025,12.742,11.71,12.294,12685758.457,1626566399999,153895571.813728,294032,6460817.168,78407399.757653,0
2021-07-18,12.296,12.934,12.258,12.647,8943548.853,1626652799999,112891922.356729,234273,4593340.807,58003907.294988,0
2021-07-19,12.648,12.735,11.354,11.46,13496594.169,1626739199999,159432053.55778,286561,6710874.521,79234678.469887,0
2021-07-20,11.463,11.558,10.373,10.958,15411227.688,1626825599999,166927136.993313,341945,7486735.447,81082221.118564,0
2021-07-21,10.962,12.861,10.673,12.343,20720488.404,1626911999999,247722294.365351,559775,10455433.004,124995098.89208,0
2021-07-22,12.344,13.37,11.81,13.152,17109976.612,1626998399999,215356439.903998,570321,8598972.223,108183981.476086,0
2021-07-23,13.154,13.52,12.321,13.401,14319244.955,1627084799999,186094453.07256,684836,7043089.233,91516677.856491,0
2021-07-24,13.4,14.057,13.123,13.754,13352533.272,1627171199999,181318418.443752,366695,6744424.473,91565347.054136,0
2021-07-25,13.759,13.827,13.085,13.734,10636601.766,1627257599999,142811156.885499,362301,5325742.702,71516472.587401,0
2021-07-26,13.732,15.298,13.634,13.925,25704112.204,1627343999999,375986449.672794,679300,12888220.684,188443987.187176,0
2021-07-27,13.924,14.54,13.349,14.365,16376850.101,1627430399999,227477909.199688,424388,8430445.088,117066043.80869,0
2021-07-28,14.364,14.762,13.921,14.546,13296413.169,1627516799999,191569870.114092,447508,6658312.368,95963577.558431,0
2021-07-29,14.542,15.391,14.257,15.254,16761635.313,1627603199999,247024432.623203,647300,8373767.875,123403627.93015,0
2021-07-30,15.258,15.859,14.404,15.793,12163617.879,1627689599999,183860182.08524,636762,6139326.372,92860913.232016,0
2021-07-31,15.791,17.018,15.58,16.784,12127994.279,1627775999999,197145879.550927,482941,6039531.822,98259769.701428,0
2021-08-01,16.779,19.9,16.539,18.418,29839953.331,1627862399999,558284181.489567,1291018,14392966.255,269365068.600763,0
2021-08-02,18.418,18.938,17.555,17.984,17843839.093,1627948799999,325109824.990503,906995,9042010.721,164763181.990635,0
2021-08-03,17.984,18.546,16.811,17.425,15066105.66,1628035199999,263383373.492614,625435,7425322.924,129798826.335413,0
2021-08-04,17.426,19.584,17.094,19.15,17035350.579,1628121599999,312972612.494794,740297,8738857.564,160722713.493781,0
2021-08-05,19.146,19.458,17.861,19.124,17528313.721,1628207999999,330225852.216831,925446,8684019.9,163711483.667997,0
2021-08-06,19.124,20.8,18.522,20.416,17461334.492,1628294399999,344423165.015171,966330,8899181.467,175441765.967707,0
2021-08-07,20.417,21.683,20.025,20.963,16386907.83,1628380799999,341241996.734098,1081125,8358475.713,174033425.123244,0
2021-08-08,20.963,21.205,19.192,19.65,11727291.345,1628467199999,238137970.004807,563008,5759415.388,116996228.824221,0
2021-08-09,19.651,21.267,18.706,20.566,12450237.876,1628553599999,251756587.124814,496200,6282536.279,127143619.385952,0
2021-08-10,20.566,21.419,20.08,20.616,13345048.98,1628639999999,276052212.636377,514340,6941540.444,143628233.904928,0
2021-08-11,20.61,22.45,20.54,21.347,17980834.426,1628726399999,388428447.353544,787966,9295460.498,200790269.916607,0
2021-08-12,21.346,22.314,19.9,20.755,13916627.074,1628812799999,291644002.432097,501075,6743101.85,141456580.452567,0
2021-08-13,20.759,22.729,20.503,22.723,10079219.543,1628899199999,220334164.425659,436007,5116850.186,111910173.957544,0
2021-08-14,22.723,23.488,21.771,22.835,12206858.981,1628985599999,275512895.335878,569879,6029420.403,136119557.483755,0
2021-08-15,22.833,23.33,21.836,23.15,10311557.705,1629071999999,232201567.612928,461036,5139111.169,115802096.050497,0
2021-08-16,23.15,25.699,22.821,24.432,23210244.18,1629158399999,569040464.8218449,1143518,11601032.775,284446795.102322,0
2021-08-17,24.419,27.422,23.01,23.545,29082405.854,1629244799999,742682582.343631,1727373,14144272.647,361848521.168735,0
2021-08-18,23.548,25.183,22.5,23.868,20325842.456,1629331199999,487580208.143689,956756,10407467.588,249776009.48156,0
2021-08-19,23.868,26.849,23.464,26.582,18955398.089,1629417599999,472805896.800801,920780,9763955.366,243822796.773188,0
2021-08-20,26.579,28.477,26.066,28.149,18087062.298,1629503999999,496553312.93377,936247,9300749.467,255424302.730613,0
2021-08-21,28.149,29.351,27.47,27.863,15380800.777,1629590399999,437767477.181195,901456,7711535.248,219686941.535144,0
2021-08-22,27.861,28.52,26.5,27.685,12726834.131,1629676799999,350198421.791702,756254,6551862.606,180542247.579863,0
2021-08-23,27.683,28.627,27.312,27.877,12452305.837,1629763199999,348507620.536302,598130,6425917.447,179904708.849481,0
2021-08-24,27.876,28.172,24.351,25.067,15563782.332,1629849599999,408251702.69915104,661239,7552049.078,198079112.649865,0
2021-08-25,25.07,26.55,24.471,25.982,13580763.063,1629935999999,348621380.776693,538185,6764894.434,173727032.01843,0
2021-08-26,25.982,26.4,23.46,23.92,12202094.793,1630022399999,300116759.072389,517016,5873603.445,144525110.240287,0
2021-08-27,23.92,26.79,23.45,26.53,12760582.382,1630108799999,321109759.215254,439399,6257369.097,157762442.14635,0
2021-08-28,26.53,26.76,25.4,25.96,6962096.43,1630195199999,181083508.467,255638,3361502.08,87497750.9394,0
2021-08-29,25.96,26.46,25.24,25.7,5969161.7,1630281599999,154373694.7183,228248,2941951.12,76111707.9606,0
2021-08-30,25.71,27.58,24.32,26.03,14865324.488,1630367999999,385241291.336302,570795,6995857.104,181311535.506322,0
2021-08-31,26.05,31.95,25.61,31.35,40601758.669,1630454399999,1185799173.520495,2088535,20918402.6,611031534.225355,0
2021-09-01,31.34,33.838,29.6,33.18,26017654.839,1630540799999,811089511.958592,1391745,12884113.512,401926893.497092,0
2021-09-02,33.17,33.2,31.24,31.79,13487628.41,1630627199999,435633544.9978,644152,6665340.93,215363325.3507,0
2021-09-03,31.78,34.0,30.51,33.57,14346166.884,1630713599999,471768852.31701297,781638,7100358.684,233534440.252513,0
2021-09-04,33.58,34.13,32.0,32.4,7731353.806,1630799999999,255406149.694079,421992,3714845.634,122785390.773179,0
2021-09-05,32.41,34.78,31.97,34.42,9486930.418,1630886399999,316320840.471124,607589,4806276.953,160361224.851424,0
2021-09-06,34.43,35.1,32.3,34.35,12428084.43,1630972799999,424302148.820309,842180,6008688.98,205384079.295529,0
2021-09-07,34.35,35.68,22.66,27.97,40408249.411,1631059199999,1205391658.074879,1820580,19158505.25,572084960.810908,0
2021-09-08,27.97,28.88,25.2,27.76,23830480.97,1631145599999,655108735.0948,927132,11742693.23,322993673.137,0
2021-09-09,27.76,31.88,27.0,29.82,21170365.5,1631231999999,622867857.1774,1032337,10694361.18,314819733.677,0
2021-09-10,29.82,32.65,28.0,29.19,27860740.96,1631318399999,847452024.9074,1292621,13707110.5,417479703.9256,0
2021-09-11,29.18,32.1,28.25,31.57,15331069.56,1631404799999,464022098.3714,776981,7785686.49,235546455.6777,0
2021-09-12,31.57,36.45,30.66,35.79,28871476.13,1631491199999,967608451.303545,1825842,14898608.116,499694749.39333504,0
2021-09-13,35.81,38.07,31.5,34.84,49715992.152,1631577599999,1749798444.352266,2819337,24466729.449,861740299.132986,0
2021-09-14,34.84,38.77,34.08,37.36,23675929.094,1631663999999,871535388.404828,1329447,11735864.192,432195809.214058,0
2021-09-15,37.35,38.01,35.55,36.47,12212842.72,1631750399999,446407140.6908,579667,6073381.22,222007742.2527,0
2021-09-16,36.46,36.97,34.0,35.5,13726309.35,1631836799999,484409459.941,601519,6826805.38,240982115.931,0
2021-09-17,35.51,36.94,32.19,33.03,14073919.0,1631923199999,486546805.5563,776866,6564257.28,227269051.0983,0
2021-09-18,33.04,35.9,32.51,34.87,9990438.88,1632009599999,347152604.8801,508492,4897516.38,170173617.1862,0
2021-09-19,34.86,34.9,33.01,33.85,7884331.02,1632095999999,267305492.0588,411649,3818048.04,129512313.1144,0
2021-09-20,33.86,33.91,26.55,28.31,28383483.49,1632182399999,843311766.9983,1183841,13139968.29,390429306.1176,0
2021-09-21,28.31,30.38,25.5,26.39,24316299.56,1632268799999,685120449.6078,942973,11815624.39,333154405.4887,0
2021-09-22,26.39,32.0,25.91,31.6,18161430.28,1632355199999,530262588.7689,852355,9265473.27,270559523.3886,0
2021-09-23,31.58,33.6,30.37,33.41,13516616.87,1632441599999,429208790.3559,688802,6941965.94,220547891.3549,0
2021-09-24,33.42,33.54,27.9,30.79,28521525.89,1632527999999,867821691.5113,1220851,13984483.55,425412506.2279,0
2021-09-25,30.79,32.22,29.41,29.82,13368526.84,1632614399999,409243879.4748,617924,6571908.17,201222942.2878,0
2021-09-26,29.83,30.06,26.76,28.84,18340714.24,1632700799999,525671091.0006,701651,8902726.72,255350895.2425,0
2021-09-27,28.84,30.26,27.5,27.71,11094418.1,1632787199999,320340017.821,449178,5241779.45,151436865.0555,0
2021-09-28,27.72,28.38,26.14,26.31,9784154.53,1632873599999,267560973.6882,362304,4695232.85,128483337.4148,0
2021-09-29,26.31,28.59,26.11,27.28,10207287.33,1632959999999,280535376.3754,376232,4941103.09,135790279.3483,0
2021-09-30,27.28,28.99,27.13,28.62,8201551.44,1633046399999,230622998.4301,339737,4047107.55,113841820.0759,0
2021-10-01,28.61,32.33,28.5,31.94,13176348.21,1633132799999,402700970.6451,735059,6757708.75,206610747.5278,0
2021-10-02,31.94,33.39,31.52,32.01,8748363.88,1633219199999,283814409.5519,522276,4239105.54,137542145.94,0
2021-10-03,32.01,32.69,31.17,32.11,7871434.22,1633305599999,252056591.1485,350329,3822582.72,122454967.54,0
2021-10-04,32.1,32.11,30.04,31.15,9287969.05,1633391999999,288547980.6628,414743,4392137.22,136514199.6205,0
2021-10-05,31.15,32.16,30.52,31.39,8537858.77,1633478399999,268161491.1291,374395,4137541.73,130003854.3201,0
2021-10-06,31.39,33.09,29.11,32.19,14373589.09,1633564799999,448633539.3,704071,7083007.53,221214819.0104,0
2021-10-07,32.19,35.31,30.93,33.98,20356598.29,1633651199999,682316606.8833,1286323,10286843.68,345185782.8317,0
2021-10-08,33.98,34.49,33.03,33.35,11134583.44,1633737599999,375707512.1365,489045,5484595.92,185104560.9362,0
2021-10-09,33.36,36.9,33.0,36.33,12546752.37,1633823999999,441329764.1236,853574,6574572.96,231345703.8585,0
2021-10-10,36.33,37.45,34.13,34.43,13147574.66,1633910399999,473745609.4813,784594,6380132.32,230199246.084,0
2021-10-11,34.42,36.09,33.25,34.13,11467492.31,1633996799999,399306003.0663,469155,5554380.31,193451237.5254,0
2021-10-12,34.12,35.43,32.07,35.17,13326459.4,1634083199999,447030078.0177,620021,6600486.59,221453922.853,0
2021-10-13,35.16,43.22,33.57,41.69,36492731.213,1634169599999,1421849266.390259,2504028,18788022.149,733154548.1088591,0
2021-10-14,41.69,42.54,39.33,40.71,20178003.61,1634255999999,827523963.6019,1204347,9911585.18,406728403.4028,0
2021-10-15,40.69,44.24,39.45,43.28,22085746.426,1634342399999,916993507.345612,1533664,11113666.652,461835149.659762,0
2021-10-16,43.27,44.78,41.26,41.75,13673173.229,1634428799999,587677170.4371511,821141,6580419.865,283013235.767951,0
2021-10-17,41.74,42.87,39.52,42.12,10386680.07,1634515199999,433074569.9368,526261,5098971.01,212724275.165,0
2021-10-18,42.11,43.25,40.25,41.17,10911226.84,1634601599999,455982949.0426,550249,5379883.56,224965969.4865,0
2021-10-19,41.16,41.65,40.01,41.34,8843904.77,1634687999999,362263239.5587,405631,4348498.91,178144556.6163,0
2021-10-20,41.35,45.22,41.08,44.42,13310248.053,1634774399999,575094186.704693,991320,6712863.577,290095527.499643,0
2021-10-21,44.41,45.53,41.91,42.84,14782015.916,1634860799999,646186612.180047,1014715,7144307.296,312401801.051147,0
2021-10-22,42.83,46.39,42.68,43.51,16062749.38,1634947199999,715523454.98632,1241116,7932942.97,353558696.92117,0
2021-10-23,43.5,44.79,43.08,43.95,6138290.14,1635033599999,269684423.4478,441867,2996353.19,131648542.8853,0
2021-10-24,43.94,44.17,41.27,42.31,7260724.06,1635119999999,310356005.1992,487576,3464487.52,148119057.2577,0
2021-10-25,42.3,44.8,42.11,44.55,7291785.53,1635206399999,318759784.0263,507703,3685591.25,161169421.6427,0
2021-10-26,44.55,46.0,43.31,44.93,9161833.46,1635292799999,406675314.5852,778131,4541525.1,201757864.3909,0
2021-10-27,44.93,45.77,38.7,40.44,17560562.15,1635379199999,738526790.5613,1215968,8364728.14,351715767.4337,0
2021-10-28,40.43,43.12,39.81,41.82,11629300.38,1635465599999,486938116.6984,726484,5755440.09,241063468.9681,0
2021-10-29,41.82,44.35,41.56,44.2,8788034.21,1635551999999,379251608.6998,560104,4515467.67,194931584.3755,0
2021-10-30,44.19,44.31,42.08,42.73,5254551.32,1635638399999,226326757.5573,339208,2477892.42,106745723.175,0
2021-10-31,42.73,43.36,41.01,42.77,6375433.77,1635724799999,268094221.5699,390771,3124574.16,131389381.8985,0
2021-11-01,42.78,51.57,41.7,49.98,23714028.213,1635811199999,1121822068.801071,2616111,12669384.891,599829343.8439009,0
2021-11-02,49.98,53.35,48.01,51.66,19822814.528,1635897599999,1008388946.718025,1679065,9854810.339,501595722.995235,0
2021-11-03,51.66,54.54,49.07,53.34,17237167.47,1635983999999,892383869.282692,1681025,8734923.678,452627864.410452,0
2021-11-04,53.35,55.09,52.16,53.82,14091354.818,1636070399999,752535110.9248979,1168396,7256897.071,387815134.598608,0
2021-11-05,53.83,53.93,50.56,51.76,8742278.8,1636156799999,454487603.3495,712132,4256904.53,221304889.4151,0
2021-11-06,51.75,52.42,49.0,52.02,8114011.78,1636243199999,411523728.3818,650701,3938264.25,199882317.1124,0
2021-11-07,52.03,53.53,51.29,52.22,7102199.25,1636329599999,372971989.0864,581999,3523950.43,185161693.9587,0
2021-11-08,52.22,53.87,51.63,53.36,7797418.81,1636415999999,412988422.6074,549923,3951235.81,209355129.7406,0
2021-11-09,53.36,53.39,50.52,50.78,10322506.13,1636502399999,536088035.3527,687062,5596170.88,290662173.0026,0
2021-11-10,50.79,52.08,42.5,46.74,19625912.74,1636588799999,955283652.7733,1301900,9967535.27,486723997.7437,0
2021-11-11,46.74,49.44,45.55,47.44,9323684.55,1636675199999,445829246.2323,866544,4599214.3,220008953.0532,0
2021-11-12,47.44,47.72,44.04,45.9,10700975.88,1636761599999,491599417.9078,872012,5249362.61,241331880.9279,0
2021-11-13,45.9,47.55,44.86,47.07,6068714.1,1636847999999,279926960.7247,498287,3162231.91,145810552.329,0
2021-11-14,47.07,47.83,45.02,46.39,4667465.13,1636934399999,215921873.1091,375059,2194724.32,101555451.288,0
2021-11-15,46.39,47.46,44.5,44.77,6580865.03,1637020799999,304443112.8668,454265,3255956.35,150748422.1889,0
2021-11-16,44.78,44.78,38.1,40.84,19699792.9,1637107199999,819109093.7469,1104386,9691487.04,403116445.097,0
2021-11-17,40.84,42.78,38.76,42.75,11336082.44,1637193599999,461011878.4366,789733,5729989.17,233116943.8135,0
2021-11-18,42.75,43.27,37.53,39.03,14653376.83,1637279999999,588692131.8966,856633,7203089.39,289580656.517,0
2021-11-19,39.03,42.28,38.36,41.24,8936329.85,1637366399999,359833271.3261,624573,4464067.08,179688194.0157,0
2021-11-20,41.23,42.1,39.83,42.1,5821401.36,1637452799999,239855623.2678,392290,2841771.12,117191667.3012,0
2021-11-21,42.09,43.56,40.64,41.94,6646315.92,1637539199999,278048692.575,522275,3339338.92,139783005.3515,0
2021-11-22,41.95,42.16,38.8,39.49,8474290.45,1637625599999,340615758.3476,462814,4223747.76,169760550.6644,0
2021-11-23,39.48,41.47,38.54,40.78,6985881.02,1637711999999,278796802.9236,402824,3500270.23,139633174.6441,0
2021-11-24,40.76,40.92,38.04,38.28,7264687.01,1637798399999,284751411.1149,387815,3370645.63,132124134.082,0
2021-11-25,38.27,40.93,38.04,39.47,7371944.97,1637884799999,291275670.0275,420429,3650711.83,144246220.1081,0
2021-11-26,39.48,39.62,33.67,34.56,16596267.73,1637971199999,595573466.4397,731785,8184700.03,293420043.2624,0
2021-11-27,34.55,36.12,34.43,35.16,6817533.23,1638057599999,240751573.5563,272723,3619868.95,127822197.4404,0
2021-11-28,35.16,35.85,32.21,35.76,10439305.23,1638143999999,353148799.1172,406960,5191717.7,175736442.4384,0
2021-11-29,35.75,37.53,35.4,37.1,7442054.72,1638230399999,270930920.9438,417415,3785874.49,137808838.3504,0
2021-11-30,37.1,39.35,35.28,37.95,9758902.6,1638316799999,365534586.8589,633558,4940172.49,185112339.5901,0
2021-12-01,37.96,38.78,36.22,36.76,6936636.91,1638403199999,261055768.325,385146,3536376.02,133148869.0847,0
2021-12-02,36.76,36.79,35.05,35.75,5653240.06,1638489599999,202979098.7329,308854,2878449.91,103363174.4685,0
2021-12-03,35.76,36.84,32.56,33.7,9114532.42,1638575999999,317527763.2912,450494,4596250.8,160455614.4277,0
2021-12-04,33.7,33.86,24.35,29.38,24608037.9,1638662399999,700064729.2681,946882,11739693.59,333984718.9264,0
2021-12-05,29.38,29.74,26.33,28.31,11536652.53,1638748799999,323667386.275,397320,5689452.65,159687042.2519,0
2021-12-06,28.31,28.92,24.84,28.13,16137260.41,1638835199999,430716088.7916,533025,8211337.56,219463686.6827,0
2021-12-07,28.12,31.49,27.69,30.5,13072414.91,1638921599999,384971841.1315,523750,6636609.33,195367939.2549,0
2021-12-08,30.49,30.63,28.02,29.84,10373073.12,1639007999999,303196296.9737,358512,5600926.17,163790006.5681,0
2021-12-09,29.85,30.13,26.8,26.9,9383772.0,1639094399999,264460990.2859,322649,4466278.52,125959095.3181,0
2021-12-10,26.91,28.43,25.71,26.44,11306697.95,1639180799999,304674251.8432,363700,5577239.8,150303352.6917,0
2021-12-11,26.44,28.18,25.81,27.81,8148503.07,1639267199999,224132666.45,295702,4171234.81,114738559.5244,0
2021-12-12,27.82,30.12,27.31,29.54,5833358.42,1639353599999,167307239.6663,262481,3025475.89,86799875.2975,0
2021-12-13,29.54,29.87,25.54,25.96,10566935.28,1639439999999,291320002.882,407130,4994447.26,137582457.4281,0
2021-12-14,25.97,26.71,25.0,26.15,10443455.71,1639526399999,271233551.2572,346210,5619935.97,146064552.6561,0
2021-12-15,26.14,28.03,24.27,27.14,13450685.93,1639612799999,353163805.8593,472465,6963365.02,183190535.3222,0
2021-12-16,27.14,27.84,25.55,26.02,14427194.9,1639699199999,387629608.9523,472704,7414295.44,199553458.4636,0
2021-12-17,26.02,26.21,24.16,24.64,10403388.65,1639785599999,261264454.2241,335540,5574821.1,140089793.6994,0
2021-12-18,24.64,25.72,24.21,25.49,7437623.45,1639871999999,186389544.4169,259813,3955180.16,99080687.5431,0
2021-12-19,25.48,25.86,24.63,24.78,5757699.98,1639958399999,145010019.3819,213829,2917328.65,73505159.6948,0
2021-12-20,24.78,25.01,23.27,24.07,7053641.28,1640044799999,170007060.201,252704,3522929.19,84913992.6381,0
2021-12-21,24.07,25.59,23.74,25.16,7752931.61,1640131199999,191688314.8186,257375,4256220.23,105211776.5993,0
2021-12-22,25.16,28.23,24.98,27.22,10788179.43,1640217599999,288608060.3913,477294,5582487.16,149381811.3021,0
2021-12-23,27.23,29.81,26.73,29.16,10938539.93,1640303999999,306790205.3687,529622,5450777.54,153019933.6563,0
2021-12-24,29.16,29.67,27.83,28.14,6450389.72,1640390399999,186847375.3423,298430,3100397.85,89875419.6137,0
2021-12-25,28.14,29.12,27.94,28.84,3990671.82,1640476799999,113646965.0096,162561,1991624.12,56731326.9176,0
2021-12-26,28.86,31.74,28.27,31.32,9409786.98,1640563199999,281858170.1732,517325,4777386.59,143077639.4039,0
2021-12-27,31.32,32.78,30.83,30.97,8619790.22,1640649599999,274112089.6287,482841,4253621.97,135383169.5697,0
2021-12-28,30.96,30.97,27.46,27.83,15826935.59,1640735999999,460908150.6476,585511,8089875.21,235566059.4653,0
2021-12-29,27.84,28.96,26.48,26.82,9578005.6,1640822399999,267712846.4027,395041,4605647.36,128836048.9958,0
2021-12-30,26.81,28.42,26.17,27.54,7797319.16,1640908799999,213673335.7466,297943,3754810.6,102898966.0298,0
2021-12-31,27.54,28.12,26.24,26.66,9510787.97,1640995199999,258322507.2364,364393,4589782.87,124727840.1318,0
2022-01-01,26.67,28.65,26.66,28.6,5227230.45,1641081599999,143998965.1034,209177,2679260.0,73841710.3562,0
2022-01-02,28.6,30.62,27.82,29.69,8942930.92,1641167999999,262077782.3053,385030,4546819.57,133296869.3634,0
2022-01-03,29.69,30.88,28.62,30.11,11890491.01,1641254399999,353857200.1497,584743,5896806.29,175502238.4234,0
2022-01-04,30.1,30.58,28.66,28.69,11149885.08,1641340799999,331365102.5583,471505,5564481.61,165443982.875,0
2022-01-05,28.69,30.39,25.05,26.72,14135011.01,1641427199999,401227022.4103,653564,6850012.8,194927298.1974,0
2022-01-06,26.73,27.36,25.5,26.72,11412775.24,1641513599999,299936557.6505,449221,5766619.69,151578029.016,0
2022-01-07,26.72,26.86,24.24,24.9,14333874.43,1641599999999,363043454.6843,559374,6996944.8,177297619.7075,0
2022-01-08,24.9,25.54,23.12,23.99,9965873.23,1641686399999,244572660.786,377457,4943130.97,121427126.3612,0
2022-01-09,23.98,25.32,23.67,24.63,7523995.26,1641772799999,184387901.2226,270529,3756081.79,92061583.4123,0
2022-01-10,24.63,25.22,22.43,23.72,11667129.55,1641859199999,276522625.56632,391299,5681533.378,134707539.48527,0
2022-01-11,23.73,26.0,23.48,25.56,9473674.68,1641945599999,235078342.3351,309738,4918998.55,122036567.0859,0
2022-01-12,25.56,27.58,25.45,27.32,7566219.5,1642031999999,201191355.5696,319932,3925408.79,104434354.7811,0
2022-01-13,27.33,27.68,25.71,25.79,7656681.93,1642118399999,204220516.3949,327157,3550626.88,94757174.4017,0
2022-01-14,25.79,27.88,25.53,27.75,9449831.9,1642204799999,254448275.9457,421778,5119352.8,137884118.8672,0
2022-01-15,27.75,28.41,26.83,27.6,5575781.94,1642291199999,153649373.0751,274699,2790082.53,76897323.7355,0
2022-01-16,27.6,28.47,27.26,27.7,7073389.72,1642377599999,197261377.6672,327845,3420312.69,95457456.7798,0
2022-01-17,27.7,27.76,25.1,25.69,8233269.46,1642463999999,217042645.2286,326373,3824622.92,100686752.9389,0
2022-01-18,25.69,26.07,24.24,25.15,7145666.21,1642550399999,178517774.8907,275151,3522777.17,88031031.7523,0
2022-01-19,25.15,25.3,23.68,24.05,6462252.41,1642636799999,157244747.2795,241686,3124629.57,76057493.3448,0
2022-01-20,24.06,25.62,22.84,23.01,6578668.82,1642723199999,160357989.3978,278348,3149652.41,76921435.1514,0
2022-01-21,23.01,23.48,19.04,19.67,17269209.912,1642809599999,371432669.91895,599228,7995489.09,171989675.87731,0
2022-01-22,19.66,20.16,16.17,18.27,23239217.068,1642895999999,424011444.458338,629097,11275865.24,205839229.7933,0
2022-01-23,18.27,19.2,17.73,18.81,11483380.21,1642982399999,212079989.0278,338840,5761415.86,106440359.5645,0
2022-01-24,18.81,18.82,15.83,18.02,20381626.573,1643068799999,345828687.90308,535040,10112702.566,171776175.6256,0
2022-01-25,18.02,19.05,17.36,18.31,9945213.12,1643155199999,181544754.5088,285360,5073641.85,92657928.9421,0
2022-01-26,18.32,20.06,17.51,18.08,14459131.31,1643241599999,272101060.8627,441587,7225689.14,136049842.2803,0
2022-01-27,18.08,18.42,17.14,18.12,9271719.1,1643327999999,164875191.1837,265141,4664269.19,82995047.4472,0
2022-01-28,18.12,18.49,17.36,18.34,7390664.94,1643414399999,132944555.8331,230443,3765921.45,67764481.9703,0
2022-01-29,18.34,19.06,18.08,18.74,4892745.7,1643500799999,90937096.6065,164519,2490965.76,46329487.5316,0
2022-01-30,18.75,19.0,17.8,18.15,5074979.97,1643587199999,93864670.2753,162024,2485766.43,46000102.9876,0
2022-01-31,18.15,19.61,17.12,19.37,8316149.9,1643673599999,151700168.2556,266922,4246668.84,77431214.8537,0
2022-02-01,19.38,20.0,19.15,19.57,8041127.34,1643759999999,157536671.6736,270508,4045387.69,79273143.0217,0
2022-02-02,19.57,20.58,18.53,18.76,8769960.78,1643846399999,172307776.6546,334194,4304223.2,84637295.5063,0
2022-02-03,18.77,18.96,17.97,18.92,6622008.64,1643932799999,122238026.5908,223082,3413602.62,63057178.0827,0
2022-02-04,18.91,20.53,18.71,20.48,9084604.77,1644019199999,177769349.9217,275807,4801220.55,94007480.5112,0
2022-02-05,20.49,22.29,20.3,21.33,8873091.18,1644105599999,190945390.9733,369642,4613288.61,99276155.3045,0
2022-02-06,21.32,21.93,20.78,21.91,4783912.16,1644191999999,102159037.6528,197998,2422510.41,51756604.8555,0
2022-02-07,21.91,22.7,21.39,22.35,9933306.22,1644278399999,220581220.0829,367182,4953298.65,110082054.299,0
2022-02-08,22.36,23.19,21.06,21.66,10692150.43,1644364799999,234488489.3329,367800,5231057.2,114720966.4856,0
2022-02-09,21.66,22.24,21.05,21.94,5280116.45,1644451199999,114891147.5486,169292,2577420.49,56097050.8381,0
2022-02-10,21.95,22.48,20.49,20.51,9903304.31,1644537599999,213074605.8356,328132,4786188.69,103041831.9185,0
2022-02-11,20.51,20.73,18.58,18.98,9586582.78,1644623999999,192061181.4684,269262,4541547.9,91096255.6309,0
2022-02-12,18.98,19.42,18.25,18.82,6512111.12,1644710399999,122688402.6888,187030,3177044.08,59860506.5981,0
2022-02-13,18.83,19.28,18.38,18.73,4675422.19,1644796799999,88371484.014,126204,2326663.52,43990259.1378,0
2022-02-14,18.74,18.95,18.02,18.7,5075585.02,1644883199999,93800750.7152,146572,2456909.82,45415378.7396,0
2022-02-15,18.7,20.34,18.64,20.16,5428840.64,1644969599999,106302711.8098,175305,2757057.6,53995701.8895,0
2022-02-16,20.17,20.19,19.05,19.76,5643848.37,1645055999999,110895415.8691,174940,2668301.66,52445892.5807,0
2022-02-17,19.77,20.01,17.8,18.16,7873044.6,1645142399999,147856052.9931,244846,3495752.35,65621590.0198,0
2022-02-18,18.17,18.6,17.59,17.82,6205167.39,1645228799999,112325850.2207,180630,2946638.37,53361331.0019,0
2022-02-19,17.82,18.22,17.34,17.84,3507413.77,1645315199999,62338104.6888,105340,1750895.0,31123928.2158,0
2022-02-20,17.85,17.87,16.67,16.91,6518197.69,1645401599999,110985772.1713,165504,3177347.18,54098856.2549,0
2022-02-21,16.91,17.74,16.03,16.18,11178458.24,1645487999999,188216746.6464,273365,5463905.55,92096868.9252,0
2022-02-22,16.18,16.73,15.8,16.6,8427783.22,1645574399999,136778287.8005,185607,4296384.2,69775983.0589,0
2022-02-23,16.61,17.51,15.91,15.97,10055911.02,1645660799999,168295996.1467,237953,5206337.51,87214364.4125,0
2022-02-24,15.97,16.75,14.05,16.16,22293881.528,1645747199999,336875109.944847,466213,10766127.176,162673396.4383,0
2022-02-25,16.17,17.52,15.78,17.25,8246998.11,1645833599999,134910660.0279,211521,4198435.39,68719937.6556,0
2022-02-26,17.26,18.78,17.16,18.03,10979780.48,1645919999999,198667445.3076,309549,5422928.72,98164625.0571,0
2022-02-27,18.03,18.72,17.07,17.5,9879341.39,1646006399999,176867091.9967,262992,4792166.78,85854373.3071,0
2022-02-28,17.5,19.11,16.62,18.94,14924830.91,1646092799999,262571854.0123,326935,9034282.08,158982120.7635,0
2022-03-01,18.94,19.56,18.32,18.89,11677345.78,1646179199999,220601939.1717,320889,5604540.45,105918111.8748,0
2022-03-02,18.9,19.26,18.35,18.61,8422865.21,1646265599999,158046725.7166,236252,4072289.88,76453429.2752,0
2022-03-03,18.61,18.67,17.77,18.02,7635060.13,1646351999999,139034673.9246,199171,3477071.03,63340454.8984,0
2022-03-04,18.02,18.06,16.5,16.79,8560042.35,1646438399999,147170903.4202,217361,4091047.04,70347730.7069,0
2022-03-05,16.79,17.8,16.18,17.33,5101742.9,1646524799999,86612442.4466,160982,2722483.66,46265146.3132,0
2022-03-06,17.33,17.59,16.51,16.99,5491289.2,1646611199999,93558590.641,158563,2753713.83,46938702.1386,0
2022-03-07,16.99,17.14,16.0,16.41,7318888.43,1646697599999,121170466.3838,206090,3697791.34,61233868.6136,0
2022-03-08,16.41,17.28,16.31,16.97,6275907.39,1646783999999,105512504.4025,167546,3367967.72,56643948.3495,0
2022-03-09,16.97,18.09,16.88,17.86,5742934.66,1646870399999,101623622.2622,163035,3021487.13,53448179.5267,0
2022-03-10,17.87,17.93,16.68,16.96,5040333.69,1646956799999,86136754.8538,144446,2449511.45,41845617.1832,0
2022-03-11,16.97,18.49,16.69,17.69,9499810.42,1647043199999,168964892.806,258063,4906699.75,87240176.1456,0
2022-03-12,17.7,18.75,17.68,18.14,6497976.77,1647129599999,118947709.248,229172,3395909.2,62193836.7953,0
2022-03-13,18.14,18.4,17.13,17.22,4818274.4,1647215999999,86043792.8475,170760,2340162.75,41782235.9093,0
2022-03-14,17.22,17.86,17.0,17.7,4696610.2,1647302399999,82067579.7685,132672,2440024.79,42637450.6404,0
2022-03-15,17.7,18.06,17.05,17.81,4076701.31,1647388799999,71398973.6628,139848,2088916.79,36610093.0164,0
2022-03-16,17.81,19.19,17.69,19.05,8986827.35,1647475199999,164584412.3286,272437,4483058.29,82160466.3944,0
2022-03-17,19.05,19.35,18.63,18.75,4721544.69,1647561599999,89440439.9346,131772,2286857.1,43338276.0594,0
2022-03-18,18.75,19.2,18.13,18.95,4587101.48,1647647999999,85522884.9768,136167,2266381.76,42293448.7113,0
2022-03-19,18.95,19.79,18.86,19.4,4955267.89,1647734399999,95919571.5195,173538,2536982.0,49144023.0294,0
2022-03-20,19.4,19.46,18.32,18.65,3665220.06,1647820799999,69138849.9193,125787,1680141.11,31693700.3216,0
2022-03-21,18.66,19.06,18.4,18.74,4133739.8,1647907199999,77622162.8513,133812,1956751.6,36770693.2576,0
2022-03-22,18.75,20.48,18.68,20.21,8290773.03,1647993599999,164180480.4395,299893,4267317.42,84500407.5879,0
2022-03-23,20.22,21.13,19.8,21.02,8218890.14,1648079999999,168389826.7503,358597,4230978.64,86733393.6589,0
2022-03-24,21.02,21.5,20.25,21.26,7157667.86,1648166399999,149850409.6794,253390,3589684.06,75200338.2702,0
2022-03-25,21.26,21.38,20.18,20.53,5860263.46,1648252799999,122159246.6369,179435,2681387.13,55896551.204,0
2022-03-26,20.54,21.04,20.24,20.91,3152433.21,1648339199999,65393377.6191,83292,1548663.37,32134549.7851,0
2022-03-27,20.92,22.48,20.71,22.46,5215022.34,1648425599999,111669490.8943,204128,2643505.83,56658019.835,0
2022-03-28,22.47,23.33,21.78,21.99,9121823.41,1648511999999,207898225.83,297796,4573951.59,104318131.8905,0
2022-03-29,21.99,22.96,21.83,22.42,7738475.52,1648598399999,173592000.5455,214376,3863645.4,86713454.6314,0
2022-03-30,22.43,23.0,21.62,22.45,7985199.05,1648684799999,178216316.6687,229519,4000600.16,89315699.4909,0
2022-03-31,22.46,23.06,21.08,21.33,8749758.6,1648771199999,193846033.7579,248492,4116021.94,91291747.3425,0
2022-04-01,21.33,22.17,20.6,22.07,7952049.94,1648857599999,170143990.9954,237844,4013171.53,85910161.6466,0
2022-04-02,22.07,23.85,21.95,22.61,10723061.37,1648943999999,245877307.2184,391350,5373124.65,123215078.5258,0
2022-04-03,22.61,23.57,22.51,23.21,7497259.93,1649030399999,172737851.8952,209588,3788039.65,87315720.2805,0
2022-04-04,23.21,23.23,21.6,22.89,7444175.86,1649116799999,167399546.2141,209325,3677860.62,82662462.3931,0
2022-04-05,22.9,23.12,21.68,21.78,6045973.86,1649203199999,136552989.2588,169360,3008619.86,68024654.0038,0
2022-04-06,21.78,21.82,19.71,19.85,8285158.05,1649289599999,172120456.4177,254683,3967666.63,82520124.2768,0
2022-04-07,19.84,20.65,19.45,20.4,5000936.99,1649375999999,100597301.6493,143840,2486137.52,50025668.0595,0
2022-04-08,20.4,20.58,19.14,19.43,4641004.36,1649462399999,93149029.407,119032,2224901.8,44651241.6989,0
2022-04-09,19.43,19.83,19.29,19.75,2328439.0,1649548799999,45610810.1524,60605,1132853.54,22200135.4836,0
2022-04-10,19.76,20.25,19.16,19.22,3716291.3,1649635199999,73328405.1557,92359,1871292.01,36946878.8962,0
2022-04-11,19.23,19.29,17.0,17.2,7676575.11,1649721599999,138208099.3642,196300,3655038.16,65818548.4739,0
2022-04-12,17.2,18.04,17.16,17.77,5075204.98,1649807999999,89394319.7251,140966,2633620.12,46408681.175,0
2022-04-13,17.77,18.3,17.37,18.2,3723536.86,1649894399999,66760393.2901,109086,1886657.38,33858694.8292,0
2022-04-14,18.2,18.48,17.47,17.91,3580226.26,1649980799999,64403775.6825,100658,1688648.95,30378542.6512,0
2022-04-15,17.91,18.43,17.78,18.34,2489380.26,1650067199999,45171891.5146,76905,1261161.22,22892591.3595,0
2022-04-16,18.35,18.7,18.17,18.61,2340391.42,1650153599999,43115226.5352,67396,1165017.39,21468521.2814,0
2022-04-17,18.61,18.81,17.65,17.74,2796505.88,1650239999999,51355426.9507,79407,1340850.75,24638046.2702,0
2022-04-18,17.74,18.36,17.1,18.15,4831063.54,1650326399999,85429480.179,130168,2405908.09,42579239.0651,0
2022-04-19,18.16,18.96,18.04,18.88,3242472.57,1650412799999,59892582.0554,93175,1690469.64,31228523.7964,0
2022-04-20,18.89,19.54,18.54,19.09,5373410.27,1650499199999,102401843.8527,162840,2559298.81,48775326.5463,0
2022-04-21,19.1,19.68,18.03,18.18,4574629.37,1650585599999,87013012.0687,147076,2128024.84,40526539.633,0
2022-04-22,18.17,18.53,18.07,18.28,3634735.07,1650671999999,66517627.9152,93788,1873608.83,34306330.1829,0
2022-04-23,18.28,19.27,17.96,18.69,3583194.77,1650758399999,66980562.5507,110244,1927746.3,36052922.0096,0
2022-04-24,18.69,19.16,18.07,18.17,3027438.28,1650844799999,56196588.4833,90421,1485651.57,27570577.2541,0
2022-04-25,18.17,18.25,17.12,18.1,5316099.45,1650931199999,93660434.2206,152371,2600001.46,45802043.1499,0
2022-04-26,18.11,18.34,16.4,16.68,5792628.08,1651017599999,100624509.7998,153082,2665214.17,46313726.9423,0
2022-04-27,16.68,17.27,16.48,16.94,3781290.25,1651103999999,64041285.2595,102653,1914091.17,32419363.4321,0
2022-04-28,16.94,17.43,16.75,16.99,4260939.1,1651190399999,72640479.2765,120035,2119536.24,36142580.2748,0
2022-04-29,16.99,17.07,15.99,16.19,4036404.24,1651276799999,66481128.2567,110239,1949760.89,32102604.9298,0
2022-04-30,16.19,16.45,14.18,14.5,6047042.51,1651363199999,93498795.7219,155043,3022068.09,46866443.1699,0
2022-05-01,14.5,15.53,14.48,15.36,5066643.89,1651449599999,76000246.1526,142003,2772065.63,41588523.5903,0
2022-05-02,15.36,15.6,14.56,14.96,5385162.38,1651535999999,80994840.1745,131461,2735648.52,41174114.0066,0
2022-05-03,14.97,15.23,14.52,14.72,3404204.43,1651622399999,50784170.618,78494,1695297.42,25288898.8769,0
2022-05-04,14.73,16.35,14.66,16.34,6243464.14,1651708799999,96420634.5889,141696,3242214.03,50084320.4944,0
2022-05-05,16.34,16.45,14.02,14.58,9116577.82,1651795199999,137294027.6758,214438,4436883.0,66778344.0372,0
2022-05-06,14.58,14.67,13.81,14.32,6781078.5,1651881599999,96930315.190683,156333,3449714.056,49335527.6052,0
2022-05-07,14.33,14.38,13.36,13.75,4305832.068,1651967999999,60366358.339608,100115,2123805.75,29785319.263,0
2022-05-08,13.75,13.88,13.03,13.25,7019382.931,1652054399999,94131882.211668,140423,3463548.49,46457815.93372,0
2022-05-09,13.26,13.49,10.51,10.62,19395824.829,1652140799999,229337958.945696,385487,9560419.423,113140541.82828,0
2022-05-10,10.63,12.44,10.31,11.36,18906768.511,1652227199999,216809026.276385,385047,9636915.643,110681626.63245,0
2022-05-11,11.35,11.66,8.06,9.09,31995073.859,1652313599999,316359655.610687,683576,15146493.244,150262438.66314,0
2022-05-12,9.07,9.52,7.3,8.71,25729345.375,1652399999999,215253954.22271,502173,13017215.026,109241965.4209,0
2022-05-13,8.7,11.79,8.56,10.46,25890493.66,1652486399999,272524262.6227,427446,13154251.78,138238557.7977,0
2022-05-14,10.45,11.56,9.76,11.3,15902710.63,1652572799999,168541392.98,300699,7944080.51,84249528.0845,0
2022-05-15,11.31,11.87,10.57,11.81,11082707.18,1652659199999,123422082.4015,218941,5660103.69,63064541.6002,0
2022-05-16,11.81,11.81,10.37,10.63,10051194.44,1652745599999,109369336.7559,213935,4957885.66,53938902.0224,0
2022-05-17,10.62,11.34,10.43,11.04,8641438.95,1652831999999,94535273.0717,167846,4424697.28,48420254.4748,0
2022-05-18,11.03,11.17,9.43,9.49,10809076.66,1652918399999,110317390.98,195469,5481729.3,55994840.6808,0
2022-05-19,9.49,10.41,9.22,10.03,10352256.32,1653004799999,101903360.8094,176101,5350249.49,52647315.2947,0
2022-05-20,10.04,10.26,9.45,9.67,8304278.67,1653091199999,81820169.6009,133824,4166632.08,41042348.4763,0
2022-05-21,9.67,10.1,9.46,10.0,4106354.74,1653177599999,40273702.8501,72163,2014436.57,19755683.5213,0
2022-05-22,10.0,10.34,9.87,10.16,4485374.89,1653263999999,45305518.4551,80446,2322289.64,23457365.8822,0
2022-05-23,10.16,10.8,9.8,9.88,9534059.79,1653350399999,98450333.3855,159435,5215645.77,53915354.5705,0
2022-05-24,9.88,10.27,9.56,10.19,6933332.57,1653436799999,68760611.4069,99855,3539638.43,35100288.3962,0
2022-05-25,10.19,10.34,9.77,9.87,6770708.75,1653523199999,67750596.9254,92236,3434138.67,34358711.4744,0
2022-05-26,9.87,10.0,8.82,9.14,13610458.18,1653609599999,127248556.3016,170161,6331659.38,59195892.68,0
2022-05-27,9.14,10.0,8.56,9.12,15631681.11,1653695999999,145061636.1985,231349,7420898.25,68838048.361,0
2022-05-28,9.12,9.8,8.95,9.65,5955686.38,1653782399999,55738281.7804,101637,3008226.23,28134774.0823,0
2022-05-29,9.66,10.04,9.33,9.98,5865314.46,1653868799999,56842400.612,104928,2997678.36,29093825.6503,0
2022-05-30,9.99,10.79,9.91,10.47,8473368.99,1653955199999,87691394.1014,131600,4090833.46,42327993.5249,0
2022-05-31,10.47,10.65,9.94,10.35,8792549.01,1654041599999,90890230.7676,134597,4059936.89,41974716.2092,0
2022-06-01,10.36,10.75,9.26,9.46,10157569.75,1654127999999,102483915.2723,159686,4878167.35,49216526.3599,0
2022-06-02,9.45,10.13,9.29,9.89,5917176.47,1654214399999,56882983.149,96897,2915269.25,28039950.8448,0
2022-06-03,9.88,9.93,9.2,9.37,5185222.06,1654300799999,49178642.3635,91231,2440665.9,23163413.9668,0
2022-06-04,9.38,9.56,9.14,9.44,2764967.02,1654387199999,25867054.4197,49414,1361742.77,12746969.9388,0
2022-06-05,9.45,9.56,9.25,9.35,2387500.54,1654473599999,22401385.2798,44509,1163676.36,10924748.8319,0
2022-06-06,9.35,9.94,9.32,9.51,5016416.01,1654559999999,48679189.0847,90771,2450129.4,23774295.4625,0
2022-06-07,9.51,9.51,8.84,9.23,5096057.45,1654646399999,46606636.9547,101635,2439867.09,22306717.5542,0
2022-06-08,9.22,9.4,8.9,9.01,3812382.23,1654732799999,34736843.749,74199,1921174.17,17513991.4347,0
2022-06-09,9.01,9.47,8.91,9.24,4879363.93,1654819199999,45051208.8553,83722,2314442.03,21362363.019,0
2022-06-10,9.23,9.37,8.52,8.65,6447468.57,1654905599999,57441554.29,115506,3043542.8,27141705.9747,0
2022-06-11,8.66,8.85,7.9,8.03,6779329.31,1654991999999,56441803.3558,115676,3676309.99,30596309.7392,0
2022-06-12,8.04,8.11,7.38,7.41,9340811.88,1655078399999,72280212.655,140323,4760251.92,36849295.4799,0
2022-06-13,7.4,7.48,6.36,7.04,18666647.181,1655164799999,128651903.38803,286131,9298175.151,64082901.8662,0
2022-06-14,7.04,7.56,6.68,7.36,14217216.87,1655251199999,102415414.4534,195338,7410394.53,53402997.8964,0
2022-06-15,7.36,8.79,6.84,8.49,18683708.96,1655337599999,139120802.8504,280199,9465082.71,70641345.7723,0
2022-06-16,8.5,8.56,6.97,7.13,11913274.4,1655423999999,91641018.538,187912,5686451.06,43742815.7207,0
2022-06-17,7.13,7.47,7.03,7.28,6187728.4,1655510399999,45074013.9187,87678,3260721.99,23775370.9923,0
2022-06-18,7.28,7.41,6.47,7.05,10420321.76,1655596799999,71400347.6184,135699,4912429.37,33692167.6122,0
2022-06-19,7.06,7.65,6.76,7.53,7341233.58,1655683199999,52686016.518,102644,3856773.17,27716464.3926,0
2022-06-20,7.53,8.02,7.17,7.87,8079205.13,1655769599999,62081274.7532,128520,4236377.78,32544669.8123,0
2022-06-21,7.88,8.28,7.67,7.77,6447239.03,1655855999999,51745513.0343,106059,3178954.45,25536838.6008,0
2022-06-22,7.76,7.82,7.35,7.39,5249428.04,1655942399999,39661309.7203,82576,2552267.83,19289936.0144,0
2022-06-23,7.4,7.82,7.36,7.78,4766745.68,1656028799999,36326635.4864,72097,2464999.42,18795019.8474,0
2022-06-24,7.78,8.34,7.72,8.18,5534788.24,1656115199999,44563465.5605,88031,2856699.83,23010766.0019,0
2022-06-25,8.19,8.37,7.79,8.13,3861028.21,1656201599999,31232213.4159,64495,1839659.55,14891240.9075,0
2022-06-26,8.14,8.49,7.81,7.84,4772371.56,1656287999999,38890222.0124,77539,2321431.88,18933043.1301,0
2022-06-27,7.84,8.2,7.68,7.74,4689419.47,1656374399999,37231117.6074,71708,2141673.51,17015533.3262,0
2022-06-28,7.74,8.0,7.26,7.31,6104944.23,1656460799999,46731831.5659,86584,2839494.01,21745992.4831,0
2022-06-29,7.31,7.44,6.95,7.03,6972853.93,1656547199999,50044314.1009,89615,3780525.98,27125345.7134,0
2022-06-30,7.04,7.1,6.64,7.06,6917468.18,1656633599999,47323996.6491,94117,3728698.13,25532429.2804,0
2022-07-01,7.06,7.26,6.54,6.75,7477875.43,1656719999999,51016914.4855,97326,3652535.78,24937540.4303,0
2022-07-02,6.75,6.91,6.62,6.83,3127372.77,1656806399999,21155298.3447,43896,1544967.15,10454890.7225,0
2022-07-03,6.83,6.99,6.61,6.85,3092743.9,1656892799999,20955883.2197,48284,1550162.8,10510549.9236,0
2022-07-04,6.86,7.21,6.66,7.17,4883415.15,1656979199999,33941363.84,69376,2532535.93,17615259.4888,0
2022-07-05,7.17,7.23,6.6,6.84,8211754.6,1657065599999,56368200.5669,108593,4028564.89,27658421.0563,0
2022-07-06,6.84,7.01,6.69,6.93,5792837.78,1657151999999,39832785.7746,70443,3040314.75,20914772.1402,0
2022-07-07,6.92,7.36,6.88,7.3,6147860.15,1657238399999,43704182.4892,73511,3118572.06,22195556.3164,0
2022-07-08,7.3,7.46,6.94,7.04,6835377.2,1657324799999,48843187.657,80147,3258907.68,23280665.8259,0
2022-07-09,7.04,7.36,7.03,7.25,3537025.96,1657411199999,25553595.6608,50100,1723614.99,12454207.3399,0
2022-07-10,7.25,7.27,6.76,6.86,4503146.23,1657497599999,31370359.8823,56618,2138799.14,14895000.0203,0
2022-07-11,6.85,6.91,6.5,6.53,4986347.38,1657583999999,33661310.0316,64923,2321959.18,15681374.2388,0
2022-07-12,6.53,6.63,6.26,6.28,4787702.68,1657670399999,30983674.9509,67143,2121106.66,13733602.8914,0
2022-07-13,6.29,6.55,6.0,6.47,6999118.42,1657756799999,44083802.376509,91643,3428313.39,21627292.4683,0
2022-07-14,6.47,6.77,6.29,6.72,5683331.12,1657843199999,37031562.8856,67101,2895837.38,18894399.6471,0
2022-07-15,6.73,6.99,6.65,6.79,6331276.95,1657929599999,43246930.6912,72915,3123219.93,21339869.0613,0
2022-07-16,6.79,7.22,6.56,7.2,6479588.08,1658015999999,44569898.4842,74939,3181882.64,21910557.9072,0
2022-07-17,7.2,7.33,6.88,6.92,5172727.22,1658102399999,36744629.6711,68732,2369717.31,16841964.222,0
2022-07-18,6.91,7.73,6.9,7.66,12596431.22,1658188799999,93668175.33,146911,5870963.97,43653493.8991,0
2022-07-19,7.65,8.03,7.49,7.79,14586041.75,1658275199999,113531372.5322,180975,7432695.12,57901132.2651,0
2022-07-20,7.79,8.08,7.35,7.47,12266325.33,1658361599999,95392286.3272,154360,6026123.0,46909412.1028,0
2022-07-21,7.47,7.6,7.18,7.53,6317817.35,1658447999999,46669250.5864,82862,3310735.92,24470691.167,0
2022-07-22,7.53,7.85,7.26,7.29,7248162.69,1658534399999,54960170.8233,90663,3599149.47,27296004.534,0
2022-07-23,7.3,7.49,7.08,7.33,4514593.17,1658620799999,32905224.5842,60771,2253153.48,16441873.3993,0
2022-07-24,7.32,7.58,7.31,7.4,4842364.46,1658707199999,36025618.9369,62806,2462574.46,18326414.3999,0
2022-07-25,7.4,7.44,6.74,6.76,7316840.25,1658793599999,51497673.7138,84736,3424617.56,24121455.0524,0
2022-07-26,6.76,6.79,6.52,6.78,6507781.48,1658879999999,43296197.2345,72376,3210964.98,21367449.4693,0
2022-07-27,6.78,7.71,6.65,7.68,8439914.15,1658966399999,59311017.5434,98964,4375265.77,30821920.4699,0
2022-07-28,7.69,8.07,7.46,7.86,12081142.61,1659052799999,93741122.6065,144470,5863379.24,45521049.4355,0
2022-07-29,7.86,8.43,7.76,8.19,11715078.94,1659139199999,94855765.7694,161422,5754566.57,46622893.5551,0
2022-07-30,8.18,8.85,8.15,8.21,10970826.27,1659225599999,93291762.6341,148710,5446266.01,46356338.3722,0
2022-07-31,8.22,9.21,8.08,8.62,12551305.77,1659311999999,108919345.2444,174959,6135242.48,53191355.1504,0
2022-08-01,8.63,8.99,8.03,8.17,9843579.01,1659398399999,83664491.6606,132901,4833263.62,41063509.31,0
2022-08-02,8.18,8.28,7.68,7.93,10097632.4,1659484799999,80004050.5776,128903,5196243.03,41174597.635,0
2022-08-03,7.93,8.45,7.68,8.0,7508188.39,1659571199999,60870157.4802,102561,3831837.4,31068580.3727,0
2022-08-04,8.0,8.28,7.88,8.1,5416271.31,1659657599999,43793204.0342,75417,2599793.91,21033007.7562,0
2022-08-05,8.1,8.84,8.07,8.8,8360224.87,1659743999999,70763158.8475,113238,4090615.15,34644616.9381,0
2022-08-06,8.81,8.88,8.48,8.52,5612299.3,1659830399999,48739850.8809,66713,2758137.63,23970325.1216,0
2022-08-07,8.52,8.93,8.34,8.65,4827855.46,1659916799999,41586269.5946,68426,2481716.82,21374742.0947,0
2022-08-08,8.65,9.39,8.63,9.27,10473879.27,1660003199999,96057200.5455,134558,5048862.52,46270388.7031,0
2022-08-09,9.27,9.47,8.64,8.89,9792612.79,1660089599999,87986085.7592,117467,4975460.74,44707909.875,0
2022-08-10,8.89,9.65,8.54,9.52,12143248.28,1660175999999,111527644.5575,161427,5878062.12,53946453.4929,0
2022-08-11,9.53,9.65,9.13,9.2,8899036.11,1660262399999,83686010.4643,115521,4549357.94,42807602.0682,0
2022-08-12,9.19,9.5,9.03,9.48,6113019.59,1660348799999,56705191.0304,89201,3091861.53,28692027.6768,0
2022-08-13,9.48,9.68,9.25,9.31,4978042.86,1660435199999,47175095.276,73252,2470383.89,23421165.0788,0
2022-08-14,9.31,9.56,8.83,8.96,6244622.85,1660521599999,57512984.4133,97639,3109695.67,28642460.9882,0
2022-08-15,8.95,9.39,8.62,8.78,7236619.06,1660607999999,64568879.3373,110251,3602707.07,32139953.1513,0
2022-08-16,8.78,8.95,8.63,8.84,5191605.16,1660694399999,45625602.3463,74433,2581726.92,22700650.7874,0
2022-08-17,8.84,9.17,8.32,8.37,6653592.91,1660780799999,57679087.5242,94687,3230523.08,27994357.7443,0
2022-08-18,8.37,8.6,8.0,8.08,4518903.95,1660867199999,37817657.2992,70486,2166085.31,18145621.5652,0
2022-08-19,8.08,8.1,7.22,7.31,7862959.78,1660953599999,59439257.7187,116034,3850773.54,29106689.478,0
2022-08-20,7.3,7.52,7.03,7.22,4731587.73,1661039999999,34610145.9754,60807,2401421.54,17579271.3969,0
2022-08-21,7.23,7.53,7.16,7.44,3047725.62,1661126399999,22458854.7374,41722,1637878.22,12071467.5709,0
2022-08-22,7.43,7.45,7.0,7.41,4283982.1,1661212799999,30883890.6395,54224,2156374.13,15551191.6076,0
2022-08-23,7.4,7.72,7.18,7.64,4831764.65,1661299199999,36419775.3176,56534,2398398.71,18073596.3261,0
2022-08-24,7.64,7.78,7.41,7.56,3720336.76,1661385599999,28273824.3087,45669,1885855.44,14346392.9554,0
2022-08-25,7.56,7.76,7.46,7.58,2939414.77,1661471999999,22396821.6521,36165,1471377.48,11216574.3225,0
2022-08-26,7.58,7.68,6.86,6.93,6009344.97,1661558399999,43835765.7106,75352,2933057.34,21414091.1858,0
2022-08-27,6.93,7.12,6.8,7.04,4334932.37,1661644799999,30264334.6829,49400,2180784.65,15234057.0118,0
2022-08-28,7.05,7.15,6.81,6.86,2870607.63,1661731199999,20169032.4121,37499,1359468.62,9559306.1099,0
2022-08-29,6.86,7.31,6.79,7.27,4881958.91,1661817599999,34469496.6815,54954,2563023.46,18106103.206,0
2022-08-30,7.27,7.38,6.88,7.0,5028135.43,1661903999999,35911291.233,54508,2541208.76,18147837.7422,0
2022-08-31,7.01,7.29,6.98,7.03,4314442.79,1661990399999,30805184.2649,47060,2199623.83,15707606.5071,0
2022-09-01,7.03,7.2,6.86,7.18,4554476.61,1662076799999,31936885.5535,46659,2314423.42,16229976.9623,0
2022-09-02,7.19,7.57,7.12,7.3,5870327.75,1662163199999,43101465.3715,63354,2854760.42,20967844.1302,0
2022-09-03,7.3,7.31,7.17,7.28,2939572.83,1662249599999,21325024.096,30829,1472329.77,10683248.3366,0
2022-09-04,7.29,7.42,7.15,7.37,3798954.38,1662335999999,27648159.3889,38357,1889638.21,13756029.519,0
2022-09-05,7.38,7.64,7.26,7.36,5190975.86,1662422399999,38753387.6826,61409,2566556.49,19158051.7674,0
2022-09-06,7.37,7.7,6.81,6.87,8014227.23,1662508799999,58630056.2093,95920,4002403.54,29237315.6948,0
2022-09-07,6.88,7.3,6.75,7.2,5657008.11,1662595199999,39820621.8594,62486,2809814.86,19788132.6866,0
2022-09-08,7.2,7.45,7.03,7.39,6134106.21,1662681599999,44328944.308,61357,3119552.46,22547805.2372,0
2022-09-09,7.39,7.94,7.36,7.75,9603978.87,1662767999999,74321941.8427,97400,4859817.25,37582681.8828,0
2022-09-10,7.76,7.88,7.57,7.77,4854345.6,1662854399999,37516131.0148,53024,2478811.89,19165285.9077,0
2022-09-11,7.77,7.9,7.54,7.7,4569653.61,1662940799999,35315904.6462,48615,2306227.73,17832194.2484,0
2022-09-12,7.71,8.05,7.56,7.66,8935374.52,1663027199999,69617089.2687,103647,4482358.34,34918425.074,0
2022-09-13,7.67,7.96,7.03,7.06,9252301.09,1663113599999,69119733.9327,110100,4608407.72,34423312.6445,0
2022-09-14,7.06,7.31,7.01,7.21,5914357.47,1663199999999,42407266.8069,54680,3017609.62,21646442.9165,0
2022-09-15,7.2,7.24,6.87,6.93,7556924.27,1663286399999,53133149.89,73696,3632006.1,25547108.5192,0
2022-09-16,6.94,6.98,6.7,6.9,6058337.4,1663372799999,41514230.7609,61116,2680717.08,18369315.2798,0
2022-09-17,6.91,7.16,6.9,7.06,3924016.97,1663459199999,27608554.5658,42555,1883871.77,13265216.9687,0
2022-09-18,7.05,7.06,6.32,6.44,7888082.4,1663545599999,53309930.9995,85813,3489482.22,23530964.4469,0
2022-09-19,6.45,6.56,6.1,6.39,9255864.1,1663631999999,58347282.4878,91075,4660909.9,29391417.8083,0
2022-09-20,6.39,6.42,6.17,6.28,5497167.84,1663718399999,34610787.523,48340,2747593.13,17301926.3016,0
2022-09-21,6.28,6.58,5.97,6.12,9829632.502,1663804799999,61680412.453,101688,4890050.79,30702458.2882,0
2022-09-22,6.12,6.53,6.08,6.45,6063122.51,1663891199999,38550317.0842,59283,3026741.61,19239046.9937,0
2022-09-23,6.45,6.64,6.19,6.44,9016451.68,1663977599999,57613639.6274,78164,4493619.91,28718503.4048,0
2022-09-24,6.44,6.51,6.23,6.27,3955623.65,1664063999999,25363741.0454,39003,1982805.18,12721800.4177,0
2022-09-25,6.27,6.38,6.08,6.2,3734926.28,1664150399999,23359645.4177,37576,1756518.45,10992350.5026,0
2022-09-26,6.2,6.58,6.15,6.56,8553957.35,1664236799999,54626385.6389,74899,4267872.46,27262108.144,0
2022-09-27,6.55,6.8,6.24,6.37,7249174.06,1664323199999,47752231.1815,74083,3589604.44,23657980.7307,0
2022-09-28,6.37,6.47,6.17,6.38,5452664.8,1664409599999,34565417.8255,54052,2698844.94,17115548.1058,0
2022-09-29,6.39,6.49,6.26,6.43,5600368.3,1664495999999,35789913.44,46665,2831192.39,18097838.1233,0
2022-09-30,6.44,6.58,6.21,6.32,8082261.96,1664582399999,51705131.9319,70822,4282006.0,27368638.7472,0
2022-10-01,6.33,6.34,6.21,6.27,3450155.56,1664668799999,21678138.3619,27168,1658549.11,10422856.6874,0
2022-10-02,6.26,6.33,6.13,6.15,3801773.23,1664755199999,23739735.9481,34590,1822373.4,11382872.7398,0
2022-10-03,6.16,6.41,6.09,6.37,4977131.51,1664841599999,31261979.0864,37930,2609325.36,16397975.0702,0
2022-10-04,6.37,6.54,6.34,6.5,4072739.41,1664927999999,26257026.4567,32122,2113553.66,13628637.265,0
2022-10-05,6.5,6.51,6.27,6.44,4166685.22,1665014399999,26577365.6947,32595,2101933.54,13407882.263,0
2022-10-06,6.44,6.52,6.31,6.34,4214865.72,1665100799999,27074293.1585,33151,2037571.57,13089507.0749,0
2022-10-07,6.34,6.4,6.25,6.33,2949396.86,1665187199999,18656957.0085,22642,1476170.8,9341993.6146,0
2022-10-08,6.33,6.4,6.26,6.31,1422016.0,1665273599999,9018654.9955,14921,677716.27,4299421.7478,0
2022-10-09,6.31,6.5,6.28,6.48,2462447.16,1665359999999,15780014.4145,23361,1261613.29,8086486.4031,0
2022-10-10,6.48,6.54,6.24,6.25,3764636.2,1665446399999,23993660.0063,32447,1713444.37,10925372.4869,0
2022-10-11,6.25,6.26,6.13,6.17,3272884.8,1665532799999,20271619.8877,30486,1601713.42,9924533.1868,0
2022-10-12,6.18,6.25,6.13,6.18,2393433.73,1665619199999,14807829.4601,21026,1200784.5,7431237.8293,0
2022-10-13,6.18,6.18,5.68,6.11,7380068.704,1665705599999,43803347.76875,76806,3544307.6,21034479.7187,0
2022-10-14,6.11,6.27,6.01,6.05,3863936.64,1665791999999,23808522.3467,33819,1895748.62,11682185.6616,0
2022-10-15,6.05,6.1,6.02,6.05,1706785.75,1665878399999,10348089.4245,18312,879782.85,5334731.5136,0
2022-10-16,6.05,6.25,6.04,6.18,2485868.92,1665964799999,15296884.5446,24055,1352529.15,8325655.7198,0
2022-10-17,6.19,6.29,6.12,6.26,3223265.91,1666051199999,20009718.1447,26937,1646703.0,10229866.87,0
2022-10-18,6.26,6.3,6.07,6.16,3868946.94,1666137599999,23894853.6978,28733,1896491.01,11715286.3374,0
2022-10-19,6.16,6.26,6.06,6.1,4401418.42,1666223999999,27082582.6996,34879,2349280.6,14462287.4787,0
2022-10-20,6.11,6.16,5.82,5.89,5073844.54,1666310399999,30553159.1678,45430,2433092.02,14643344.7354,0
2022-10-21,5.88,5.9,5.73,5.84,6612206.88,1666396799999,38563351.9176,52696,3227907.21,18828824.3172,0
2022-10-22,5.83,5.87,5.77,5.85,2971915.78,1666483199999,17309104.4896,25818,1488229.81,8673557.9313,0
2022-10-23,5.85,5.98,5.75,5.97,2942177.38,1666569599999,17267778.5012,24252,1551150.63,9112837.2493,0
2022-10-24,5.96,5.99,5.8,5.92,3823238.57,1666655999999,22458552.8639,27306,1944163.92,11424539.5716,0
2022-10-25,5.91,6.63,5.89,6.43,9006229.17,1666742399999,56614586.7604,79030,4741844.81,29768965.1801,0
2022-10-26,6.44,6.61,6.41,6.47,6443103.67,1666828799999,41860126.6226,51379,3504485.77,22770592.9734,0
2022-10-27,6.47,6.65,6.28,6.34,6785956.61,1666915199999,43848838.1566,57206,3422478.82,22132230.6499,0
2022-10-28,6.33,6.59,6.26,6.52,4911921.1,1667001599999,31559374.4645,39659,2509694.14,16131451.7732,0
2022-10-29,6.51,6.78,6.49,6.63,6052975.69,1667087999999,40103123.2896,58444,2985875.22,19788060.4259,0
2022-10-30,6.63,6.75,6.51,6.66,4310912.76,1667174399999,28501978.894,37076,2071043.77,13698437.3064,0
2022-10-31,6.65,6.84,6.57,6.62,7120046.35,1667260799999,47622841.2776,59202,3571477.55,23905448.9568,0
2022-11-01,6.62,6.72,6.45,6.46,3710854.82,1667347199999,24451733.3056,33192,1742389.8,11487628.6813,0
2022-11-02,6.45,6.53,6.16,6.25,6160529.66,1667433599999,39202596.0089,60872,2778039.44,17692431.8696,0
2022-11-03,6.26,6.53,6.23,6.41,5454796.72,1667519999999,35125336.3308,46647,2826676.17,18205389.6758,0
2022-11-04,6.42,7.1,6.38,7.05,9531817.15,1667606399999,64593267.9052,99859,4936348.23,33489168.8223,0
2022-11-05,7.06,7.25,6.94,7.03,7379052.14,1667692799999,52286124.3092,74395,3501099.32,24827697.4799,0
2022-11-06,7.03,7.15,6.79,6.81,5716020.12,1667779199999,40108693.0313,50810,2719433.14,19094480.6604,0
2022-11-07,6.81,7.42,6.65,7.12,9474204.99,1667865599999,66713522.4858,93878,5068133.23,35683265.9433,0
2022-11-08,7.12,7.2,5.86,6.3,17011590.68,1667951999999,110597386.2832,210506,8232417.27,53597189.9176,0
2022-11-09,6.3,6.38,5.34,5.41,15523101.01,1668038399999,93168867.27795,221640,7331647.31,44103648.3832,0
2022-11-10,5.42,6.18,5.32,5.97,12598434.37,1668124799999,72920076.2842,156206,6537012.51,37808678.2208,0
2022-11-11,5.97,6.05,5.5,5.75,8907098.41,1668211199999,50987474.9892,95844,4463528.85,25551274.3799,0
2022-11-12,5.75,5.88,5.56,5.77,3603570.5,1668297599999,20690424.141,47555,1751536.39,10054836.0233,0
2022-11-13,5.78,5.97,5.62,5.75,5069240.31,1668383999999,29401654.655,75777,2611748.78,15149356.879,0
2022-11-14,5.75,5.9,5.44,5.86,5738361.29,1668470399999,32677149.5103,87296,2824755.85,16096480.8858,0
2022-11-15,5.87,6.05,5.8,5.92,3301786.7,1668556799999,19605611.7947,49789,1694967.07,10065957.4637,0
2022-11-16,5.92,6.0,5.61,5.71,3209428.37,1668643199999,18614513.4025,52048,1669031.97,9677068.7157,0
2022-11-17,5.7,5.73,5.56,5.67,2822106.06,1668729599999,15982272.4399,32590,1441750.85,8167512.3786,0
2022-11-18,5.68,5.78,5.6,5.65,2187119.21,1668815999999,12454001.8877,23870,1051966.58,5993519.4764,0
2022-11-19,5.65,5.66,5.53,5.61,1602398.67,1668902399999,8937618.5576,23055,772606.55,4312028.2701,0
2022-11-20,5.61,5.66,5.25,5.3,3870989.34,1668988799999,21104165.7766,43973,1614757.24,8800915.6883,0
2022-11-21,5.3,5.3,5.07,5.18,6524218.75,1669075199999,33962665.1277,52870,3096500.58,16125790.4753,0
2022-11-22,5.19,5.32,5.0,5.28,5740050.28,1669161599999,29691038.6824,52227,2716643.34,14070293.9187,0
2022-11-23,5.28,5.49,5.25,5.44,4175250.0,1669247999999,22468488.3974,37341,2057004.48,11073871.3055,0
2022-11-24,5.43,5.53,5.33,5.39,3739397.2,1669334399999,20261455.2751,33226,1805890.03,9789475.6129,0
2022-11-25,5.38,5.39,5.25,5.26,2770201.53,1669420799999,14688127.6257,27265,1210288.51,6421597.7983,0
2022-11-26,5.27,5.46,5.24,5.3,2879533.81,1669507199999,15422148.6418,32425,1391456.86,7456368.2335,0
2022-11-27,5.3,5.44,5.26,5.3,2262349.07,1669593599999,12123113.1632,25958,1084690.42,5814757.6695,0
2022-11-28,5.31,5.32,5.06,5.13,5094640.21,1669679999999,26299720.2245,48033,2378535.94,12278868.4636,0
2022-11-29,5.13,5.35,5.09,5.3,3879496.66,1669766399999,20382824.1087,33853,1966652.86,10331017.295,0
2022-11-30,5.3,5.51,5.3,5.46,4722700.97,1669852799999,25553984.9053,42263,2381343.17,12886634.2062,0
2022-12-01,5.46,5.48,5.32,5.41,4001779.36,1669939199999,21565687.2181,35732,1848578.37,9966111.6509,0
2022-12-02,5.4,5.69,5.37,5.62,6607178.18,1670025599999,36595944.3468,52817,3407018.16,18876236.4393,0
2022-12-03,5.62,5.71,5.48,5.49,4453433.15,1670111999999,24895152.981,33125,2063605.6,11547230.3122,0
2022-12-04,5.5,5.61,5.49,5.59,2771876.82,1670198399999,15388162.7918,23266,1427086.23,7927320.2399,0
2022-12-05,5.6,5.73,5.44,5.48,3645172.05,1670284799999,20379147.9455,33303,1660057.78,9283372.0159,0
2022-12-06,5.48,5.52,5.42,5.5,2713444.43,1670371199999,14853894.0571,22788,1266727.22,6936972.6184,0
2022-12-07,5.49,5.53,5.24,5.29,5307370.08,1670457599999,28271803.9279,38370,2539446.14,13528967.3443,0
2022-12-08,5.29,5.47,5.25,5.42,4019638.16,1670543999999,21436693.9775,28335,2037934.21,10869955.9731,0
2022-12-09,5.42,5.44,5.26,5.3,2687576.39,1670630399999,14392192.4672,24507,1284251.4,6880171.7089,0
2022-12-10,5.29,5.33,5.26,5.27,1281589.14,1670716799999,6779886.3711,15979,603798.65,3195977.2764,0
2022-12-11,5.28,5.33,5.13,5.17,2136325.82,1670803199999,11164882.3471,23719,1005833.69,5258951.5741,0
2022-12-12,5.16,5.21,5.0,5.17,4090252.3,1670889599999,20962565.4669,33280,1999310.07,10250908.9765,0
2022-12-13,5.17,5.35,4.99,5.28,5123267.46,1670975999999,26498290.4287,44664,2366151.21,12270425.0067,0
2022-12-14,5.29,5.358,5.154,5.215,5918542.41,1671062399999,31222303.48044,75899,2888027.79,15242995.69958,0
2022-12-15,5.214,5.254,5.116,5.23,4122946.05,1671148799999,21417791.11581,57654,2161473.48,11230963.12979,0
2022-12-16,5.23,5.25,4.52,4.652,7256168.85,1671235199999,35961423.953334,132773,3515204.73,17427105.8077,0
2022-12-17,4.653,4.724,4.583,4.708,4616715.62,1671321599999,21558010.39159,72420,2390122.81,11161478.38516,0
2022-12-18,4.709,4.716,4.617,4.657,2749549.56,1671407999999,12839492.1587,37146,1352936.34,6317890.53188,0
2022-12-19,4.657,4.705,4.41,4.481,4752800.99,1671494399999,21758854.40594,61328,2300418.46,10543303.06702,0
2022-12-20,4.479,4.653,4.461,4.605,3310151.54,1671580799999,15158799.00286,49248,1749462.49,8009268.42419,0
2022-12-21,4.606,4.616,4.442,4.485,2732722.13,1671667199999,12305001.00567,40751,1295549.08,5833566.13861,0
2022-12-22,4.486,4.537,4.37,4.531,2979884.33,1671753599999,13255458.94175,44994,1443901.98,6426225.39872,0
2022-12-23,4.532,4.546,4.454,4.473,2669853.97,1671839999999,12027097.27714,37837,1330753.31,5995683.7823,0
2022-12-24,4.473,4.492,4.43,4.452,1305078.13,1671926399999,5822518.6022,22397,591139.27,2637229.43839,0
2022-12-25,4.451,4.498,4.396,4.492,1726195.69,1672012799999,7662366.49777,28846,815245.61,3617937.04393,0
2022-12-26,4.492,4.578,4.465,4.571,1955878.56,1672099199999,8812897.49759,32933,1049842.1,4731796.03439,0
2022-12-27,4.571,4.585,4.455,4.478,2694420.81,1672185599999,12133923.16848,36321,1194301.55,5381683.681,0
2022-12-28,4.479,4.484,4.24,4.286,5301428.71,1672271999999,23021062.05553,63479,2314474.85,10055246.42545,0
2022-12-29,4.286,4.355,4.224,4.309,2461379.78,1672358399999,10575923.99114,32695,1241502.5,5332379.77809,0
2022-12-30,4.308,4.341,4.226,4.324,2037686.16,1672444799999,8730992.15665,26708,995181.62,4265975.09315,0
2022-12-31,4.324,4.394,4.298,4.309,1499221.97,1672531199999,6506285.76137,19168,830571.92,3604697.39463,0
2023-01-01,4.308,4.387,4.275,4.371,1341743.7,1672617599999,5804940.74222,18144,682919.12,2955419.76113,0
2023-01-02,4.371,4.56,4.316,4.492,3164787.56,1672703999999,14108164.09261,39178,1690039.8,7534935.00354,0
2023-01-03,4.492,4.545,4.462,4.526,1964103.62,1672790399999,8855224.35151,27095,1007693.67,4543962.6284,0
2023-01-04,4.526,4.689,4.526,4.632,3126367.78,1672876799999,14489681.7955,44407,1561471.68,7234401.32613,0
2023-01-05,4.631,4.649,4.545,4.62,2923627.93,1672963199999,13441586.49111,36653,1340471.66,6161965.16933,0
2023-01-06,4.621,4.706,4.552,4.684,3264757.81,1673049599999,15120174.2535,41101,1631383.11,7558315.53904,0
2023-01-07,4.684,4.705,4.636,4.664,1594150.21,1673135999999,7439392.19189,20947,827832.45,3863716.39639,0
2023-01-08,4.665,4.828,4.602,4.826,3227517.66,1673222399999,15165097.53366,37732,1851262.48,8695264.51996,0
2023-01-09,4.826,5.083,4.8,4.887,6257669.61,1673308799999,30954687.05952,91382,3191742.25,15795838.14361,0
2023-01-10,4.886,4.97,4.823,4.92,2874898.27,1673395199999,14106042.71392,42640,1399933.04,6872505.59193,0
2023-01-11,4.92,5.139,4.828,5.135,4492624.63,1673481599999,22173958.79576,59916,2262799.69,11163710.00827,0
2023-01-12,5.134,5.263,5.015,5.232,5972215.45,1673567999999,30683167.86536,82202,3022402.93,15539842.83553,0
2023-01-13,5.233,5.424,5.163,5.401,4812544.83,1673654399999,25366167.72953,68548,2421820.81,12770170.79446,0
2023-01-14,5.401,6.523,5.396,6.026,15720921.5,1673740799999,94376794.10537,282490,8006720.91,48022549.44255,0
2023-01-15,6.026,6.066,5.771,5.929,5959244.43,1673827199999,35308130.34482,103413,2863794.37,16975469.4388,0
2023-01-16,5.928,6.087,5.61,5.812,7588428.7,1673913599999,44381012.34679,122825,3604810.54,21088254.94654,0
2023-01-17,5.812,6.21,5.691,5.956,7799551.36,1673999999999,46750755.58835,142433,3855632.52,23116144.11515,0
2023-01-18,5.957,6.221,5.564,5.653,9689343.05,1674086399999,57037629.26937,196817,4712229.27,27730295.97874,0
2023-01-19,5.648,5.848,5.643,5.802,3346968.36,1674172799999,19259929.99106,66447,1605045.9,9239269.99793,0
2023-01-20,5.802,6.295,5.752,6.247,5373230.43,1674259199999,32092221.16675,109157,2740595.0,16375244.09586,0
2023-01-21,6.249,6.464,6.007,6.237,8330369.73,1674345599999,52117242.77299,175074,4259333.03,26670751.7692,0
2023-01-22,6.237,6.457,6.085,6.207,5762744.72,1674431999999,36139305.78467,120132,2785266.54,17478481.01448,0
2023-01-23,6.207,6.84,6.198,6.56,10282785.38,1674518399999,67032231.5953,214479,5100829.65,33245603.20873,0
2023-01-24,6.56,6.708,6.117,6.191,6235582.4,1674604799999,40416765.49721,128159,2967836.82,19258151.3906,0
2023-01-25,6.191,6.563,6.01,6.399,7441471.55,1674691199999,46550395.08134,145066,3717243.42,23271542.84879,0
2023-01-26,6.4,6.563,6.301,6.472,6830192.66,1674777599999,43987650.75712,126815,3336805.18,21497453.49344,0
2023-01-27,6.472,6.623,6.27,6.585,5365147.79,1674863999999,34613397.99009,99377,2637715.39,17019675.04326,0
2023-01-28,6.585,6.664,6.321,6.397,3866647.74,1674950399999,25074633.73167,78583,1855878.97,12042504.3186,0
2023-01-29,6.396,6.7,6.327,6.611,4745086.65,1675036799999,31145885.11482,88697,2322626.3,15246963.18203,0
2023-01-30,6.612,6.65,6.02,6.19,5572642.9,1675123199999,35148635.60162,106597,2491060.92,15699111.75753,0
2023-01-31,6.19,6.33,6.142,6.26,3778549.45,1675209599999,23563540.77602,68221,1836350.68,11454275.89179,0
2023-02-01,6.26,6.491,6.027,6.467,5790692.06,1675295999999,36117672.04676,112348,2904017.52,18127521.20119,0
2023-02-02,6.467,6.917,6.451,6.543,8407701.21,1675382399999,55925067.74444,155165,4247326.98,28269551.53249,0
2023-02-03,6.543,7.126,6.504,7.008,10176943.45,1675468799999,70026418.38355,184243,5120007.96,35244138.52775,0
2023-02-04,7.008,7.075,6.818,6.873,3786921.97,1675555199999,26239983.95878,81806,1804388.5,12507564.04089,0
2023-02-05,6.872,6.895,6.513,6.637,5167240.5,1675641599999,34711583.19741,104531,2520738.58,16929751.80948,0
2023-02-06,6.638,6.789,6.401,6.494,4695000.22,1675727999999,31293927.58745,102106,2317930.31,15461890.13811,0
2023-02-07,6.494,6.949,6.473,6.941,5490955.62,1675814399999,36897896.17402,110153,2786578.32,18726386.88122,0
2023-02-08,6.94,7.02,6.615,6.757,4810790.32,1675900799999,32797697.93291,102416,2372408.53,16181622.87339,0
2023-02-09,6.757,6.976,6.088,6.235,10458985.31,1675987199999,69699170.72612,225560,5005199.24,33389260.6028,0
2023-02-10,6.235,6.308,6.12,6.186,4981218.12,1676073599999,31042967.29972,105344,2452799.61,15292588.25178,0
2023-02-11,6.184,6.293,6.158,6.278,1700227.29,1676159999999,10569191.7018,41348,871584.31,5418953.96756,0
2023-02-12,6.278,6.387,6.074,6.181,2375027.69,1676246399999,14907458.06126,57107,1143568.44,7178907.19365,0
2023-02-13,6.18,6.259,5.878,6.143,6431367.53,1676332799999,38982201.71731,137433,3039890.72,18433638.1242,0
2023-02-14,6.141,6.264,5.95,6.227,5370812.92,1676419199999,33020557.07326,104872,2649280.9,16292368.24133,0
2023-02-15,6.228,6.618,6.16,6.612,6593492.92,1676505599999,41899068.96092,112056,3279447.29,20841745.98162,0
2023-02-16,6.612,6.949,6.318,6.327,9174248.37,1676591999999,60471577.10671,173415,4386994.25,28938315.52002,0
2023-02-17,6.327,7.418,6.291,7.284,18071582.97,1676678399999,126609453.8121,328334,9016899.35,63148153.0768,0
2023-02-18,7.284,7.375,7.105,7.229,8168832.05,1676764799999,59105655.32127,144333,4108613.64,29738008.07157,0
2023-02-19,7.23,7.9,7.185,7.438,14912594.12,1676851199999,112652813.96606,310071,7218220.24,54564134.97487,0
2023-02-20,7.44,7.568,7.25,7.551,7886712.3,1676937599999,58977906.8271,164137,3979698.92,29765857.51444,0
2023-02-21,7.551,7.575,7.117,7.251,6671197.7,1677023999999,48895202.02761,128393,3225935.96,23650239.08806,0
2023-02-22,7.251,7.27,6.88,7.186,7597418.57,1677110399999,53634169.83756,157907,3761016.99,26557411.39079,0
2023-02-23,7.186,7.384,7.015,7.093,5906199.95,1677196799999,42654140.07335,129797,2967295.94,21442980.29832,0
2023-02-24,7.095,7.146,6.47,6.614,7399291.71,1677283199999,50368086.64969,164192,3529058.51,24041395.33559,0
2023-02-25,6.614,6.649,6.342,6.544,3497010.8,1677369599999,22840999.83622,82480,1669994.89,10908500.40211,0
2023-02-26,6.544,6.73,6.503,6.691,3363024.11,1677455999999,22246198.42253,71739,1670109.11,11051101.82137,0
2023-02-27,6.692,6.785,6.489,6.579,4411661.72,1677542399999,29251951.48806,86533,2031646.73,13478766.9491,0
2023-02-28,6.58,6.6,6.276,6.347,4169725.04,1677628799999,26901055.67911,79729,2056371.29,13276799.10117,0
2023-03-01,6.349,6.598,6.306,6.535,4300464.0,1677715199999,27924668.5036,83953,2234466.42,14514794.33366,0
2023-03-02,6.534,6.56,6.221,6.335,2989319.83,1677801599999,18959758.12033,68444,1424572.3,9033890.88563,0
2023-03-03,6.335,6.338,5.792,6.037,5503764.91,1677887999999,33114508.34691,111936,2563394.67,15423424.07251,0
2023-03-04,6.038,6.058,5.73,5.917,2603387.07,1677974399999,15440347.78059,56516,1240501.23,7355272.60643,0
2023-03-05,5.917,6.066,5.89,5.978,2368080.13,1678060799999,14199978.29692,49302,1142798.54,6853865.53126,0
2023-03-06,5.977,6.043,5.856,5.92,2790540.69,1678147199999,16602699.93396,61374,1350037.46,8033749.56895,0
2023-03-07,5.922,6.019,5.74,5.847,4741858.19,1678233599999,27796517.77889,87249,2198487.03,12890839.75458,0
2023-03-08,5.846,5.943,5.501,5.601,6663332.34,1678319999999,37843157.19623,121226,3333786.31,18938831.38341,0
2023-03-09,5.6,5.803,5.25,5.385,7590734.25,1678406399999,42205506.08874,142408,3586326.93,19965060.97892,0
2023-03-10,5.386,5.582,5.15,5.549,9610786.57,1678492799999,51812425.35271,176968,4695803.2,25316420.10433,0
2023-03-11,5.548,5.678,5.223,5.463,7374280.77,1678579199999,40048657.9504,148555,3616538.52,19613798.78171,0
2023-03-12,5.463,5.903,5.36,5.895,6697046.08,1678665599999,37513544.85324,137995,3367408.64,18873056.65222,0
2023-03-13,5.894,6.143,5.706,6.1,10435277.93,1678751999999,61985326.24581,205528,5105958.59,30347076.42574,0
2023-03-14,6.101,6.537,5.987,6.223,10272410.97,1678838399999,64459130.16063,202562,5059049.89,31728175.41226,0
2023-03-15,6.22,6.377,5.777,5.874,9060374.0,1678924799999,55205045.10517,185446,4363108.71,26587588.36002,0
2023-03-16,5.873,6.142,5.758,6.088,5974943.99,1679011199999,35890695.13269,122711,3031367.82,18212858.9398,0
2023-03-17,6.087,6.631,6.026,6.618,7687668.38,1679097599999,49031686.9042,160827,3801556.5,24247784.90988,0
2023-03-18,6.617,6.699,6.283,6.313,6601084.28,1679183999999,43131032.70465,149725,3183983.02,20805856.84062,0
2023-03-19,6.314,6.601,6.312,6.451,4887337.41,1679270399999,31650010.98876,102979,2387758.52,15467294.26665,0
2023-03-20,6.454,6.485,6.052,6.092,5512709.62,1679356799999,34793616.01575,124260,2587331.89,16324597.70551,0
2023-03-21,6.091,6.458,6.0,6.363,5510022.95,1679443199999,34237144.40729,125290,2751901.99,17104134.5185,0
2023-03-22,6.363,6.4,5.911,6.053,6799970.34,1679529599999,42235878.63652,161551,3266675.33,20310531.08256,0
2023-03-23,6.054,6.421,5.991,6.321,4307141.06,1679615999999,26823117.44775,97347,2240843.09,13960103.7464,0
2023-03-24,6.321,6.341,5.95,6.021,3721415.5,1679702399999,22764110.82107,86616,1739454.17,10659039.65109,0
2023-03-25,6.022,6.08,5.83,5.905,2201417.88,1679788799999,13145389.13325,53854,981695.67,5862627.41073,0
2023-03-26,5.905,6.107,5.878,6.042,1783486.74,1679875199999,10738831.21844,40825,843185.55,5078129.7331,0
2023-03-27,6.044,6.115,5.745,5.867,3393287.18,1679961599999,20085180.98981,76548,1553108.66,9187868.32805,0
2023-03-28,5.867,6.109,5.787,6.056,2901986.46,1680047999999,17266884.45055,64814,1483327.03,8832720.78773,0
2023-03-29,6.057,6.285,6.048,6.183,3767888.67,1680134399999,23354163.19851,74824,1987236.16,12314529.7444,0
2023-03-30,6.183,6.295,6.025,6.122,3863516.22,1680220799999,23726270.88821,80318,1826926.88,11221973.97329,0
2023-03-31,6.122,6.385,6.101,6.343,4320037.0,1680307199999,27058112.58292,83760,2146847.88,13445751.41847,0
2023-04-01,6.343,6.393,6.19,6.344,2562358.07,1680393599999,16120605.91695,53454,1264592.68,7957339.66128,0
2023-04-02,6.344,6.446,6.18,6.263,3027603.59,1680479999999,19179517.84472,64711,1444414.57,9153733.57688,0
2023-04-03,6.263,6.5,6.09,6.419,5348344.83,1680566399999,33788765.50806,113657,2602617.81,16454319.61009,0
2023-04-04,6.419,6.533,6.367,6.439,4385744.74,1680652799999,28282948.94705,78413,2282752.57,14720248.11465,0
2023-04-05,6.437,6.586,6.32,6.406,3707843.14,1680739199999,23940599.06778,73260,1716198.12,11082554.2465,0
2023-04-06,6.405,6.417,6.256,6.281,2705532.09,1680825599999,17145820.12307,54162,1313037.84,8324055.98996,0
2023-04-07,6.28,6.318,6.134,6.178,2659031.62,1680911999999,16476178.06199,48805,1194408.02,7399954.68603,0
2023-04-08,6.178,6.235,6.09,6.13,2071466.55,1680998399999,12768154.72718,37888,875065.48,5395424.99685,0
2023-04-09,6.131,6.26,6.097,6.211,2172474.5,1681084799999,13397527.96655,40718,1088365.68,6714097.16891,0
2023-04-10,6.212,6.313,6.117,6.291,2564574.59,1681171199999,15914291.38742,47821,1282882.94,7964357.5133,0
2023-04-11,6.29,6.49,6.276,6.415,4183538.72,1681257599999,26757558.50587,71170,2069420.69,13238503.34736,0
2023-04-12,6.416,6.469,6.214,6.403,4545433.57,1681343999999,28834275.13516,80883,2189645.36,13896193.48681,0
2023-04-13,6.404,6.65,6.349,6.634,4560331.92,1681430399999,29681388.58371,74281,2340933.4,15243069.64802,0
2023-04-14,6.634,6.865,6.535,6.731,6593166.92,1681516799999,44294992.01492,114509,3288892.65,22100631.85794,0
2023-04-15,6.731,6.871,6.633,6.804,3719680.31,1681603199999,25132681.72997,66410,1812887.82,12247692.16472,0
2023-04-16,6.803,6.883,6.673,6.824,3729598.19,1681689599999,25287923.41372,63116,1828337.23,12398731.04965,0
2023-04-17,6.824,6.834,6.616,6.696,4193096.98,1681775999999,28090494.36197,71877,2016666.69,13507321.11674,0
2023-04-18,6.698,7.0,6.571,6.914,5118143.99,1681862399999,35075965.57183,87207,2603210.17,17847311.13179,0
2023-04-19,6.916,6.92,6.24,6.309,6052908.31,1681948799999,39402812.30979,131592,2775487.61,18071258.5934,0
2023-04-20,6.309,6.438,6.063,6.111,5249007.89,1682035199999,32896181.34742,99504,2474012.32,15530939.27459,0
2023-04-21,6.111,6.171,5.777,5.849,4612277.77,1682121599999,27577216.50909,92726,2094168.52,12524763.63117,0
2023-04-22,5.849,5.978,5.82,5.949,2053514.4,1682207999999,12147203.94653,39924,1013442.1,5996120.09698,0
2023-04-23,5.949,5.972,5.768,5.906,2377100.04,1682294399999,14009157.69671,49968,1166839.41,6877723.56114,0
2023-04-24,5.907,6.029,5.8,5.885,2775196.21,1682380799999,16447082.60042,60393,1405710.88,8329275.47755,0
2023-04-25,5.885,6.012,5.778,5.999,2687822.25,1682467199999,15787994.36182,54455,1354105.18,7959251.12277,0
2023-04-26,5.999,6.22,5.6,5.852,6083740.49,1682553599999,36269233.69091,120224,2972085.38,17736332.04991,0
2023-04-27,5.85,6.052,5.831,5.97,3633819.81,1682639999999,21597201.05361,75514,1826910.16,10857863.73149,0
2023-04-28,5.971,5.981,5.771,5.947,3150009.51,1682726399999,18564731.71513,60134,1604311.69,9458715.14397,0
2023-04-29,5.947,6.056,5.919,6.041,2093279.06,1682812799999,12534354.14918,39253,1048726.28,6279656.81362,0
2023-04-30,6.041,6.087,5.844,5.877,2601857.52,1682899199999,15571263.08844,49090,1263750.14,7567204.11277,0
2023-05-01,5.877,5.909,5.596,5.666,3218928.53,1682985599999,18483399.91603,66734,1539482.24,8840182.75707,0
2023-05-02,5.666,5.757,5.618,5.713,2302881.33,1683071999999,13103661.69395,44298,1123015.41,6392987.39534,0
2023-05-03,5.712,5.812,5.55,5.778,2833604.94,1683158399999,16059932.93823,56428,1423428.75,8071113.51245,0
2023-05-04,5.779,5.798,5.619,5.671,1642330.91,1683244799999,9383320.64376,33667,812289.11,4641362.52569,0
2023-05-05,5.671,5.901,5.651,5.847,2688794.26,1683331199999,15578171.08901,55239,1365980.45,7912773.60371,0
2023-05-06,5.846,5.894,5.584,5.633,2186936.32,1683417599999,12481077.69585,47968,1051605.26,6004338.29135,0
2023-05-07,5.632,5.7,5.601,5.632,1536706.1,1683503999999,8691414.60583,31013,766723.4,4337076.99062,0
2023-05-08,5.632,5.648,5.17,5.369,5071223.12,1683590399999,27318219.3073,96663,2376160.95,12799716.86351,0
2023-05-09,5.368,5.412,5.291,5.323,2384156.76,1683676799999,12729365.70728,41586,1095529.52,5850504.46952,0
2023-05-10,5.324,5.523,5.209,5.463,3980709.56,1683763199999,21443555.78318,72231,1927330.52,10377164.13994,0
2023-05-11,5.463,5.47,5.18,5.278,2732930.39,1683849599999,14574895.06973,55478,1381336.35,7375565.77985,0
2023-05-12,5.278,5.35,5.117,5.342,2844970.82,1683935999999,14878359.16953,57868,1465895.98,7666717.18922,0
2023-05-13,5.342,5.396,5.313,5.346,1362265.01,1684022399999,7294873.32092,28994,698722.46,3741694.65182,0
2023-05-14,5.347,5.448,5.31,5.347,1414347.84,1684108799999,7593227.61105,30562,719115.26,3861614.67723,0
2023-05-15,5.349,5.431,5.267,5.313,2109633.37,1684195199999,11327793.33635,39483,1067730.87,5735764.51752,0
2023-05-16,5.313,5.337,5.232,5.296,1827920.88,1684281599999,9650031.63083,35732,865860.98,4571085.49865,0
2023-05-17,5.297,5.44,5.221,5.422,2843186.06,1684367999999,15123450.10614,47468,1426905.37,7596150.93582,0
2023-05-18,5.423,5.467,5.246,5.338,2885485.35,1684454399999,15510476.84942,44498,1459677.6,7847167.7524,0
2023-05-19,5.338,5.393,5.313,5.372,1832422.71,1684540799999,9811234.69252,28355,944803.84,5059740.63666,0
2023-05-20,5.372,5.446,5.329,5.409,1506151.33,1684627199999,8130728.57158,24253,766453.43,4138035.85372,0
2023-05-21,5.409,5.433,5.242,5.273,1554875.25,1684713599999,8277355.04721,27871,690282.62,3675393.08792,0
2023-05-22,5.273,5.337,5.224,5.311,1716607.63,1684799999999,9087305.50079,27721,837155.24,4432564.34931,0
2023-05-23,5.312,5.45,5.29,5.401,1761134.4,1684886399999,9483913.60202,31485,900296.91,4849272.79497,0
2023-05-24,5.401,5.405,5.196,5.252,2314581.38,1684972799999,12202572.87667,39552,1034876.32,5455932.50504,0
2023-05-25,5.253,5.297,5.14,5.245,2043413.21,1685059199999,10710698.78721,32662,984965.5,5164276.60413,0
2023-05-26,5.245,5.273,5.188,5.245,1672238.06,1685145599999,8753346.32514,24900,838933.66,4391737.76107,0
2023-05-27,5.244,5.375,5.231,5.337,1923151.28,1685231999999,10210606.87794,28199,933221.99,4954552.2505,0
2023-05-28,5.336,5.561,5.316,5.502,2093452.08,1685318399999,11360962.04433,32917,1095075.94,5943020.4567,0
2023-05-29,5.502,5.539,5.414,5.459,1871798.74,1685404799999,10246806.30922,28634,961095.25,5261184.64311,0
2023-05-30,5.459,5.53,5.407,5.442,2241581.42,1685491199999,12258787.58261,37209,1110399.1,6073514.14132,0
2023-05-31,5.441,5.463,5.269,5.315,2704545.15,1685577599999,14436698.43736,42634,1239831.04,6614689.467,0
2023-06-01,5.315,5.335,5.187,5.206,2320022.58,1685663999999,12140328.44553,36157,1084449.31,5675193.3751,0
2023-06-02,5.206,5.435,5.16,5.278,2814835.17,1685750399999,14787347.84571,42946,1384520.07,7277784.92659,0
2023-06-03,5.277,5.341,5.24,5.341,1228101.12,1685836799999,6481820.02123,19607,648312.5,3422075.87269,0
2023-06-04,5.341,5.384,5.306,5.314,1791577.75,1685923199999,9570498.51988,26171,902763.89,4822476.45747,0
2023-06-05,5.314,5.322,4.9,5.065,5436176.7,1686009599999,27909757.7125,92928,2588213.25,13303498.78455,0
2023-06-06,5.065,5.27,4.985,5.202,3042165.47,1686095999999,15525952.74542,48153,1445588.93,7381467.01227,0
2023-06-07,5.202,5.212,4.976,5.024,2788128.22,1686182399999,14188826.96152,45749,1382274.75,7036410.94049,0
2023-06-08,5.024,5.058,4.977,5.023,2253377.78,1686268799999,11309747.85188,30719,1103463.69,5540247.53525,0
2023-06-09,5.023,5.07,4.93,4.982,1851425.12,1686355199999,9261078.43642,29847,876459.34,4383919.86836,0
2023-06-10,4.982,4.986,4.2,4.517,11793308.25,1686441599999,52397132.99403,195093,5577937.53,24781254.65249,0
2023-06-11,4.516,4.553,4.424,4.523,2824128.89,1686527999999,12663051.48728,45297,1390275.02,6235470.82889,0
2023-06-12,4.523,4.556,4.411,4.535,2692091.23,1686614399999,12116494.19407,43074,1366910.98,6152792.42158,0
2023-06-13,4.535,4.721,4.495,4.627,2663019.47,1686700799999,12273897.17822,41428,1350013.56,6222032.93606,0
2023-06-14,4.627,4.802,4.505,4.569,3575780.44,1686787199999,16676521.01646,54302,1790966.4,8357126.38022,0
2023-06-15,4.568,4.62,4.272,4.374,7444659.22,1686873599999,32740141.35939,119566,2831415.95,12435495.28268,0
2023-06-16,4.375,4.468,4.276,4.422,3261216.97,1686959999999,14265621.08299,47480,1522360.51,6662602.73154,0
2023-06-17,4.423,4.567,4.396,4.53,2348383.65,1687046399999,10578701.98313,31991,1239767.13,5584922.27217,0
2023-06-18,4.53,4.667,4.478,4.536,2497125.54,1687132799999,11412990.99301,37950,1262320.54,5767742.51957,0
2023-06-19,4.537,4.588,4.433,4.53,2442478.42,1687219199999,11011669.12241,34390,1257317.67,5668756.04219,0
2023-06-20,4.53,4.678,4.374,4.662,3232432.59,1687305599999,14626701.32339,44807,1700707.23,7702156.61006,0
2023-06-21,4.662,4.92,4.635,4.821,4584261.68,1687391999999,21743478.70285,64597,2305326.81,10935136.55795,0
2023-06-22,4.821,4.976,4.745,4.825,4144355.55,1687478399999,20179951.51452,60360,2036330.84,9916055.61778,0
2023-06-23,4.824,5.138,4.82,5.098,4776899.26,1687564799999,23838856.32772,72714,2378687.32,11899360.27676,0
2023-06-24,5.098,5.139,4.905,5.008,2775434.8,1687651199999,13959468.3959,40805,1368628.27,6885608.68008,0
2023-06-25,5.008,5.246,5.002,5.194,4469195.22,1687737599999,23044918.46999,61693,2346261.04,12096771.99748,0
2023-06-26,5.194,5.238,5.0,5.024,5174613.73,1687823999999,26602849.34539,70094,2472249.88,12725333.94821,0
2023-06-27,5.024,5.154,4.997,5.096,2553579.31,1687910399999,12991233.9991,40479,1206563.73,6136958.73026,0
2023-06-28,5.095,5.099,4.746,4.879,3414960.81,1687996799999,16944765.44964,53117,1659713.36,8236617.4926,0
2023-06-29,4.881,5.236,4.87,4.985,4821782.23,1688083199999,24292623.67253,82256,2357860.19,11884084.4841,0
2023-06-30,4.986,5.2,4.789,5.18,6600936.81,1688169599999,33415986.54974,122408,3362211.55,17026032.50822,0
2023-07-01,5.18,5.392,5.112,5.351,4991687.74,1688255999999,26273090.25383,82905,2548118.32,13412012.8358,0
2023-07-02,5.351,5.53,5.224,5.496,4416008.07,1688342399999,23654072.5798,82922,2366027.8,12687121.80204,0
2023-07-03,5.495,5.635,5.377,5.431,3882932.74,1688428799999,21304022.50275,76889,1878869.07,10310499.72847,0
2023-07-04,5.429,5.513,5.256,5.348,3200600.98,1688515199999,17329307.79991,60987,1515718.62,8204566.34538,0
2023-07-05,5.348,5.38,5.117,5.208,2843294.07,1688601599999,14903242.0847,60952,1294455.0,6785697.62922,0
2023-07-06,5.207,5.368,5.01,5.014,2938752.21,1688687999999,15203583.1849,63992,1377334.99,7134828.7465,0
2023-07-07,5.015,5.179,4.975,5.119,1988995.87,1688774399999,10141512.89392,41161,991635.43,5059195.20036,0
2023-07-08,5.119,5.196,5.055,5.128,1200936.94,1688860799999,6169765.56296,28087,572203.42,2940321.87959,0
2023-07-09,5.126,5.16,5.062,5.081,1198821.42,1688947199999,6120360.42909,26287,576481.51,2943687.55139,0
2023-07-10,5.081,5.23,4.98,5.131,2539022.61,1689033599999,12922480.82104,53676,1216873.54,6197999.69619,0
2023-07-11,5.13,5.217,5.089,5.214,1663952.63,1689119999999,8558931.5318,37548,890018.47,4580869.58537,0
2023-07-12,5.213,5.31,5.1,5.147,2569152.05,1689206399999,13411560.24821,50345,1197663.83,6253413.33869,0
2023-07-13,5.146,5.55,5.096,5.545,5509995.96,1689292799999,29655624.14948,112081,2884281.77,15519840.80768,0
2023-07-14,5.544,5.76,5.3,5.451,6354310.66,1689379199999,35304685.25344,130516,3264287.11,18153810.59355,0
2023-07-15,5.451,5.564,5.383,5.432,1900188.55,1689465599999,10379956.10193,39335,974242.51,5323016.04572,0
2023-07-16,5.432,5.448,5.256,5.311,2128124.43,1689551999999,11410665.6499,42398,983842.24,5277835.50622,0
2023-07-17,5.311,5.416,5.173,5.304,3209841.19,1689638399999,16963574.98826,63554,1585657.18,8382199.12322,0
2023-07-18,5.303,5.391,5.1,5.181,3684193.8,1689724799999,19255815.11533,74092,1867803.65,9767610.54438,0
2023-07-19,5.179,5.257,5.129,5.193,2323483.99,1689811199999,12086505.81406,42678,1169179.2,6082662.23954,0
2023-07-20,5.191,5.488,5.184,5.355,3840654.42,1689897599999,20543636.33948,69523,1956262.24,10464429.62087,0
2023-07-21,5.355,5.71,5.337,5.485,5401854.57,1689983999999,29823786.46326,105342,2749267.12,15186845.95878,0
2023-07-22,5.486,5.518,5.266,5.314,2248518.21,1690070399999,12105841.39496,48850,1011808.13,5448770.07492,0
2023-07-23,5.315,5.493,5.275,5.391,2228062.7,1690156799999,12057900.1989,48179,1152601.31,6239829.06025,0
2023-07-24,5.391,5.416,5.1,5.209,3366607.8,1690243199999,17633533.23068,67008,1544661.8,8087010.74423,0
2023-07-25,5.21,5.256,5.129,5.175,1752052.61,1690329599999,9075997.49173,36699,841288.38,4359074.70528,0
2023-07-26,5.176,5.295,5.117,5.235,1716359.24,1690415999999,8940988.88874,40125,863758.09,4500463.34179,0
2023-07-27,5.235,5.336,5.182,5.239,1624000.67,1690502399999,8540377.36214,35131,764314.52,4021646.34706,0
2023-07-28,5.239,5.273,5.16,5.219,1745955.05,1690588799999,9107486.97838,32605,883994.93,4612336.35501,0
2023-07-29,5.218,5.259,5.204,5.248,840163.33,1690675199999,4401048.6513,18158,402316.49,2107627.96861,0
2023-07-30,5.248,5.276,5.1,5.184,1630741.35,1690761599999,8476084.74439,32954,746222.87,3880082.98654,0
2023-07-31,5.183,5.261,5.046,5.109,2162179.25,1690847999999,11142150.90652,41741,1062210.1,5474917.34559,0
2023-08-01,5.109,5.209,4.95,5.208,2583489.21,1690934399999,13127787.04712,49189,1234533.9,6277508.98563,0
2023-08-02,5.207,5.22,5.012,5.061,1875088.24,1691020799999,9600143.5172,37108,931115.53,4766341.95342,0
2023-08-03,5.06,5.075,4.929,4.979,1578703.36,1691107199999,7916286.50324,31462,729171.53,3656473.32207,0
2023-08-04,4.978,5.046,4.939,4.993,1321512.55,1691193599999,6602421.28002,26613,662749.31,3311461.35311,0
2023-08-05,4.993,4.996,4.929,4.974,694952.49,1691279999999,3445999.01141,18415,308584.34,1530584.31059,0
2023-08-06,4.975,5.046,4.959,5.005,1124716.73,1691366399999,5624032.2869,24437,526692.33,2634296.40182,0
2023-08-07,5.006,5.049,4.835,4.971,1664265.82,1691452799999,8257748.03386,35646,785511.62,3898776.10825,0
2023-08-08,4.971,5.098,4.933,5.059,1388611.45,1691539199999,6977989.60972,27411,656899.64,3301036.47982,0
2023-08-09,5.06,5.106,4.997,5.059,1393130.31,1691625599999,7035469.18927,24685,722199.15,3648502.26348,0
2023-08-10,5.06,5.067,4.977,5.006,1155363.93,1691711999999,5795117.4049,19775,568661.56,2852257.86396,0
2023-08-11,5.005,5.02,4.956,5.007,1022335.23,1691798399999,5106797.05263,17182,514700.68,2571301.51079,0
2023-08-12,5.008,5.044,4.997,5.04,817443.05,1691884799999,4103941.70179,13609,381221.71,1914300.91359,0
2023-08-13,5.039,5.045,4.968,4.987,1063886.17,1691971199999,5340932.21876,16753,540150.32,2712167.71417,0
2023-08-14,4.987,5.058,4.951,4.989,1470525.11,1692057599999,7357383.95086,24304,717350.53,3590700.50899,0
2023-08-15,4.989,4.998,4.622,4.818,2154803.35,1692143999999,10499321.49956,40344,1043270.13,5087249.24759,0
2023-08-16,4.817,4.842,4.531,4.672,2433575.41,1692230399999,11470290.90311,42677,1234599.29,5817643.24469,0
2023-08-17,4.672,4.982,4.312,4.429,4837864.01,1692316799999,22246697.84608,114768,2353324.18,10842524.98398,0
2023-08-18,4.429,4.56,4.365,4.51,2973054.24,1692403199999,13291998.90023,49122,1470119.44,6571990.2368,0
2023-08-19,4.511,4.553,4.454,4.517,992385.44,1692489599999,4469612.43435,19680,474821.69,2138751.92196,0
2023-08-20,4.517,4.533,4.466,4.519,1000903.19,1692575999999,4503432.31844,19866,441998.92,1988751.68503,0
2023-08-21,4.521,4.537,4.362,4.427,1589298.11,1692662399999,7088555.23644,30153,736386.51,3286179.48106,0
2023-08-22,4.427,4.45,4.25,4.423,2514612.21,1692748799999,11021459.80635,41762,1241365.8,5448406.54227,0
2023-08-23,4.425,4.537,4.378,4.489,2111348.0,1692835199999,9396024.36051,31976,1052255.95,4683330.50591,0
2023-08-24,4.489,4.517,4.368,4.424,1954030.49,1692921599999,8704598.42793,26550,1006716.89,4486048.19866,0
2023-08-25,4.422,4.496,4.357,4.49,1865483.14,1693007999999,8279487.61117,31908,953080.78,4231546.02239,0
2023-08-26,4.49,4.514,4.476,4.507,1360546.99,1693094399999,6120339.88936,18500,659286.56,2967170.50746,0
2023-08-27,4.505,4.544,4.461,4.489,1274702.18,1693180799999,5749758.16952,19954,640774.8,2891522.88395,0
2023-08-28,4.489,4.622,4.416,4.61,3101890.05,1693267199999,13984337.94959,47561,1507036.05,6794759.47929,0
2023-08-29,4.61,4.806,4.54,4.678,4406290.23,1693353599999,20487812.91336,66821,2324940.71,10812281.06556,0
2023-08-30,4.678,4.68,4.5,4.534,2107999.59,1693439999999,9663345.87508,32163,976451.19,4476540.02649,0
2023-08-31,4.535,4.535,4.234,4.271,5159773.24,1693526399999,22561944.00046,61398,2590051.26,11324716.84784,0
2023-09-01,4.271,4.295,4.136,4.218,3247599.73,1693612799999,13743506.21637,44792,1550315.34,6566188.72426,0
2023-09-02,4.218,4.274,4.201,4.261,1385184.88,1693699199999,5872241.04466,22525,665749.44,2821847.98636,0
2023-09-03,4.262,4.3,4.226,4.259,1249649.68,1693785599999,5335636.47445,20201,603347.36,2575745.8262,0
2023-09-04,4.26,4.321,4.193,4.26,2592614.46,1693871999999,11038320.0049,32068,1337649.09,5695898.74741,0
2023-09-05,4.26,4.303,4.198,4.257,1833680.97,1693958399999,7795510.07104,23036,955186.41,4063529.65851,0
2023-09-06,4.257,4.289,4.171,4.272,2292602.88,1694044799999,9719427.87181,27780,1184319.39,5022738.24916,0
2023-09-07,4.273,4.31,4.235,4.294,2015368.19,1694131199999,8599737.02256,23035,1115221.71,4759249.93355,0
2023-09-08,4.294,4.332,4.204,4.253,1911730.39,1694217599999,8144093.90405,25072,1019012.27,4341034.11667,0
2023-09-09,4.253,4.278,4.236,4.236,810888.38,1694303999999,3451861.96685,11287,415421.83,1768531.60833,0
2023-09-10,4.236,4.238,4.103,4.149,2602755.63,1694390399999,10835267.98042,34489,1379045.19,5743097.52698,0
2023-09-11,4.149,4.155,3.908,3.989,4954332.39,1694476799999,19985747.510456,64003,2307631.41,9311912.4859,0
2023-09-12,3.988,4.097,3.953,3.986,3322442.65,1694563199999,13323304.11008,45036,1818484.68,7290560.2082,0
2023-09-13,3.987,4.1,3.95,3.998,2434240.08,1694649599999,9754689.0371,37523,1279571.1,5129130.90007,0
2023-09-14,3.999,4.088,3.973,4.058,2826450.26,1694735999999,11391568.14754,40892,1604441.6,6466897.98031,0
2023-09-15,4.059,4.172,4.046,4.139,2403258.06,1694822399999,9851951.34152,34544,1346673.53,5519587.20266,0
2023-09-16,4.138,4.225,4.134,4.185,1814021.69,1694908799999,7578854.79715,29207,954572.71,3988574.15811,0
2023-09-17,4.187,4.189,4.046,4.07,1800037.06,1694995199999,7405396.41595,30518,821735.19,3381578.57524,0
2023-09-18,4.07,4.22,4.014,4.106,2979553.42,1695081599999,12323576.23253,42208,1520387.85,6291264.76386,0
2023-09-19,4.106,4.17,4.079,4.152,2631215.34,1695167999999,10843602.12733,36490,1327358.57,5471062.55912,0
2023-09-20,4.154,4.168,4.065,4.138,1646018.87,1695254399999,6774731.63244,28476,825305.24,3397382.99765,0
2023-09-21,4.139,4.166,4.001,4.012,1780734.04,1695340799999,7238889.41874,27995,843766.82,3430638.2433,0
2023-09-22,4.012,4.038,3.976,4.019,1633445.47,1695427199999,6558618.25053,20792,894169.61,3591026.42738,0
2023-09-23,4.019,4.038,3.998,4.033,1005804.33,1695513599999,4040857.63165,14169,528044.84,2121836.13562,0
2023-09-24,4.033,4.058,3.971,3.993,1093945.04,1695599999999,4401848.51682,16443,513429.2,2066776.77643,0
2023-09-25,3.99,4.09,3.947,4.068,2354682.85,1695686399999,9515793.90153,30349,1228498.02,4965206.28667,0
2023-09-26,4.067,4.092,3.974,4.013,2176205.87,1695772799999,8764670.43868,24684,1253807.59,5047683.90121,0
2023-09-27,4.013,4.075,3.967,3.993,2220464.79,1695859199999,8926675.66983,28592,1154223.21,4642527.3736,0
2023-09-28,3.993,4.101,3.981,4.073,2423443.08,1695945599999,9806686.06823,28492,1263534.04,5112837.19229,0
2023-09-29,4.074,4.12,4.055,4.074,2088662.26,1696031999999,8532896.08882,26133,1182864.43,4832954.03445,0
2023-09-30,4.074,4.119,4.071,4.103,1275233.11,1696118399999,5221662.81202,19571,645021.99,2641451.08072,0
2023-10-01,4.104,4.289,4.102,4.263,2265876.1,1696204799999,9492383.19123,36536,1228428.94,5147372.79989,0
2023-10-02,4.264,4.31,4.058,4.12,3854026.25,1696291199999,16249824.47385,51439,1862960.85,7860477.92615,0
2023-10-03,4.121,4.162,4.05,4.077,1564379.73,1696377599999,6423871.33002,28487,741765.85,3047086.349,0
2023-10-04,4.076,4.076,3.958,4.042,2554470.06,1696463999999,10275846.9608,37281,1131900.61,4555928.73204,0
2023-10-05,4.042,4.088,4.0,4.024,1725328.6,1696550399999,6971097.24625,25232,909463.15,3677353.81876,0
2023-10-06,4.024,4.094,3.998,4.068,1399327.65,1696636799999,5668381.7345,20338,718438.22,2911040.25407,0
2023-10-07,4.069,4.114,4.044,4.051,1027727.79,1696723199999,4194858.61128,15096,495991.12,2024557.4999,0
2023-10-08,4.052,4.072,4.0,4.012,1327658.78,1696809599999,5350518.21164,18282,618024.32,2491214.77755,0
2023-10-09,4.012,4.03,3.756,3.881,3725371.284,1696895999999,14459329.2627,58930,1686854.43,6545150.68545,0
2023-10-10,3.88,3.895,3.77,3.811,1997871.04,1696982399999,7655982.04065,33168,957477.2,3667253.99951,0
2023-10-11,3.812,3.823,3.7,3.74,2158166.14,1697068799999,8094485.92667,39065,1016684.51,3814474.20145,0
2023-10-12,3.739,3.741,3.621,3.676,2722797.38,1697155199999,10005920.105955,39203,1344536.11,4940279.77798,0
2023-10-13,3.676,3.776,3.667,3.721,1628293.29,1697241599999,6029608.55335,24070,877664.67,3249363.33092,0
2023-10-14,3.721,3.762,3.717,3.735,1024225.4,1697327999999,3829484.71787,14197,483163.04,1806748.22014,0
2023-10-15,3.734,3.782,3.707,3.753,1572397.09,1697414399999,5891732.34454,20789,838206.54,3141213.19731,0
2023-10-16,3.753,3.9,3.736,3.776,3758880.85,1697500799999,14263082.96055,50431,1973150.14,7487361.1241,0
2023-10-17,3.776,3.779,3.636,3.67,2232638.47,1697587199999,8280168.64072,34499,1163932.32,4317093.07605,0
2023-10-18,3.669,3.723,3.629,3.654,1660166.05,1697673599999,6100004.31785,27422,797748.64,2931572.60073,0
2023-10-19,3.653,3.66,3.562,3.649,2373829.06,1697759999999,8602261.05146,31261,1123892.75,4074923.8143,0
2023-10-20,3.649,3.805,3.638,3.718,3760071.55,1697846399999,14031643.99854,44357,1942726.45,7250848.46757,0
2023-10-21,3.72,3.98,3.706,3.909,3652845.43,1697932799999,14089089.84129,51390,1936251.36,7468460.81719,0
2023-10-22,3.909,3.973,3.795,3.967,3393543.88,1698019199999,13169997.16344,54967,1649863.3,6407530.1834,0
2023-10-23,3.967,4.368,3.918,4.357,8758003.44,1698105599999,35916903.19402,148940,4658143.34,19095017.12128,0
2023-10-24,4.358,4.425,4.096,4.19,9440500.3,1698191999999,40351174.10011,169236,4476013.55,19133535.8921,0
2023-10-25,4.189,4.355,4.137,4.291,5030468.8,1698278399999,21378819.08155,85704,2541582.98,10807118.56116,0
2023-10-26,4.292,4.451,4.15,4.234,5741821.06,1698364799999,24687037.00595,97741,2770741.3,11921897.72558,0
2023-10-27,4.234,4.236,4.01,4.135,5100506.33,1698451199999,21131617.49514,81113,2369867.9,9821872.47105,0
2023-10-28,4.134,4.225,4.13,4.181,2924361.17,1698537599999,12218842.0417,44119,1389121.03,5802944.85146,0
2023-10-29,4.181,4.355,4.126,4.315,3308326.4,1698623999999,14026977.19323,47573,1673786.46,7095287.60649,0
2023-10-30,4.315,4.532,4.233,4.525,6732331.76,1698710399999,29375074.67199,94722,3640515.85,15897165.97412,0
2023-10-31,4.525,4.603,4.272,4.449,7122930.14,1698796799999,31744062.69581,111873,3456051.81,15409962.0159,0
2023-11-01,4.448,4.804,4.322,4.727,8664657.37,1698883199999,39458501.036,134761,4471495.65,20390606.91435,0
2023-11-02,4.728,4.795,4.51,4.629,7516552.17,1698969599999,35112787.84654,124610,3774468.23,17646013.3502,0
2023-11-03,4.63,4.646,4.456,4.61,4994752.05,1699055999999,22742132.02135,80813,2466913.45,11244373.79998,0
2023-11-04,4.611,4.78,4.585,4.681,3730420.45,1699142399999,17419732.73705,63670,1974834.64,9224690.88588,0
2023-11-05,4.682,4.91,4.653,4.762,8339719.52,1699228799999,39869755.91436,117123,4145561.01,19816164.13378,0
2023-11-06,4.763,4.994,4.677,4.967,8062202.56,1699315199999,38964896.4073,105324,4169835.62,20169539.02183,0
2023-11-07,4.967,5.05,4.719,4.927,6434501.97,1699401599999,31553000.29115,119345,3191735.42,15663223.17746,0
2023-11-08,4.927,5.094,4.86,5.033,7479657.7,1699487999999,37278437.4998,97493,3535602.45,17625361.04133,0
2023-11-09,5.032,5.265,4.457,5.09,11953209.53,1699574399999,60077445.92479,205229,5782557.21,29057882.14667,0
2023-11-10,5.093,5.317,4.964,5.3,8809057.17,1699660799999,45266282.88241,136983,4681484.97,24075490.26109,0
2023-11-11,5.3,5.682,5.086,5.557,13408385.78,1699747199999,72677623.83128,216513,7121852.65,38638785.9932,0
2023-11-12,5.557,5.859,5.344,5.709,12507667.74,1699833599999,71207434.17292,211929,6510683.65,37075917.97037,0
2023-11-13,5.709,5.89,5.331,5.348,10036536.86,1699919999999,56140483.98795,188902,4803954.58,26876948.67322,0
2023-11-14,5.349,5.522,5.0,5.197,8881631.37,1700006399999,47138880.6139,166104,4380171.43,23263869.51289,0
2023-11-15,5.198,5.64,5.185,5.564,8603942.41,1700092799999,46586629.06352,122296,4392121.94,23788466.51087,0
2023-11-16,5.563,5.809,5.271,5.352,11216571.93,1700179199999,62470014.19829,190284,5707434.8,31796858.82806,0
2023-11-17,5.352,5.486,5.05,5.244,6627256.73,1700265599999,35031701.05371,123309,3328463.92,17599324.46564,0
2023-11-18,5.243,5.29,4.991,5.289,5049686.4,1700351999999,26048707.11029,84493,2564723.51,13239693.75919,0
2023-11-19,5.29,5.481,5.176,5.434,5288348.36,1700438399999,28216210.49659,80080,2697410.64,14396447.15717,0
2023-11-20,5.433,5.569,5.255,5.302,6191396.11,1700524799999,33640063.65081,106286,3097197.04,16831312.14277,0
2023-11-21,5.302,5.326,4.819,4.858,9809122.53,1700611199999,49864453.78504,176482,5050012.8,25696262.9307,0
2023-11-22,4.857,5.287,4.843,5.174,6324028.79,1700697599999,32294735.85124,86430,3232278.96,16486088.46246,0
2023-11-23,5.174,5.219,5.082,5.139,3046432.52,1700783999999,15705264.04514,45475,1445880.39,7454449.73918,0
2023-11-24,5.139,5.294,5.118,5.242,5725071.98,1700870399999,29871738.04532,72080,2800138.61,14612650.92094,0
2023-11-25,5.242,5.389,5.213,5.328,3228936.41,1700956799999,17149340.52702,47182,1591192.34,8452653.97626,0
2023-11-26,5.328,5.415,5.145,5.329,4327342.3,1701043199999,22945689.31162,73140,2097563.47,11126089.28138,0
2023-11-27,5.329,5.377,5.037,5.156,6281479.69,1701129599999,32699074.86723,87479,3057472.08,15921491.76133,0
2023-11-28,5.156,5.313,5.102,5.275,5448920.48,1701215999999,28343297.80633,77009,2774091.37,14431393.59995,0
2023-11-29,5.275,5.4,5.15,5.161,4978065.6,1701302399999,26246944.36066,72722,2538947.86,13396486.45083,0
2023-11-30,5.161,5.591,5.118,5.473,9449624.6,1701388799999,50745372.79466,131925,4836876.63,25958210.96574,0
2023-12-01,5.473,5.525,5.369,5.471,3790598.48,1701475199999,20671676.139,65308,1861030.04,10151376.99466,0
2023-12-02,5.47,5.604,5.45,5.562,3691046.39,1701561599999,20353505.48168,56555,1758473.73,9703173.67406,0
2023-12-03,5.562,5.624,5.43,5.541,4369800.25,1701647999999,24117628.3081,75199,2246484.64,12395412.77262,0
2023-12-04,5.54,5.721,5.421,5.632,8239235.76,1701734399999,46169858.73394,136912,4127799.57,23136705.02797,0
2023-12-05,5.633,5.946,5.511,5.907,11736819.83,1701820799999,66605722.30696,174698,6245292.24,35463832.97617,0
2023-12-06,5.907,6.205,5.77,6.046,11202513.64,1701907199999,67201268.73573,198441,5491576.82,32972318.40227,0
2023-12-07,6.045,6.3,5.901,6.242,8281399.33,1701993599999,50654898.15478,145757,4178247.52,25580568.88056,0
2023-12-08,6.242,6.914,6.166,6.837,11355959.93,1702079999999,74167603.14395,209002,5661381.91,36994070.48598,0
2023-12-09,6.838,7.689,6.83,7.101,16985044.2,1702166399999,125063776.65281,399049,8671970.08,63840590.97992,0
2023-12-10,7.102,7.362,6.959,7.348,6780828.9,1702252799999,48801665.89622,135988,3354785.34,24156236.82296,0
2023-12-11,7.348,7.361,6.285,6.709,12451395.17,1702339199999,83525876.77088,277780,5846269.12,39212521.59086,0
2023-12-12,6.706,7.353,6.696,7.131,13610015.42,1702425599999,96133540.10494,288432,6614323.11,46723131.49539,0
2023-12-13,7.133,7.648,6.613,7.603,11463964.93,1702511999999,80981385.38874,237087,6005271.61,42494150.19198,0
2023-12-14,7.602,7.769,6.955,7.507,12681742.91,1702598399999,94086465.65405,267453,6166176.91,45751507.02562,0
2023-12-15,7.508,7.564,6.926,6.951,10696904.91,1702684799999,77138950.51664,183484,5398314.65,38872479.69217,0
2023-12-16,6.951,7.352,6.859,7.092,6517746.9,1702771199999,46563200.1577,117710,3158683.53,22569520.46241,0
2023-12-17,7.092,7.163,6.749,6.784,6649743.84,1702857599999,46309637.8114,118629,3479226.02,24230930.75098,0
2023-12-18,6.785,6.886,6.368,6.885,7414872.74,1702943999999,49322271.3179,142522,3786411.35,25205814.8875,0
2023-12-19,6.884,7.049,6.612,6.706,5474784.2,1703030399999,37461004.36364,97081,2644055.08,18091227.44087,0
2023-12-20,6.706,7.136,6.618,6.951,8621839.76,1703116799999,60025500.50549,137506,4457871.76,31041545.57883,0
2023-12-21,6.952,8.435,6.915,8.42,27166695.07,1703203199999,210298551.9881,546551,14059799.38,108735306.83833,0
2023-12-22,8.422,8.58,7.841,7.954,16078478.66,1703289599999,130889349.79462,358130,7926869.02,64582419.46226,0
2023-12-23,7.954,8.446,7.578,8.326,12748793.29,1703375999999,101419413.82964,249079,6461508.23,51455990.05041,0
2023-12-24,8.326,9.2,8.315,8.611,26401737.92,1703462399999,232219586.88424,579066,13439941.7,118210134.66524,0
2023-12-25,8.612,9.4,8.499,9.191,19304116.18,1703548799999,175485853.42602,454471,9700078.23,88206594.20197,0
2023-12-26,9.192,9.593,8.353,8.819,14922261.11,1703635199999,134627578.77037,384851,7056983.06,63756952.09124,0
2023-12-27,8.819,9.063,8.402,8.694,9947554.08,1703721599999,87404188.54861,254059,4627718.25,40682096.76194,0
2023-12-28,8.695,8.912,8.263,8.426,9422637.54,1703807999999,80436056.56324,244659,4399843.89,37559415.70826,0
2023-12-29,8.427,8.686,8.049,8.291,11281188.12,1703894399999,94656040.37373,259701,5227415.45,43883865.38856,0
2023-12-30,8.291,8.489,8.095,8.346,4747990.66,1703980799999,39505354.69642,116065,2285151.89,19015397.4316,0
2023-12-31,8.346,8.648,8.025,8.202,6738987.99,1704067199999,56770536.06377,165484,3266880.64,27510534.79732,0
2024-01-01,8.203,8.63,8.061,8.595,5268802.23,1704153599999,43998462.10093,122448,2635109.56,21998556.96033,0
2024-01-02,8.594,8.806,8.317,8.411,6792266.31,1704239999999,58377153.17058,178496,3299480.77,28375560.44791,0
2024-01-03,8.408,8.575,6.5,7.626,14473959.94,1704326399999,111257397.3596,391891,7039080.11,54067596.99282,0
2024-01-04,7.626,7.999,7.469,7.879,7500909.27,1704412799999,58093267.24788,147572,3962893.81,30698382.11334,0
2024-01-05,7.879,7.954,7.178,7.45,7631254.61,1704499199999,57464488.34297,174803,3596850.62,27079590.89664,0
2024-01-06,7.448,7.448,6.943,7.133,4644445.49,1704585599999,33334458.0295,105082,2220230.68,15937595.22393,0
2024-01-07,7.132,7.327,6.817,6.899,4713975.33,1704671999999,33656989.53706,101384,2323319.89,16591029.43963,0
2024-01-08,6.899,7.506,6.51,7.483,8524497.42,1704758399999,59948921.26999,182698,4177144.67,29447969.92127,0
2024-01-09,7.483,7.527,6.908,7.129,6989170.94,1704844799999,50450272.49773,180550,3355513.61,24222132.41234,0
2024-01-10,7.128,8.091,6.8,7.991,9967541.16,1704931199999,73376438.34569,249944,4815743.26,35505472.96868,0
2024-01-11,7.99,8.58,7.85,8.148,12836225.08,1705017599999,105591164.49629,328819,6188556.57,50954768.53737,0
2024-01-12,8.147,8.212,7.31,7.567,8688542.18,1705103999999,68633258.49104,228828,4085948.69,32311681.09252,0
2024-01-13,7.566,7.753,7.37,7.617,4481440.54,1705190399999,34195669.7369,107791,2213145.97,16887982.66162,0
2024-01-14,7.618,7.699,7.316,7.319,3486216.3,1705276799999,26353006.01686,89057,1655772.7,12524648.69164,0
2024-01-15,7.319,7.692,7.308,7.509,4209668.41,1705363199999,31833661.86515,105614,2044432.55,15457099.37889,0
2024-01-16,7.509,7.688,7.339,7.493,4432209.01,1705449599999,33319212.32455,97323,2207171.16,16589656.04281,0
2024-01-17,7.492,7.597,7.255,7.35,4237892.42,1705535999999,31395225.87852,81949,1987203.75,14721776.64729,0
2024-01-18,7.349,7.39,6.82,7.017,6630266.6,1705622399999,47146515.31054,130483,3320700.38,23598466.9988,0
2024-01-19,7.018,7.052,6.571,6.894,6152238.35,1705708799999,42126916.44839,124346,2956051.48,20232316.98526,0
2024-01-20,6.894,6.951,6.778,6.913,3231059.21,1705795199999,22154318.50247,58299,1646550.57,11289101.74835,0
2024-01-21,6.913,6.977,6.801,6.817,2659737.77,1705881599999,18346874.87506,52902,1323208.53,9128244.78233,0
2024-01-22,6.815,6.848,6.293,6.341,8335532.94,1705967999999,54570902.1115,151378,4058913.02,26568821.62879,0
2024-01-23,6.342,6.455,5.979,6.361,7491685.08,1706054399999,46369574.99185,133467,3836305.24,23743724.65138,0
2024-01-24,6.362,6.542,6.26,6.462,4831265.54,1706140799999,30922131.93694,87556,2567148.47,16428280.60046,0
2024-01-25,6.461,6.579,6.346,6.438,3968963.16,1706227199999,25618185.03094,76947,2124447.14,13714128.62522,0
2024-01-26,6.438,6.73,6.361,6.672,5226941.0,1706313599999,34314904.02308,82234,2844237.75,18659406.82347,0
2024-01-27,6.671,6.753,6.53,6.669,3827612.45,1706399999999,25475777.78623,55849,1804270.04,12006209.69621,0
2024-01-28,6.669,6.875,6.567,6.872,5140566.57,1706486399999,34475266.02524,81136,2730165.41,18317364.32044,0
2024-01-29,6.871,7.298,6.705,7.032,9464149.78,1706572799999,65959353.79513,143258,4716266.95,32865177.68386,0
2024-01-30,7.031,7.087,6.822,6.836,5806026.21,1706659199999,40624292.72866,98557,2842354.7,19897117.18352,0
2024-01-31,6.838,6.888,6.584,6.654,5331313.42,1706745599999,36031075.31256,102479,2727026.32,18439076.31117,0
2024-02-01,6.653,6.816,6.53,6.791,3801576.85,1706831999999,25460624.49081,69369,2050206.04,13732983.26349,0
2024-02-02,6.791,7.028,6.763,6.947,3879893.39,1706918399999,26716625.79131,67175,2077421.61,14299618.8801,0
2024-02-03,6.947,7.01,6.813,6.825,2228612.1,1707004799999,15383212.24727,44849,1074869.28,7420646.4259,0
2024-02-04,6.826,6.826,6.647,6.666,1847358.83,1707091199999,12483445.76748,40354,850037.65,5746869.81082,0
2024-02-05,6.666,6.976,6.592,6.737,4053934.37,1707177599999,27603437.59634,74232,2137251.64,14554688.61472,0
2024-02-06,6.737,6.832,6.639,6.807,3262058.56,1707263999999,21983087.33998,58111,1710781.6,11531210.46533,0
2024-02-07,6.806,6.966,6.671,6.941,3978510.79,1707350399999,27163603.64775,71771,2208745.37,15092727.42201,0
2024-02-08,6.941,7.11,6.87,7.013,5636725.94,1707436799999,39374443.86237,96589,3196397.88,22332699.584,0
2024-02-09,7.014,7.329,6.96,7.196,6703902.0,1707523199999,47880048.76024,110098,3626446.06,25892098.62866,0
2024-02-10,7.197,7.29,7.059,7.2,3362657.29,1707609599999,24151408.61195,58901,1563250.42,11229271.54072,0
2024-02-11,7.2,7.342,7.077,7.099,4140070.61,1707695999999,29876047.34122,74020,2059430.22,14861727.90958,0
2024-02-12,7.099,7.377,6.978,7.34,6638724.11,1707782399999,47756264.59443,119442,3538219.33,25471127.82086,0
2024-02-13,7.34,7.45,7.111,7.353,5806068.65,1707868799999,42408110.27971,106417,2813760.58,20555767.45119,0
2024-02-14,7.354,7.71,7.273,7.649,6998063.16,1707955199999,53082392.52019,130998,3534219.85,26802921.66341,0
2024-02-15,7.648,7.95,7.526,7.781,8076847.34,1708041599999,62737389.42161,162113,4065943.16,31590979.21498,0
2024-02-16,7.781,7.868,7.537,7.647,5128123.74,1708127999999,39582350.55408,113076,2414307.32,18639888.17413,0
2024-02-17,7.647,7.709,7.34,7.704,3946834.47,1708214399999,29794182.84349,95232,1869465.74,14118517.65036,0
2024-02-18,7.704,7.92,7.676,7.86,4114553.53,1708300799999,32032555.09121,100426,2019853.22,15728288.52443,0
2024-02-19,7.86,8.148,7.651,8.029,8186553.0,1708387199999,64174923.12627,163951,4019616.35,31530278.27633,0
2024-02-20,8.029,8.117,7.399,7.731,9552318.01,1708473599999,73945120.3337,178000,4605740.58,35627973.13435,0
2024-02-21,7.731,7.732,7.225,7.466,6514766.28,1708559999999,48234966.35234,127063,3060934.66,22668733.60342,0
2024-02-22,7.466,7.687,7.274,7.48,5384307.43,1708646399999,40458873.89838,100818,2679550.7,20145557.23182,0
2024-02-23,7.481,7.646,7.269,7.563,6638489.31,1708732799999,49322330.61584,123876,3189667.57,23713229.48686,0
2024-02-24,7.564,7.891,7.431,7.819,6116096.37,1708819199999,47385015.29813,119482,2957218.65,22912246.19589,0
2024-02-25,7.819,7.95,7.677,7.923,4176758.99,1708905599999,32553618.64877,83926,2113460.43,16483006.89174,0
2024-02-26,7.924,8.117,7.583,8.109,7572230.28,1708991999999,59674731.86138,144072,3683129.15,29055278.20984,0
2024-02-27,8.109,8.449,7.987,8.371,10449184.54,1709078399999,85260782.62986,183372,5305388.68,43312833.8857,0
2024-02-28,8.371,8.715,7.713,8.342,15023729.48,1709164799999,125068060.40644,342565,7548795.77,62916226.88733,0
2024-02-29,8.342,8.899,8.029,8.261,11567082.87,1709251199999,99243232.96434,263151,5684144.39,48807654.48466,0
2024-03-01,8.263,8.673,8.263,8.661,7440771.13,1709337599999,62653156.22702,158857,3655854.35,30802541.51554,0
2024-03-02,8.661,9.467,8.576,9.463,12812343.11,1709423999999,115696178.27531,294596,6575658.84,59393073.15184,0
2024-03-03,9.463,9.9,8.576,9.781,15549955.02,1709510399999,146134358.56841,364720,7774238.26,73167237.99185,0
2024-03-04,9.781,10.31,9.5,9.862,20642389.86,1709596799999,204917314.03846,494931,10158495.31,100913239.97822,0
2024-03-05,9.862,10.762,8.17,9.32,31707926.36,1709683199999,312847055.90206,840745,15511640.44,153299752.18313,0
2024-03-06,9.32,10.56,8.924,10.544,17135241.23,1709769599999,169931312.14862,426365,8571042.29,84955491.59856,0
2024-03-07,10.544,11.0,10.209,10.402,11994126.73,1709855999999,126076734.71795,306333,5982020.54,62912739.24038,0
2024-03-08,10.404,10.7,9.946,10.637,12982892.21,1709942399999,134810803.31724,314264,6260656.31,65040412.19574,0
2024-03-09,10.637,10.95,10.409,10.493,9384527.61,1710028799999,100167135.91859,226543,4623627.01,49360288.56608,0
2024-03-10,10.494,10.574,9.963,10.261,7587844.77,1710115199999,78414400.74477,192434,3631981.56,37562310.92223,0
2024-03-11,10.262,11.249,9.791,11.043,14996657.84,1710201599999,161100181.82388,373463,7551063.01,81160396.36933,0
2024-03-12,11.043,11.15,10.02,10.736,12039946.94,1710287999999,128250928.43394,311774,5801135.43,61798851.15255,0
2024-03-13,10.736,11.46,10.638,11.374,11969881.19,1710374399999,131486966.49787,276468,6198253.38,68151334.98336,0
2024-03-14,11.374,11.889,10.675,11.558,20155350.19,1710460799999,229071925.84591,536988,10004645.71,113841430.94144,0
2024-03-15,11.557,11.706,9.975,10.81,20216540.26,1710547199999,215857142.24061,557152,10086593.54,107788771.08556,0
2024-03-16,10.811,10.899,9.502,9.682,13825011.98,1710633599999,141260282.07715,330505,6629610.94,67730863.45659,0
2024-03-17,9.684,10.252,9.19,10.083,9420189.81,1710719999999,92578800.73045,229683,4706811.29,46294084.76933,0
2024-03-18,10.083,10.456,9.602,9.902,9838197.4,1710806399999,98681512.7201,245319,4518181.38,45271524.10458,0
2024-03-19,9.901,9.994,8.6,8.766,15363075.8,1710892799999,140223015.47043,341363,7287059.82,66521885.28307,0
2024-03-20,8.766,9.567,8.488,9.483,12729562.23,1710979199999,115192954.03982,267797,6079354.93,54993615.55373,0
2024-03-21,9.483,9.583,9.067,9.179,7536093.12,1711065599999,70326185.56471,156774,3677467.74,34305137.93222,0
2024-03-22,9.179,9.367,8.694,8.936,6104700.92,1711151999999,55019173.1808,147578,2852531.18,25708676.28093,0
2024-03-23,8.939,9.224,8.852,8.968,3464506.12,1711238399999,31440053.88562,82610,1723712.08,15644508.99689,0
2024-03-24,8.967,9.43,8.952,9.37,3551552.34,1711324799999,32635454.36433,85961,1823352.66,16759519.7717,0
2024-03-25,9.372,9.832,9.287,9.735,6350466.97,1711411199999,60894231.33409,134426,3304494.06,31698887.24107,0
2024-03-26,9.737,10.057,9.525,9.689,8244078.96,1711497599999,80673527.43835,174875,4311766.53,42167828.86291,0
2024-03-27,9.689,9.814,9.304,9.445,7078224.52,1711583999999,67565489.84129,146861,3370508.4,32188723.34718,0
2024-03-28,9.448,9.659,9.3,9.522,5433742.81,1711670399999,51686915.65022,124191,2565185.35,24408304.71077,0
2024-03-29,9.524,9.81,9.344,9.601,6430200.46,1711756799999,61359950.63986,129741,3189978.23,30441915.91687,0
2024-03-30,9.601,9.699,9.387,9.429,3097586.67,1711843199999,29561625.44045,76410,1514124.83,14453753.46122,0
2024-03-31,9.429,9.649,9.414,9.647,2347041.29,1711929599999,22412540.66799,56605,1197056.04,11433124.91505,0
2024-04-01,9.647,9.747,8.923,9.143,6554213.02,1712015999999,60640113.48337,142433,3039864.95,28137222.73819,0
2024-04-02,9.143,9.143,8.37,8.582,8040640.57,1712102399999,69467412.20222,180154,3888623.15,33580309.49265,0
2024-04-03,8.582,8.78,8.284,8.416,5456340.4,1712188799999,46799379.00963,125872,2719931.13,23326204.67862,0
2024-04-04,8.416,8.711,8.263,8.486,5143837.32,1712275199999,43732433.43625,95530,2532311.98,21533766.65121,0
2024-04-05,8.486,8.511,8.076,8.379,4594358.61,1712361599999,38114145.02133,87487,2135326.02,17725644.30344,0
2024-04-06,8.379,8.555,8.329,8.494,3135750.79,1712447999999,26414887.39032,56030,1563534.04,13173557.83758,0
2024-04-07,8.495,8.741,8.458,8.704,3777830.16,1712534399999,32605410.22559,68247,1911111.06,16489948.82779,0
2024-04-08,8.704,9.096,8.57,9.043,5282323.07,1712620799999,47097531.48028,100101,2667769.6,23786873.48231,0
2024-04-09,9.043,9.137,8.632,8.659,6315720.0,1712707199999,56122742.15438,124287,2987836.26,26562905.75208,0
2024-04-10,8.657,8.701,8.122,8.408,6364196.82,1712793599999,53520436.99866,129108,3066220.53,25783792.71675,0
2024-04-11,8.408,8.528,8.183,8.384,4548223.43,1712879999999,37946317.36623,82773,2233834.24,18645161.92687,0
2024-04-12,8.382,8.49,6.503,7.24,18112289.17,1712966399999,133913522.69259,379793,8748992.83,64673061.52247,0
2024-04-13,7.24,7.334,5.693,6.388,21049661.8,1713052799999,137108512.81321,459450,10325365.5,67393435.8653,0
2024-04-14,6.389,6.929,6.193,6.855,15785330.1,1713139199999,103908491.11701,296621,8138547.38,53608785.56678,0
2024-04-15,6.855,7.206,6.429,6.708,9782724.46,1713225599999,66986966.76355,166710,4860438.25,33293656.88937,0
2024-04-16,6.708,6.821,6.371,6.702,5720075.35,1713311999999,37755851.85471,115518,2830821.61,18688314.79495,0
2024-04-17,6.7,6.779,6.326,6.583,4881081.63,1713398399999,32025544.18089,96753,2354510.81,15445705.90989,0
2024-04-18,6.58,6.829,6.445,6.784,3726348.91,1713484799999,24841284.31859,81094,1902365.6,12694444.09156,0
2024-04-19,6.783,6.917,6.274,6.682,7702126.65,1713571199999,51228128.14886,137895,3665755.74,24416830.54401,0
2024-04-20,6.681,7.283,6.608,7.241,3963964.15,1713657599999,27581039.65691,71819,2068698.76,14392424.05527,0
2024-04-21,7.241,7.288,6.962,7.14,2994106.76,1713743999999,21401341.30925,50838,1528737.89,10930365.64728,0
2024-04-22,7.139,7.583,7.089,7.466,5143305.97,1713830399999,38115624.70031,93098,2624991.06,19447394.11887,0
2024-04-23,7.467,7.543,7.205,7.242,4802056.52,1713916799999,35496925.27651,78516,2292492.45,16952568.65086,0
2024-04-24,7.243,7.5,6.857,6.931,6094306.22,1714003199999,43770713.70024,101315,2902647.39,20865534.89409,0
2024-04-25,6.932,7.001,6.703,6.862,4296277.37,1714089599999,29522566.8195,71088,2070719.19,14232491.9239,0
2024-04-26,6.863,6.951,6.714,6.764,4650325.63,1714175999999,31794011.83922,67383,2329786.84,15933333.6658,0
2024-04-27,6.765,6.866,6.511,6.807,3888055.62,1714262399999,26004283.68863,64779,1826729.01,12217169.33279,0
2024-04-28,6.808,6.951,6.69,6.728,2445507.2,1714348799999,16773666.67295,43208,1164300.64,7990094.08078,0
2024-04-29,6.726,6.826,6.47,6.587,3658934.18,1714435199999,24113568.60672,63006,1714087.54,11297763.72953,0
2024-04-30,6.588,6.669,6.04,6.425,7667235.19,1714521599999,48530605.89353,115512,3984062.45,25224123.59206,0
2024-05-01,6.423,6.935,6.129,6.899,9928379.44,1714607999999,64889057.77625,175570,4971837.62,32506459.70104,0
2024-05-02,6.9,7.409,6.694,7.273,5866303.67,1714694399999,41407190.75191,109002,2989781.66,21089488.59573,0
2024-05-03,7.272,7.386,7.002,7.245,6917886.48,1714780799999,49700402.13008,109634,3849841.15,27661016.19492,0
2024-05-04,7.244,7.28,7.105,7.122,3557671.87,1714867199999,25538079.66083,71120,1842506.65,13228206.08575,0
2024-05-05,7.122,7.4,7.014,7.302,4163778.64,1714953599999,29929648.88411,72928,2053134.89,14756410.06752,0
2024-05-06,7.303,7.473,7.06,7.121,4753151.15,1715039999999,34575115.497,94264,2300855.06,16740333.77776,0
2024-05-07,7.119,7.295,6.979,6.993,3682848.45,1715126399999,26341986.89067,64947,1709117.46,12230777.07425,0
2024-05-08,6.992,7.189,6.893,6.983,3774626.84,1715212799999,26568875.86413,75550,1826824.85,12866929.52023,0
2024-05-09,6.982,7.089,6.782,7.05,3379414.81,1715299199999,23494022.92313,75016,1714347.12,11925299.52689,0
2024-05-10,7.049,7.149,6.69,6.746,4044018.42,1715385599999,28001136.53901,86237,1924613.53,13347016.87152,0
2024-05-11,6.745,6.809,6.635,6.659,2377967.87,1715471999999,15990835.94362,63809,1048777.6,7053251.24426,0
2024-05-12,6.659,6.793,6.586,6.617,1576234.91,1715558399999,10549981.05226,40295,769472.16,5150212.10387,0
2024-05-13,6.616,6.826,6.431,6.669,3606786.8,1715644799999,24006845.24137,74408,1731132.61,11533322.62222,0
2024-05-14,6.671,6.698,6.469,6.485,2744202.98,1715731199999,18115960.71576,54763,1291300.56,8525969.83623,0
2024-05-15,6.485,7.029,6.461,6.961,4442558.01,1715817599999,29947707.03845,93250,2306277.62,15550469.59919,0
2024-05-16,6.961,7.066,6.812,7.025,3415709.35,1715903999999,23688289.71924,77104,1707446.04,11844582.16317,0
2024-05-17,7.025,7.299,6.999,7.199,4256397.78,1715990399999,30530613.07534,93983,2134758.35,15305855.57678,0
2024-05-18,7.198,7.232,7.063,7.157,1889934.65,1716076799999,13528564.03044,51738,860878.17,6163434.10025,0
2024-05-19,7.157,7.18,6.889,6.931,1874582.61,1716163199999,13172233.68275,52561,894559.89,6285776.3947,0
2024-05-20,6.93,7.584,6.851,7.575,4828245.07,1716249599999,35050283.82313,111128,2610174.24,18968986.89163,0
2024-05-21,7.574,7.671,7.428,7.61,4957810.67,1716335999999,37493727.53372,114969,2454000.78,18562631.93695,0
2024-05-22,7.609,7.701,7.38,7.467,4310060.98,1716422399999,32562307.03784,91907,2048867.98,15486686.52596,0
2024-05-23,7.466,7.604,6.895,7.2,8045710.66,1716508799999,58338996.81951,165136,3925825.68,28452769.99132,0
2024-05-24,7.199,7.386,7.017,7.244,3827983.04,1716595199999,27592396.21948,85145,1812949.94,13061893.69122,0
2024-05-25,7.244,7.438,7.22,7.425,2016462.27,1716681599999,14775929.55812,45069,926347.08,6783145.35353,0
2024-05-26,7.426,7.64,7.367,7.557,2927564.39,1716767999999,21981848.7452,71817,1400511.65,10516828.91013,0
2024-05-27,7.556,7.775,7.38,7.64,3611626.96,1716854399999,27354095.59829,89866,1858086.6,14073135.01704,0
2024-05-28,7.64,7.667,7.277,7.37,4935005.61,1716940799999,36637189.71365,111895,2385095.81,17705223.55607,0
2024-05-29,7.371,7.562,7.145,7.178,4221424.57,1717027199999,31004140.44929,109760,1973918.49,14501964.03416,0
2024-05-30,7.178,7.243,6.923,6.998,4211075.5,1717113599999,29768830.26286,121671,2204938.21,15581375.31031,0
2024-05-31,6.997,7.054,6.803,6.984,2478066.66,1717199999999,17240959.21724,68972,1208066.71,8410678.60292,0
2024-06-01,6.984,7.135,6.959,7.062,1506527.64,1717286399999,10641340.31329,38697,699304.06,4939521.71571,0
2024-06-02,7.061,7.125,6.917,6.988,1812466.32,1717372799999,12739228.39396,44577,858015.48,6031048.69623,0
2024-06-03,6.989,7.191,6.932,7.009,3867604.77,1717459199999,27501440.82946,70893,1912608.62,13606391.65968,0
2024-06-04,7.009,7.236,6.941,7.177,2889356.19,1717545599999,20510170.59585,71252,1448252.26,10286069.31858,0
2024-06-05,7.178,7.298,7.148,7.251,2836358.18,1717631999999,20489701.47158,66081,1306097.36,9438808.75676,0
2024-06-06,7.25,7.288,7.056,7.144,2433999.18,1717718399999,17531588.67298,59115,1075485.45,7748246.92838,0
2024-06-07,7.145,7.291,6.053,6.659,8416185.59,1717804799999,56571253.4467,206977,3943837.68,26463881.85065,0
2024-06-08,6.659,6.683,6.338,6.384,3615115.34,1717891199999,23479748.53344,90111,1697515.65,11020442.48269,0
2024-06-09,6.384,6.54,6.375,6.527,2659717.39,1717977599999,17204100.31419,61660,1458773.0,9431728.35544,0
2024-06-10,6.527,6.582,6.357,6.506,2942181.04,1718063999999,19083975.95825,78223,1439742.27,9337581.5973,0
2024-06-11,6.506,6.527,6.217,6.378,5420734.07,1718150399999,34467834.53315,123800,2466887.85,15687973.27384,0
2024-06-12,6.378,6.931,6.276,6.738,7033186.82,1718236799999,46892490.86663,149956,3149349.42,20990255.97458,0
2024-06-13,6.737,6.743,6.336,6.359,3581239.76,1718323199999,23256263.33168,88271,1709576.92,11105291.20245,0
2024-06-14,6.36,6.488,6.0,6.163,5069082.95,1718409599999,31653591.82174,127400,2552447.64,15948819.21839,0
2024-06-15,6.162,6.258,6.109,6.223,1928449.76,1718495999999,11946251.60148,38259,927573.6,5746535.4987,0
2024-06-16,6.223,6.428,6.149,6.396,3423193.06,1718582399999,21562302.4453,53738,1471513.86,9268357.11779,0
2024-06-17,6.397,6.418,5.987,6.069,4149733.54,1718668799999,25729861.79515,91593,1807884.81,11208575.82545,0
2024-06-18,6.069,6.089,5.46,5.771,10700166.19,1718755199999,61632237.35168,188498,5127671.54,29500397.29582,0
2024-06-19,5.771,5.993,5.73,5.799,4114058.81,1718841599999,24212639.5225,71171,2047937.87,12046411.001,0
2024-06-20,5.798,5.972,5.6,5.642,3352117.74,1718927999999,19440549.48807,85229,1767681.53,10259214.32979,0
2024-06-21,5.643,5.737,5.549,5.611,3503011.61,1719014399999,19780172.90643,75499,1743042.35,9842386.4837,0
2024-06-22,5.612,5.805,5.541,5.751,2939866.91,1719100799999,16717617.25044,59425,1242079.85,7057908.29884,0
2024-06-23,5.752,5.83,5.587,5.652,1702329.17,1719187199999,9742415.15508,43147,821831.7,4703771.10087,0
2024-06-24,5.651,5.74,5.389,5.729,5455119.88,1719273599999,30581475.85042,141446,2648396.98,14848027.7483,0
2024-06-25,5.727,5.976,5.705,5.842,3888721.25,1719359999999,22723548.14992,89117,1706706.47,9970082.71471,0
2024-06-26,5.841,5.949,5.757,5.799,2681962.98,1719446399999,15700662.86179,58929,1230289.74,7202281.47664,0
2024-06-27,5.799,6.38,5.706,6.287,6316840.04,1719532799999,38592283.67132,129555,3025202.31,18476993.2478,0
2024-06-28,6.286,6.442,6.159,6.19,3765151.4,1719619199999,23741233.80466,103182,1890284.17,11924109.93517,0
2024-06-29,6.189,6.305,6.063,6.08,1478576.61,1719705599999,9119215.34262,50003,657355.77,4055954.8066,0
2024-06-30,6.08,6.26,6.023,6.215,1831777.53,1719791999999,11252365.78312,56144,962160.59,5912678.92444,0
2024-07-01,6.216,6.45,6.195,6.329,3174108.21,1719878399999,20126788.71605,78075,1624163.76,10298189.78484,0
2024-07-02,6.33,6.611,6.314,6.531,5472083.79,1719964799999,35357433.53704,110722,2675006.55,17275714.98155,0
2024-07-03,6.531,6.545,5.998,6.081,4570764.83,1720051199999,28365930.04465,108277,2123550.0,13170803.41702,0
2024-07-04,6.082,6.134,5.539,5.556,6705156.48,1720137599999,39090231.43867,146014,3137348.15,18291690.19667,0
2024-07-05,5.556,5.918,4.915,5.687,20535452.4,1720223999999,110950720.12196,342604,9611882.83,51942708.91857,0
2024-07-06,5.686,6.312,5.631,6.24,11542351.46,1720310399999,68471576.6633,172336,5612095.0,33283316.85445,0
2024-07-07,6.24,6.313,5.882,5.911,5276684.6,1720396799999,32622719.92136,122958,2562181.01,15836912.32412,0
2024-07-08,5.909,6.293,5.695,5.944,6138945.03,1720483199999,36815706.84295,166039,3100752.3,18602787.41039,0
2024-07-09,5.943,6.2,5.84,6.117,4353640.81,1720569599999,26355346.84012,130966,1880744.01,11381177.01464,0
2024-07-10,6.117,6.26,6.05,6.097,4110238.98,1720655999999,25185399.94519,82392,2065910.76,12658647.92375,0
2024-07-11,6.096,6.248,5.895,5.903,2350422.86,1720742399999,14266314.81401,84775,1081010.37,6565968.70662,0
2024-07-12,5.902,6.104,5.801,6.103,2711128.45,1720828799999,16061145.58148,95781,1372630.27,8134873.01214,0
2024-07-13,6.102,6.306,6.074,6.232,2003082.88,1720915199999,12463058.33448,83543,1021579.07,6357310.35747,0
2024-07-14,6.233,6.357,6.159,6.32,2826709.6,1721001599999,17678789.87336,76142,1418253.43,8866245.26725,0
2024-07-15,6.32,6.543,6.295,6.484,5049392.8,1721087999999,32365747.32191,127556,2394517.92,15347155.90215,0
2024-07-16,6.486,6.513,6.126,6.337,4558393.8,1721174399999,28926424.01309,140931,2225905.16,14129314.79331,0
2024-07-17,6.335,6.535,6.246,6.255,3182801.28,1721260799999,20409441.02157,113708,1596276.58,10243934.47959,0
2024-07-18,6.254,6.407,6.02,6.093,3370663.16,1721347199999,20942036.0067,115888,1582766.83,9841354.80016,0
2024-07-19,6.092,6.48,5.978,6.338,2757057.53,1721433599999,17092640.49337,88094,1493081.34,9275795.77161,0
2024-07-20,6.337,6.397,6.224,6.333,1720991.41,1721519999999,10890692.56024,52953,902767.47,5714858.14562,0
2024-07-21,6.332,6.445,6.1,6.43,2339766.13,1721606399999,14729938.84413,77880,1143809.7,7207426.34326,0
2024-07-22,6.43,6.476,6.08,6.096,2585309.02,1721692799999,16189745.26295,76605,1172894.72,7350320.76699,0
2024-07-23,6.095,6.165,5.799,5.917,2986487.42,1721779199999,17898039.147,107148,1390273.76,8338394.2035,0
2024-07-24,5.917,5.997,5.654,5.748,2358741.13,1721865599999,13810419.50156,77804,1038934.4,6089588.24525,0
2024-07-25,5.747,5.779,5.54,5.755,2972357.49,1721951999999,16868022.73891,103777,1404441.52,7971995.8916,0
2024-07-26,5.755,5.891,5.726,5.867,2528303.82,1722038399999,14731225.61897,64349,1281901.66,7469244.17566,0
2024-07-27,5.867,5.942,5.715,5.825,2061613.39,1722124799999,12055104.50057,66226,983835.65,5753295.07845,0
2024-07-28,5.825,5.844,5.67,5.718,1204090.29,1722211199999,6911612.14166,37155,567925.87,3260924.15182,0
2024-07-29,5.72,5.88,5.622,5.649,2552750.24,1722297599999,14741753.65262,73040,1276172.08,7377277.42598,0
2024-07-30,5.65,5.726,5.481,5.519,1921244.42,1722383999999,10784712.48248,60151,861000.94,4837876.13269,0
2024-07-31,5.519,5.559,5.335,5.389,2644241.77,1722470399999,14491968.14833,81717,1291613.13,7079187.57328,0
2024-08-01,5.389,5.422,5.026,5.34,4408677.71,1722556799999,23057405.0987,118524,2218655.08,11590078.92745,0
2024-08-02,5.341,5.369,5.0,5.122,3554684.74,1722643199999,18373097.53989,93870,1623290.53,8402647.58704,0
2024-08-03,5.123,5.209,4.854,5.045,3126943.96,1722729599999,15746333.90916,79104,1486544.56,7483923.45747,0
2024-08-04,5.044,5.097,4.534,4.688,4876624.24,1722815999999,23395140.70896,96819,2202195.34,10555925.17162,0
2024-08-05,4.688,4.726,3.59,4.2,21997702.93,1722902399999,88685187.18137,439161,10505489.74,42364300.21631,0
2024-08-06,4.199,4.604,4.194,4.509,5497287.59,1722988799999,24332470.64108,137934,2380282.09,10522306.46691,0
2024-08-07,4.509,4.641,4.403,4.579,5243270.78,1723075199999,23867799.5719,116284,2417585.33,11005552.54678,0
2024-08-08,4.579,4.904,4.48,4.879,4847719.81,1723161599999,22846212.93063,126282,2189605.49,10319762.74502,0
2024-08-09,4.879,4.924,4.73,4.783,2737150.09,1723247999999,13160460.75688,94019,1332390.45,6405910.52183,0
2024-08-10,4.783,4.832,4.723,4.754,1189116.19,1723334399999,5655926.59157,49593,484474.72,2304807.336,0
2024-08-11,4.753,4.829,4.466,4.495,1800885.03,1723420799999,8373101.26817,62962,848795.92,3948669.81185,0
2024-08-12,4.495,4.68,4.45,4.588,2055574.69,1723507199999,9398489.06651,74860,1015281.25,4644185.24775,0
2024-08-13,4.587,4.65,4.398,4.547,2199766.63,1723593599999,9955998.35062,52255,1045187.15,4733232.69043,0
2024-08-14,4.546,4.554,4.343,4.383,2361315.25,1723679999999,10530674.74467,56898,1088343.4,4855954.88973,0
2024-08-15,4.383,4.481,4.227,4.277,2334737.9,1723766399999,10191897.14502,87634,985276.31,4295864.14243,0
2024-08-16,4.278,4.387,4.211,4.292,1920753.49,1723852799999,8249236.79014,44366,1015534.24,4359112.40304,0
2024-08-17,4.293,4.384,4.275,4.369,859646.82,1723939199999,3720796.35993,40634,473270.4,2048843.00253,0
2024-08-18,4.37,4.529,4.346,4.39,2034044.35,1724025599999,9004629.63291,44213,1024258.09,4531820.1599,0
2024-08-19,4.391,4.504,4.344,4.481,1876212.07,1724111999999,8304032.43384,39373,913259.87,4041781.98718,0
2024-08-20,4.481,4.604,4.455,4.524,2015995.76,1724198399999,9152924.2015,77401,881048.13,3999807.1857,0
2024-08-21,4.524,4.749,4.492,4.663,2872074.59,1724284799999,13248802.47603,87220,1387540.7,6410961.13251,0
2024-08-22,4.664,4.72,4.591,4.689,3039748.99,1724371199999,14158806.492,61121,1622459.96,7554867.26163,0
2024-08-23,4.69,4.953,4.684,4.891,3604290.98,1724457599999,17308988.02795,71503,1802725.48,8663113.18293,0
2024-08-24,4.892,5.1,4.845,4.981,3274573.09,1724543999999,16263900.72207,65838,1700011.8,8443436.66512,0
2024-08-25,4.982,4.995,4.744,4.819,3038021.47,1724630399999,14732464.97782,62912,1407601.08,6830289.37954,0
2024-08-26,4.823,4.866,4.53,4.558,2919726.61,1724716799999,13664083.01295,67183,1385369.0,6483634.77533,0
2024-08-27,4.557,4.658,4.24,4.378,4020085.47,1724803199999,17985690.71896,93324,1949821.66,8721214.32781,0
2024-08-28,4.378,4.453,4.165,4.254,3363625.7,1724889599999,14541157.51819,88095,1498175.74,6475210.94376,0
2024-08-29,4.255,4.403,4.179,4.252,2528160.83,1724975999999,10850019.33844,46224,1070052.57,4596550.53653,0
2024-08-30,4.252,4.335,4.101,4.277,2493943.55,1725062399999,10540167.62173,46964,1170446.25,4949882.69724,0
2024-08-31,4.277,4.318,4.218,4.258,1087944.03,1725148799999,4651653.69586,31547,520758.58,2226708.85542,0
2024-09-01,4.259,4.259,4.032,4.068,2516218.02,1725235199999,10468108.13323,40403,1127520.91,4688619.79698,0
2024-09-02,4.068,4.234,4.051,4.208,2199151.08,1725321599999,9124704.26325,38829,1087453.21,4513299.68212,0
2024-09-03,4.209,4.285,4.056,4.062,2045219.35,1725407999999,8557835.91155,41621,1021159.38,4273391.00259,0
2024-09-04,4.063,4.197,3.868,4.111,4271469.46,1725494399999,17306441.51132,63486,2182306.16,8834575.91811,0
2024-09-05,4.111,4.127,3.973,4.021,1907467.81,1725580799999,7705627.49877,37512,907343.18,3666892.12144,0
2024-09-06,4.022,4.096,3.818,3.959,3968575.54,1725667199999,15761203.88402,74308,1872202.04,7433428.25698,0
2024-09-07,3.96,4.133,3.935,4.079,1686608.94,1725753599999,6840358.24733,29572,833675.22,3383022.47939,0
2024-09-08,4.08,4.208,4.059,4.161,1503933.15,1725839999999,6229901.43706,40230,739421.07,3063885.3401,0
2024-09-09,4.162,4.341,4.111,4.286,2798131.43,1725926399999,11804326.7307,46853,1268016.84,5351969.20742,0
2024-09-10,4.286,4.289,4.197,4.251,1848659.47,1726012799999,7839080.53131,35745,927860.05,3937082.15623,0
2024-09-11,4.25,4.257,4.058,4.191,2947171.99,1726099199999,12240158.54185,46765,1459056.96,6062347.30327,0
2024-09-12,4.192,4.3,4.189,4.294,2205112.48,1726185599999,9352024.26962,37641,975304.62,4137888.81706,0
2024-09-13,4.294,4.472,4.27,4.42,3251739.87,1726271999999,14194643.53504,56596,1491325.17,6514908.20375,0
2024-09-14,4.42,4.445,4.344,4.437,1857961.23,1726358399999,8172515.08683,30347,829481.38,3649907.84454,0
2024-09-15,4.437,4.558,4.355,4.393,2920077.53,1726444799999,13096611.08845,54422,1363491.05,6118268.12897,0
2024-09-16,4.393,4.393,4.148,4.196,3152928.3,1726531199999,13423563.17722,61198,1471493.12,6260182.74717,0
2024-09-17,4.195,4.288,4.127,4.157,3322360.31,1726617599999,13932318.9294,48680,1717293.46,7204037.89038,0
2024-09-18,4.158,4.178,3.973,4.176,4814848.56,1726703999999,19623240.25152,73568,2416448.53,9853748.55713,0
2024-09-19,4.177,4.352,4.177,4.255,4658192.56,1726790399999,19817235.20155,64863,2178485.68,9262543.92627,0
2024-09-20,4.255,4.404,4.19,4.34,4540903.46,1726876799999,19590156.37523,55748,2318134.56,10011756.39755,0
2024-09-21,4.339,4.477,4.282,4.462,2465166.54,1726963199999,10802753.21114,35201,1185147.43,5192551.23226,0
2024-09-22,4.46,4.483,4.234,4.311,2410272.28,1727049599999,10500125.54048,37253,1048031.75,4567696.20899,0
2024-09-23,4.31,4.462,4.233,4.458,3549403.67,1727135999999,15572255.46289,59614,1723667.44,7566842.61342,0
2024-09-24,4.458,4.684,4.401,4.635,4816662.23,1727222399999,21852476.87401,71793,2231481.85,10124952.98568,0
2024-09-25,4.636,4.773,4.59,4.637,3965799.79,1727308799999,18568345.42913,76184,1950010.71,9129192.72577,0
2024-09-26,4.637,4.878,4.564,4.814,3813731.87,1727395199999,18144226.1778,73685,1762258.07,8388560.60372,0
2024-09-27,4.814,4.964,4.809,4.882,4302233.12,1727481599999,21054523.50476,68675,1884592.3,9228034.37419,0
2024-09-28,4.883,4.93,4.746,4.794,2346081.15,1727567999999,11323964.67363,44101,1009865.16,4874839.72068,0
2024-09-29,4.794,4.858,4.682,4.767,2288995.53,1727654399999,10921605.08779,49414,1089780.66,5201560.09456,0
2024-09-30,4.767,4.771,4.399,4.432,4303691.53,1727740799999,19804776.77364,83551,2056858.54,9462975.0416,0
2024-10-01,4.432,4.563,4.051,4.154,8519076.94,1727827199999,36807460.52113,136213,4394384.58,19009272.08992,0
2024-10-02,4.154,4.27,4.004,4.102,4868593.35,1727913599999,20216542.77875,109613,2458963.3,10216605.91659,0
2024-10-03,4.102,4.173,3.989,4.129,4867140.66,1727999999999,19828943.46369,93879,1966602.68,8013340.66888,0
2024-10-04,4.129,4.212,4.106,4.194,3025511.57,1728086399999,12597674.72679,65274,1480880.3,6166717.19056,0
2024-10-05,4.194,4.234,4.075,4.139,1785207.19,1728172799999,7436986.80122,36880,816700.84,3404366.69144,0
2024-10-06,4.139,4.195,4.097,4.191,1577602.61,1728259199999,6557940.2341,31733,755681.21,3142060.42345,0
2024-10-07,4.19,4.272,4.126,4.131,3779052.3,1728345599999,15901823.96343,67923,1732641.74,7290928.34497,0
2024-10-08,4.13,4.184,4.045,4.104,3238080.04,1728431999999,13334540.83259,57741,1481165.84,6099990.25798,0
2024-10-09,4.105,4.15,3.951,4.024,3076173.21,1728518399999,12500131.61043,58137,1407896.36,5725099.69408,0
2024-10-10,4.024,4.077,3.962,4.073,2490257.83,1728604799999,10043643.48152,49030,1211333.67,4886643.79651,0
2024-10-11,4.073,4.196,4.053,4.171,2347729.65,1728691199999,9718414.52857,40200,1081519.82,4476260.7301,0
2024-10-12,4.172,4.263,4.152,4.205,2311858.57,1728777599999,9746467.49333,41063,1111794.34,4686774.63338,0
2024-10-13,4.205,4.216,4.086,4.162,1965193.65,1728863999999,8160338.93552,38955,886413.52,3679686.64484,0
2024-10-14,4.163,4.4,4.134,4.378,4101366.34,1728950399999,17620355.12387,70533,2033911.13,8737691.50772,0
2024-10-15,4.379,4.535,4.291,4.406,6569159.09,1729036799999,29005689.94078,101305,3009870.89,13292155.37626,0
2024-10-16,4.407,4.411,4.287,4.314,3164327.04,1729123199999,13725747.52256,46579,1551955.18,6731199.05376,0
2024-10-17,4.313,4.35,4.146,4.193,2710997.96,1729209599999,11458108.72244,44544,1262299.34,5334933.81291,0
2024-10-18,4.193,4.312,4.173,4.31,2869979.62,1729295999999,12196185.43876,40366,1274322.76,5414455.66046,0
2024-10-19,4.311,4.483,4.31,4.432,3363117.5,1729382399999,14794341.83771,47421,1552289.14,6826335.5003,0
2024-10-20,4.433,4.594,4.357,4.579,3366066.45,1729468799999,15115842.37493,53808,1599930.87,7197173.37547,0
2024-10-21,4.578,4.615,4.334,4.377,3629142.83,1729555199999,16181954.56423,61122,1817921.96,8101635.63802,0
2024-10-22,4.378,4.437,4.271,4.322,3090937.0,1729641599999,13438975.13422,45842,1318675.16,5735679.8367,0
2024-10-23,4.324,4.332,4.104,4.21,3130845.0,1729727999999,13199935.21505,55171,1508190.33,6357837.33536,0
2024-10-24,4.21,4.26,4.143,4.206,3252270.96,1729814399999,13684651.05359,52552,1547628.27,6514481.60316,0
2024-10-25,4.206,4.22,3.848,3.996,5549275.62,1729900799999,22558947.81695,108789,2751865.62,11183787.37897,0
2024-10-26,3.996,4.061,3.943,4.035,3482001.47,1729987199999,13979888.11519,43907,1528693.59,6141547.45575,0
2024-10-27,4.036,4.136,4.007,4.128,2787235.2,1730073599999,11318280.25932,33293,1421401.95,5771606.52754,0
2024-10-28,4.129,4.226,4.004,4.132,5064133.38,1730159999999,20860299.66655,67527,2411152.66,9936423.92182,0
2024-10-29,4.133,4.251,4.119,4.193,5447880.2,1730246399999,22741558.62705,64993,2644878.18,11038248.97064,0
2024-10-30,4.193,4.218,4.119,4.191,4299714.15,1730332799999,17948702.42749,55548,1976156.6,8249486.39746,0
2024-10-31,4.192,4.215,3.901,3.959,6741494.0,1730419199999,27165478.93525,70454,3056513.46,12271594.29632,0
2024-11-01,3.959,3.996,3.845,3.908,5578717.23,1730505599999,21935907.11889,60728,3006108.65,11825925.91732,0
2024-11-02,3.908,3.949,3.823,3.908,3320709.06,1730591999999,12913749.35063,37404,1541728.2,5997547.97743,0
2024-11-03,3.908,3.931,3.665,3.784,6064734.41,1730678399999,22855062.20248,87232,2710097.1,10217067.28423,0
2024-11-04,3.786,3.839,3.679,3.752,3353577.29,1730764799999,12649174.8278,41659,1554370.11,5862639.51278,0
2024-11-05,3.751,3.919,3.746,3.855,3347876.96,1730851199999,12897521.64149,52326,1550694.82,5969804.29828,0
2024-11-06,3.856,4.13,3.855,4.111,9391141.87,1730937599999,38095046.77657,123551,4489109.94,18210063.46765,0
2024-11-07,4.111,4.199,4.045,4.163,7086769.64,1731023999999,29214285.34685,86396,3362425.46,13859156.43587,0
2024-11-08,4.164,4.392,4.116,4.325,11448594.98,1731110399999,49101904.78451,132245,5561986.39,23840502.62734,0
2024-11-09,4.324,4.641,4.262,4.63,8503678.87,1731196799999,37456696.224,100928,4263699.07,18783234.82037,0
2024-11-10,4.632,5.478,4.582,5.241,35504372.79,1731283199999,181616069.23113,463995,17392570.06,88870028.92877,0
2024-11-11,5.242,5.786,4.972,5.71,21631063.61,1731369599999,113557477.69406,308036,10833305.4,56977268.96425,0
2024-11-12,5.71,5.839,5.116,5.308,26930359.43,1731455999999,146369187.21862,470024,12316588.51,66988090.38447,0
2024-11-13,5.309,5.429,4.908,5.073,20191236.54,1731542399999,104152396.02957,353275,9507928.77,49077275.15211,0
2024-11-14,5.072,5.216,4.686,4.775,13094082.94,1731628799999,65075478.51789,217531,6108952.04,30333515.45227,0
2024-11-15,4.777,5.174,4.704,5.161,10257406.37,1731715199999,50852669.1984,159210,5321253.78,26391556.04845,0
2024-11-16,5.16,5.803,5.132,5.787,17564833.99,1731801599999,96363431.62348,305408,9029433.98,49481620.09356,0
2024-11-17,5.786,6.147,5.304,5.424,18374242.79,1731887999999,104089789.93016,306019,9335247.08,52975854.72507,0
2024-11-18,5.425,6.1,5.392,6.008,16117811.2,1731974399999,93810676.61151,289912,8099798.12,47169943.58549,0
2024-11-19,6.008,6.044,5.659,5.805,9028491.8,1732060799999,52790110.77118,184668,4365262.71,25529737.14099,0
2024-11-20,5.805,6.08,5.532,5.724,13729161.22,1732147199999,80475104.06708,260709,6738716.99,39511050.36412,0
2024-11-21,5.724,5.968,5.473,5.93,13681255.17,1732233599999,78622761.50223,242691,6761759.99,38854334.03328,0
2024-11-22,5.932,6.687,5.878,6.63,21148336.67,1732319999999,131792163.51566,374669,10701830.66,66796274.97874,0
2024-11-23,6.631,9.432,6.585,8.515,60359355.47,1732406399999,488516161.67068,1229537,29830081.32,241563846.69399,0
2024-11-24,8.515,10.5,8.042,8.825,55980685.72,1732492799999,506362282.56499,1269042,28820999.24,261118959.54961,0
2024-11-25,8.824,9.359,8.11,8.232,23515306.26,1732579199999,206296589.02029,499054,10934623.93,96149567.92274,0
2024-11-26,8.231,8.468,7.55,8.065,20294174.75,1732665599999,162383626.05441,452089,9883121.92,79130152.74563,0
2024-11-27,8.065,8.568,7.842,8.456,15952780.89,1732751999999,132066307.22486,339871,7988999.73,66169154.74103,0
2024-11-28,8.457,8.752,8.002,8.615,12382641.04,1732838399999,103040894.0909,290584,6100532.48,50820476.04502,0
2024-11-29,8.615,9.076,8.44,9.026,16424896.92,1732924799999,142901889.34631,343708,8658812.43,75398442.67003,0
2024-11-30,9.027,9.224,8.604,8.945,18065505.49,1733011199999,161161814.30831,386446,8600270.62,76710853.68654,0
2024-12-01,8.945,9.388,8.696,9.289,14685246.0,1733097599999,132985400.07623,358926,7099730.6,64313443.34293,0
2024-12-02,9.291,10.198,8.455,10.011,30869602.68,1733183999999,284454249.73618,700018,15729101.76,145297049.24157,0
2024-12-03,10.011,10.39,9.055,9.78,30261037.54,1733270399999,297014296.23261,773201,14775391.53,145038757.41535,0
2024-12-04,9.781,11.649,9.663,10.512,40288736.88,1733356799999,432800595.52399,996667,20295297.33,217817472.03932,0
2024-12-05,10.513,11.233,9.895,10.369,25573286.13,1733443199999,272195831.75093,637780,12420286.98,132298071.34992,0
2024-12-06,10.37,10.887,10.011,10.673,16867235.82,1733529599999,176878636.17761,390657,8860704.16,93004417.9991,0
2024-12-07,10.673,10.928,10.306,10.592,11608605.32,1733615999999,123318112.20788,276300,5853896.44,62176298.43261,0
2024-12-08,10.592,10.8,10.1,10.392,9936977.11,1733702399999,103388097.89147,232973,5214882.66,54253603.58464,0
2024-12-09,10.393,10.397,7.5,8.468,30556061.58,1733788799999,276485826.55016,726480,15039414.7,135861851.26048,0
2024-12-10,8.468,8.718,7.59,8.395,23727142.47,1733875199999,195806667.14147,531387,11705914.33,96719163.90098,0
2024-12-11,8.394,9.269,8.023,8.993,16541944.16,1733961599999,145343557.87661,307678,8313346.91,73139265.88723,0
2024-12-12,8.993,9.669,8.911,9.061,17978417.97,1734047999999,166091704.84427,331252,9326221.87,86238723.20952,0
2024-12-13,9.062,9.234,8.772,9.089,11250987.35,1734134399999,101303527.0873,219145,5671462.71,51089108.08449,0
2024-12-14,9.088,9.212,8.347,8.551,10546490.88,1734220799999,92005179.2644,186958,5332720.41,46531154.18683,0
2024-12-15,8.553,9.264,8.367,9.028,12168923.08,1734307199999,107736046.88319,228624,6482212.71,57394693.08218,0
2024-12-16,9.028,9.204,8.587,8.756,11767882.69,1734393599999,104792203.54741,238401,5546709.05,49411973.09376,0
2024-12-17,8.756,8.972,8.379,8.487,9689503.83,1734479999999,84365735.46092,210387,4606654.56,40130279.14099,0
2024-12-18,8.49,8.545,7.563,7.679,14284782.32,1734566399999,115825808.859,319289,6845430.87,55501906.53208,0
2024-12-19,7.679,7.802,6.76,6.941,22054262.66,1734652799999,161165199.42366,441293,11120317.88,81464483.80442,0
2024-12-20,6.942,7.36,6.01,7.29,23182838.78,1734739199999,154686227.04389,416255,11824981.5,78997680.40722,0
2024-12-21,7.291,7.802,6.836,6.973,12411891.98,1734825599999,90177708.3012,233373,6083796.93,44214933.38853,0
2024-12-22,6.976,7.27,6.682,6.842,8776666.68,1734911999999,61095904.75564,151983,4401856.35,30656510.91574,0
2024-12-23,6.844,7.572,6.654,7.385,10441949.73,1734998399999,73711723.82206,196080,5037850.81,35584287.70727,0
2024-12-24,7.384,7.64,7.154,7.552,7945555.67,1735084799999,58863793.85665,140063,4100248.55,30368920.91337,0
2024-12-25,7.551,7.678,7.353,7.502,5305255.63,1735171199999,39701438.66863,104374,2627212.77,19661175.25253,0
2024-12-26,7.502,7.592,6.881,6.932,5952209.03,1735257599999,42281673.81255,114773,2890798.12,20530536.21472,0
2024-12-27,6.933,7.312,6.815,6.91,6318307.4,1735343999999,44442597.7932,121691,3108713.73,21858795.27898,0
2024-12-28,6.912,7.184,6.792,7.113,4219904.23,1735430399999,29358460.19204,77581,2118051.35,14749305.88844,0
2024-12-29,7.114,7.152,6.81,6.865,3618120.74,1735516799999,25317807.49957,72017,1728997.02,12106472.44844,0
2024-12-30,6.867,7.109,6.537,6.704,6758873.72,1735603199999,45867526.05747,123881,3300787.61,22408624.6714,0
2024-12-31,6.706,6.929,6.565,6.643,4270052.58,1735689599999,28683741.656,81059,2069279.8,13899457.09765,0
2025-01-01,6.642,7.141,6.52,7.051,4854650.19,1735775999999999,33243559.05772,94540,2333502.86,15993805.99942,0
2025-01-02,7.052,7.36,7.051,7.177,5662998.77,1735862399999999,40879123.76941,116141,2780538.54,20074151.77783,0
2025-01-03,7.179,8.044,7.135,7.754,10892070.17,1735948799999999,83477905.04738,190285,5514996.04,42272481.91229,0
2025-01-04,7.753,7.882,7.604,7.677,5399719.09,1736035199999999,41742764.45914,96872,2682824.83,20743804.11467,0
2025-01-05,7.678,7.735,7.46,7.671,3864962.36,1736121599999999,29389920.34466,72382,1877012.27,14277865.30767,0
2025-01-06,7.672,7.988,7.54,7.768,7081416.98,1736207999999999,54984695.00266,126328,3563332.64,27671444.07027,0
2025-01-07,7.77,7.888,7.006,7.014,12003377.11,1736294399999999,89383885.11418,211827,5819877.08,43361714.72763,0
2025-01-08,7.013,7.136,6.421,6.76,12158592.89,1736380799999999,82605839.7277,201670,5778073.36,39270057.59654,0
2025-01-09,6.759,6.847,6.454,6.559,7236598.9,1736467199999999,48101824.44933,121609,3450012.66,22961645.5148,0
2025-01-10,6.558,6.81,6.482,6.732,6645927.74,1736553599999999,44240403.61073,115176,3398370.72,22629759.03772,0
2025-01-11,6.731,6.878,6.582,6.742,3109598.81,1736639999999999,20826689.69448,66834,1455549.64,9758836.73449,0
2025-01-12,6.741,6.817,6.542,6.632,2241615.84,1736726399999999,15016059.50107,45172,1078258.11,7225908.00723,0
2025-01-13,6.632,6.808,6.0,6.396,10199678.51,1736812799999999,64239204.83461,188229,5234371.09,32956011.2834,0
2025-01-14,6.397,6.69,6.367,6.665,5174378.72,1736899199999999,33667612.12478,95908,2666923.13,17349527.16141,0
2025-01-15,6.668,7.196,6.558,7.165,9177823.38,1736985599999999,63109151.99765,165320,4724151.31,32492938.63636,0
2025-01-16,7.166,7.393,6.847,7.15,10781374.02,1737071999999999,77050710.06064,211336,5435027.05,38845717.3,0
2025-01-17,7.154,7.6,7.152,7.503,8017976.75,1737158399999999,59318992.42498,149265,4032311.79,29835594.5707,0
2025-01-18,7.504,7.589,6.839,7.043,8528830.03,1737244799999999,60425364.34095,159762,4056124.95,28732635.60262,0
2025-01-19,7.043,7.237,6.11,6.247,18463335.53,1737331199999999,122447118.41131,341965,8828135.79,58632844.06901,0
2025-01-20,6.246,7.109,6.054,6.381,21982145.76,1737417599999999,142145417.23696,428022,10624422.27,68813601.43558,0
2025-01-21,6.381,6.845,6.155,6.622,8255422.94,1737503999999999,53606715.74173,166517,4007424.42,26040807.39089,0
2025-01-22,6.623,6.696,6.412,6.447,4674155.01,1737590399999999,30697513.9116,103355,2215649.64,14549999.4303,0
2025-01-23,6.447,6.503,6.191,6.351,6958597.48,1737676799999999,44105927.12862,132219,3469926.51,21999424.89726,0
2025-01-24,6.351,6.546,6.203,6.32,4639656.86,1737763199999999,29663019.71726,75822,2269216.13,14508331.41454,0
2025-01-25,6.319,6.41,6.246,6.323,3418652.69,1737849599999999,21638569.56774,53842,1650660.35,10451133.75911,0
2025-01-26,6.323,6.47,6.166,6.177,3801099.68,1737935999999999,24056036.93107,69887,1770498.62,11209426.8477,0
2025-01-27,6.176,6.212,5.485,5.953,12932411.15,1738022399999999,75005877.7112,206013,6070202.8,35250692.55778,0
2025-01-28,5.953,6.037,5.6,5.649,5048053.65,1738108799999999,29604653.84519,90408,2282133.79,13384491.85132,0
2025-01-29,5.648,5.881,5.544,5.768,6047240.35,1738195199999999,34660578.88806,106514,2975719.84,17059478.98597,0
2025-01-30,5.767,6.257,5.722,6.125,5322849.22,1738281599999999,32264526.71484,95088,2521017.58,15271304.52567,0
2025-01-31,6.125,6.499,6.029,6.321,8668790.29,1738367999999999,54551317.92092,143316,4238949.76,26699756.1113,0
2025-02-01,6.322,6.492,5.861,5.905,6999151.58,1738454399999999,43729791.24776,119497,3372252.35,21083006.03717,0
2025-02-02,5.906,6.048,4.863,5.153,17423977.29,1738540799999999,94054582.95351,275392,8424782.05,45521441.5352,0
2025-02-03,5.155,5.28,3.78,5.176,44336682.05,1738627199999999,202947672.5342,733019,21807863.63,99965830.6181,0
2025-02-04,5.177,5.229,4.581,4.742,16164176.0,1738713599999999,77585820.91313,249624,8068002.38,38687062.62503,0
2025-02-05,4.743,4.865,4.628,4.689,6698304.03,1738799999999999,31817396.22512,133306,3428248.58,16296036.83003,0
2025-02-06,4.689,4.838,4.441,4.49,6626961.02,1738886399999999,30663679.50018,125782,3268238.12,15110863.05461,0
2025-02-07,4.49,4.938,4.459,4.593,9796463.72,1738972799999999,46069424.52144,170753,4910104.72,23103271.50219,0
2025-02-08,4.594,4.765,4.499,4.745,4650038.29,1739059199999999,21408624.47075,88835,2338742.63,10773887.45149,0
2025-02-09,4.745,4.878,4.511,4.762,7038964.34,1739145599999999,33382952.55632,126782,3519031.84,16701269.74321,0
2025-02-10,4.763,4.92,4.608,4.845,7055381.19,1739231999999999,33963107.56035,151287,3706196.89,17851580.33669,0
2025-02-11,4.846,5.21,4.749,4.809,9664290.61,1739318399999999,48092494.39658,179353,4935650.84,24547948.99677,0
2025-02-12,4.809,5.332,4.752,5.227,15217967.69,1739404799999999,76387644.97893,267926,7174417.47,35983384.65054,0
2025-02-13,5.228,5.277,5.067,5.131,6378691.02,1739491199999999,32892476.25896,139497,3234216.13,16676101.59015,0
2025-02-14,5.132,5.378,5.1,5.17,6591725.25,1739577599999999,34458402.38985,125833,3323000.76,17375204.75081,0
2025-02-15,5.17,5.22,4.976,5.022,4188333.3,1739663999999999,21309634.37438,81045,1933784.35,9841458.77818,0
2025-02-16,5.022,5.047,4.826,4.88,3661323.85,1739750399999999,18041643.15161,75461,1664341.27,8203732.80711,0
2025-02-17,4.88,5.07,4.776,4.89,6062988.09,1739836799999999,29747663.84043,108434,3002655.01,14736639.68334,0
2025-02-18,4.89,4.918,4.56,4.769,7479844.27,1739923199999999,35401333.72014,142732,3797910.22,17986260.19988,0
2025-02-19,4.77,4.908,4.699,4.886,4658637.52,1740009599999999,22463306.77473,98660,2408992.88,11621817.13488,0
2025-02-20,4.886,5.069,4.881,5.047,6201014.48,1740095999999999,30896537.28438,115087,2938549.29,14644507.02837,0
2025-02-21,5.047,5.339,4.952,5.061,11452215.06,1740182399999999,59144646.00061,201261,5216111.63,26935241.19565,0
2025-02-22,5.062,5.216,5.025,5.043,5842036.36,1740268799999999,29810432.46009,99472,2817311.98,14375794.34331,0
2025-02-23,5.043,5.135,4.905,4.953,3679542.01,1740355199999999,18479372.25974,73707,1746792.84,8775724.73937,0
2025-02-24,4.953,4.981,4.336,4.416,9862579.39,1740441599999999,45790466.25867,181286,4949971.68,23004489.46032,0
2025-02-25,4.416,4.758,4.138,4.64,19174046.17,1740527999999999,84262017.17944,290984,9688429.11,42590713.52638,0
2025-02-26,4.64,4.931,4.591,4.754,12186062.66,1740614399999999,58110608.18479,219023,5954542.11,28409154.418,0
2025-02-27,4.755,5.183,4.714,4.934,13238904.52,1740700799999999,66072774.30909,208649,6468368.43,32259093.5922,0
2025-02-28,4.934,4.935,4.454,4.712,14950436.65,1740787199999999,69431164.52674,282803,7083467.46,32889179.01789,0
2025-03-01,4.713,4.819,4.525,4.664,6300022.18,1740873599999999,29319655.79143,117188,3006941.46,13998901.40347,0
2025-03-02,4.663,5.23,4.568,5.205,14370599.81,1740959999999999,71023839.18815,273565,7007984.36,34635346.34633,0
2025-03-03,5.205,5.25,4.435,4.473,14498771.22,1741046399999999,70039849.52499,314155,7026989.45,33970639.75541,0
2025-03-04,4.474,4.515,4.017,4.33,16361521.68,1741132799999999,69736115.41545,304317,8285163.52,35304394.001,0
2025-03-05,4.33,4.549,4.278,4.526,7554050.49,1741219199999999,33242894.90277,110871,3720179.1,16380477.1452,0
2025-03-06,4.525,4.664,4.343,4.431,7174387.38,1741305599999999,32228062.56605,111294,3522888.29,15830565.29966,0
2025-03-07,4.431,4.677,4.213,4.413,12234991.06,1741391999999999,55005773.6129,184724,6009886.5,27023360.07116,0
2025-03-08,4.412,4.446,4.26,4.289,4166889.83,1741478399999999,18123616.9715,71908,2023047.77,8802822.18579,0
2025-03-09,4.289,4.353,3.978,4.019,8567666.17,1741564799999999,35586918.80742,119722,3823823.03,15895777.00169,0
2025-03-10,4.019,4.285,3.775,3.868,11244883.73,1741651199999999,45402780.00654,170281,5286741.07,21392965.67189,0
2025-03-11,3.87,4.123,3.65,4.042,11221604.68,1741737599999999,43769628.43574,165697,5484689.48,21428080.34347,0
2025-03-12,4.044,4.097,3.847,3.968,9411906.66,1741823999999999,37514123.4441,120929,5073984.08,20230465.01191,0
2025-03-13,3.968,4.109,3.826,3.981,7535359.95,1741910399999999,29891231.34995,95434,3817995.57,15142218.87259,0
2025-03-14,3.98,4.228,3.969,4.187,7564082.21,1741996799999999,31249570.66996,92817,3931627.44,16244229.47302,0
2025-03-15,4.187,4.429,4.186,4.349,4603294.28,1742083199999999,19892249.77856,72994,2229183.01,9625657.84484,0
2025-03-16,4.35,4.366,4.183,4.298,4860914.03,1742169599999999,20839179.10875,81076,2284152.7,9793276.07697,0
2025-03-17,4.298,4.468,4.298,4.37,4964214.66,1742255999999999,21822005.2642,85102,2491777.46,10954333.81902,0
2025-03-18,4.372,4.487,4.232,4.45,4943541.34,1742342399999999,21364537.492,85313,2416714.32,10450653.11308,0
2025-03-19,4.45,4.596,4.438,4.538,7492558.96,1742428799999999,33867600.18981,121492,3719443.75,16812531.28188,0
2025-03-20,4.538,4.567,4.327,4.399,4472127.93,1742515199999999,19766437.71043,76918,2135342.66,9435121.95817,0
2025-03-21,4.4,4.586,4.378,4.499,5759787.32,1742601599999999,25824060.86648,98687,2760688.02,12377265.70526,0
2025-03-22,4.5,4.547,4.415,4.446,3327416.15,1742687999999999,14884753.97717,60812,1646884.68,7366586.29198,0
2025-03-23,4.446,4.518,4.4,4.502,2678878.36,1742774399999999,11938772.51575,49106,1321408.92,5888362.36915,0
2025-03-24,4.503,4.773,4.469,4.62,5907545.08,1742860799999999,27545851.99246,114916,2762158.45,12875006.40433,0
2025-03-25,4.62,4.721,4.582,4.637,3866173.71,1742947199999999,17997907.50254,62227,1880590.72,8755292.00309,0
2025-03-26,4.637,4.767,4.596,4.694,5629934.83,1743033599999999,26385206.37269,82380,2799584.18,13113755.54878,0
2025-03-27,4.695,4.759,4.495,4.625,5678166.73,1743119999999999,26282376.30249,82314,2880656.99,13330940.09589,0
2025-03-28,4.623,4.646,4.242,4.282,5665177.03,1743206399999999,24664573.42327,87773,2641597.62,11484765.10895,0
2025-03-29,4.282,4.304,3.996,4.05,4478918.92,1743292799999999,18416274.9407,60001,2056888.73,8450256.30061,0
2025-03-30,4.05,4.173,3.985,4.042,3302917.68,1743379199999999,13489067.99243,49789,1635251.3,6683374.76323,0
2025-03-31,4.043,4.093,3.949,4.02,4622562.33,1743465599999999,18612600.45437,57577,2348559.81,9456950.09413,0
2025-04-01,4.021,4.282,4.015,4.171,4417348.85,1743551999999999,18446448.51082,63437,2259214.74,9431975.02059,0
2025-04-02,4.171,4.24,3.911,3.965,6989787.29,1743638399999999,28697020.10393,96232,3362206.84,13801248.72944,0
2025-04-03,3.965,4.111,3.845,4.059,5063977.24,1743724799999999,20124962.32355,75552,2376831.91,9459094.74694,0
2025-04-04,4.06,4.131,3.946,4.035,4789003.5,1743811199999999,19400131.17652,69545,2426275.88,9831751.06859,0
2025-04-05,4.034,4.069,3.897,3.956,2096452.45,1743897599999999,8312692.42919,33727,1001927.67,3971374.27352,0
2025-04-06,3.955,3.976,3.601,3.683,6022544.15,1743983999999999,22780191.53283,109315,2744278.79,10377112.11244,0
2025-04-07,3.685,3.735,3.282,3.593,15127726.43,1744070399999999,53106083.73806,235409,7673125.69,26915823.81251,0
2025-04-08,3.592,3.706,3.342,3.378,5407861.13,1744156799999999,19214035.31453,99875,2680667.41,9528865.19587,0
2025-04-09,3.377,3.753,3.25,3.643,11027926.38,1744243199999999,38644970.63227,172602,5395151.04,18911138.43921,0
2025-04-10,3.643,3.65,3.389,3.463,7342100.4,1744329599999999,25713225.08489,97417,3707847.54,12988340.63156,0
2025-04-11,3.462,3.599,3.45,3.557,5169131.93,1744415999999999,18210104.07846,66128,2299536.13,8106540.73196,0
2025-04-12,3.558,3.756,3.525,3.713,4420760.89,1744502399999999,16213880.21817,59446,2114125.13,7757205.23343,0
2025-04-13,3.713,3.816,3.615,3.668,6619352.13,1744588799999999,24512218.15014,83080,3485220.68,12914682.81519,0
2025-04-14,3.669,3.798,3.633,3.677,5218014.54,1744675199999999,19399479.06089,78953,2684428.37,9979608.09435,0
2025-04-15,3.676,3.735,3.516,3.519,4692519.65,1744761599999999,17067918.11525,74167,2203694.13,8021066.03067,0
2025-04-16,3.519,3.619,3.469,3.557,4278941.46,1744847999999999,15156297.33255,65749,2106421.0,7466525.43971,0
2025-04-17,3.557,3.698,3.54,3.634,3658951.76,1744934399999999,13306605.40582,61775,1811790.6,6587540.86049,0
2025-04-18,3.636,3.748,3.613,3.675,2261720.31,1745020799999999,8349845.00944,43780,1051826.37,3883316.24,0
2025-04-19,3.675,3.892,3.645,3.88,2997616.3,1745107199999999,11258754.33272,44305,1384417.8,5197996.74915,0
2025-04-20,3.88,3.952,3.787,3.878,3877366.27,1745193599999999,15032456.82721,61831,1842256.94,7140252.91293,0
2025-04-21,3.879,3.982,3.771,3.78,4698554.41,1745279999999999,18310416.41735,66634,2304025.89,8979221.61454,0
2025-04-22,3.78,4.04,3.689,4.007,7580714.41,1745366399999999,29130025.8996,111369,3981312.62,15293992.60039,0
2025-04-23,4.008,4.198,3.999,4.093,7854197.12,1745452799999999,32163360.06342,128773,3924007.93,16069423.20707,0
2025-04-24,4.093,4.286,3.929,4.269,6601559.83,1745539199999999,27028911.05917,101444,3124448.11,12803960.24538,0
2025-04-25,4.268,4.374,4.215,4.254,6676283.69,1745625599999999,28631883.35244,106913,3338811.91,14313626.00451,0
2025-04-26,4.254,4.362,4.201,4.263,4527685.25,1745711999999999,19398530.3994,67971,2331683.29,9991996.02607,0
2025-04-27,4.264,4.291,4.056,4.09,5800570.8,1745798399999999,23934326.15395,78025,2866540.67,11827166.71567,0
2025-04-28,4.09,4.267,4.009,4.242,5819426.05,1745884799999999,24277650.26853,89859,2889147.23,12053179.17221,0
2025-04-29,4.242,4.33,4.101,4.147,3884592.85,1745971199999999,16492193.97532,69421,1824108.69,7745743.97131,0
2025-04-30,4.146,4.175,4.026,4.065,4199576.05,1746057599999999,17225903.43127,74041,1828310.54,7502115.20129,0
2025-05-01,4.066,4.224,4.064,4.177,3925860.31,1746143999999999,16310211.5887,59680,2013583.35,8366592.61134,0
2025-05-02,4.177,4.287,4.126,4.161,3231292.82,1746230399999999,13584720.47159,56806,1428983.05,6008059.48027,0
2025-05-03,4.161,4.172,4.012,4.028,2386438.85,1746316799999999,9770735.75926,41297,1060428.58,4345441.41323,0
2025-05-04,4.028,4.051,3.894,3.92,4232639.09,1746403199999999,16832510.33527,56855,2084252.46,8294968.27692,0
2025-05-05,3.919,4.022,3.884,3.918,3957728.74,1746489599999999,15583547.87631,53905,1913418.11,7533527.60428,0
2025-05-06,3.918,3.977,3.823,3.971,4277490.05,1746575999999999,16647357.33486,58381,1904669.65,7416181.47635,0
2025-05-07,3.972,4.007,3.88,3.969,2714666.36,1746662399999999,10722428.10713,42851,1305600.71,5157361.70321,0
2025-05-08,3.968,4.494,3.966,4.456,8866998.35,1746748799999999,37857544.83749,128737,4463929.71,19070402.99258,0
2025-05-09,4.455,4.863,4.434,4.799,11614442.99,1746835199999999,54075725.50422,195060,5552111.06,25837698.57125,0
2025-05-10,4.799,5.323,4.797,5.309,11854751.74,1746921599999999,59975887.70994,226499,5775502.12,29249698.39611,0
2025-05-11,5.309,5.362,4.954,5.097,8101384.06,1747007999999999,41321350.97102,158765,3867634.6,19737219.36435,0
2025-05-12,5.097,5.4,4.89,5.068,9921543.44,1747094399999999,51272954.62515,221378,4981305.52,25772689.68772,0
2025-05-13,5.069,5.273,4.823,5.195,6748215.11,1747180799999999,33947513.86252,129114,3255718.69,16387138.50751,0
2025-05-14,5.194,5.267,4.947,4.98,5284499.6,1747267199999999,26933285.50359,108903,2383257.42,12156512.93212,0
2025-05-15,4.981,5.028,4.679,4.779,7496534.85,1747353599999999,36075159.04859,128537,3805301.12,18316547.80885,0
2025-05-16,4.778,4.956,4.711,4.755,4420510.08,1747439999999999,21419277.14438,86430,2165355.68,10500415.55329,0
2025-05-17,4.755,4.768,4.557,4.612,3799964.46,1747526399999999,17716336.13431,82251,1912931.09,8920381.12533,0
2025-05-18,4.613,4.921,4.508,4.793,4741500.76,1747612799999999,22382505.92091,94925,2319304.14,10943774.10885,0
2025-05-19,4.794,4.821,4.412,4.596,5563926.25,1747699199999999,25288508.28723,109919,2607074.92,11858418.45071,0
2025-05-20,4.597,4.727,4.519,4.677,4133769.06,1747785599999999,19064153.19373,87956,1916822.25,8846474.88771,0
2025-05-21,4.677,4.877,4.612,4.74,6374820.22,1747871999999999,30074951.66896,127248,3202320.24,15115669.16237,0
2025-05-22,4.741,4.977,4.732,4.948,4934402.45,1747958399999999,24070590.66579,94638,2429196.24,11853524.40016,0
2025-05-23,4.948,5.12,4.531,4.561,10214231.78,1748044799999999,49463918.76731,184794,4891652.63,23761673.41517,0
2025-05-24,4.562,4.633,4.511,4.545,3091142.26,1748131199999999,14183295.70758,67200,1465635.62,6727448.52337,0
2025-05-25,4.546,4.564,4.35,4.523,3942315.1,1748217599999999,17574502.99951,84934,1799403.37,8026332.14822,0
2025-05-26,4.523,4.617,4.426,4.468,3794527.16,1748303999999999,17172749.48579,73519,1786371.24,8085237.09258,0
2025-05-27,4.468,4.614,4.373,4.535,3874357.43,1748390399999999,17567270.89795,74880,1909084.52,8662571.58012,0
2025-05-28,4.536,4.661,4.419,4.587,4289732.2,1748476799999999,19466976.74673,82731,2100431.83,9536611.87762,0
2025-05-29,4.588,4.682,4.33,4.332,4814923.2,1748563199999999,21822337.54306,85482,2416497.31,10963114.66907,0
2025-05-30,4.333,4.358,4.008,4.049,8486843.25,1748649599999999,35385205.26849,139910,4049401.9,16888344.75924,0
2025-05-31,4.049,4.121,3.895,4.076,5429234.96,1748735999999999,21774544.9834,90597,2624912.27,10524878.68956,0
2025-06-01,4.077,4.102,3.971,4.066,2555495.93,1748822399999999,10339304.6365,50061,1360590.11,5508512.59739,0
2025-06-02,4.066,4.171,3.952,4.148,3601436.52,1748908799999999,14548595.17963,59863,1698283.22,6865450.86227,0
2025-06-03,4.149,4.223,4.097,4.137,3668892.34,1748995199999999,15293548.21726,59104,1744469.47,7273771.28714,0
2025-06-04,4.137,4.214,3.985,4.006,5036516.92,1749081599999999,20666912.36441,66246,2577645.97,10586914.66578,0
2025-06-05,4.006,4.078,3.742,3.814,6640572.84,1749167999999999,26049696.81582,107730,3218645.46,12633001.86266,0
2025-06-06,3.814,3.992,3.802,3.884,3530206.93,1749254399999999,13806599.21622,58440,1799715.69,7039230.19222,0
2025-06-07,3.886,4.058,3.868,4.031,2274474.36,1749340799999999,9105229.27172,34519,1179050.65,4717325.26831,0
2025-06-08,4.031,4.112,3.977,4.025,2726928.43,1749427199999999,11047026.10726,38159,1313494.43,5323800.54109,0
2025-06-09,4.026,4.162,3.963,4.151,4628656.78,1749513599999999,18745020.62485,56359,2167938.88,8790196.40432,0
2025-06-10,4.152,4.317,4.097,4.294,6662210.27,1749599999999999,28115017.89895,88726,3336413.93,14082926.29038,0
2025-06-11,4.295,4.346,4.146,4.189,5328497.22,1749686399999999,22710210.94322,76185,2500874.07,10672111.99322,0
2025-06-12,4.188,4.204,3.907,3.919,5999705.47,1749772799999999,24319792.4322,82855,2941965.33,11934310.5363,0
2025-06-13,3.919,3.919,3.664,3.838,9117736.81,1749859199999999,34520828.85073,136245,4438620.61,16802429.93665,0
2025-06-14,3.838,3.846,3.716,3.781,2930108.58,1749945599999999,11099648.82719,39568,1329309.06,5037314.76827,0
2025-06-15,3.782,3.834,3.735,3.821,1774308.52,1750031999999999,6722221.63703,32858,902855.93,3421889.36039,0
2025-06-16,3.821,3.991,3.786,3.847,4011866.39,1750118399999999,15689055.96405,58486,1879836.22,7350898.67779,0
2025-06-17,3.846,3.897,3.663,3.719,5144535.08,1750204799999999,19358889.35551,73349,2444785.68,9205177.34036,0
2025-06-18,3.719,3.786,3.572,3.622,6307506.25,1750291199999999,23022607.40297,82876,2649698.2,9683750.63802,0
2025-06-19,3.622,3.657,3.496,3.548,6333647.02,1750377599999999,22613412.42896,65731,2577885.31,9202452.71294,0
2025-06-20,3.547,3.577,3.33,3.437,7730014.2,1750463999999999,26776699.46793,85268,3236233.84,11213699.37917,0
2025-06-21,3.437,3.508,3.209,3.324,5927367.37,1750550399999999,19991562.12894,72359,2521773.6,8492917.30544,0
2025-06-22,3.325,3.363,3.007,3.153,11019675.81,1750636799999999,34950831.97557,142255,5037701.92,15990281.56871,0
2025-06-23,3.153,3.421,3.111,3.416,8879579.75,1750723199999999,28957754.83726,106245,4284297.3,13973084.86825,0
2025-06-24,3.416,3.525,3.385,3.439,4687786.75,1750809599999999,16125431.26595,64500,2260205.94,7775712.74439,0
2025-06-25,3.438,3.465,3.341,3.352,3894305.42,1750895999999999,13255574.27421,47982,1865945.53,6352366.73786,0
2025-06-26,3.352,3.433,3.271,3.299,3980149.78,1750982399999999,13292768.83147,49441,1913609.46,6390096.39661,0
2025-06-27,3.299,3.394,3.274,3.359,3955846.51,1751068799999999,13169767.74878,50281,1964277.0,6541756.89328,0
2025-06-28,3.36,3.426,3.33,3.407,1866680.64,1751155199999999,6302639.11863,22221,893876.73,3019304.49753,0
2025-06-29,3.408,3.582,3.379,3.541,2800833.68,1751241599999999,9697718.23224,37258,1327370.56,4594240.1251,0
2025-06-30,3.542,3.56,3.352,3.397,3677669.93,1751327999999999,12629243.19344,49972,1832344.69,6293210.77454,0
2025-07-01,3.397,3.42,3.256,3.281,3435357.79,1751414399999999,11444382.01102,40172,1766902.35,5889065.75917,0
2025-07-02,3.28,3.625,3.241,3.545,6939908.98,1751500799999999,24139240.06007,76135,3594358.41,12501223.4338,0
2025-07-03,3.545,3.665,3.499,3.539,5719860.72,1751587199999999,20503938.84525,62773,2851034.43,10221822.53186,0
2025-07-04,3.539,3.561,3.313,3.358,5659272.37,1751673599999999,19296990.85477,55577,2910856.66,9905023.2134,0
2025-07-05,3.358,3.39,3.308,3.356,2237505.07,1751759999999999,7505825.11236,26609,1007197.44,3380042.15963,0
2025-07-06,3.356,3.448,3.328,3.395,3771010.63,1751846399999999,12766488.87439,37457,1930952.52,6537381.58545,0
2025-07-07,3.395,3.437,3.323,3.369,2853677.78,1751932799999999,9657326.46942,34832,1288963.08,4362642.35663,0
2025-07-08,3.369,3.477,3.327,3.448,3238505.57,1752019199999999,10985328.82606,39191,1573544.78,5339906.08026,0
2025-07-09,3.448,3.659,3.417,3.62,5645429.86,1752105599999999,20033638.8888,62212,2662471.59,9455467.35609,0
2025-07-10,3.62,3.893,3.59,3.881,7702932.38,1752191999999999,28609600.80969,85803,3770577.79,14012280.11091,0
2025-07-11,3.882,4.11,3.81,3.907,11587795.88,1752278399999999,45962147.02786,149086,5283660.96,20970256.33541,0
2025-07-12,3.906,4.065,3.796,3.891,6362410.61,1752364799999999,25021045.315,96151,2815161.67,11061500.38679,0
2025-07-13,3.891,4.067,3.876,3.984,4490493.77,1752451199999999,17892609.2423,80115,2308764.94,9195531.7442,0
2025-07-14,3.986,4.196,3.901,3.95,7927204.23,1752537599999999,32264833.75923,138774,3868778.96,15749192.48116,0
2025-07-15,3.951,4.099,3.8,4.083,7487065.71,1752623999999999,29510105.33594,117879,3702641.23,14596451.23494,0
2025-07-16,4.082,4.269,4.011,4.156,8644793.78,1752710399999999,35839806.31703,115547,4190126.53,17373592.1541,0
2025-07-17,4.156,4.303,4.065,4.26,10269842.37,1752796799999999,43039587.30608,149644,5091225.33,21338935.54033,0
2025-07-18,4.26,4.624,4.137,4.227,15308346.29,1752883199999999,67393393.30254,224886,7563441.66,33281789.56967,0
2025-07-19,4.228,4.454,4.133,4.409,5326771.73,1752969599999999,22874486.92156,93906,2824541.57,12139583.20097,0
2025-07-20,4.41,4.587,4.348,4.48,8442881.82,1753055999999999,37793000.5639,128085,4119133.38,18445226.21595,0
2025-07-21,4.48,4.673,4.395,4.499,10863654.36,1753142399999999,49310542.76691,145885,5581162.02,25351029.07886,0
2025-07-22,4.499,4.554,4.279,4.549,12364489.73,1753228799999999,54514970.7609,164398,5877927.63,25911278.33969,0
2025-07-23,4.551,4.551,4.0,4.113,13057291.53,1753315199999999,55390093.89308,193638,6289305.72,26668235.56134,0
2025-07-24,4.114,4.202,3.894,4.0,13015319.69,1753401599999999,52381996.71861,158642,6928990.42,27883009.72559,0
2025-07-25,4.001,4.1,3.863,4.088,8036783.72,1753487999999999,31976924.81537,111032,3900311.99,15526199.22633,0
2025-07-26,4.088,4.195,4.069,4.124,3803852.35,1753574399999999,15678966.72598,49362,1922153.7,7924594.09479,0
2025-07-27,4.124,4.25,4.113,4.24,3861788.18,1753660799999999,16126702.51378,52057,1877536.65,7844648.1136,0
2025-07-28,4.239,4.309,3.93,3.965,8173653.83,1753747199999999,33792995.75917,101498,3844590.12,15908108.70172,0
2025-07-29,3.965,4.084,3.82,3.905,8196464.85,1753833599999999,32333456.48814,102037,4279513.28,16882534.5762,0
2025-07-30,3.905,3.921,3.626,3.805,9521746.16,1753919999999999,36095185.38337,116112,4804353.84,18212366.73328,0
2025-07-31,3.807,3.921,3.665,3.682,6961247.47,1754006399999999,26455597.74108,79004,3672128.58,13973909.24494,0
2025-08-01,3.682,3.723,3.446,3.547,12325057.3,1754092799999999,44472432.89466,170003,6223012.49,22480008.21439,0
2025-08-02,3.547,3.631,3.427,3.509,7331432.98,1754179199999999,25896662.91093,85437,3730793.96,13182047.91179,0
2025-08-03,3.508,3.627,3.459,3.602,4271487.01,1754265599999999,15275850.36657,51870,1870396.16,6688181.64492,0
2025-08-04,3.603,3.757,3.597,3.72,5254660.42,1754351999999999,19290056.63199,54102,2599557.59,9543053.92164,0
2025-08-05,3.72,3.725,3.538,3.621,4867850.77,1754438399999999,17682222.23238,68778,2326806.4,8451516.759,0
2025-08-06,3.62,3.696,3.553,3.673,4176179.49,1754524799999999,15153214.57952,59376,2027702.35,7358732.64204,0
2025-08-07,3.673,3.872,3.644,3.867,6942776.28,1754611199999999,25973731.50297,73843,3519673.73,13168882.64801,0
2025-08-08,3.867,3.998,3.809,3.979,9301135.78,1754697599999999,36329101.21864,127747,4649470.46,18172025.60239,0
2025-08-09,3.98,4.167,3.971,4.138,6335022.21,1754783999999999,25895494.90321,82191,3268812.77,13366298.37131,0
2025-08-10,4.138,4.181,3.965,4.046,6706646.13,1754870399999999,27212363.98226,89565,3280260.43,13304299.53639,0
2025-08-11,4.047,4.158,3.817,3.854,8300985.31,1754956799999999,33177944.99946,114081,4056977.24,16224934.34891,0
2025-08-12,3.854,4.234,3.837,4.157,9675655.97,1755043199999999,39143160.41018,134220,4899898.8,19817983.30416,0
2025-08-13,4.157,4.317,4.097,4.276,10297928.08,1755129599999999,43505871.06847,135340,5330300.92,22533737.19068,0
2025-08-14,4.277,4.371,3.903,3.986,15790612.61,1755215999999999,65016568.95878,207580,7624684.51,31440596.15179,0
2025-08-15,3.985,4.103,3.812,3.896,10343199.92,1755302399999999,40844664.0574,128867,5188911.78,20508843.53264,0
2025-08-16,3.895,3.997,3.89,3.966,3322722.85,1755388799999999,13084078.1054,48755,1678866.95,6614718.9233,0
2025-08-17,3.965,4.193,3.923,4.051,6055265.18,1755475199999999,24679510.52889,78654,3108179.68,12660402.47735,0
2025-08-18,4.052,4.062,3.83,3.914,9368368.75,1755561599999999,36692292.5988,115816,4668756.12,18292411.29809,0
2025-08-19,3.915,3.96,3.712,3.719,7305952.56,1755647999999999,27864098.11167,100086,3554103.43,13560451.89121,0
2025-08-20,3.72,3.905,3.697,3.884,6469886.1,1755734399999999,24573450.0581,85991,3323030.81,12628248.74492,0
2025-08-21,3.884,3.923,3.773,3.797,3624305.24,1755820799999999,13897962.24031,54335,1747394.14,6700950.12053,0
2025-08-22,3.797,4.207,3.69,4.18,13159075.02,1755907199999999,52076538.47588,162321,6842305.41,27076662.06987,0
2025-08-23,4.181,4.265,4.026,4.228,7634548.17,1755993599999999,31717391.32469,95625,3682634.42,15307780.97941,0
2025-08-24,4.228,4.283,4.013,4.11,10514865.37,1756079999999999,43345343.78938,146078,5135648.06,21169938.0401,0
2025-08-25,4.11,4.146,3.689,3.734,12839625.21,1756166399999999,49726231.32406,161942,6169971.62,23896088.59086,0
2025-08-26,3.733,3.923,3.708,3.887,5875192.67,1756252799999999,22404310.33555,87466,2908156.18,11088525.35683,0
2025-08-27,3.887,3.934,3.824,3.837,5843493.47,1756339199999999,22671762.60744,80344,2853797.42,11073907.05709,0
2025-08-28,3.837,4.021,3.807,3.981,9442655.7,1756425599999999,37247163.19965,101363,5019501.91,19818963.82445,0
2025-08-29,3.98,4.002,3.724,3.774,11616215.46,1756511999999999,44449728.05551,117325,5416807.75,20731580.47402,0
2025-08-30,3.775,3.825,3.712,3.811,3739627.01,1756598399999999,14132081.29939,37762,2026634.55,7659862.13123,0
2025-08-31,3.81,3.875,3.735,3.742,5058032.28,1756684799999999,19290737.71852,44279,2456756.38,9369879.00033,0
2025-09-01,3.742,3.887,3.612,3.693,9277624.68,1756771199999999,34718649.5764,98697,4731120.57,17705007.88103,0
2025-09-02,3.694,3.826,3.676,3.82,5209474.46,1756857599999999,19614633.20742,61930,2613030.57,9837988.95094,0
2025-09-03,3.819,3.906,3.786,3.865,3962287.04,1756943999999999,15257951.00913,50503,2161963.03,8329165.50836,0
2025-09-04,3.866,3.877,3.725,3.764,3587924.75,1757030399999999,13583252.61493,61534,1753680.02,6640587.58995,0
2025-09-05,3.764,3.894,3.757,3.828,5370012.94,1757116799999999,20540266.17967,84491,2607403.51,9976546.6082,0
2025-09-06,3.827,3.885,3.782,3.823,2898761.54,1757203199999999,11100599.32826,42079,1370771.38,5247995.61136,0
2025-09-07,3.824,4.089,3.822,3.995,8531584.81,1757289599999999,33887493.68952,103965,4595063.63,18256154.24937,0
2025-09-08,3.996,4.082,3.981,4.045,8214086.86,1757375999999999,33121140.70526,114147,3916093.48,15795346.76153,0
2025-09-09,4.045,4.182,4.004,4.14,9473367.09,1757462399999999,38878157.42254,140916,4668489.87,19164207.67866,0
2025-09-10,4.139,4.227,4.054,4.216,8171709.85,1757548799999999,33855733.94849,111306,3958577.69,16403828.96746,0
2025-09-11,4.216,4.26,4.119,4.242,6936262.84,1757635199999999,29156445.58965,104495,3433378.86,14437779.12998,0
2025-09-12,4.242,4.322,4.153,4.319,6911202.75,1757721599999999,29312946.16205,97455,3708426.54,15741886.62451,0
2025-09-13,4.319,4.626,4.303,4.492,11803303.5,1757807999999999,52960886.32144,197529,5831126.09,26151142.417,0
2025-09-14,4.492,4.498,4.28,4.316,6172903.79,1757894399999999,27050592.64682,119867,2958937.39,12970804.09235,0
2025-09-15,4.316,4.405,4.104,4.151,7903428.85,1757980799999999,33318443.60311,135636,4014219.9,16928434.11469,0
2025-09-16,4.151,4.295,4.109,4.253,7509246.75,1758067199999999,31540483.29823,126156,3465077.08,14557813.98573,0
2025-09-17,4.254,4.432,4.136,4.403,8161416.41,1758153599999999,34608573.13137,143989,3976194.58,16884303.78317,0
2025-09-18,4.403,4.595,4.373,4.533,9989936.15,1758239999999999,45096189.76654,180722,5457414.54,24643643.72137,0
2025-09-19,4.533,4.882,4.318,4.359,16139500.94,1758326399999999,73933621.11079,266516,8286058.2,38016658.46372,0
2025-09-20,4.358,4.463,4.289,4.356,6646556.19,1758412799999999,28995018.64263,109117,3306671.26,14425485.77641,0
2025-09-21,4.356,4.387,4.236,4.262,4486161.2,1758499199999999,19352759.85499,83269,2184805.58,9426768.6013,0
2025-09-22,4.261,4.279,3.821,4.037,13684796.77,1758585599999999,54958327.62758,235242,6353470.93,25511266.23475,0
2025-09-23,4.037,4.059,3.938,3.966,5764633.15,1758671999999999,23120449.9266,110591,2990553.05,12000309.53124,0
2025-09-24,3.965,4.115,3.889,3.992,6311985.33,1758758399999999,25407201.83624,109296,2940222.34,11833947.90736,0
2025-09-25,3.992,4.005,3.771,3.804,11887593.18,1758844799999999,46353308.37002,202813,5210820.07,20321440.84297,0
2025-09-26,3.804,3.97,3.776,3.924,6107591.86,1758931199999999,23618722.66921,119164,3018338.89,11673160.43714,0
2025-09-27,3.924,3.927,3.851,3.889,2788713.49,1759017599999999,10841008.02507,50455,1242191.75,4829152.22668,0
2025-09-28,3.889,4.03,3.792,3.997,4451365.02,1759103999999999,17268513.74657,78244,2231585.44,8667249.19216,0
2025-09-29,3.997,4.023,3.858,3.98,6112476.63,1759190399999999,24187338.78288,98560,2947470.9,11668866.65372,0
2025-09-30,3.98,3.992,3.808,3.909,4219657.99,1759276799999999,16422663.06404,88042,1968310.52,7661321.56269,0
2025-10-01,3.909,4.126,3.883,4.126,6247286.83,1759363199999999,25321344.04083,117041,2985338.27,12102226.65048,0
2025-10-02,4.126,4.34,4.1,4.306,8406597.21,1759449599999999,35606516.42866,157128,4341496.99,18393356.66133,0
2025-10-03,4.307,4.384,4.179,4.32,7021367.23,1759535999999999,29963347.70693,163818,3563027.33,15203299.15165,0
2025-10-04,4.321,4.329,4.135,4.187,4829228.68,1759622399999999,20390329.91883,105556,2067968.51,8728676.97034,0
2025-10-05,4.189,4.375,4.077,4.134,6376106.76,1759708799999999,26916551.66291,125413,2880800.41,12160305.59988,0
2025-10-06,4.134,4.439,4.109,4.398,9254105.48,1759795199999999,39761260.51478,168937,4541041.08,19491620.78907,0
2025-10-07,4.399,4.434,4.106,4.139,8608356.86,1759881599999999,36577972.34994,173780,3968623.01,16852236.96387,0
2025-10-08,4.139,4.241,4.063,4.194,7048183.35,1759967999999999,29267415.75336,123007,3424421.82,14223072.92717,0
2025-10-09,4.194,4.198,3.962,4.075,7419770.28,1760054399999999,30055857.36699,136072,3210958.21,13019059.52589,0
2025-10-10,4.074,4.291,0.633,2.946,50685534.833,1760140799999999,158333699.57376,870396,23899095.5,74625342.47271,0
2025-10-11,2.945,3.317,2.873,2.997,33673506.59,1760227199999999,104015158.7148,584488,14493345.27,44739647.16885,0
2025-10-12,2.997,3.307,2.907,3.241,13812032.64,1760313599999999,42855810.04628,237093,6584411.2,20474240.33187,0
2025-10-13,3.241,3.448,3.194,3.374,14008985.74,1760399999999999,46429527.4648,242452,6906621.89,22905055.46691,0
2025-10-14,3.375,3.399,3.066,3.248,13079428.0,1760486399999999,41692655.68709,237188,5956745.99,18994991.17356,0
2025-10-15,3.248,3.341,3.089,3.137,8028268.55,1760572799999999,25611203.66644,156731,3855124.87,12310469.72154,0
2025-10-16,3.137,3.208,2.97,3.016,11684100.23,1760659199999999,36203592.79481,195789,5567623.09,17276175.29015,0
2025-10-17,3.017,3.061,2.772,2.892,14335134.66,1760745599999999,41524348.43655,214206,6895065.31,19963539.08209,0
2025-10-18,2.892,2.971,2.889,2.932,3912674.58,1760831999999999,11449617.36365,76783,1879471.52,5500545.39267,0
2025-10-19,2.933,3.057,2.886,3.009,5985335.93,1760918399999999,17817433.46543,97950,2907540.35,8658499.37156,0
2025-10-20,3.009,3.132,2.949,3.086,6738711.38,1761004799999999,20681656.29175,118116,3174806.33,9748495.43247,0
2025-10-21,3.085,3.19,2.95,3.006,8717666.16,1761091199999999,26843368.38559,140219,3998797.04,12288348.23694,0
2025-10-22,3.005,3.028,2.834,2.918,7679721.12,1761177599999999,22704087.13457,115449,3668480.27,10849359.1007,0
2025-10-23,2.919,3.036,2.912,3.002,5244770.87,1761263999999999,15559840.26515,79737,2295028.25,6819658.31466,0
2025-10-24,3.003,3.125,2.992,3.078,4802271.08,1761350399999999,14653185.09796,79687,2381821.01,7268096.83403,0
2025-10-25,3.079,3.106,3.027,3.09,2210795.91,1761436799999999,6776153.13388,40387,1091324.43,3345624.92618,0
2025-10-26,3.091,3.239,3.059,3.195,3798617.54,1761523199999999,11974631.85951,74034,1841604.86,5801992.46122,0
2025-10-27,3.195,3.247,3.119,3.139,5085535.81,1761609599999999,16177768.09974,97317,2507308.46,7978388.23774,0
2025-10-28,3.138,3.195,2.992,3.051,6077354.59,1761695999999999,18908577.0703,116258,2749946.97,8559241.09773,0
2025-10-29,3.05,3.177,3.023,3.079,5626477.7,1761782399999999,17448414.94076,120165,2721425.87,8440133.02648,0
2025-10-30,3.08,3.118,2.78,2.871,10939988.93,1761868799999999,32015593.24738,160798,5122540.54,15008191.63872,0
2025-10-31,2.871,2.925,2.827,2.882,5497768.43,1761955199999999,15886796.11804,89903,2764966.98,7989307.29259,0
2025-11-01,2.882,2.974,2.865,2.971,4217933.18,1762041599999999,12319044.20318,69210,1996539.34,5830317.37977,0
2025-11-02,2.971,3.016,2.866,2.985,4366321.14,1762127999999999,12862020.44048,79281,2062399.47,6072932.6818,0
2025-11-03,2.985,2.993,2.5,2.585,14377248.98,1762214399999999,38567620.53409,258501,7083772.39,18982820.9262,0
2025-11-04,2.585,2.662,2.343,2.508,16629831.45,1762300799999999,41806046.5692,320363,8126173.09,20430248.10584,0
2025-11-05,2.508,2.685,2.384,2.672,8870378.0,1762387199999999,22943600.21416,163487,4650145.34,12035380.91256,0
2025-11-06,2.671,2.683,2.527,2.669,9282186.59,1762473599999999,24341343.46321,170383,4465664.59,11711245.96835,0
2025-11-07,2.669,3.34,2.664,3.254,30723299.04,1762559999999999,91427315.36663,609998,14840620.48,44247743.27135,0
2025-11-08,3.254,3.533,3.086,3.252,23331422.94,1762646399999999,77164836.88078,413423,10792432.08,35650474.60673,0
2025-11-09,3.252,3.31,3.037,3.232,12947626.4,1762732799999999,41203114.5412,238280,6437796.15,20489430.03461,0
2025-11-10,3.232,3.316,3.125,3.266,13970827.39,1762819199999999,44975014.67941,240895,6771325.34,21795948.03754,0
2025-11-11,3.267,3.387,3.041,3.054,11303001.65,1762905599999999,36173418.38718,234194,5423100.45,17363637.83741,0
2025-11-12,3.055,3.146,2.876,2.927,9353590.68,1762991999999999,28319956.92525,155738,4214374.15,12736040.09731,0
2025-11-13,2.928,3.045,2.763,2.853,8814259.15,1763078399999999,25650439.15567,157975,3923581.67,11452125.72918,0
2025-11-14,2.853,2.921,2.749,2.815,10689974.59,1763164799999999,30416645.56537,237319,5382000.66,15318649.43326,0
2025-11-15,2.815,2.949,2.813,2.832,4839072.65,1763251199999999,13920333.03571,92687,2408780.29,6931307.66248,0
2025-11-16,2.832,2.899,2.695,2.784,5772741.72,1763337599999999,16118873.86984,131525,2767272.48,7728851.02659,0
2025-11-17,2.785,2.867,2.627,2.666,8259234.67,1763423999999999,22831096.73261,184796,4401803.31,12182718.55087,0
2025-11-18,2.666,2.802,2.617,2.755,7655812.28,1763510399999999,20855537.56338,159891,3519514.76,9598084.06057,0
2025-11-19,2.755,2.767,2.569,2.692,6386470.03,1763596799999999,17059009.94976,139356,3021691.76,8072852.67301,0
2025-11-20,2.693,2.82,2.503,2.543,9026877.87,1763683199999999,23912966.78123,177813,4663618.5,12362609.50388,0
2025-11-21,2.543,2.593,2.252,2.348,12620524.53,1763769599999999,30278825.54498,244475,6112760.15,14663575.77034,0
2025-11-22,2.348,2.357,2.257,2.311,5480201.78,1763855999999999,12606005.9722,97440,2743694.22,6310790.31765,0
2025-11-23,2.311,2.37,2.248,2.258,4928467.72,1763942399999999,11446409.72481,70626,2467959.93,5733552.1377,0
2025-11-24,2.258,2.397,2.242,2.34,7557391.45,1764028799999999,17458351.73344,108148,3480524.6,8046601.39062,0
2025-11-25,2.34,2.349,2.176,2.296,7202523.95,1764115199999999,16313979.91655,86759,3386027.63,7671003.73978,0
2025-11-26,2.296,2.371,2.24,2.344,5647328.47,1764201599999999,13004452.37498,65321,2730455.17,6293405.92878,0
2025-11-27,2.344,2.39,2.308,2.337,4044236.62,1764287999999999,9487779.32613,50842,1874538.66,4401652.01345,0
2025-11-28,2.336,2.376,2.26,2.284,4916940.56,1764374399999999,11389290.14901,63154,2333019.3,5404704.17489,0
2025-11-29,2.284,2.298,2.227,2.259,2700560.48,1764460799999999,6106893.86991,34420,1345235.51,3041844.20526,0
2025-11-30,2.258,2.293,2.204,2.21,2272280.97,1764547199999999,5143854.16271,35965,1082549.14,2451731.10613,0
2025-12-01,2.209,2.209,1.961,2.042,12815413.41,1764633599999999,26232473.884,144277,6231907.72,12753754.62476,0
2025-12-02,2.042,2.286,2.033,2.249,8246867.07,1764719999999999,17990667.17036,96583,4201929.17,9171992.49563,0
2025-12-03,2.25,2.4,2.241,2.366,7695403.08,1764806399999999,17780284.19554,86893,3780122.57,8739067.78082,0
2025-12-04,2.365,2.376,2.245,2.272,6470520.84,1764892799999999,15037332.76387,71259,3204792.13,7451911.64099,0
2025-12-05,2.272,2.308,2.084,2.125,6393803.73,1764979199999999,14012559.65222,86138,3276493.79,7172247.23053,0
2025-12-06,2.125,2.164,2.087,2.128,3686360.78,1765065599999999,7827330.12098,48019,2054549.87,4361937.25333,0
2025-12-07,2.128,2.16,2.04,2.094,6185412.28,1765151999999999,13058896.20111,77911,3257795.19,6888669.45172,0
2025-12-08,2.094,2.179,2.084,2.129,7982758.73,1765238399999999,17047057.20705,100432,4101417.57,8756399.74185,0
2025-12-09,2.13,2.393,2.089,2.293,10684211.99,1765324799999999,24051979.04778,126230,5105564.23,11478648.41873,0
2025-12-10,2.292,2.316,2.183,2.19,6862399.14,1765411199999999,15348349.62013,104633,3428066.59,7665979.30557,0
2025-12-11,2.19,2.193,2.008,2.066,11632964.04,1765497599999999,23938248.22735,139527,6175736.6,12708245.10571,0
2025-12-12,2.066,2.096,1.945,2.012,8591083.66,1765583999999999,17336215.32764,95789,4046052.85,8171695.67286,0
2025-12-13,2.012,2.058,2.008,2.038,2858760.03,1765670399999999,5823918.48705,26042,1460134.96,2975758.78773,0
2025-12-14,2.037,2.046,1.932,1.952,5678126.98,1765756799999999,11262857.77643,51658,2686282.02,5328709.61808,0
2025-12-15,1.953,2.01,1.829,1.902,8037020.67,1765843199999999,15473617.43382,89751,3875844.11,7457812.16441,0
2025-12-16,1.902,1.943,1.862,1.898,5523119.29,1765929599999999,10496637.46961,70473,2714699.76,5159407.46936,0
2025-12-17,1.898,1.955,1.79,1.816,9627196.53,1766015999999999,17909469.79189,96089,4762299.46,8856429.19928,0
2025-12-18,1.815,1.889,1.722,1.759,9653339.53,1766102399999999,17401684.20229,104762,4189371.97,7549601.84152,0
2025-12-19,1.76,1.88,1.738,1.849,8061605.69,1766188799999999,14608849.15994,91687,4068918.28,7375069.67569,0
2025-12-20,1.849,1.869,1.827,1.832,2802648.5,1766275199999999,5162741.22706,34480,1528414.33,2816118.87672,0
2025-12-21,1.832,1.852,1.751,1.802,4326686.91,1766361599999999,7776759.94349,45874,2072693.98,3728732.54462,0
2025-12-22,1.803,1.854,1.757,1.784,6861199.0,1766447999999999,12413131.51942,72628,2990291.88,5411563.83329,0
2025-12-23,1.784,1.802,1.728,1.765,5729160.19,1766534399999999,10090683.71505,60874,2914301.87,5132850.82188,0
2025-12-24,1.764,1.776,1.706,1.738,4384897.36,1766620799999999,7597326.07032,45700,2112407.06,3662129.5234,0
2025-12-25,1.738,1.753,1.678,1.685,4915432.64,1766707199999999,8470620.9687,46118,2277694.61,3925148.93331,0
2025-12-26,1.685,1.753,1.653,1.723,7309973.8,1766793599999999,12535058.75354,71111,3713907.91,6367719.79244,0
2025-12-27,1.724,1.928,1.723,1.91,9958154.22,1766879999999999,18077734.17878,63332,4715269.92,8554659.87472,0
2025-12-28,1.91,1.915,1.828,1.851,4854587.77,1766966399999999,9088341.92867,40705,2343989.86,4385964.42042,0
2025-12-29,1.851,1.904,1.818,1.824,7103805.42,1767052799999999,13201847.45062,74075,3337186.97,6201382.14327,0
2025-12-30,1.823,1.847,1.792,1.811,4858758.99,1767139199999999,8837855.2395,54485,2282621.99,4151716.37038,0
2025-12-31,1.811,1.845,1.762,1.789,3980800.81,1767225599999999,7173937.62508,51606,1959446.48,3529154.89253,0
