open_time,open,high,low,close,volume,close_time,quote_volume,trades,taker_buy_base,taker_buy_quote,ignore
2020-06-15,44.04,44.09,41.75,43.73,355287.54016,1592265599999,15285580.7524259,46769,172681.57889,7433260.963164,0
2020-06-16,43.73,44.22,43.33,43.88,215557.59073,1592351999999,9436824.369403,33537,109525.54878,4795510.2098273,0
2020-06-17,43.9,45.04,43.0,44.07,324893.86142,1592438399999,14346683.2404897,45652,159528.2479,7045861.7506731,0
2020-06-18,44.07,44.23,42.88,43.43,193534.98938,1592524799999,8454598.7423494,32774,90881.19416,3970993.8171803,0
2020-06-19,43.43,43.73,42.57,42.89,304810.97536,1592611199999,13177549.1287969,39094,146936.24366,6353506.0840621,0
2020-06-20,42.89,43.85,42.21,43.57,202428.9463,1592697599999,8709765.1207691,32764,98462.33947,4237599.1267937,0
2020-06-21,43.57,43.83,42.88,43.0,159632.6785,1592783999999,6913195.7711694,24986,79133.48738,3427728.3268752,0
2020-06-22,43.0,44.67,42.94,44.3,281907.39739,1592870399999,12383199.9091788,34486,145472.39497,6390511.7186688,0
2020-06-23,44.3,44.49,43.89,44.18,219437.96099,1592956799999,9687570.3990332,30539,109741.56203,4845275.1856471,0
2020-06-24,44.18,44.69,42.1,42.65,357937.97223,1593043199999,15461096.4397973,49816,162206.79726,7009572.9957909,0
2020-06-25,42.65,43.0,41.68,42.35,241972.00632,1593129599999,10274173.0759525,33515,110060.85591,4674542.7219074,0
2020-06-26,42.34,43.6,41.37,43.09,348389.34208,1593215999999,14853210.4044505,47569,172112.83096,7342127.9633767,0
2020-06-27,43.1,43.12,39.11,41.06,301504.6343,1593302399999,12500262.7682874,45758,136307.23233,5652088.0844668,0
2020-06-28,41.04,42.05,40.48,41.37,169011.98685,1593388799999,6984592.7145514,28350,90669.34509,3747662.6796136,0
2020-06-29,41.37,42.29,40.59,41.87,323346.172,1593475199999,13400088.9615602,38361,165912.63099,6877343.5510592,0
2020-06-30,41.87,42.07,40.73,41.17,170712.36761,1593561599999,7047775.850108,26189,81721.65019,3373768.5370289,0
2020-07-01,41.16,42.01,40.96,41.77,189759.33668,1593647999999,7889028.9814239,27100,95851.49466,3985986.7343243,0
2020-07-02,41.76,41.9,40.28,41.05,274520.05417,1593734399999,11294890.1957212,34825,135864.02169,5589516.4732355,0
2020-07-03,41.03,41.7,40.89,41.14,190294.77564,1593820799999,7860587.6040164,27007,90737.32607,3750021.0092083,0
2020-07-04,41.13,42.23,41.06,42.11,239298.32793,1593907199999,9986664.029021,33010,126008.49034,5260662.0325421,0
2020-07-05,42.11,42.2,40.75,41.58,235045.82858,1593993599999,9752587.2429427,31821,106527.37623,4421454.1748382,0
2020-07-06,41.58,44.31,41.5,44.06,368489.71516,1594079999999,15857759.2091878,47338,191107.34214,8221887.7560388,0
2020-07-07,44.07,44.49,43.06,43.39,307753.44376,1594166399999,13417182.8209459,37184,152716.19659,6660167.3467929,0
2020-07-08,43.39,45.62,43.1,45.35,537390.40825,1594252799999,24100589.4894504,59397,264447.64555,11861634.4000392,0
2020-07-09,45.35,45.87,43.57,44.33,413268.76529,1594339199999,18508763.9474714,50271,200193.09131,8975042.1753545,0
2020-07-10,44.34,44.64,43.44,44.3,256685.44543,1594425599999,11325710.6723385,34160,128216.64503,5659729.6205416,0
2020-07-11,44.32,44.77,43.85,44.69,186318.68972,1594511999999,8259738.9982672,27163,92030.38631,4080980.0070263,0
2020-07-12,44.68,45.3,43.7,44.7,245471.12147,1594598399999,10954049.9587285,34963,118106.92652,5272799.4943934,0
2020-07-13,44.72,45.59,42.31,43.92,445103.8423,1594684799999,19783707.2392492,52216,212729.34717,9472990.3750407,0
2020-07-14,43.91,44.09,42.86,43.88,246958.9888,1594771199999,10753439.3524858,33873,123317.32656,5371228.4319533,0
2020-07-15,43.88,44.06,42.81,43.33,216931.7592,1594857599999,9414665.1219019,31043,104477.50596,4535422.9727776,0
2020-07-16,43.34,43.49,40.85,42.09,389747.37081,1594943999999,16388849.4941322,48225,184472.95298,7757259.6944901,0
2020-07-17,42.09,42.49,41.72,41.9,201904.6002,1595030399999,8482168.9087271,27190,104242.34237,4379456.1324272,0
2020-07-18,41.88,42.9,41.73,42.45,171429.48278,1595116799999,7261317.079744,24619,80650.08669,3418306.5746448,0
2020-07-19,42.45,42.89,41.83,42.64,195427.40326,1595203199999,8265623.2485772,25550,101805.33968,4305241.0432209,0
2020-07-20,42.65,42.79,41.37,41.94,180313.88112,1595289599999,7608229.1871633,26277,84565.7615,3568960.5119482,0
2020-07-21,41.94,44.11,41.87,43.77,314440.37624,1595375999999,13653758.5128644,43360,163382.25868,7093423.5583467,0
2020-07-22,43.77,45.12,43.2,44.96,335459.88539,1595462399999,14753443.1558658,44272,173254.17012,7618532.2659006,0
2020-07-23,44.96,45.63,44.52,44.94,432494.11351,1595548799999,19488260.3589614,48442,215860.64094,9727170.2932718,0
2020-07-24,44.93,44.96,43.93,44.11,246802.56871,1595635199999,10968239.4447895,38143,114393.74225,5085499.4134256,0
2020-07-25,44.12,49.52,44.03,49.16,908436.85403,1595721599999,43121417.1466133,108707,496154.23219,23538484.6969162,0
2020-07-26,49.16,50.79,47.49,48.1,895757.19561,1595807999999,43736445.022485,98088,443891.79158,21668817.3878324,0
2020-07-27,48.07,55.83,46.85,53.28,1501022.7139,1595894399999,76319950.4080479,175662,736681.75299,37466413.4828347,0
2020-07-28,53.29,57.92,51.65,55.75,1524796.93339,1595980799999,83657329.5222327,163363,749480.08383,41157797.2363245,0
2020-07-29,55.76,56.97,54.65,55.16,827762.01759,1596067199999,46195373.4472572,93016,415799.38352,23205043.4255432,0
2020-07-30,55.17,58.61,53.91,56.75,1024240.96809,1596153599999,57655048.2407161,110317,514826.47616,28996317.6106473,0
2020-07-31,56.73,59.26,55.78,58.13,656214.79104,1596239999999,37799292.0562786,82077,320754.77935,18479271.1179944,0
2020-08-01,58.13,62.23,57.55,61.65,1209772.30685,1596326399999,72750836.991993,131191,615518.19648,37019584.483838,0
2020-08-02,61.65,65.17,51.79,56.77,1811190.59194,1596412799999,106128081.2660031,220173,880863.20396,51627290.8044932,0
2020-08-03,56.77,60.03,55.71,58.48,825040.86283,1596499199999,48042233.8805329,90556,404795.53062,23582260.3785883,0
2020-08-04,58.51,59.62,56.26,57.61,625555.61417,1596585599999,36194009.1430542,67911,305831.40897,17700159.3064333,0
2020-08-05,57.62,59.77,56.73,58.88,716365.47473,1596671999999,41978222.9782419,80403,350756.44755,20555772.3139141,0
2020-08-06,58.88,60.68,57.69,59.03,822577.34534,1596758399999,48695999.6888676,87529,402438.868,23820641.4757399,0
2020-08-07,59.03,61.08,54.51,57.17,897911.44061,1596844799999,52389315.890209,103522,424446.49055,24804832.6256296,0
2020-08-08,57.19,58.55,56.46,58.46,428217.7033,1596931199999,24648595.7487879,53174,216896.16012,12483586.7082601,0
2020-08-09,58.46,58.67,56.0,56.96,368846.69372,1597017599999,21154392.5154948,49402,179411.32048,10291154.7474502,0
2020-08-10,56.96,59.4,56.38,58.27,651148.79465,1597103999999,37767773.9869943,73594,328883.32983,19082391.3994287,0
2020-08-11,58.27,59.67,52.37,54.1,887598.71928,1597190399999,49937919.2300356,100659,411944.45128,23184129.9865758,0
2020-08-12,54.11,55.05,51.55,54.52,645092.49922,1597276799999,34861226.1993342,72351,321078.72358,17353979.3865148,0
2020-08-13,54.54,57.3,51.86,57.14,837109.90719,1597363199999,45688905.9967991,92912,420075.974,22936948.1822468,0
2020-08-14,57.14,57.85,55.82,56.78,728312.30047,1597449599999,41365693.2699539,73765,360011.7308,20455443.2695023,0
2020-08-15,56.78,60.87,56.45,59.85,1137795.12262,1597535999999,66736568.520312,106793,572711.67994,33613869.4744028,0
2020-08-16,59.85,64.6,57.8,63.87,1576897.59255,1597622399999,97000374.9397375,152835,787172.81573,48474380.6835042,0
2020-08-17,63.89,68.88,61.34,67.22,1790813.80276,1597708799999,116245941.7852515,185466,904209.77896,58775654.2599314,0
2020-08-18,67.22,68.37,63.37,65.4,1562910.41383,1597795199999,103317811.9423166,164948,763043.0099,50443548.7763624,0
2020-08-19,65.42,67.15,58.73,62.12,1699324.38729,1597881599999,105697900.025474,164176,818969.67936,50965096.5428355,0
2020-08-20,62.08,63.68,61.0,62.8,867577.35764,1597967999999,54226397.3021562,93332,420268.48168,26277503.4613544,0
2020-08-21,62.8,63.9,58.77,59.2,1054292.68684,1598054399999,64713283.3289637,119137,514400.68386,31581584.6429551,0
2020-08-22,59.18,60.54,57.76,60.21,735637.16639,1598140799999,43559095.845974,79156,367093.55996,21740287.0141067,0
2020-08-23,60.21,61.63,58.01,60.55,629697.6774,1598227199999,37577206.2334837,71965,322530.20827,19254138.1915494,0
2020-08-24,60.56,63.01,59.97,62.02,687323.05849,1598313599999,42512670.1728616,77430,332580.6004,20575002.2410482,0
2020-08-25,62.03,62.29,56.6,58.34,1171220.25124,1598399999999,69265853.4447933,114548,574469.67005,33993277.2154741,0
2020-08-26,58.33,59.1,57.02,58.1,663386.26018,1598486399999,38515676.3160957,68908,332066.51954,19280274.5577502,0
2020-08-27,58.11,59.24,53.91,56.1,975870.10827,1598572799999,55177834.1631139,90053,462437.67755,26154618.9319683,0
2020-08-28,56.12,58.28,55.33,57.38,644522.18905,1598659199999,36748399.4045395,63623,309462.43338,17642366.0371951,0
2020-08-29,57.36,58.18,56.93,56.97,408492.18575,1598745599999,23507419.6507849,43516,204047.03051,11744787.379019,0
2020-08-30,56.95,62.95,56.93,62.89,839317.10194,1598831999999,50554543.1594392,90157,430552.85021,25907708.3522254,0
2020-08-31,62.89,63.7,60.51,60.92,680146.78621,1598918399999,42096579.0183941,78559,335459.42238,20772362.7200236,0
2020-09-01,60.94,64.31,59.69,62.69,972744.47944,1599004799999,60949621.548338,101049,492173.44724,30847901.1835895,0
2020-09-02,62.68,63.19,56.32,58.06,934006.30005,1599091199999,55622757.788497,103266,431841.86826,25735997.7766637,0
2020-09-03,58.07,58.62,45.33,47.28,1324245.74096,1599177599999,70829796.0880798,144885,640628.65516,34299927.0889631,0
2020-09-04,47.28,52.38,46.24,50.32,1476516.48212,1599263999999,72672986.3875758,161363,737868.1454,36335122.3717021,0
2020-09-05,50.33,51.32,45.21,47.83,1350657.16967,1599350399999,64939622.8922979,133199,663428.43144,31906892.1306531,0
2020-09-06,47.82,49.25,46.28,47.92,653592.78694,1599436799999,31350140.4871573,69849,328381.58594,15751018.0463388,0
2020-09-07,47.93,49.18,45.22,48.84,826692.56519,1599523199999,39178475.9024551,83808,410105.85375,19449439.0591532,0
2020-09-08,48.85,49.35,45.98,47.47,760182.50564,1599609599999,36217916.4656975,77671,377343.63298,17987567.2554838,0
2020-09-09,47.47,48.81,46.52,47.82,378772.50759,1599695999999,18086146.4859451,38639,193684.92337,9249207.6116582,0
2020-09-10,47.82,49.45,47.77,48.67,474471.86038,1599782399999,23124448.1519773,45998,240972.94953,11745508.5976841,0
2020-09-11,48.65,49.59,47.37,48.96,367092.22089,1599868799999,17795692.8565707,37211,177236.88028,8594505.565378,0
2020-09-12,48.95,51.31,48.38,50.8,451949.52403,1599955199999,22526760.7039176,40384,228929.01059,11408092.038514,0
2020-09-13,50.82,51.04,47.26,48.15,458828.41821,1600041599999,22491968.4025884,47732,213748.12436,10486592.1511644,0
2020-09-14,48.17,49.65,47.11,49.08,493683.75375,1600127999999,23889800.0519541,48550,247129.83244,11957884.0948161,0
2020-09-15,49.08,50.37,48.1,48.31,615374.46932,1600214399999,30324133.0068738,55967,307005.0609,15125953.1659356,0
2020-09-16,48.29,48.75,46.91,47.76,409293.57783,1600300799999,19641762.8650696,39278,204653.01411,9820771.3637253,0
2020-09-17,47.76,49.67,47.64,48.85,412392.29057,1600387199999,20027421.9666725,37509,206211.38052,10014215.4851744,0
2020-09-18,48.85,49.07,47.44,48.54,322351.62539,1600473599999,15606108.2084333,29396,156393.81939,7573486.8915697,0
2020-09-19,48.53,49.03,47.94,48.52,225043.69543,1600559999999,10911627.6386474,20442,112627.99024,5462964.0488603,0
2020-09-20,48.51,48.51,46.15,47.09,309678.11312,1600646399999,14655189.8259405,32523,142861.10492,6759984.1072396,0
2020-09-21,47.1,47.64,41.59,43.16,724381.66742,1600732799999,32251827.7301862,67893,343226.34299,15288997.3705589,0
2020-09-22,43.17,44.79,42.75,44.47,334632.72915,1600819199999,14655664.3296406,30283,168596.58717,7381171.6296301,0
2020-09-23,44.47,45.14,42.25,42.96,416831.71649,1600905599999,18334844.4941458,40774,204291.00726,8984772.2695464,0
2020-09-24,42.99,45.29,42.56,44.92,385922.04928,1600991999999,17040575.2431905,37560,194166.3406,8576185.1088975,0
2020-09-25,44.92,46.58,43.97,46.02,417026.33099,1601078399999,18981897.4434856,40013,212534.91588,9675910.9413253,0
2020-09-26,46.01,46.56,45.12,46.03,239828.37016,1601164799999,11012106.7215482,24117,118046.11864,5422038.1204423,0
2020-09-27,46.01,46.62,44.56,46.05,299821.64354,1601251199999,13723604.1728721,28584,151072.50467,6917044.9903137,0
2020-09-28,46.05,47.14,44.8,45.23,500347.34059,1601337599999,23201352.7828467,41300,247438.76598,11477857.8074912,0
2020-09-29,45.23,45.85,44.95,45.69,314875.69765,1601423999999,14304470.5167336,24712,156180.61346,7095826.0248598,0
2020-09-30,45.68,46.7,45.44,46.24,294138.00474,1601510399999,13522251.9359599,25914,150850.68875,6936169.8107434,0
2020-10-01,46.26,48.46,45.23,46.25,691422.81613,1601596799999,32358413.4157879,61223,352951.31988,16524494.3626268,0
2020-10-02,46.25,46.97,43.19,44.88,518670.86558,1601683199999,23374092.7277957,45906,245115.01685,11047655.8697537,0
2020-10-03,44.88,45.97,44.72,45.51,225825.74372,1601769599999,10251368.171526,20596,117872.79106,5347530.4714037,0
2020-10-04,45.5,47.07,45.28,46.69,257423.66188,1601855999999,11876813.2284272,23414,127273.87042,5870617.1210677,0
2020-10-05,46.68,47.08,45.53,46.34,288147.27514,1601942399999,13330240.0624723,27061,143899.05321,6657788.9566672,0
2020-10-06,46.35,48.25,45.52,45.99,650720.47185,1602028799999,30394416.8606215,54752,318918.58338,14902841.2590672,0
2020-10-07,46.01,46.96,45.02,46.55,384596.71962,1602115199999,17705158.8502509,37381,189124.82158,8705686.5674857,0
2020-10-08,46.56,47.5,45.45,47.21,412581.66491,1602201599999,19225906.3202001,40934,204398.84846,9527961.397195,0
2020-10-09,47.21,48.2,46.59,47.78,402514.89168,1602287999999,19072193.1607668,39974,204067.74247,9671665.226229,0
2020-10-10,47.78,50.46,47.76,48.88,426163.73877,1602374399999,21004622.6621016,49531,222092.07041,10941653.9889673,0
2020-10-11,48.89,51.27,48.66,50.48,393329.63182,1602460799999,19761562.474248,43519,201289.30667,10111832.7827751,0
2020-10-12,50.48,51.5,49.24,50.58,622150.70858,1602547199999,31453313.2649317,58695,303659.22608,15351526.367919,0
2020-10-13,50.58,50.71,48.8,49.89,468445.05222,1602633599999,23391991.8133577,43960,231580.72585,11564665.8473205,0
2020-10-14,49.9,51.04,49.27,49.79,381873.31223,1602719999999,19133732.714963,40356,186044.13035,9323600.9644267,0
2020-10-15,49.79,50.24,48.8,49.53,349966.03743,1602806399999,17351907.6486338,36449,173216.16882,8589966.1542506,0
2020-10-16,49.52,49.84,45.6,47.6,603775.07786,1602892799999,28593842.0184204,66327,290094.5795,13739162.8649646,0
2020-10-17,47.61,47.64,46.28,46.93,222964.85752,1602979199999,10497057.8389143,26798,102254.88454,4814583.6347167,0
2020-10-18,46.92,47.98,46.78,47.54,164733.27305,1603065599999,7805904.884539,18535,79176.77324,3751650.6539988,0
2020-10-19,47.54,48.44,46.8,47.99,316808.83163,1603151999999,15130105.4102499,33495,159555.2247,7620023.4697443,0
2020-10-20,47.99,48.46,46.36,46.88,399254.84677,1603238399999,18896873.0924829,39816,197771.35762,9361414.171941,0
2020-10-21,46.88,55.0,46.85,52.98,1425655.0175,1603324799999,73309576.4555291,138648,725079.15159,37303806.1442567,0
2020-10-22,52.98,56.31,52.97,54.35,1405890.00408,1603411199999,77327816.2303919,122481,694682.7989,38204703.6322323,0
2020-10-23,54.35,57.0,53.02,55.42,1079055.89232,1603497599999,59587249.9274848,91699,540893.12549,29875578.7445851,0
2020-10-24,55.41,59.64,54.83,59.23,945746.17086,1603583999999,54668506.1651542,87804,489643.49845,28302784.6373707,0
2020-10-25,59.22,60.0,56.53,58.84,907068.98603,1603670399999,52879298.0785873,89548,445039.78256,25964039.7786925,0
2020-10-26,58.83,59.31,54.94,56.82,937505.27029,1603756799999,53674188.7390686,89363,449044.82674,25710055.5018127,0
2020-10-27,56.8,59.06,56.46,57.91,846694.24825,1603843199999,48919719.2000587,78399,417669.19683,24135918.6272901,0
2020-10-28,57.9,60.55,54.71,55.77,1227549.68318,1603929599999,70621904.7241045,116245,591082.35538,34014945.2872347,0
2020-10-29,55.76,56.57,53.37,54.87,798253.73442,1604015999999,44138399.0642294,68890,403372.21402,22307672.3303757,0
2020-10-30,54.88,55.78,52.2,54.01,706074.89769,1604102399999,38012823.4838059,63397,350097.29662,18850346.9781949,0
2020-10-31,54.02,56.5,53.6,55.72,593903.97546,1604188799999,32842454.195905,57738,289767.60275,16025413.9871738,0
2020-11-01,55.69,56.19,54.07,55.6,369373.81151,1604275199999,20377654.8658563,34500,180004.45246,9933133.5085916,0
2020-11-02,55.6,56.84,53.01,53.8,700498.4928,1604361599999,38304588.6046088,61578,340465.64318,18604902.5912936,0
2020-11-03,53.82,54.37,51.13,53.96,672320.16238,1604447999999,35538087.9202807,64468,321561.91912,16998842.10254,0
2020-11-04,53.96,55.24,51.59,54.67,801009.79133,1604534399999,42873857.8930592,71359,415343.97166,22223471.8179684,0
2020-11-05,54.7,59.73,54.62,58.95,1366335.62939,1604620799999,78053912.1651952,135925,680964.71467,38926311.8529324,0
2020-11-06,58.94,63.68,58.61,63.2,1735473.54314,1604707199999,106582211.4200329,177692,869043.66618,53391047.4790031,0
2020-11-07,63.22,64.77,57.0,58.9,1655539.62718,1604793599999,101656386.7819311,172494,784770.87941,48242380.6012366,0
2020-11-08,58.9,62.03,58.52,61.02,795875.09498,1604879999999,47974026.2325454,76411,394436.82262,23785624.2203803,0
2020-11-09,61.0,61.86,57.37,59.23,997800.78526,1604966399999,59500899.1666013,97529,515685.77076,30775370.3255306,0
2020-11-10,59.22,59.6,57.04,57.93,639990.21607,1605052799999,37334044.1550524,70862,318900.611,18604130.4363654,0
2020-11-11,57.94,60.53,57.8,59.27,824536.88147,1605139199999,49135913.0916862,83030,417061.53867,24853162.2117292,0
2020-11-12,59.28,60.82,57.6,60.72,830578.26228,1605225599999,48949867.8524848,87671,427182.17021,25201482.855705,0
2020-11-13,60.72,66.66,60.14,65.96,1974381.67036,1605311999999,125824947.0014505,257296,1005155.89444,64082055.5759684,0
2020-11-14,65.96,66.32,61.63,63.85,1017826.05829,1605398399999,64664038.1716187,163536,495114.97059,31460597.7276774,0
2020-11-15,63.83,64.43,61.08,62.28,685249.75502,1605484799999,42937719.0781967,87860,334468.71196,20965116.902474,0
2020-11-16,62.29,74.62,62.08,73.84,2526207.15962,1605571199999,174408345.8385892,291414,1282673.46123,88581945.5707065,0
2020-11-17,73.83,77.0,71.36,76.32,2844994.89879,1605657599999,210321473.6289226,366969,1462222.23002,108152673.2248566,0
2020-11-18,76.32,77.13,67.77,73.42,2653342.04102,1605743999999,193749896.6949428,286533,1303783.45836,95320070.9992467,0
2020-11-19,73.41,83.4,71.47,81.53,2773824.05583,1605830399999,216138873.5744106,385582,1380965.7587,107583945.927898,0
2020-11-20,81.54,85.63,79.99,82.53,2386175.15236,1605916799999,196229165.3065574,331704,1212746.70199,99732049.3443215,0
2020-11-21,82.55,88.5,80.1,87.14,2521719.40828,1606003199999,212594343.033746,297869,1273221.53915,107377751.6545354,0
2020-11-22,87.09,87.92,77.3,82.87,2048304.58082,1606089599999,171408076.0270896,238468,1004587.20876,84127858.4659998,0
2020-11-23,82.87,90.93,80.8,89.03,2535636.06789,1606175999999,220072734.1900282,289664,1291947.65348,112179018.4956096,0
2020-11-24,89.04,94.02,84.6,89.25,2621715.64303,1606262399999,235080123.5942253,353058,1326792.518,118998399.3257395,0
2020-11-25,89.27,90.76,78.05,81.75,1631940.24087,1606348799999,141140495.3003431,212329,793521.28702,68699428.1585752,0
2020-11-26,81.75,83.29,64.45,71.0,3435959.29518,1606435199999,251435782.4059192,422548,1686142.3829,123458253.9354145,0
2020-11-27,70.99,73.5,65.3,69.15,1707521.50402,1606521599999,118203288.9302582,213682,855364.4723,59198087.4921665,0
2020-11-28,69.18,74.97,68.26,72.7,1483068.35897,1606607999999,106171116.7407572,181396,746710.33955,53477645.176034,0
2020-11-29,72.68,81.07,71.51,78.91,1514540.21111,1606694399999,115532599.7287442,229427,772594.41194,58917554.4966919,0
2020-11-30,78.89,88.46,76.63,87.65,2118965.66781,1606780799999,176439147.7540077,301333,1090788.71223,90949155.3574582,0
2020-12-01,87.66,93.01,79.56,85.08,3600461.26285,1606867199999,316329074.0803772,538823,1783622.37386,156870703.6722239,0
2020-12-02,85.07,90.63,82.61,88.9,2135078.47937,1606953599999,185587960.28621113,348663,1055779.62977,91845568.3331646,0
2020-12-03,88.89,91.5,85.46,89.0,1690248.45885,1607039999999,149648537.4796246,299422,839927.22355,74388695.7075143,0
2020-12-04,89.01,89.84,77.8,79.52,1701697.85317,1607126399999,144315548.66815,233567,793289.48628,67362727.2190837,0
2020-12-05,79.52,84.28,78.61,83.14,1278363.44579,1607212799999,104622408.5642311,183040,605934.03163,49634431.1939252,0
2020-12-06,83.11,85.19,80.31,83.55,921046.75996,1607299199999,76405873.3239923,139936,459250.82573,38104662.7742392,0
2020-12-07,83.54,86.87,81.73,83.37,1145446.47407,1607385599999,96166838.1865423,194711,570198.80331,47867996.9974729,0
2020-12-08,83.37,84.83,75.41,76.76,1230953.86975,1607471999999,98587741.4199429,217078,590692.87106,47321722.1550332,0
2020-12-09,76.75,78.14,72.13,77.41,1378314.59353,1607558399999,104645905.6562271,184970,695445.23973,52807978.0021345,0
2020-12-10,77.41,77.66,72.51,74.7,900570.5582,1607644799999,67806633.6994112,107088,435349.9008,32796515.9742075,0
2020-12-11,74.77,75.09,69.87,72.2,1484095.85234,1607731199999,106519712.1956132,171384,735789.83478,52810720.1691854,0
2020-12-12,72.2,77.58,71.97,76.67,872394.12884,1607817599999,65737747.0803373,127433,461836.00294,34805254.6432605,0
2020-12-13,76.64,84.38,75.52,82.28,1278882.98328,1607903999999,102688853.3434067,188999,650006.13424,52202255.0414696,0
2020-12-14,82.27,82.98,79.11,82.35,1102081.73026,1607990399999,89440711.0002851,174704,557959.54365,45290699.0003643,0
2020-12-15,82.38,84.93,80.39,81.32,1348469.20889,1608076799999,110776073.6065539,228718,677154.0633,55642669.8904149,0
2020-12-16,81.36,93.44,78.31,92.94,2349124.19924,1608163199999,201924000.2116802,299842,1177677.02166,101266900.2753522,0
2020-12-17,92.94,109.8,90.0,101.01,4161454.89253,1608249599999,414585850.6995055,605965,2047241.3263,203918902.5704257,0
2020-12-18,100.99,112.88,99.24,109.34,3141671.53609,1608335999999,337670222.209057,569257,1570795.93919,168908812.6959444,0
2020-12-19,109.34,124.24,105.31,119.85,2753360.19971,1608422399999,316850965.364659,489308,1386427.90328,159698538.2345624,0
2020-12-20,119.85,123.21,109.76,114.58,2671305.32839,1608508799999,313367367.832653,513158,1312221.54526,154094701.5915049,0
2020-12-21,114.59,118.65,100.31,104.45,2599527.81365,1608595199999,283146069.8185513,401306,1225838.55563,133833670.1012184,0
2020-12-22,104.48,114.63,98.35,114.32,3210319.32528,1608681599999,342738420.00107193,479898,1626183.99647,173891919.8340068,0
2020-12-23,114.31,117.29,95.23,102.45,3923591.07434,1608767999999,424020893.5197937,666325,1902847.44999,205804202.6548466,0
2020-12-24,102.46,112.32,98.55,111.13,2696980.51697,1608854399999,282469396.3783904,439395,1351979.47635,141689110.1902879,0
2020-12-25,111.13,128.63,108.18,127.78,3117913.94898,1608940799999,370546271.46844685,517497,1609513.43168,191300456.33123568,0
2020-12-26,127.74,135.19,124.94,129.61,3461075.6473,1609027199999,449830180.9840205,532001,1740153.09123,226276247.5593848,0
2020-12-27,129.61,139.47,121.88,127.88,3743173.13001,1609113599999,494840941.2477168,620934,1861449.86344,246025995.353295,0
2020-12-28,127.83,137.41,126.37,129.83,2349842.95502,1609199999999,309678082.06320834,441642,1180375.50184,155538274.8989812,0
2020-12-29,129.84,130.9,120.0,128.8,1732248.38409,1609286399999,218608845.4084634,395856,856257.65594,108074532.2535385,0
2020-12-30,128.8,133.11,122.63,130.05,1727676.641,1609372799999,220908109.4346975,433275,871145.68362,111450462.7815709,0
2020-12-31,130.06,130.35,121.98,124.21,1248723.03424,1609459199999,156991311.0348211,276558,611576.6816,76895708.7051612,0
2021-01-01,124.22,133.97,122.89,126.24,1539801.80815,1609545599999,197556175.35603687,349403,774044.64682,99343347.8582534,0
2021-01-02,126.2,142.0,123.15,136.96,2442266.765,1609631999999,323461384.1554043,569576,1231554.82173,163210674.1419643,0
2021-01-03,136.94,164.7,135.3,161.24,3813834.07669,1609718399999,568621276.8387069,861814,2011044.64195,299961529.53033954,0
2021-01-04,161.23,173.66,139.31,155.34,3530422.20392,1609804799999,551040498.8754889,869279,1756052.47648,274383365.7109106,0
2021-01-05,155.33,162.8,146.52,158.43,1998205.92425,1609891199999,308980342.1990161,477603,979205.18314,151487230.0641618,0
2021-01-06,158.46,169.72,154.95,168.92,1857831.43166,1609977599999,302208185.2799369,538480,959881.68331,156239121.7320667,0
2021-01-07,168.96,181.22,161.18,169.35,2493533.9948,1610063999999,424745168.46115315,821999,1259034.92458,214619728.7788629,0
2021-01-08,169.35,181.92,150.0,172.19,2843159.7034,1610150399999,479867965.4656461,920205,1364861.50667,230726268.3245718,0
2021-01-09,172.28,178.8,163.3,177.26,1749781.84973,1610236799999,299170389.2869181,627933,885341.30263,151372860.0459854,0
2021-01-10,177.27,185.83,161.86,170.07,2269705.0446,1610323199999,397700165.5603781,758526,1119665.73786,196456832.1646472,0
2021-01-11,170.06,170.74,112.7,138.87,4989528.65149,1610409599999,676718971.8054448,1330771,2438118.48392,330611847.48000515,0
2021-01-12,138.88,146.86,128.0,133.42,2825579.61257,1610495999999,388334448.47173536,705629,1412060.08561,194093919.062928,0
2021-01-13,133.44,148.46,125.9,147.38,2153426.27798,1610582399999,294745960.6848974,591714,1128774.33684,154745131.320576,0
2021-01-14,147.39,156.89,143.55,152.5,2033762.60027,1610668799999,304472230.4060609,558995,1021749.67464,153033184.5145753,0
2021-01-15,152.46,155.74,130.0,143.65,2104225.5121,1610755199999,304793400.3979503,651698,1034055.24494,150008938.8233709,0
2021-01-16,143.66,152.59,139.28,143.52,1784053.82975,1610841599999,260477969.6066686,540898,901769.9816,131680425.0340839,0
2021-01-17,143.52,147.0,136.22,142.8,1379082.3792,1610927999999,195777669.99104872,431558,679465.24934,96490798.5518237,0
2021-01-18,142.78,154.99,138.44,151.96,1644947.14813,1611014399999,242255237.7443352,458723,833987.17925,122895416.0999745,0
2021-01-19,151.97,166.02,150.18,151.86,2288798.47777,1611100799999,364329170.4371604,772775,1142013.14139,181797603.9544146,0
2021-01-20,151.85,156.15,138.4,149.69,2037654.31965,1611187199999,300191114.5686793,621515,1009456.4119,148796307.2883707,0
2021-01-21,149.67,150.25,125.64,129.72,2114912.93172,1611273599999,288136729.7504045,614839,1038649.32644,141536980.0846366,0
2021-01-22,129.7,141.85,122.7,137.66,1979078.0056,1611359999999,267423454.4764786,686050,1020510.82992,138063995.5167877,0
2021-01-23,137.65,143.52,135.05,137.67,969988.56158,1611446399999,134724709.0993206,364548,498210.53526,69203550.3134769,0
2021-01-24,137.66,142.65,133.73,141.01,917459.85058,1611532799999,127591959.1230012,278269,461996.46439,64266237.6460152,0
2021-01-25,141.01,147.87,136.62,137.07,1380902.3935,1611619199999,197598742.3625796,410581,685900.89221,98231804.0470605,0
2021-01-26,137.07,139.76,127.85,134.67,1093141.08136,1611705599999,146658904.3297973,348427,552832.08346,74155850.2980171,0
2021-01-27,134.69,134.96,118.13,122.44,1240323.68178,1611791999999,155421717.5906167,438691,604021.135,75688354.5301168,0
2021-01-28,122.45,135.84,120.74,133.27,1074760.50528,1611878399999,139123165.5404495,388459,549424.38816,71157975.9162482,0
2021-01-29,133.25,145.5,131.44,134.65,2193040.3844,1611964799999,302900712.6877233,675138,1097571.26311,151726390.0297643,0
2021-01-30,134.67,136.23,128.02,133.36,1215569.95596,1612051199999,160309617.0147801,384066,611800.50559,80722771.2652312,0
2021-01-31,133.35,135.06,125.67,129.36,917993.35191,1612137599999,119233545.9822861,274128,457225.70711,59402639.9348886,0
2021-02-01,129.37,136.63,125.95,132.0,1167609.37029,1612223999999,153549752.2381648,318786,571215.57576,75103789.7508839,0
2021-02-02,131.99,145.82,131.87,141.98,1884558.49538,1612310399999,265593003.2759642,497429,975904.65209,137602688.7030869,0
2021-02-03,141.96,156.7,141.92,155.93,1820822.28924,1612396799999,276355784.68062925,506675,944776.41996,143411232.635558,0
2021-02-04,155.94,158.68,141.03,145.07,1766938.56965,1612483199999,263741634.94941887,476673,866370.44897,129341654.0394622,0
2021-02-05,145.05,156.93,143.45,155.05,1572009.29596,1612569599999,239251271.3872744,373144,708854.76489,107847023.4654191,0
2021-02-06,155.05,164.27,149.82,155.57,1879526.24312,1612655999999,298721059.7569077,508088,916632.3551,145686099.2891239,0
2021-02-07,155.57,157.29,145.23,150.76,1259975.92894,1612742399999,190631760.74434167,393232,614509.21424,93011959.2919326,0
2021-02-08,150.76,169.38,147.76,167.28,1894490.90608,1612828799999,301611530.016982,517962,974208.68612,155207430.1331325,0
2021-02-09,167.28,184.49,164.22,181.49,1981149.12366,1612915199999,339741920.43175125,602539,991197.70131,170078048.6164701,0
2021-02-10,181.52,195.17,169.57,181.56,2781973.96254,1613001599999,511568659.8745064,921888,1360936.82564,250190423.8413081,0
2021-02-11,181.59,193.59,175.72,183.62,1664189.0877,1613087999999,309306444.7378882,505129,823702.04158,153112946.2442076,0
2021-02-12,183.62,199.84,176.75,196.69,1946870.34253,1613174399999,364142891.78315246,593794,995322.75441,186248760.20416313,0
2021-02-13,196.71,229.07,191.45,225.76,2843517.28691,1613260799999,594221999.900488,857965,1446133.95797,302664294.6219568,0
2021-02-14,225.77,230.77,208.11,213.49,1765475.48101,1613347199999,387593416.6974883,796054,867070.38366,190532009.9022849,0
2021-02-15,213.47,219.99,185.31,207.83,2173405.17958,1613433599999,447239834.95548886,683757,1069291.45381,220253340.680973,0
2021-02-16,208.03,222.48,200.1,210.26,1660812.39786,1613519999999,351273131.9253475,582957,818307.63977,173185884.647279,0
2021-02-17,210.23,237.75,203.37,237.49,1839179.97093,1613606399999,409828549.42424464,741367,960810.76058,214283011.66629553,0
2021-02-18,237.39,239.18,221.0,226.59,1580820.71,1613692799999,362511271.6078323,703424,787973.76974,180686221.7153818,0
2021-02-19,226.58,241.92,220.06,236.5,1402427.87852,1613779199999,325090696.92357713,572472,708936.52334,164460026.8738183,0
2021-02-20,236.45,247.04,214.02,226.65,1701950.27455,1613865599999,401705947.58883953,694031,824489.94329,194873864.2493404,0
2021-02-21,226.77,233.78,220.06,227.13,1268407.03046,1613951999999,288545534.88444686,547213,635568.2503,144574528.4015875,0
2021-02-22,227.17,227.39,180.0,208.32,2556958.2216,1614038399999,530466837.05542016,722624,1248637.893,259168819.2392274,0
2021-02-23,208.1,208.8,157.29,177.34,3669737.32689,1614124799999,656297107.8739179,879269,1823463.56719,325955738.68275875,0
2021-02-24,177.35,189.46,169.08,181.43,1827554.60176,1614211199999,331667058.0278256,551322,919774.96133,166940050.2197715,0
2021-02-25,181.43,205.21,175.0,179.36,1961972.0422,1614297599999,374933085.9501948,702585,993823.49266,190018740.3817392,0
2021-02-26,179.36,182.86,162.74,170.25,2180233.25143,1614383999999,376896603.428194,787789,1081844.58664,187047542.3487656,0
2021-02-27,170.2,180.48,167.13,171.76,1113606.4401,1614470399999,194721552.36965728,399095,560227.26176,98003408.3190691,0
2021-02-28,171.75,173.42,152.88,165.22,1682228.22219,1614556799999,270779244.8619955,505205,842254.37757,135601050.835526,0
2021-03-01,165.27,176.46,163.3,175.89,1216268.49518,1614643199999,206763547.48994872,379963,633950.24813,107777727.7940293,0
2021-03-02,175.9,185.32,170.69,179.08,1441741.00235,1614729599999,255346162.5510491,431134,729710.43408,129207168.8443114,0
2021-03-03,179.06,196.49,176.79,187.64,1873295.01116,1614815999999,356756304.151066,875356,963464.71246,183451255.7430313,0
2021-03-04,187.7,194.4,176.83,180.67,1485337.09208,1614902399999,275358427.6270217,595968,720510.55503,133618218.9701017,0
2021-03-05,180.66,183.57,168.5,180.23,1182501.69882,1614988799999,206736683.4266449,410149,589202.04405,102975667.247258,0
2021-03-06,180.21,184.67,174.68,182.85,935959.9679,1615075199999,169045674.0150868,441332,448992.60462,81114464.1139695,0
2021-03-07,182.86,192.24,182.25,190.75,820418.23901,1615161599999,153066685.7113709,315993,407343.18364,76007399.634963,0
2021-03-08,190.75,195.28,179.58,191.85,1171979.04352,1615247999999,218298243.74947128,505799,602323.18879,112098068.1947801,0
2021-03-09,191.86,205.0,188.92,203.81,1279698.49896,1615334399999,253719098.4610113,522687,645374.71425,128009285.9473583,0
2021-03-10,203.8,208.0,191.47,200.29,1422079.58464,1615420799999,285300116.8257908,530224,714343.01773,143454346.5394514,0
2021-03-11,200.29,203.54,191.03,201.36,981380.1209,1615507199999,194448681.75772488,462332,503785.49713,99797507.6235968,0
2021-03-12,201.37,224.23,198.41,220.84,2081683.73697,1615593599999,438911699.7957679,917834,1059650.68295,223587158.6232392,0
2021-03-13,220.8,230.23,212.7,226.06,1330663.68103,1615679999999,296844070.67501205,628460,655985.41754,146347747.382168,0
2021-03-14,226.08,228.12,213.84,213.94,806542.74173,1615766399999,177641500.6654679,544634,391383.72783,86204143.3670012,0
2021-03-15,214.0,222.58,197.56,200.59,1413381.72445,1615852799999,291674163.5832846,664599,703037.22236,145050027.2876233,0
2021-03-16,200.59,205.53,191.15,201.6,1063051.80222,1615939199999,211789426.1765414,673355,533223.64094,106261529.7321092,0
2021-03-17,201.61,206.94,194.13,205.98,885644.66746,1616025599999,177676188.781586,377115,447412.7389,89793638.9901739,0
2021-03-18,205.96,208.25,199.13,199.7,774419.42586,1616111999999,158187015.5903925,321685,383192.32277,78255931.9289653,0
2021-03-19,199.72,205.0,195.81,199.96,536877.41275,1616198399999,108136182.1619988,252495,265032.32975,53410582.8245535,0
2021-03-20,199.96,206.1,198.82,200.17,473637.43878,1616284799999,96021040.4743002,215400,231961.04691,47030873.9303353,0
2021-03-21,200.16,202.0,192.0,195.31,581731.80679,1616371199999,114260221.4238709,242743,275162.22586,54037572.2189429,0
2021-03-22,195.33,199.0,184.42,185.67,725506.72916,1616457599999,139983277.9637057,392568,354646.43153,68469075.8825959,0
2021-03-23,185.69,189.44,181.12,185.83,638849.27686,1616543999999,118859058.1084163,294177,315275.32894,58656740.500013,0
2021-03-24,185.82,197.17,172.0,176.05,1189902.97985,1616630399999,224797613.3940394,759498,582580.21094,110130158.018959,0
2021-03-25,176.05,179.03,167.86,171.53,956666.86464,1616716799999,166128051.9627271,360595,470474.94482,81731244.8983859,0
2021-03-26,171.53,183.82,171.44,183.45,721838.20194,1616803199999,128689980.6956408,294780,363871.23015,64884369.1655712,0
2021-03-27,183.44,186.12,177.75,184.06,475886.83873,1616889599999,86757743.8072639,215335,243143.80697,44331438.5281925,0
2021-03-28,184.06,187.29,180.0,184.24,380545.16211,1616975999999,70082688.3918318,185442,179296.03859,33027767.0734236,0
2021-03-29,184.22,197.6,182.45,193.73,904774.30423,1617062399999,174709382.2425777,617887,461727.55725,89162849.5856303,0
2021-03-30,193.73,200.09,190.34,195.74,932290.6498,1617148799999,181705740.05520248,422614,471620.40771,91917838.3747648,0
2021-03-31,195.71,198.99,187.0,196.7,698229.63786,1617235199999,135030259.1244361,333698,350689.46704,67839751.3299081,0
2021-04-01,196.69,205.0,194.0,202.86,876741.40869,1617321599999,174997120.9538392,376746,446473.68027,89140726.0936638,0
2021-04-02,202.87,213.77,200.78,211.46,942970.73038,1617407999999,194551967.4207516,417200,473711.68012,97767380.8108754,0
2021-04-03,211.44,217.97,194.85,195.23,956126.60492,1617494399999,199480758.09639087,454454,468771.97526,97872241.8205927,0
2021-04-04,195.17,204.92,192.22,202.21,565154.10714,1617580799999,113374291.8322612,279997,280714.2642,56341983.229178,0
2021-04-05,202.24,225.47,198.07,221.48,1329743.7613,1617667199999,281341829.9490769,578386,685041.12811,145087501.2866186,0
2021-04-06,221.48,244.59,212.97,237.04,2444849.53403,1617753599999,562645677.6736383,999550,1252459.6195,288392529.7794547,0
2021-04-07,236.96,242.99,210.77,219.05,2263475.4652,1617839999999,510345556.6584819,906049,1112391.73937,250943125.06111607,0
2021-04-08,219.22,228.21,216.89,226.11,1074942.89645,1617926399999,239958597.0082218,443718,543199.93749,121244878.6371393,0
2021-04-09,226.17,228.99,218.72,221.12,688918.8215,1618012799999,154922336.4573925,339204,329722.53873,74172020.3855224,0
2021-04-10,221.13,257.0,219.16,256.34,1859281.88304,1618099199999,441762890.5777668,649633,968930.67071,230571111.3352656,0
2021-04-11,256.55,263.62,244.77,252.31,1890765.80129,1618185599999,480319111.43279314,872731,945076.40143,240120644.1545951,0
2021-04-12,252.35,259.94,240.01,244.42,1370860.1631,1618271999999,341852773.1501515,467982,683136.82521,170447279.767766,0
2021-04-13,244.44,273.54,244.36,267.59,1931888.55344,1618358399999,506855226.9692555,767892,968883.80432,254292955.5418272,0
2021-04-14,267.61,283.0,255.0,278.86,1989435.79148,1618444799999,539680828.9516029,748320,1002510.76763,272152784.43154955,0
2021-04-15,278.8,290.9,266.0,285.63,1409760.53776,1618531199999,392118228.6840159,685535,723182.50725,201360665.4301286,0
2021-04-16,285.64,317.09,265.5,308.43,3150447.99928,1618617599999,924239206.0551181,1289085,1604340.09015,470768551.90368086,0
2021-04-17,308.39,335.69,296.75,300.86,2574519.6355,1618703999999,817941072.7363517,1228519,1301465.4845,413592752.70081073,0
2021-04-18,300.87,304.83,231.1,273.36,3346589.56812,1618790399999,892238974.6647613,1132078,1682056.56666,448297530.8270747,0
2021-04-19,273.35,284.39,250.21,261.38,1973511.87573,1618876799999,526834098.1599701,752375,989903.16739,264595427.4541952,0
2021-04-20,261.47,272.8,234.31,260.68,2111225.32553,1618963199999,539480456.6228665,807636,1045319.25671,267296679.9962136,0
2021-04-21,260.73,277.0,250.75,257.69,1841080.20554,1619049599999,486078239.6309111,770239,912336.68966,241010746.1961052,0
2021-04-22,257.63,289.61,239.0,252.5,2858792.51437,1619135999999,768476292.5373607,1210366,1432931.72954,385424393.2516366,0
2021-04-23,252.6,257.15,206.89,241.31,2866031.89172,1619222399999,665705477.3804959,1017903,1431737.08579,332682375.9302448,0
2021-04-24,241.31,241.41,220.34,224.75,1152968.01885,1619308799999,264865552.2302062,395280,582086.73145,133734848.1630507,0
2021-04-25,224.76,235.8,210.73,223.88,928460.2198,1619395199999,209320711.9060828,370148,465835.58931,105067864.7978783,0
2021-04-26,223.9,248.2,221.24,247.42,1236470.27391,1619481599999,297406460.0164286,444245,644579.31799,155070606.1469267,0
2021-04-27,247.4,263.15,243.63,259.77,1114182.69248,1619567999999,283202344.995818,440412,575361.14306,146232235.6122981,0
2021-04-28,259.77,266.94,247.58,258.51,1014038.43734,1619654399999,259424641.2548744,373054,509605.52965,130435093.2539774,0
2021-04-29,258.5,262.89,248.16,255.31,877558.7853,1619740799999,223881131.7067478,301941,434309.10973,110783860.420185,0
2021-04-30,255.31,273.58,252.61,271.13,1037748.69625,1619827199999,274406726.4302906,378415,525194.07625,138845734.6711337,0
2021-05-01,271.14,278.58,265.9,276.78,759685.23196,1619913599999,206313142.3786657,298804,394444.53449,107141364.9069463,0
2021-05-02,276.77,277.47,264.7,268.88,656429.21428,1619999999999,177326870.5253842,240118,334587.08164,90378687.1522146,0
2021-05-03,268.83,299.72,268.44,294.87,1427253.57143,1620086399999,406345333.74404913,551451,741571.36225,211273296.54051313,0
2021-05-04,294.73,327.68,270.0,305.23,3939316.56899,1620172799999,1195932190.8395019,1508821,1956579.04576,593733728.2414868,0
2021-05-05,305.24,360.0,300.52,356.04,3748897.98686,1620259199999,1271930983.0343182,1614035,1886405.01435,640411029.3314403,0
2021-05-06,356.03,364.93,318.0,354.67,2752093.00755,1620345599999,941466204.1639098,1185399,1386633.82425,474650164.3104848,0
2021-05-07,354.52,374.5,333.33,344.89,2822668.46597,1620431999999,1005644474.3105464,1164243,1420920.55941,506510852.93747187,0
2021-05-08,344.89,356.68,334.0,347.1,1327716.1907,1620518399999,458585347.675604,559015,660920.37589,228284580.0432081,0
2021-05-09,347.17,389.0,333.51,387.8,2292100.05852,1620604799999,824990298.5702829,1067219,1175795.9108,423435812.09366685,0
2021-05-10,387.77,413.49,333.68,358.89,3830553.73813,1620691199999,1474442115.445165,1832583,1907838.06727,734412974.1436665,0
2021-05-11,358.93,379.72,345.0,377.6,2031121.35038,1620777599999,731791805.4426808,794827,1045474.00633,376977821.603362,0
2021-05-12,377.8,394.37,301.0,310.4,2537826.91562,1620863999999,909685569.0243373,927202,1240814.85922,446016465.02994686,0
2021-05-13,310.4,332.73,291.0,317.95,2979065.55728,1620950399999,939891706.795672,941387,1462053.82162,461222753.33359766,0
2021-05-14,317.95,338.85,307.96,326.23,1482325.51445,1621036799999,479155547.23975754,552625,756132.19975,244359563.0825884,0
2021-05-15,326.24,332.0,296.17,300.3,1486176.50537,1621123199999,464489234.47244334,520785,729306.79024,228064657.39728767,0
2021-05-16,300.22,323.95,279.66,295.89,1693568.12752,1621209599999,510240764.0331864,547969,833412.46333,251344538.77044287,0
2021-05-17,295.89,296.34,261.27,281.53,2079261.84526,1621295999999,581793612.0545212,660117,1024669.17386,286826566.2087694,0
2021-05-18,281.38,317.97,278.32,293.98,2558765.69804,1621382399999,770914140.9782432,1070794,1284843.87705,387205335.0136564,0
2021-05-19,293.98,300.31,147.0,185.93,6731555.34383,1621468799999,1486762183.649728,1602000,3297361.29453,727656288.8066041,0
2021-05-20,186.31,225.0,166.45,210.74,4269465.92695,1621555199999,857612372.3871421,1027162,2103734.3357,422888147.85029584,0
2021-05-21,210.66,219.12,156.56,179.97,2998819.79591,1621641599999,567897537.0202928,801082,1493045.63294,283051595.4828712,0
2021-05-22,179.97,184.44,161.61,169.32,1983438.52337,1621727999999,345969489.8072126,503784,992731.86653,173137307.6860998,0
2021-05-23,169.3,176.26,118.03,142.39,3854006.12408,1621814399999,548343321.0872039,846183,1927253.83304,274130951.12487686,0
2021-05-24,142.52,185.37,139.54,185.32,2491240.93285,1621900799999,404399573.70826256,647402,1290927.20492,209662086.85783687,0
2021-05-25,185.32,194.61,167.15,183.76,1974384.43463,1621987199999,352461818.377379,574966,982565.78101,175556939.521579,0
2021-05-26,183.89,204.13,179.42,198.91,1540975.47323,1622073599999,299472154.8361739,516747,792873.66151,154096728.9694203,0
2021-05-27,198.92,209.0,180.39,194.32,1457775.38448,1622159999999,283796099.3329686,500482,724735.4023,141233123.1431252,0
2021-05-28,194.31,198.88,165.5,177.33,2118247.13851,1622246399999,378817824.80821025,621180,1037263.79855,185486012.30051953,0
2021-05-29,177.3,188.69,157.65,164.01,1554075.0432,1622332799999,267430765.5363652,534394,771779.76477,132873350.4869315,0
2021-05-30,164.04,181.1,155.11,170.51,1123365.50693,1622419199999,191392497.87099633,355005,561880.30473,95797712.8840165,0
2021-05-31,170.48,188.5,163.5,187.97,1242054.05369,1622505599999,220163302.9188166,437579,621777.91751,110328240.5653911,0
2021-06-01,188.01,193.16,175.82,182.99,1081241.44408,1622591999999,197281336.35004193,416212,531753.5162,97049506.8989786,0
2021-06-02,183.05,191.34,178.27,187.14,976844.03214,1622678399999,180987111.28905192,337900,490059.31516,90811621.1357689,0
2021-06-03,187.18,197.78,181.95,193.5,1079806.82442,1622764799999,206098853.87633312,383484,549956.18575,104989623.0399269,0
2021-06-04,193.52,193.81,168.95,178.44,1130262.18071,1622851199999,200956756.4605302,374306,545242.30003,96884081.792709,0
2021-06-05,178.46,185.49,167.32,172.94,846082.98073,1622937599999,149043048.1254912,303259,428132.49771,75397986.7506649,0
2021-06-06,172.95,179.96,172.02,176.41,677386.36378,1623023999999,119533928.1956378,519130,339926.51366,59985003.1607384,0
2021-06-07,176.42,182.22,160.25,161.95,1035822.82509,1623110399999,180434186.5529158,352728,512903.38529,89268693.8365483,0
2021-06-08,161.92,164.48,144.89,160.63,1417289.87647,1623196799999,222062589.1486036,365893,689101.10794,108027399.430342,0
2021-06-09,160.64,173.3,152.31,172.56,1139739.36054,1623283199999,186552484.1831124,325926,570055.82499,93324147.8096325,0
2021-06-10,172.54,174.61,162.12,168.16,878866.63371,1623369599999,148034008.2104393,240955,433743.37393,73099430.4472031,0
2021-06-11,168.18,173.78,160.55,162.83,928611.54446,1623455999999,156280950.685997,277780,459795.61764,77405051.6006311,0
2021-06-12,162.84,164.3,154.14,161.8,653167.31003,1623542399999,103901880.1698796,200620,319802.53052,50878892.1619074,0
2021-06-13,161.81,171.59,156.42,170.85,573493.90783,1623628799999,93618007.1634821,241273,286188.27277,46727446.5489953,0
2021-06-14,170.85,179.99,166.34,179.89,802051.95645,1623715199999,138132150.6621459,280797,417493.08416,71919757.3959574,0
2021-06-15,179.88,181.2,172.15,175.15,654352.05304,1623801599999,115569055.5994126,202286,320929.55719,56707194.4757193,0
2021-06-16,175.16,177.31,164.23,166.57,761479.45263,1623887999999,129526004.7251286,267665,371030.14679,63137759.8394924,0
2021-06-17,166.56,173.4,162.81,167.08,559434.62367,1623974399999,94143650.7256981,300498,278934.17757,46968809.6832713,0
2021-06-18,167.13,167.43,151.2,156.34,800699.30384,1624060799999,127526013.1819842,249802,382125.53103,60814375.5470353,0
2021-06-19,156.33,160.88,152.31,152.49,523073.02283,1624147199999,82045956.9790743,273456,236531.39792,37083169.0481513,0
2021-06-20,152.51,156.18,143.75,154.88,611253.37603,1624233599999,91892149.2595213,230416,293026.12961,44079297.4218328,0
2021-06-21,154.87,155.5,123.91,124.46,1492819.3793,1624319999999,203231053.1989494,373180,741296.99421,100925523.7897284,0
2021-06-22,124.38,133.03,104.92,119.64,2255757.11457,1624406399999,266726032.45740712,580740,1103791.7389,130532096.2584164,0
2021-06-23,119.69,133.75,115.49,129.1,1020444.64312,1624492799999,130123287.9382656,277787,498962.62265,63628895.9164359,0
2021-06-24,129.13,137.36,123.71,134.58,660335.54019,1624579199999,87188835.5945268,209741,324711.26328,42908376.1918569,0
2021-06-25,134.59,138.45,124.31,125.0,764515.33892,1624665599999,99682735.3520945,236029,370581.00844,48321192.2633695,0
2021-06-26,125.03,129.44,118.67,126.89,871924.09227,1624751999999,107497674.7426605,272305,434093.25813,53540282.1842513,0
2021-06-27,126.81,132.67,124.66,132.6,573388.24688,1624838399999,73420914.5500181,187487,286125.20464,36642742.7726389,0
2021-06-28,132.57,139.55,129.89,137.69,703645.47159,1624924799999,94415295.852427,283577,359319.91124,48204731.1045279,0
2021-06-29,137.68,149.18,137.24,144.2,898148.69711,1625011199999,129346046.6291988,384677,442734.24354,63712604.4573024,0
2021-06-30,144.23,146.94,136.01,144.26,629619.41847,1625097599999,88947304.9035651,299271,304949.62748,43078785.9770208,0
2021-07-01,144.31,144.31,133.99,137.02,539535.2997,1625183999999,74099823.1362186,205914,262883.74239,36100335.5762875,0
2021-07-02,137.01,138.97,130.6,136.85,467041.14947,1625270399999,62437652.7516769,180717,232953.7616,31146051.7141767,0
2021-07-03,136.87,141.37,134.57,140.17,351451.49767,1625356799999,48777580.7544624,127568,179519.71358,24916232.4072913,0
2021-07-04,140.19,148.1,136.88,144.95,443949.92264,1625443199999,63870573.990982,180733,215175.99342,30946526.8119767,0
2021-07-05,144.96,145.03,133.84,137.71,561680.84949,1625529599999,78159874.1952629,228343,271012.49727,37729655.2617306,0
2021-07-06,137.76,142.73,135.6,138.87,530800.52733,1625615999999,73627887.1771316,260456,258042.83012,35808976.0241742,0
2021-07-07,138.86,142.93,136.87,137.41,520913.20131,1625702399999,73142110.8723597,162033,264262.48536,37118715.4235747,0
2021-07-08,137.38,137.74,127.77,132.15,645442.57112,1625788799999,85207418.8887012,178404,310139.37419,40933991.799078,0
2021-07-09,132.11,135.85,126.0,134.58,527547.82163,1625875199999,69418988.6298179,257987,258759.68479,34068696.9105506,0
2021-07-10,134.54,136.82,130.32,133.99,365844.86832,1625961599999,48672574.5655015,165477,183398.01229,24403141.3454598,0
2021-07-11,133.99,136.48,132.08,134.28,324968.57149,1626047999999,43702609.5723674,215814,165002.37144,22191025.2326117,0
2021-07-12,134.28,139.75,131.82,133.38,670917.62355,1626134399999,91393565.6235902,234539,330787.80445,45045515.5890614,0
2021-07-13,133.32,134.61,129.35,131.44,454856.67168,1626220799999,60087913.3720207,129987,226541.10296,29938801.8139075,0
2021-07-14,131.45,132.42,123.59,131.07,538916.43958,1626307199999,69151577.2285816,148767,262802.80646,33757500.6298726,0
2021-07-15,131.06,133.13,121.93,125.86,494375.7243,1626393599999,62611833.2090542,148301,234369.59244,29687896.1145065,0
2021-07-16,125.88,127.87,120.38,120.65,422183.01506,1626479999999,52332289.4664196,129010,200419.17318,24843024.5326674,0
2021-07-17,120.66,122.92,117.68,119.95,425298.69428,1626566399999,51119228.3009861,124981,202667.29852,24368652.4160284,0
2021-07-18,120.0,124.05,116.23,119.17,430985.21457,1626652799999,51789227.2068448,129213,217089.59398,26082890.0388899,0
2021-07-19,119.16,120.75,111.82,113.13,493082.96266,1626739199999,56960133.8044519,138827,237935.14925,27480515.4483594,0
2021-07-20,113.14,115.09,103.83,107.29,766236.24738,1626825599999,82496935.5181682,187499,377969.84829,40723427.7166935,0
2021-07-21,107.31,119.24,105.05,117.74,682039.47283,1626911999999,77598308.8381937,194330,342667.79501,38965303.0244681,0
2021-07-22,117.77,122.0,115.61,120.67,464759.47146,1626998399999,55142102.7474057,131158,236132.46654,28028246.9580703,0
2021-07-23,120.69,124.78,117.02,124.24,404160.06952,1627084799999,48655550.744583,125545,201239.18686,24242936.5512988,0
2021-07-24,124.27,127.7,123.29,125.99,432891.78019,1627171199999,54410461.660948,141280,219112.4814,27534236.1003238,0
2021-07-25,126.0,127.99,123.51,127.68,392963.87036,1627257599999,49282879.2572322,112165,196865.78703,24690674.062639,0
2021-07-26,127.64,140.47,126.85,131.06,1052092.77379,1627343999999,142739916.4800818,334580,542243.2157,73595709.7505434,0
2021-07-27,131.06,135.12,127.27,134.74,607384.02252,1627430399999,79681430.6635563,183467,306356.48031,40213519.0473126,0
2021-07-28,134.73,142.0,132.39,140.42,729936.12774,1627516799999,100247791.355527,263899,366542.71673,50348310.4027446,0
2021-07-29,140.48,143.0,136.55,141.44,542641.00192,1627603199999,75653246.3531883,177013,268555.00165,37450160.6004575,0
2021-07-30,141.44,145.88,135.86,145.51,605847.24082,1627689599999,85050084.0945806,220376,302967.99467,42524068.1704148,0
2021-07-31,145.51,146.6,141.83,144.37,388737.61543,1627775999999,56041707.6510586,147675,193083.68872,27843177.460634,0
2021-08-01,144.35,149.78,138.04,140.31,584699.77102,1627862399999,85237910.0633861,210892,292089.51177,42583453.7751273,0
2021-08-02,140.31,145.93,138.76,141.35,419849.68249,1627948799999,59816989.9629861,160876,213435.69701,30402897.8012527,0
2021-08-03,141.32,143.24,135.6,138.49,402821.08451,1628035199999,55904076.4378556,137909,202640.59642,28128640.7742336,0
2021-08-04,138.49,144.5,135.54,142.57,486488.33119,1628121599999,68311414.3237331,153814,240077.49556,33722732.502061,0
2021-08-05,142.57,145.19,136.12,143.53,615027.38819,1628207999999,86661552.8370702,201045,312251.88064,44027070.1152438,0
2021-08-06,143.51,150.9,141.73,147.95,685973.67511,1628294399999,100618381.9805661,229553,350239.54187,51392270.7875594,0
2021-08-07,147.93,156.39,147.06,155.92,878574.53896,1628380799999,134279697.8721069,294520,439817.72275,67220468.201112,0
2021-08-08,155.92,157.63,147.0,149.69,700140.23658,1628467199999,106933255.7460166,241400,339458.49557,51859654.9860694,0
2021-08-09,149.69,170.78,145.15,166.31,1165618.32076,1628553599999,186206657.52563033,407093,583202.11021,93108802.464772,0
2021-08-10,166.27,168.28,158.79,165.38,894686.73503,1628639999999,146650320.2943435,285340,451953.33931,74092590.7207862,0
2021-08-11,165.38,176.07,164.23,170.6,914647.0176,1628726399999,156354817.1367582,315395,459501.60039,78554495.9503599,0
2021-08-12,170.57,179.74,160.77,165.38,987267.21224,1628812799999,166955053.6017788,323957,479641.94963,81069160.948477,0
2021-08-13,165.41,184.57,164.0,183.31,1122682.76822,1628899199999,200074885.0965675,376927,566116.72404,100820064.2874271,0
2021-08-14,183.32,185.11,174.62,182.76,944596.30069,1628985599999,170189633.3573743,339876,475874.15232,85748736.9633641,0
2021-08-15,182.78,186.55,175.18,184.6,948648.90733,1629071999999,171774672.9728,343246,466925.90733,84588163.8316691,0
2021-08-16,184.59,189.03,176.35,177.93,898330.4154,1629158399999,165189668.1403273,335638,444348.74377,81732776.6200166,0
2021-08-17,177.96,184.38,168.01,168.61,781038.75082,1629244799999,138711288.56197,297504,382224.75811,67961880.5010004,0
2021-08-18,168.6,174.54,162.92,166.65,694819.54486,1629331199999,117340405.200784,237177,346173.28132,58486193.9539416,0
2021-08-19,166.64,175.82,162.66,175.59,682216.29479,1629417599999,115121985.8101465,227174,337446.57609,56975811.7626097,0
2021-08-20,175.57,184.11,174.11,183.59,708140.15383,1629503999999,126775222.2323305,250745,368599.36579,65985830.8912214,0
2021-08-21,183.59,184.48,176.52,179.63,644225.29965,1629590399999,116558250.5422969,231587,311976.80365,56460458.7845793,0
2021-08-22,179.57,189.6,178.38,185.91,935874.98336,1629676799999,172606192.8561075,340705,462090.83849,85218724.7840794,0
2021-08-23,185.85,191.94,183.61,187.01,877311.28336,1629763199999,164959040.9977036,318881,434895.70436,81778720.1601123,0
2021-08-24,186.98,188.64,172.25,173.42,780692.69421,1629849599999,140949963.0400554,266418,377044.90863,68070088.4534235,0
2021-08-25,173.39,179.0,169.06,177.75,617983.0803,1629935999999,108201062.3479691,205048,303324.12803,53165871.8420462,0
2021-08-26,177.76,180.18,164.9,167.7,568905.75324,1630022399999,97291305.6699031,157518,272829.85124,46675336.2117465,0
2021-08-27,167.7,176.35,165.0,176.2,456121.02531,1630108799999,77989311.7029358,135343,235492.88732,40273366.0898438,0
2021-08-28,176.2,177.1,171.3,175.6,316185.26963,1630195199999,54977130.2006168,96146,159118.70781,27683912.0466408,0
2021-08-29,175.7,182.6,173.1,174.3,547343.58554,1630281599999,97130374.9152609,165503,280115.76303,49756799.7072479,0
2021-08-30,174.4,176.5,166.5,167.3,468119.396,1630367999999,80384494.1281,136025,228187.922,39185710.9032,0
2021-08-31,167.4,175.4,165.6,171.5,553621.007,1630454399999,94748220.1421,165988,274646.461,47026913.7084,0
2021-09-01,171.6,182.8,168.5,180.9,692302.294,1630540799999,121596203.584364,213809,369110.043,64876884.193064,0
2021-09-02,180.9,187.9,179.4,183.3,683639.85445,1630627199999,125801760.5174036,241362,337379.66953,62118550.1727486,0
2021-09-03,183.4,217.7,179.8,212.9,2071663.63126,1630713599999,418110896.23474973,709377,1036392.25942,208932565.0771386,0
2021-09-04,212.9,225.2,208.4,211.9,1448417.53392,1630799999999,313258847.49138325,458953,712114.26131,154119180.0434263,0
2021-09-05,212.0,232.56,210.5,232.2,1007949.97992,1630886399999,223656696.2409005,403469,527237.28734,117040480.2375385,0
2021-09-06,232.2,232.3,214.8,219.4,1001710.493,1630972799999,224156141.383,313412,524056.345,117291923.3591,0
2021-09-07,219.4,221.9,162.1,178.5,2026882.59263,1631059199999,390578821.46507186,581890,923937.05641,177984520.816068,0
2021-09-08,178.4,189.0,169.3,179.7,1419232.641,1631145599999,255703914.0537,352790,715778.724,129087730.2457,0
2021-09-09,179.7,188.6,176.5,180.5,896655.718,1631231999999,164129604.9424,225836,453066.176,83012639.3937,0
2021-09-10,180.5,187.4,170.7,174.1,721100.842,1631318399999,128840044.1667,198446,341640.859,61110843.5368,0
2021-09-11,174.1,186.2,173.4,178.6,551963.071,1631404799999,99706178.4928,155726,284559.738,51395956.6895,0
2021-09-12,178.6,186.2,175.1,183.0,564714.696,1631491199999,102330739.3083,166366,291956.741,52961994.7186,0
2021-09-13,183.1,240.0,170.7,179.4,5437062.6741,1631577599999,1066384966.6003321,1344016,2705998.69893,528964300.48726225,0
2021-09-14,179.4,189.0,176.1,183.1,1091279.997,1631663999999,197408757.0389,362174,552269.396,99908242.8083,0
2021-09-15,183.0,192.1,179.6,189.0,745508.059,1631750399999,137697994.3308,213470,367950.492,67978984.8265,0
2021-09-16,189.1,195.4,181.5,185.2,935286.231,1631836799999,176852389.6626,297580,467599.571,88474482.4498,0
2021-09-17,185.2,190.5,177.5,180.0,566767.069,1631923199999,103829576.8488,177962,276693.252,50721943.5808,0
2021-09-18,180.0,185.8,177.9,181.4,372409.224,1632009599999,67815916.0014,108725,179047.254,32626682.5478,0
2021-09-19,181.3,181.7,172.5,175.6,364865.775,1632095999999,64752004.4224,106682,172496.294,30615773.9834,0
2021-09-20,175.6,176.0,153.3,157.2,1300459.67767,1632182399999,210410849.2483622,311880,616193.54605,99715922.5914866,0
2021-09-21,157.2,162.3,144.7,148.5,988169.63393,1632268799999,153601638.9977284,240425,480365.44629,74716548.982379,0
2021-09-22,148.6,161.8,145.3,161.4,822665.566,1632355199999,127922221.5472,168617,430258.498,66965703.8808,0
2021-09-23,161.4,165.0,157.1,163.9,559513.522,1632441599999,90086135.1178,127218,275029.892,44278207.287,0
2021-09-24,163.9,166.6,141.6,152.1,1236046.28455,1632527999999,186237491.03192952,243188,609300.80373,91815077.3167643,0
2021-09-25,152.0,155.9,148.8,151.0,622457.078,1632614399999,94774250.5753,171198,312156.049,47539088.0472,0
2021-09-26,150.9,153.4,141.9,150.7,837958.065,1632700799999,124574377.2929,193909,407691.395,60614516.9273,0
2021-09-27,150.7,154.9,144.8,145.0,463173.188,1632787199999,69894991.7023,149102,216113.205,32641251.8671,0
2021-09-28,145.0,149.0,140.0,140.6,551914.7719,1632873599999,80089909.9230395,167575,269553.402,39138281.8085,0
2021-09-29,140.5,150.4,139.7,144.7,505249.15568,1632959999999,73600932.012,152576,250510.786,36501904.3153,0
2021-09-30,144.8,154.5,143.9,153.3,505878.24,1633046399999,76383184.6256,167123,259448.425,39176723.8068,0
2021-10-01,153.2,168.1,151.1,166.2,701432.917,1633132799999,113134956.7649,255565,365623.945,58944912.9706,0
2021-10-02,166.1,172.8,164.4,168.9,427845.773,1633219199999,72335144.5985,148076,213680.858,36142513.0919,0
2021-10-03,168.9,175.0,165.7,170.5,437060.787,1633305599999,74333713.9009,167180,215312.697,36640554.9471,0
2021-10-04,170.5,170.9,161.3,167.5,586624.931,1633391999999,97383586.2245,152724,283841.057,47146696.6219,0
2021-10-05,167.5,175.4,166.6,173.8,622714.612,1633478399999,106632729.7082,186522,314160.336,53787060.0573,0
2021-10-06,173.7,183.0,163.8,178.5,967921.404,1633564799999,170174412.5194,330024,490020.007,86235081.9368,0
2021-10-07,178.5,187.0,173.4,178.6,866672.447,1633651199999,156304829.0457,267395,417035.549,75226312.9914,0
2021-10-08,178.6,183.4,174.4,175.9,697493.034,1633737599999,125125424.6659,183091,336487.016,60380115.9322,0
2021-10-09,175.9,182.9,174.4,179.9,445979.888,1633823999999,80065420.2238,119499,232409.089,41754651.8027,0
2021-10-10,179.9,184.0,174.0,174.8,559785.153,1633910399999,100526588.5123,162639,274150.62,49289800.7065,0
2021-10-11,174.8,185.4,172.0,179.1,679614.987,1633996799999,122327312.9136,219432,340301.707,61322879.744,0
2021-10-12,179.2,179.2,166.3,172.6,708173.9,1634083199999,121699473.5302,167807,343734.369,59098188.2303,0
2021-10-13,172.6,179.7,167.6,177.6,657952.562,1634169599999,114214446.173,190801,340985.668,59206157.0731,0
2021-10-14,177.7,186.7,176.9,181.3,746399.181,1634255999999,135168993.4822,234484,360681.698,65320017.5594,0
2021-10-15,181.3,193.0,176.4,189.6,1143344.438,1634342399999,211824402.5954,353728,576150.829,106818983.9495,0
2021-10-16,189.7,192.6,185.0,186.0,576811.605,1634428799999,108844697.3458,151429,287311.269,54238388.7125,0
2021-10-17,186.0,188.1,176.4,183.7,475002.963,1634515199999,87262505.3058,135575,217323.1,39951263.3938,0
2021-10-18,183.8,187.6,178.5,185.6,591931.083,1634601599999,108947835.1919,170031,304525.182,56067379.7819,0
2021-10-19,185.5,191.6,183.1,188.8,598824.688,1634687999999,112333891.5991,190855,299664.812,56242065.0191,0
2021-10-20,188.8,209.4,185.6,207.3,1121684.82,1634774399999,222585184.1791606,393227,578741.757,114743302.7552606,0
2021-10-21,207.4,214.7,195.2,196.8,1129324.235,1634860799999,231341654.3586,365110,539461.835,110607389.9671,0
2021-10-22,196.8,201.5,187.9,191.0,731846.105,1634947199999,143275061.182,214426,332680.794,65185846.7451,0
2021-10-23,191.0,198.0,188.7,196.3,413109.664,1635033599999,80163188.7776,132913,216400.684,42011908.3874,0
2021-10-24,196.3,199.9,185.2,190.4,568204.06,1635119999999,109098359.2349,172179,269886.252,51810796.2533,0
2021-10-25,190.4,197.4,189.6,195.5,435121.822,1635206399999,84716413.2221,127222,201802.985,39296498.0459,0
2021-10-26,195.5,199.4,190.3,197.6,571152.655,1635292799999,111116683.286,210054,275187.024,53585122.5617,0
2021-10-27,197.5,205.0,171.1,179.3,1380721.926,1635379199999,259457762.2993,451015,668475.565,125705134.2078,0
2021-10-28,179.2,194.5,177.6,189.8,722390.735,1635465599999,134606102.6475,228824,370619.855,69093908.6519,0
2021-10-29,189.8,198.7,188.1,196.7,581094.6,1635551999999,112307310.5774,204785,289757.643,56030197.2249,0
2021-10-30,196.7,197.3,186.6,190.2,415371.62,1635638399999,79709873.3519,139763,196515.318,37713483.0285,0
2021-10-31,190.2,195.2,186.7,191.9,514684.875,1635724799999,98184786.2762,158261,253215.817,48327989.5917,0
2021-11-01,191.9,201.2,187.8,197.6,656176.592,1635811199999,127154969.2596,254885,331918.29,64331743.0386,0
2021-11-02,197.6,204.9,195.1,200.9,589454.742,1635897599999,117904274.5188,234997,295356.964,59087847.2665,0
2021-11-03,200.9,209.3,197.4,207.3,839855.941,1635983999999,171071614.8041,350887,424228.362,86464784.6577,0
2021-11-04,207.3,207.3,196.1,202.6,592543.494,1636070399999,119417154.6377,209962,287920.276,58027927.9226,0
2021-11-05,202.6,203.3,196.7,198.9,454701.028,1636156799999,90965420.0931,156790,223032.981,44632610.0344,0
2021-11-06,198.9,201.1,191.0,197.6,420636.051,1636243199999,82377992.1963,150287,209027.532,40939950.134,0
2021-11-07,197.6,202.1,196.9,202.0,351383.08,1636329599999,70064882.6889,119484,171234.195,34148018.8269,0
2021-11-08,202.1,229.7,202.0,229.0,1380080.247,1636415999999,299667456.992,589935,717959.879,155937270.9336,0
2021-11-09,229.0,274.6,226.5,262.0,3256268.81184,1636502399999,830585795.1065484,1299197,1702104.98057,433854215.0651595,0
2021-11-10,262.0,295.7,251.6,260.4,3733558.8607,1636588799999,1027166414.2170992,1471691,1839875.45912,507207866.86527514,0
2021-11-11,260.3,274.2,250.5,262.3,1666490.106,1636675199999,436992713.8862,609450,841653.348,220628812.0053,0
2021-11-12,262.2,282.7,243.7,251.2,2414623.352,1636761599999,636618307.4809,785094,1239286.821,326764257.2311,0
2021-11-13,251.1,264.2,245.2,257.7,1167201.211,1636847999999,295930996.2662,387911,598851.846,151869134.2599,0
2021-11-14,257.7,279.7,248.4,279.3,1358747.997,1636934399999,356511979.1264,498337,667090.176,175079319.1502,0
2021-11-15,279.3,281.5,259.0,263.0,1155933.609,1637020799999,312897146.7494,463687,548848.171,148643374.5723,0
2021-11-16,263.0,263.3,222.5,230.2,2396155.13,1637107199999,575835892.2584,790004,1213042.489,291640174.1569,0
2021-11-17,230.4,235.4,217.6,229.6,1422751.183,1637193599999,324060464.2185,348559,698939.279,159287925.2609,0
2021-11-18,229.6,232.4,199.4,204.2,1689641.574,1637279999999,362559775.049,417681,801177.714,172033410.6287,0
2021-11-19,204.1,221.3,199.5,217.9,1040819.801,1637366399999,219957203.1715,299488,543423.459,114898542.7585,0
2021-11-20,217.9,227.8,212.4,226.8,841347.754,1637452799999,186040012.5484,278042,420362.45,93021836.6361,0
2021-11-21,226.8,230.8,219.6,221.1,698329.313,1637539199999,156766613.2712,206097,341091.899,76592839.3263,0
2021-11-22,221.2,221.7,205.2,209.1,865031.634,1637625599999,184972331.9398,240554,423122.758,90480937.7498,0
2021-11-23,209.1,218.8,205.1,216.2,709895.649,1637711999999,149838005.8464,212316,358058.575,75591994.2836,0
2021-11-24,216.2,217.7,205.9,212.2,586526.86,1637798399999,123647612.4483,189606,283470.245,59787582.6939,0
2021-11-25,212.2,229.8,210.7,222.9,892094.61,1637884799999,197840663.6525,288169,452456.546,100358883.894,0
2021-11-26,223.0,224.9,190.0,195.7,1536691.461,1637971199999,307420496.6228,437470,764712.503,152878573.3139,0
2021-11-27,195.7,201.0,190.6,195.1,524367.982,1638057599999,103233598.0005,156659,261124.334,51423234.8101,0
2021-11-28,195.0,199.9,182.0,199.5,723846.344,1638143999999,137946609.3333,192383,352357.72,67199168.8836,0
2021-11-29,199.5,209.5,194.9,205.5,810923.688,1638230399999,163787693.9557,227226,414546.414,83758685.5573,0
2021-11-30,205.5,219.9,197.4,207.8,1032919.457,1638316799999,215010598.694,322903,512491.951,106749563.8836,0
2021-12-01,207.8,217.8,205.1,208.8,674057.314,1638403199999,142795136.8794,209245,331090.486,70170160.2745,0
2021-12-02,208.7,210.1,199.9,203.5,562121.73,1638489599999,114943226.9878,187258,272556.055,55735817.4193,0
2021-12-03,203.5,208.1,179.3,188.0,825086.4,1638575999999,161401372.4958,260547,392171.551,76817995.165,0
2021-12-04,188.0,189.3,129.3,162.7,2758066.76925,1638662399999,430175287.17576414,577143,1361058.39767,212138440.782151,0
2021-12-05,162.7,165.0,148.0,156.3,1075867.598,1638748799999,168034594.2961,248262,531944.712,83109450.4057,0
2021-12-06,156.3,164.5,141.3,161.3,1097434.113,1638835199999,164472107.1477,249060,562175.943,84250720.6842,0
2021-12-07,161.3,165.8,158.2,161.8,672241.01,1638921599999,108575445.0966,183660,332530.532,53732946.3179,0
2021-12-08,161.8,170.3,155.8,165.1,890527.252,1639007999999,145257241.2209,216193,446305.015,72825058.8523,0
2021-12-09,165.2,167.1,151.1,151.3,648228.982,1639094399999,102345205.1354,169131,308508.746,48721580.4356,0
2021-12-10,151.4,159.8,147.5,148.3,704610.428,1639180799999,107815013.6248,172247,347553.497,53212669.1465,0
2021-12-11,148.4,159.5,145.7,158.0,558649.677,1639267199999,86140097.8902,143677,284750.324,43921098.9846,0
2021-12-12,158.0,162.9,153.2,159.0,382460.669,1639353599999,60315415.8381,109609,195071.895,30779950.9972,0
2021-12-13,158.9,159.9,142.7,144.6,628722.159,1639439999999,94940352.5681,177278,301350.847,45508109.9195,0
2021-12-14,144.6,151.9,142.9,150.4,511641.769,1639526399999,75616666.3361,168947,252115.669,37268113.0883,0
2021-12-15,150.3,155.0,141.7,153.6,611833.278,1639612799999,91447343.3403,190593,305781.1,45740916.7291,0
2021-12-16,153.5,156.7,148.5,148.9,434853.361,1639699199999,66670043.8163,129930,220571.884,33827396.7781,0
2021-12-17,148.9,150.3,141.2,144.1,472455.023,1639785599999,69220576.7976,148515,230107.384,33711608.0612,0
2021-12-18,144.1,150.3,142.8,148.6,300448.219,1639871999999,44331088.4219,97325,154770.309,22838804.5148,0
2021-12-19,148.6,161.1,147.6,153.2,738406.682,1639958399999,114153907.2822,185920,353069.668,54567038.3412,0
2021-12-20,153.2,157.4,145.2,152.6,550918.769,1640044799999,83033544.9229,167266,273521.644,41252889.1142,0
2021-12-21,152.7,156.4,149.1,154.7,375493.205,1640131199999,57592242.2859,116971,192973.872,29599965.4364,0
2021-12-22,154.8,160.2,152.9,155.4,414964.85,1640217599999,64939175.3963,135642,211038.562,33033503.2479,0
2021-12-23,155.4,165.2,153.0,163.6,521673.021,1640303999999,82928184.3903,158956,273433.812,43498366.0896,0
2021-12-24,163.6,166.8,160.1,161.2,410835.441,1640390399999,67167600.745,130945,194415.597,31809021.8325,0
2021-12-25,161.2,163.6,157.3,157.8,456068.094,1640476799999,73267865.9072,107574,205038.773,32983365.7729,0
2021-12-26,157.8,158.4,152.6,155.7,887961.059,1640563199999,137926395.7056,189278,383136.23,59558099.5449,0
2021-12-27,155.8,161.3,154.4,155.9,463944.984,1640649599999,73323596.7208,137691,237577.615,37560962.4937,0
2021-12-28,155.9,156.0,144.5,145.7,679901.014,1640735999999,102064945.0072,176380,324021.375,48607103.5163,0
2021-12-29,145.6,151.0,143.9,145.5,444947.628,1640822399999,65838630.9247,123757,220586.387,32648146.4266,0
2021-12-30,145.5,150.0,142.7,148.0,318121.046,1640908799999,46772529.0142,89290,163691.637,24077217.7387,0
2021-12-31,147.9,152.7,143.7,146.3,344892.41,1640995199999,51199866.6548,109825,168507.458,25032939.0469,0
2022-01-01,146.2,151.0,146.1,150.8,225155.54,1641081599999,33479057.5221,71058,112870.36,16785882.3013,0
2022-01-02,150.8,153.4,147.8,151.2,228350.087,1641167999999,34351559.7419,76697,117184.124,17640676.9671,0
2022-01-03,151.1,151.2,146.0,148.5,291038.873,1641254399999,43407161.3608,98334,141413.638,21099945.0103,0
2022-01-04,148.4,151.7,145.2,146.5,331705.663,1641340799999,49331426.6989,102746,168663.823,25099315.2385,0
2022-01-05,146.5,150.0,129.8,135.4,601964.057,1641427199999,85762767.2411,179121,278373.544,39705583.2235,0
2022-01-06,135.3,138.1,132.4,135.9,531427.357,1641513599999,71938065.6187,131399,259721.72,35169301.1249,0
2022-01-07,135.9,136.5,125.9,131.4,733975.31191,1641599999999,96720732.5891626,188649,355038.884,46794472.0306,0
2022-01-08,131.4,134.8,124.8,129.4,450291.35478,1641686399999,58767538.4008487,120442,222919.476,29106853.1817,0
2022-01-09,129.4,132.6,127.7,130.9,321828.343,1641772799999,41975958.0877,81126,163259.217,21300935.5135,0
2022-01-10,130.8,131.5,120.7,126.5,621002.30603,1641859199999,78374235.1079836,139018,302181.753,38142165.7685,0
2022-01-11,126.6,133.5,125.7,131.6,396300.22,1641945599999,51358756.3249,98375,194124.937,25156940.3209,0
2022-01-12,131.6,142.3,130.8,141.9,387745.567,1642031999999,52843604.3844,114015,200388.984,27331325.0368,0
2022-01-13,142.0,142.4,134.6,136.7,462389.154,1642118399999,63884795.9332,119269,231438.29,31967542.7457,0
2022-01-14,136.7,146.7,135.8,144.7,588107.752,1642204799999,83337246.4487,143988,300073.421,42539804.4804,0
2022-01-15,144.7,150.7,144.0,147.7,461786.036,1642291199999,68234093.5595,126411,230855.336,34130381.6568,0
2022-01-16,147.6,149.0,143.2,146.4,323952.665,1642377599999,47287761.5219,89758,155697.406,22741126.1644,0
2022-01-17,146.4,153.9,144.1,151.2,809014.895,1642463999999,120962062.7796,225768,421752.411,63097346.5605,0
2022-01-18,151.1,153.4,138.6,141.5,605404.359,1642550399999,87107198.8397,161058,279223.477,40177157.4504,0
2022-01-19,141.4,143.0,133.2,136.2,437642.165,1642636799999,59855431.9064,118375,216761.534,29662893.3209,0
2022-01-20,136.2,142.9,128.8,129.7,404805.365,1642723199999,55766928.6231,115355,197678.902,27262069.3754,0
2022-01-21,129.6,131.1,109.8,114.5,1024703.15234,1642809599999,123808200.9253654,240712,481022.06366,58157020.991336,0
2022-01-22,114.5,117.0,96.3,108.4,1345786.1907,1642895999999,144289988.675799,295547,651384.1089,69891276.3913556,0
2022-01-23,108.4,112.8,105.6,112.3,588082.317,1642982399999,63983936.7643,135293,298844.289,32519280.3509,0
2022-01-24,112.3,112.3,97.5,109.5,1098206.519,1643068799999,113950869.2282,209267,554283.686,57553469.2453,0
2022-01-25,109.6,109.9,105.1,107.8,589373.563,1643155199999,63516664.0674,122810,297340.601,32050119.8991,0
2022-01-26,107.9,116.5,104.6,106.9,774954.382,1643241599999,85331363.8692,160638,386101.293,42533746.0076,0
2022-01-27,107.0,110.0,102.8,106.9,563991.766,1643327999999,60013921.5619,114479,279958.796,29795370.8091,0
2022-01-28,106.8,110.0,105.2,109.4,463842.238,1643414399999,49790123.0935,94096,235718.665,25309550.3049,0
2022-01-29,109.5,112.4,107.5,110.8,345775.899,1643500799999,37997380.4202,77714,171829.947,18889880.2077,0
2022-01-30,110.9,112.2,107.0,108.6,276376.291,1643587199999,30340456.354,70578,134212.571,14748466.0488,0
2022-01-31,108.5,111.3,104.3,109.5,447814.467,1643673599999,48109443.4869,95978,234491.159,25213254.5253,0
2022-02-01,109.4,116.9,108.2,115.0,597661.679,1643759999999,66796954.7952,124770,316817.603,35415237.5886,0
2022-02-02,115.1,116.0,107.3,108.3,512026.267,1643846399999,57495574.7136,107790,243050.988,27300315.681,0
2022-02-03,108.3,111.1,105.4,111.0,380748.903,1643932799999,41132466.1185,81522,189344.611,20464007.0761,0
2022-02-04,110.9,121.5,108.7,121.3,649501.138,1644019199999,74351265.4302,143781,340417.321,39025675.7751,0
2022-02-05,121.3,123.8,118.8,121.7,442597.015,1644105599999,53774959.8168,115713,222357.723,27020360.8168,0
2022-02-06,121.8,128.0,120.5,127.6,415141.018,1644191999999,51542305.8607,108071,216396.878,26885257.3724,0
2022-02-07,127.5,139.9,125.0,137.4,694509.795,1644278399999,92105249.6786,185910,351619.36,46592535.2397,0
2022-02-08,137.4,142.9,130.4,133.7,974024.21,1644364799999,132891819.2365,238817,484798.787,66110581.3216,0
2022-02-09,133.6,141.0,132.0,140.1,615072.437,1644451199999,84741693.6644,147776,313097.758,43161767.0884,0
2022-02-10,140.0,143.8,134.0,134.6,722895.221,1644537599999,100340243.7827,188869,354459.858,49274977.4008,0
2022-02-11,134.5,134.8,124.8,125.6,536508.563,1644623999999,70466834.063,129933,248797.22,32691212.8502,0
2022-02-12,125.6,127.6,120.8,126.7,328295.304,1644710399999,40919324.5828,85358,156261.425,19483995.9154,0
2022-02-13,126.7,128.9,123.5,125.6,261891.161,1644796799999,33078037.6212,66008,129008.15,16302100.2742,0
2022-02-14,125.6,127.0,121.4,124.6,311463.001,1644883199999,38694309.5128,80407,153243.352,19049950.8954,0
2022-02-15,124.6,132.6,123.9,131.5,372015.055,1644969599999,48211845.5129,94771,191852.579,24860167.0402,0
2022-02-16,131.6,131.8,125.4,127.7,325088.116,1645055999999,41742888.5302,82753,167128.943,21462506.632,0
2022-02-17,127.8,129.0,114.8,116.3,535445.236,1645142399999,65410011.7566,107541,253195.478,30921662.7332,0
2022-02-18,116.3,123.6,114.1,114.9,686552.347,1645228799999,81135471.4649,131631,350580.026,41456027.0622,0
2022-02-19,114.9,117.2,113.0,115.5,361933.434,1645315199999,41745042.79,71126,183949.785,21222238.4811,0
2022-02-20,115.5,115.8,108.4,110.6,468241.931,1645401599999,51881763.9404,86952,219864.623,24357366.8318,0
2022-02-21,110.6,114.5,102.0,102.8,631230.777,1645487999999,69230266.9777,126976,308969.845,33916574.668,0
2022-02-22,102.7,107.9,100.2,107.4,537388.743,1645574399999,55907200.3844,89509,272398.713,28349922.3406,0
2022-02-23,107.4,111.5,104.9,105.4,432495.97,1645660799999,46926473.0808,81927,214126.176,23254230.0462,0
2022-02-24,105.3,111.0,90.0,104.1,1288797.47718,1645747199999,126673943.9984597,208770,620835.91984,61128747.7058038,0
2022-02-25,104.2,110.7,101.5,109.2,604602.878,1645833599999,63749774.8699,102495,302657.763,31916232.1061,0
2022-02-26,109.2,115.0,106.6,108.2,456598.44,1645919999999,50384457.7545,87279,231371.339,25528995.5632,0
2022-02-27,108.1,110.2,101.1,102.9,417924.626,1646006399999,44260691.3584,85785,206839.254,21931839.3248,0
2022-02-28,102.9,113.9,101.2,113.7,574622.74,1646092799999,61304491.8012,113098,304496.394,32523555.9934,0
2022-03-01,113.7,116.0,109.4,112.5,601477.274,1646179199999,67746418.444,125001,290554.845,32759844.4073,0
2022-03-02,112.5,114.7,109.1,110.3,513465.217,1646265599999,57357362.6786,104563,258806.844,28924945.9065,0
2022-03-03,110.3,113.0,107.9,111.7,638112.361,1646351999999,70741338.9202,110468,286483.885,31761229.9279,0
2022-03-04,111.7,112.7,99.0,101.0,635993.785,1646438399999,67300008.6318,116519,298383.676,31620183.7545,0
2022-03-05,101.0,105.4,99.4,104.9,298763.798,1646524799999,30659201.6284,63042,150630.503,15466908.5189,0
2022-03-06,104.9,106.0,100.6,101.1,312844.282,1646611199999,32298062.1464,74773,155720.239,16083047.5749,0
2022-03-07,101.1,103.9,96.2,98.4,518690.842,1646697599999,51890085.1185,101187,251539.783,25171266.8635,0
2022-03-08,98.3,102.6,97.8,100.7,489539.231,1646783999999,49167183.0775,90845,240880.019,24191734.5189,0
2022-03-09,100.8,109.3,100.4,106.9,548748.759,1646870399999,58288002.1566,106394,277790.928,29529767.4305,0
2022-03-10,106.9,107.1,99.5,102.5,544448.846,1646956799999,55842763.5875,98671,259221.293,26585058.6526,0
2022-03-11,102.6,107.0,99.6,104.6,462322.473,1647043199999,47911162.6248,87955,223321.849,23148603.4774,0
2022-03-12,104.6,108.0,104.5,105.6,273690.902,1647129599999,29034015.0906,58957,134998.709,14325729.8257,0
2022-03-13,105.5,107.4,101.0,101.7,267778.849,1647215999999,28038489.8458,58024,127232.096,13327119.1155,0
2022-03-14,101.7,106.4,100.8,105.6,461259.961,1647302399999,47902773.1175,86211,224363.448,23288374.1779,0
2022-03-15,105.5,108.6,102.4,106.8,455884.752,1647388799999,48097564.7259,79734,227867.65,24060804.1303,0
2022-03-16,106.9,112.2,105.6,111.4,627565.504,1647475199999,68133199.1295,119038,316169.511,34354193.8933,0
2022-03-17,111.3,111.7,108.5,110.2,315598.565,1647561599999,34775865.187,57496,153764.609,16950448.141,0
2022-03-18,110.2,113.0,107.7,111.9,362061.811,1647647999999,39952210.6632,63255,186950.912,20633853.4473,0
2022-03-19,111.8,117.3,111.4,116.8,455077.798,1647734399999,51624315.6948,76056,233853.785,26521413.3791,0
2022-03-20,116.8,118.5,111.3,114.9,456736.029,1647820799999,52366931.9051,86233,229424.047,26314154.5261,0
2022-03-21,114.9,116.8,113.1,116.0,414783.622,1647907199999,47735273.588,75476,211413.386,24343935.7982,0
2022-03-22,116.1,123.7,115.6,122.7,613158.765,1647993599999,73997003.7879,130875,315523.161,38073651.7978,0
2022-03-23,122.7,124.5,118.5,122.4,404116.575,1648079999999,48865241.8013,91626,199003.766,24080143.0527,0
2022-03-24,122.5,127.7,120.0,126.5,494673.517,1648166399999,61177615.6988,112977,255668.949,31637816.6684,0
2022-03-25,126.4,127.3,121.5,123.9,388911.114,1648252799999,48635050.6202,90860,190681.892,23851719.6319,0
2022-03-26,124.0,125.6,121.9,124.8,222339.521,1648339199999,27547807.8954,54400,109122.447,13520647.8856,0
2022-03-27,124.8,129.8,123.2,129.7,360946.115,1648425599999,45525649.2539,87042,187558.298,23667485.3101,0
2022-03-28,129.7,132.6,126.7,127.6,485087.181,1648511999999,63427481.586,115694,243095.457,31801620.5008,0
2022-03-29,127.6,132.0,127.0,130.1,402240.888,1648598399999,52122445.0861,93018,198052.459,25673890.57,0
2022-03-30,130.0,134.1,125.8,131.1,469285.075,1648684799999,61290275.3357,113830,237595.156,31043956.7974,0
2022-03-31,131.1,132.9,121.1,123.8,925439.976,1648771199999,117415876.0708,165734,521048.888,66233633.1848,0
2022-04-01,123.9,126.4,119.1,124.8,459214.201,1648857599999,56578287.7728,96660,225816.847,27843986.8466,0
2022-04-02,124.8,128.3,123.5,124.8,446188.67,1648943999999,56300292.0541,92441,221419.927,27957358.133,0
2022-04-03,124.9,129.5,123.6,128.7,304078.019,1649030399999,38542464.3452,72138,155262.563,19684756.3413,0
2022-04-04,128.8,128.9,121.2,124.8,459946.591,1649116799999,57331197.0139,89264,234462.677,29215089.3347,0
2022-04-05,124.8,127.3,122.5,122.7,266800.707,1649203199999,33319919.9394,59272,131674.318,16450783.4512,0
2022-04-06,122.8,123.2,111.4,111.7,609814.446,1649289599999,71461742.4465,116507,313259.195,36680582.1006,0
2022-04-07,111.6,115.0,110.1,114.1,302722.598,1649375999999,34242742.7388,63737,153205.5,17332915.5963,0
2022-04-08,114.0,115.3,109.6,110.7,361955.502,1649462399999,40979150.2351,73798,173107.829,19612877.1402,0
2022-04-09,110.7,113.0,110.0,112.7,192659.628,1649548799999,21464020.9253,42130,98574.51,10984921.4527,0
2022-04-10,112.7,114.5,110.0,110.3,201089.865,1649635199999,22626041.2357,45274,99323.338,11182394.2099,0
2022-04-11,110.3,110.7,101.8,102.4,440456.851,1649721599999,46593421.7785,82493,211904.737,22413425.7661,0
2022-04-12,102.5,105.8,101.7,104.8,298962.751,1649807999999,31062167.4041,60340,153893.704,15994695.618,0
2022-04-13,104.9,110.8,103.9,110.5,389766.945,1649894399999,42071491.6931,71509,208532.35,22508215.7471,0
2022-04-14,110.6,112.4,105.9,107.3,323593.487,1649980799999,35265161.0566,56538,143731.615,15650111.4341,0
2022-04-15,107.3,112.9,107.0,111.0,303062.025,1650067199999,33513216.8892,57270,156485.373,17307529.3993,0
2022-04-16,111.0,114.9,110.1,114.3,256441.818,1650153599999,28781162.2526,50115,136014.539,15280988.0911,0
2022-04-17,114.3,115.1,108.2,108.8,275657.857,1650239999999,31058754.5692,51536,135480.597,15271695.9914,0
2022-04-18,108.8,111.5,105.2,111.3,433957.577,1650326399999,46807603.8617,68148,221812.1,23943838.7333,0
2022-04-19,111.3,114.2,110.6,113.8,267982.503,1650412799999,30065024.3289,57327,139438.705,15645384.8481,0
2022-04-20,113.8,114.2,110.7,111.9,317572.869,1650499199999,35699408.6602,60619,163551.297,18388854.424,0
2022-04-21,111.9,114.5,105.4,106.8,374445.22,1650585599999,41592571.9631,70993,180169.325,20026714.1692,0
2022-04-22,106.8,108.7,104.7,105.4,307003.595,1650671999999,32866235.4761,55003,157313.541,16844113.3741,0
2022-04-23,105.4,107.2,104.4,105.1,151820.201,1650758399999,16105353.4593,35654,79971.519,8485093.1634,0
2022-04-24,105.2,105.9,103.5,104.6,188484.103,1650844799999,19754621.9896,37022,91835.241,9627968.8686,0
2022-04-25,104.6,104.9,98.3,104.6,464513.108,1650931199999,47191487.1271,77161,226641.717,23037436.1544,0
2022-04-26,104.6,105.4,96.3,98.6,370089.57,1651017599999,37650909.2033,66716,178541.023,18184705.2714,0
2022-04-27,98.6,102.0,97.7,100.5,295862.61,1651103999999,29614413.7469,56245,148499.207,14865376.3938,0
2022-04-28,100.6,105.8,99.7,103.3,543891.391,1651190399999,55551406.2732,81507,269793.365,27571202.6328,0
2022-04-29,103.3,104.5,98.4,100.4,394065.385,1651276799999,39856752.5465,68460,186717.573,18900507.8554,0
2022-04-30,100.3,101.6,93.5,95.8,343937.913,1651363199999,33938296.3876,58217,166004.125,16393294.9643,0
2022-05-01,95.9,100.0,94.4,99.3,295463.925,1651449599999,28780882.3112,53743,145579.774,14185838.7898,0
2022-05-02,99.3,101.9,98.3,100.7,330388.68,1651535999999,33033440.2501,56631,163579.277,16362264.0936,0
2022-05-03,100.7,101.4,97.4,99.4,307980.668,1651622399999,30784594.2034,52421,152552.787,15251498.9073,0
2022-05-04,99.3,107.1,99.0,106.3,475753.421,1651708799999,49031775.2604,85432,247743.808,25530266.0923,0
2022-05-05,106.3,106.9,94.8,96.8,586614.195,1651795199999,58837204.1368,102432,284233.268,28468696.8507,0
2022-05-06,96.8,98.4,92.9,96.7,494007.711,1651881599999,47414482.9426,82469,253552.895,24339728.2764,0
2022-05-07,96.7,97.4,92.6,94.3,298037.215,1651967999999,28514206.6194,49389,148382.72,14196311.8672,0
2022-05-08,94.3,95.8,91.5,93.9,441180.21,1652054399999,41242686.1644,69508,220381.404,20602194.9877,0
2022-05-09,93.8,94.9,75.2,76.2,1075917.38183,1652140799999,90805313.6444129,154330,535689.47644,45107068.62027,0
2022-05-10,76.2,85.0,73.3,80.2,1335840.74274,1652227199999,106955429.216176,171078,669897.183,53623641.0198,0
2022-05-11,80.1,82.8,64.2,66.6,2156656.19047,1652313599999,160599149.8843953,244446,1009867.579,75472384.2096,0
2022-05-12,66.7,69.9,54.4,64.5,2076325.53921,1652399999999,128073010.0872073,260361,1036996.43377,63979481.181854,0
2022-05-13,64.4,73.2,63.2,67.9,1132719.666,1652486399999,78702634.7715,135558,567329.454,39434524.336,0
2022-05-14,67.8,70.3,64.2,68.9,556982.007,1652572799999,37397191.7505,78273,267488.997,17978650.9522,0
2022-05-15,68.8,71.8,65.9,71.6,508046.555,1652659199999,34770176.7869,68165,250342.117,17152261.2565,0
2022-05-16,71.5,71.6,64.9,67.3,577142.751,1652745599999,38763543.749,77970,291060.952,19539413.9128,0
2022-05-17,67.2,73.9,67.1,73.2,639716.3,1652831999999,45399826.3005,87587,326500.566,23176192.1764,0
2022-05-18,73.1,74.4,65.7,66.0,701726.501,1652918399999,48778844.3157,91515,349761.913,24302480.245,0
2022-05-19,65.9,72.7,64.6,72.1,690029.823,1653004799999,47612565.5462,89205,343108.4,23673326.1915,0
2022-05-20,72.1,73.5,66.7,68.6,755303.038,1653091199999,52665391.8079,86663,374801.345,26141413.915,0
2022-05-21,68.6,70.7,67.9,69.8,274675.04,1653177599999,19073308.2698,37804,141293.104,9813694.1267,0
2022-05-22,69.8,72.6,69.4,71.7,290794.185,1653263999999,20705466.6139,39400,148395.757,10565530.5266,0
2022-05-23,71.6,74.0,68.3,69.1,613835.768,1653350399999,43935236.7129,78135,324635.524,23244191.4784,0
2022-05-24,69.0,70.8,67.0,70.2,492877.962,1653436799999,34106232.6075,65839,239506.19,16581946.9706,0
2022-05-25,70.3,71.7,67.9,68.2,414049.811,1653523199999,28692099.7793,50965,199053.038,13787090.1678,0
2022-05-26,68.2,68.9,60.4,63.5,730443.128,1653609599999,46950352.3473,76407,352507.637,22637556.1858,0
2022-05-27,63.4,64.1,60.9,61.6,739704.085,1653695999999,46191185.5631,80053,366112.16,22863080.2505,0
2022-05-28,61.6,64.0,61.3,63.0,336506.622,1653782399999,21113190.1241,38679,167251.698,10496908.2406,0
2022-05-29,63.1,64.4,61.8,63.6,315852.358,1653868799999,19960282.9372,34773,152181.971,9618112.934,0
2022-05-30,63.7,69.8,63.2,69.1,612046.039,1653955199999,40865010.5571,61473,325412.673,21717289.7038,0
2022-05-31,69.1,69.8,66.7,68.4,445048.542,1654041599999,30451799.9475,53475,220546.183,15094722.7721,0
2022-06-01,68.4,70.6,61.7,62.7,634020.203,1654127999999,42132794.6582,70322,293545.992,19541973.8717,0
2022-06-02,62.7,64.8,62.1,64.5,371742.76,1654214399999,23541582.2528,44212,185662.864,11760329.2506,0
2022-06-03,64.4,64.9,61.4,62.6,281679.966,1654300799999,17678930.5995,38236,141467.117,8879261.1642,0
2022-06-04,62.6,64.4,61.3,63.7,187841.045,1654387199999,11791410.554,28043,95196.065,5979367.9897,0
2022-06-05,63.8,63.9,61.7,63.2,194186.313,1654473599999,12227283.6743,27729,97237.588,6120872.9253,0
2022-06-06,63.2,66.7,62.9,64.5,374528.282,1654559999999,24363636.7292,44510,193479.225,12592591.243,0
2022-06-07,64.5,65.5,60.1,63.8,493587.564,1654646399999,30891911.6656,59052,244967.285,15322931.1269,0
2022-06-08,63.9,64.5,61.1,61.3,460948.577,1654732799999,28818270.3946,52011,218576.43,13681166.0617,0
2022-06-09,61.4,62.4,59.2,60.3,295546.594,1654819199999,18052292.2995,40960,142266.363,8690406.2552,0
2022-06-10,60.2,60.4,55.6,56.7,505271.348,1654905599999,29336776.3474,57264,252255.407,14650522.2966,0
2022-06-11,56.6,57.8,51.6,52.2,588679.33839,1654991999999,32101780.9911705,62307,287187.36105,15659681.26153,0
2022-06-12,52.2,52.6,47.3,47.9,751665.40626,1655078399999,37630273.7692817,72751,361250.782,18097773.1709,0
2022-06-13,47.9,48.3,41.0,43.5,1585014.73295,1655164799999,69492583.1850455,150859,776369.00955,34060495.418,0
2022-06-14,43.5,46.5,40.3,46.15,1538135.285,1655251199999,68389720.41595,168405,737180.42,32775734.23164,0
2022-06-15,46.16,50.98,41.66,50.65,2010453.14,1655337599999,90706924.35179,241857,1018032.951,45954268.37817,0
2022-06-16,50.66,51.22,44.02,44.78,1636635.976,1655423999999,76714502.97653,199624,798615.875,37426313.88333,0
2022-06-17,44.8,48.43,44.41,47.6,1207287.632,1655510399999,56300871.00346,155707,610304.567,28457974.93167,0
2022-06-18,47.6,48.4,41.46,47.18,1913775.171,1655596799999,86791488.48097,225479,924926.721,41986585.01316,0
2022-06-19,47.17,56.45,44.91,54.29,2451326.02,1655683199999,122958586.37944,335312,1218831.005,61154184.34178,0
2022-06-20,54.3,54.77,51.31,52.77,1979924.021,1655769599999,104013698.59808,280734,967880.293,50846971.21181,0
2022-06-21,52.76,55.71,51.86,53.52,1381554.785,1655855999999,73862649.34498,194509,678962.121,36300783.03439,0
2022-06-22,53.53,53.55,50.41,52.13,927893.846,1655942399999,48138975.73304,133598,466403.661,24196302.59571,0
2022-06-23,52.15,56.77,51.9,55.74,994973.172,1656028799999,54544530.38474,137295,503755.82,27619805.93258,0
2022-06-24,55.72,57.34,54.4,55.84,730614.764,1656115199999,40862718.05002,104529,358892.476,20076769.32682,0
2022-06-25,55.85,59.76,54.59,58.88,618227.012,1656201599999,35253057.17888,98725,324859.222,18530670.82052,0
2022-06-26,58.89,60.5,56.6,56.61,518719.077,1656287999999,30465277.71815,89424,255398.813,15012555.21695,0
2022-06-27,56.6,58.62,54.82,55.86,397024.694,1656374399999,22527859.72806,70251,200839.81,11397488.1201,0
2022-06-28,55.89,57.0,52.57,52.68,428561.798,1656460799999,23479250.32321,79733,222693.12,12205679.74759,0
2022-06-29,52.71,54.45,51.36,53.68,451898.813,1656547199999,23840747.42029,82127,226505.979,11957746.05014,0
2022-06-30,53.68,54.0,50.15,53.84,505134.988,1656633599999,26122598.20536,92537,262443.483,13581211.16669,0
2022-07-01,53.84,56.28,50.04,51.19,606167.187,1656719999999,31622453.00844,114090,295480.127,15431059.92726,0
2022-07-02,51.21,51.65,49.77,50.55,395349.861,1656806399999,20021258.01033,67673,211521.493,10712341.18512,0
2022-07-03,50.55,52.22,49.11,50.95,319754.383,1656892799999,16103424.41233,62001,164719.948,8301767.78513,0
2022-07-04,50.94,52.43,49.7,52.26,428499.128,1656979199999,21800275.14044,64441,242195.287,12314291.1671,0
2022-07-05,52.24,52.48,47.95,49.7,567147.955,1657065599999,28355698.23961,95986,279162.338,13954638.87719,0
2022-07-06,49.7,51.2,48.96,50.34,369984.007,1657151999999,18515142.03745,64786,191697.571,9596257.12197,0
2022-07-07,50.36,52.64,49.77,52.15,478416.357,1657238399999,24387960.55634,68871,255230.199,13016509.43413,0
2022-07-08,52.17,53.99,50.75,51.35,539059.048,1657324799999,28201267.25365,80903,272014.086,14231688.00579,0
2022-07-09,51.35,54.8,51.33,54.09,369622.829,1657411199999,19445502.96595,57598,200097.656,10521166.82301,0
2022-07-10,54.09,55.07,50.65,52.12,793607.197,1657497599999,42213636.14422,106476,384541.822,20457480.61493,0
2022-07-11,52.12,52.25,48.26,48.71,458088.601,1657583999999,23212879.64453,69902,221198.437,11210165.43488,0
2022-07-12,48.7,49.37,47.28,47.33,466284.497,1657670399999,22544582.82015,66128,230864.918,11165104.63059,0
2022-07-13,47.32,49.73,46.41,49.56,601519.056,1657756799999,28891898.55488,81503,308333.395,14812031.19974,0
2022-07-14,49.54,51.75,47.96,51.32,522186.191,1657843199999,25957558.67544,68358,275556.874,13711459.47031,0
2022-07-15,51.32,52.78,50.61,51.78,544118.253,1657929599999,28064711.07596,79879,277449.676,14311819.8604,0
2022-07-16,51.76,55.56,51.07,55.08,437141.035,1658015999999,23272735.81587,74916,237589.904,12654885.12585,0
2022-07-17,55.07,57.02,54.33,55.76,488379.926,1658102399999,27120519.1573,88065,267140.472,14836007.01027,0
2022-07-18,55.76,59.56,55.23,58.6,704809.589,1658188799999,40596652.37876,122628,368945.776,21262374.18671,0
2022-07-19,58.59,59.63,55.83,57.9,648764.405,1658275199999,37299676.90348,118862,330288.017,18985884.0836,0
2022-07-20,57.9,61.73,56.4,57.2,823588.205,1658361599999,48485663.58355,146845,416164.014,24516290.25506,0
2022-07-21,57.2,58.65,55.15,58.02,495146.27,1658447999999,28110078.90323,94986,243581.412,13828450.80752,0
2022-07-22,58.03,59.18,55.5,56.09,504430.421,1658534399999,29131839.96785,88629,258903.893,14975426.41807,0
2022-07-23,56.09,57.24,54.5,56.32,359887.479,1658620799999,20083777.46006,66205,167497.473,9349669.69634,0
2022-07-24,56.32,59.78,56.32,58.39,353168.581,1658707199999,20557439.17097,73235,187791.819,10933377.84145,0
2022-07-25,58.39,59.02,53.89,54.0,480171.674,1658793599999,26979482.87699,87866,221419.487,12450667.64462,0
2022-07-26,54.0,54.15,51.96,53.88,420584.372,1658879999999,22300685.55101,74710,207871.11,11021950.70383,0
2022-07-27,53.89,59.07,53.01,59.01,536658.831,1658966399999,29923805.94223,101165,284769.186,15919251.02168,0
2022-07-28,59.0,64.29,58.02,63.41,793684.143,1659052799999,48593219.29273,154647,394266.48,24108268.38072,0
2022-07-29,63.4,64.58,59.76,60.65,598391.17,1659139199999,37154296.17192,118978,304629.806,18929437.56043,0
2022-07-30,60.65,64.07,59.91,60.42,571176.572,1659225599999,35347528.34363,118372,278458.748,17238076.00311,0
2022-07-31,60.43,63.02,59.61,59.74,362956.297,1659311999999,22243679.32109,72777,182332.31,11179542.41677,0
2022-08-01,59.74,60.75,58.25,59.44,413407.163,1659398399999,24560699.88812,76503,212166.636,12606487.31043,0
2022-08-02,59.46,59.85,56.63,58.05,499501.827,1659484799999,28977115.78567,93330,243196.781,14105961.7584,0
2022-08-03,58.06,60.13,56.7,57.77,497789.611,1659571199999,29176766.90655,78892,251893.341,14768583.7097,0
2022-08-04,57.76,60.8,57.6,59.65,438458.424,1659657599999,25918578.30216,78969,216804.102,12811742.8548,0
2022-08-05,59.64,62.57,59.61,62.47,487945.255,1659743999999,29937321.05695,90689,252852.802,15513727.03843,0
2022-08-06,62.47,62.58,60.5,60.83,221909.184,1659830399999,13635182.37347,43759,109299.255,6717883.88207,0
2022-08-07,60.82,62.0,59.86,61.1,242432.341,1659916799999,14825110.8957,46004,120384.161,7360481.70806,0
2022-08-08,61.11,64.09,60.8,62.61,403958.239,1660003199999,25392098.8065,74452,193456.205,12156611.86846,0
2022-08-09,62.59,62.86,58.2,59.16,467966.92,1660089599999,28154989.50287,73668,234907.845,14129856.05583,0
2022-08-10,59.15,62.35,57.42,61.59,683606.931,1660175999999,40990420.69852,96496,368222.259,22099801.08017,0
2022-08-11,61.58,63.48,61.48,61.84,451609.23,1660262399999,28176628.51802,72174,228229.726,14236677.77769,0
2022-08-12,61.84,63.08,60.66,62.88,361467.843,1660348799999,22310150.11799,60641,183460.331,11322863.59172,0
2022-08-13,62.88,65.66,62.63,63.8,502527.314,1660435199999,32200663.12557,80793,264214.118,16930703.38997,0
2022-08-14,63.81,65.84,62.37,63.14,453041.878,1660521599999,29140333.29772,88103,214033.066,13770668.98753,0
2022-08-15,63.13,65.32,59.64,60.67,521249.361,1660607999999,32248118.74299,90477,254340.235,15742321.88936,0
2022-08-16,60.66,61.77,59.99,61.33,367330.078,1660694399999,22390015.64855,72392,182386.215,11119634.28275,0
2022-08-17,61.32,64.74,59.67,60.52,718429.134,1660780799999,44632934.853,120875,361774.977,22486975.30231,0
2022-08-18,60.52,61.73,59.33,60.02,422084.3,1660867199999,25613628.63804,67884,202871.325,12323722.11318,0
2022-08-19,60.03,60.19,53.26,53.99,807381.053,1660953599999,45401870.09757,117284,368756.612,20666054.58682,0
2022-08-20,54.01,55.62,52.64,54.1,651478.682,1661039999999,35487573.39381,96991,343113.405,18689314.51033,0
2022-08-21,54.11,56.0,53.8,55.67,377261.077,1661126399999,20686133.63277,62341,192765.903,10571208.1794,0
2022-08-22,55.66,57.45,52.26,57.22,877776.632,1661212799999,48435755.99656,139170,443201.019,24456673.037,0
2022-08-23,57.23,57.75,53.88,57.08,562176.705,1661299199999,31633973.21432,93950,284327.247,16004716.18623,0
2022-08-24,57.1,57.69,55.56,56.46,437641.062,1661385599999,24745613.77301,70762,219629.071,12422034.31744,0
2022-08-25,56.47,57.53,55.82,56.63,379154.499,1661471999999,21497312.45867,68377,197659.723,11209547.45304,0
2022-08-26,56.62,58.31,52.08,52.68,663761.061,1661558399999,36807172.21184,112898,328170.798,18203293.76796,0
2022-08-27,52.69,53.48,51.63,53.01,342396.436,1661644799999,18001370.09093,60232,170739.246,8977895.94934,0
2022-08-28,53.01,56.0,52.47,53.41,571920.844,1661731199999,30963484.90884,88335,275158.765,14897026.5864,0
2022-08-29,53.42,56.7,52.52,55.8,635767.414,1661817599999,34987568.03997,111966,341991.195,18831527.63705,0
2022-08-30,55.78,56.25,51.81,53.01,505556.585,1661903999999,27373055.18768,100359,244543.045,13248769.78861,0
2022-08-31,53.01,55.26,53.01,53.84,441087.366,1661990399999,23955639.60568,88679,226571.659,12309422.57508,0
2022-09-01,53.83,57.82,53.19,57.58,746451.633,1662076799999,41593779.48076,141417,386467.169,21547156.80623,0
2022-09-02,57.59,62.5,56.49,60.99,970963.365,1662163199999,58147610.78099,173510,482496.472,28894758.58644,0
2022-09-03,60.99,62.23,59.53,60.15,604642.95,1662249599999,36767272.91593,117999,300989.659,18301696.08508,0
2022-09-04,60.15,60.99,58.61,60.9,416674.079,1662335999999,24875646.14428,82971,204769.373,12226500.3324,0
2022-09-05,60.9,61.63,59.25,60.39,550152.845,1662422399999,33144292.29587,97627,275318.882,16596372.88421,0
2022-09-06,60.39,62.74,54.0,54.11,893919.423,1662508799999,52329491.06244,166315,429284.769,25154738.35051,0
2022-09-07,54.09,58.29,52.86,57.31,791215.198,1662595199999,43554901.07466,118793,391126.076,21541266.87865,0
2022-09-08,57.31,58.6,56.06,57.96,526585.078,1662681599999,30112850.29672,94249,252722.338,14453009.41703,0
2022-09-09,57.97,61.94,57.7,61.13,640028.177,1662767999999,38740028.71121,121784,315319.0,19073178.43019,0
2022-09-10,61.14,64.69,60.54,63.28,643910.358,1662854399999,40510657.64041,131308,339358.339,21367330.88361,0
2022-09-11,63.28,64.47,61.33,62.16,491835.138,1662940799999,30891157.73634,89331,250567.094,15745219.79457,0
2022-09-12,62.16,63.23,60.08,61.38,492838.604,1663027199999,30322331.10036,102219,237856.346,14638471.73063,0
2022-09-13,61.39,67.48,58.33,59.1,1440002.977,1663113599999,90766822.31519,280867,711755.826,44927861.75547,0
2022-09-14,59.09,61.18,58.13,60.18,753407.479,1663199999999,44848265.28046,122177,381435.781,22705039.09057,0
2022-09-15,60.16,60.83,55.83,56.34,696696.515,1663286399999,40837299.32831,129960,324118.678,19026018.04692,0
2022-09-16,56.35,56.97,54.61,55.95,469333.524,1663372799999,26127651.01759,91697,232912.19,12973569.72328,0
2022-09-17,55.93,58.44,55.81,57.83,314150.499,1663459199999,17927875.18908,61119,155913.555,8899105.29264,0
2022-09-18,57.84,57.85,52.22,52.63,524264.696,1663545599999,28856238.71952,90399,238936.564,13197435.07378,0
2022-09-19,52.64,53.74,50.01,52.91,1189979.555,1663631999999,61397224.76723,142877,647670.77,33406478.95893,0
2022-09-20,52.89,53.85,50.86,52.3,740261.769,1663718399999,38632164.10796,111434,343679.188,17945429.69585,0
2022-09-21,52.32,55.52,50.23,51.09,948476.557,1663804799999,50052403.29521,155096,440641.077,23289274.03135,0
2022-09-22,51.09,54.09,50.62,53.57,615045.097,1663891199999,32429645.86798,92850,265509.684,14001146.37898,0
2022-09-23,53.58,55.34,51.4,55.22,628774.838,1663977599999,33580742.80596,121354,284682.851,15215229.46389,0
2022-09-24,55.23,55.96,53.18,53.43,477670.635,1664063999999,26207341.09239,87032,215227.659,11817075.57185,0
2022-09-25,53.43,54.41,52.22,52.53,388583.254,1664150399999,20814276.09859,72305,170477.327,9136917.36488,0
2022-09-26,52.53,53.73,51.87,53.44,462703.227,1664236799999,24480626.4128,88567,213358.63,11290310.04973,0
2022-09-27,53.44,55.66,51.8,52.65,594149.312,1664323199999,32145284.26958,104843,278728.55,15100092.90312,0
2022-09-28,52.65,53.83,51.0,53.29,486979.887,1664409599999,25619554.12634,81299,221270.136,11646323.11388,0
2022-09-29,53.29,54.16,52.24,53.96,415487.402,1664495999999,22167911.86002,73792,194666.181,10391991.75336,0
2022-09-30,53.97,55.1,52.86,53.48,417555.874,1664582399999,22495933.39666,77007,191855.061,10339890.16632,0
2022-10-01,53.49,53.83,52.44,52.92,227981.29,1664668799999,12117062.24449,42062,110613.568,5879337.36855,0
2022-10-02,52.91,53.46,51.67,51.82,245935.517,1664755199999,12948675.75777,46888,116326.633,6126743.98164,0
2022-10-03,51.82,54.34,51.5,54.17,377561.929,1664841599999,20068797.70362,63929,192472.754,10241395.10845,0
2022-10-04,54.16,55.73,53.88,55.28,379502.091,1664927999999,20777199.36465,67882,179905.33,9851896.57649,0
2022-10-05,55.28,55.3,53.3,54.63,340455.979,1665014399999,18501751.91346,61158,163072.665,8863884.47632,0
2022-10-06,54.62,55.05,53.34,53.53,389720.238,1665100799999,21184168.46566,59235,167202.177,9092497.95574,0
2022-10-07,53.53,53.85,52.27,52.83,353877.822,1665187199999,18777932.34219,61259,160134.909,8499970.34352,0
2022-10-08,52.84,53.55,52.38,52.79,244809.681,1665273599999,12993143.75171,43450,113742.731,6038657.10178,0
2022-10-09,52.79,53.99,52.69,53.9,197759.856,1665359999999,10572903.41459,40369,89848.161,4803890.03675,0
2022-10-10,53.89,54.46,52.5,52.63,393032.725,1665446399999,21037333.44591,66449,174503.637,9340712.30659,0
2022-10-11,52.64,52.64,51.27,52.03,325528.77,1665532799999,16895144.05641,61044,152565.931,7919588.39923,0
2022-10-12,52.02,52.98,51.6,52.23,355312.415,1665619199999,18570604.5566,61223,172978.409,9042781.33339,0
2022-10-13,52.22,52.5,48.32,51.1,598879.562,1665705599999,30158953.4841,103526,274797.63,13826666.53717,0
2022-10-14,51.09,52.57,50.9,51.31,320840.529,1665791999999,16601632.27741,60191,145957.773,7551819.36965,0
2022-10-15,51.3,51.67,50.26,50.39,230281.317,1665878399999,11783736.31315,42816,115646.846,5919330.86433,0
2022-10-16,50.39,51.81,50.26,51.43,231209.546,1665964799999,11782623.50401,43226,104920.808,5347539.64348,0
2022-10-17,51.43,52.16,51.05,51.82,219445.145,1666051199999,11322493.59096,42683,101132.03,5218782.30743,0
2022-10-18,51.85,52.2,50.75,51.86,267297.77,1666137599999,13804589.74951,51349,124901.12,6455005.26228,0
2022-10-19,51.86,52.02,50.76,50.94,232758.435,1666223999999,11963739.08882,44794,98604.261,5070360.08472,0
2022-10-20,50.94,52.1,50.56,51.22,271491.392,1666310399999,13955073.83601,48749,127066.835,6540420.43611,0
2022-10-21,51.22,51.81,49.54,51.63,305760.951,1666396799999,15579404.56313,54010,150858.666,7690002.47341,0
2022-10-22,51.64,52.48,51.37,52.18,187151.435,1666483199999,9731702.8815,36038,87269.535,4538281.28855,0
2022-10-23,52.18,54.05,51.82,54.03,251178.625,1666569599999,13251565.37262,46249,117661.903,6215045.88835,0
2022-10-24,54.04,54.2,52.11,52.54,349594.941,1666655999999,18548388.45521,55294,151796.514,8049287.97574,0
2022-10-25,52.54,56.8,52.28,55.92,560410.004,1666742399999,30524081.20292,84801,269147.688,14654437.42699,0
2022-10-26,55.92,57.62,55.66,56.39,516629.568,1666828799999,29225133.81142,86633,247318.395,13993766.17979,0
2022-10-27,56.38,56.69,54.5,54.75,429463.431,1666915199999,23965971.53197,74936,203054.241,11337214.8382,0
2022-10-28,54.75,55.56,53.5,54.92,434316.144,1667001599999,23729128.40408,70362,200572.854,10959484.42026,0
2022-10-29,54.92,57.61,54.64,56.6,551803.761,1667087999999,30951671.10746,89417,270505.606,15176331.71786,0
2022-10-30,56.59,57.5,54.72,55.35,375670.757,1667174399999,21075103.02663,73708,177410.223,9952030.46084,0
2022-10-31,55.36,56.42,54.0,55.01,474531.793,1667260799999,26156590.80902,80149,226914.757,12516984.01678,0
2022-11-01,55.02,55.93,54.5,55.1,350582.944,1667347199999,19343322.10121,62519,178604.184,9859625.23784,0
2022-11-02,55.1,62.94,54.7,60.95,2104437.286,1667433599999,125864033.92167,348428,979097.108,58678142.51803,0
2022-11-03,60.95,64.74,60.1,61.84,1374836.407,1667519999999,85826851.70229,230290,667913.083,41676054.68954,0
2022-11-04,61.84,70.47,61.66,67.58,1439948.154,1667606399999,95352396.66474,260829,729335.425,48288950.7445,0
2022-11-05,67.59,71.92,67.11,69.23,1110640.601,1667692799999,76974841.23305,212636,551624.173,38262336.79231,0
2022-11-06,69.26,71.08,67.53,68.26,805404.064,1667779199999,55732283.77114,139978,388054.324,26875578.65245,0
2022-11-07,68.26,73.36,66.21,67.42,1392881.038,1667865599999,97553176.5658,264047,715491.606,50109846.16489,0
2022-11-08,67.42,68.88,54.04,57.82,2190119.395,1667951999999,136790759.40356,394191,1054581.059,65732385.48101,0
2022-11-09,57.79,59.79,47.6,50.68,2103687.619,1668038399999,116485851.92216,374504,999112.005,55390962.46262,0
2022-11-10,50.69,61.33,49.57,60.56,2070234.582,1668124799999,116761704.96302,378559,1039507.384,58654947.57383,0
2022-11-11,60.56,64.42,58.51,61.49,1920110.08,1668211199999,118115179.05046,397868,954782.874,58785599.24999,0
2022-11-12,61.47,61.75,58.14,59.94,768579.231,1668297599999,46082912.60741,157930,395107.731,23691770.20728,0
2022-11-13,59.96,60.35,56.23,57.37,585950.814,1668383999999,34033655.9706,127386,283531.567,16465296.82905,0
2022-11-14,57.37,59.31,53.24,56.7,1455419.171,1668470399999,82185719.11058,262578,731676.428,41439822.31286,0
2022-11-15,56.7,59.54,56.48,58.01,785891.462,1668556799999,45705108.59897,149537,399412.716,23224459.20703,0
2022-11-16,58.0,60.19,56.72,57.49,708710.343,1668643199999,41244956.97154,122411,348959.172,20314250.23122,0
2022-11-17,57.49,63.34,57.01,62.59,1125276.943,1668729599999,67453513.35738,204123,578331.838,34673950.19823,0
2022-11-18,62.59,64.0,61.58,62.62,820500.727,1668815999999,51452758.05586,149341,409490.992,25679252.55128,0
2022-11-19,62.63,64.61,61.33,63.98,585835.654,1668902399999,37005933.74984,113779,289985.738,18324841.25128,0
2022-11-20,63.98,64.86,60.37,62.12,738121.307,1668988799999,46027037.98962,140289,367232.23,22885196.86994,0
2022-11-21,62.12,63.91,59.25,61.31,1219683.801,1669075199999,74706968.95695,245028,601081.115,36843031.73427,0
2022-11-22,61.34,71.32,61.07,70.66,2212093.045,1669161599999,147647329.05305,391299,1161784.352,77510012.9434,0
2022-11-23,70.65,83.66,69.61,79.02,3062621.766,1669247999999,239395906.97567,670619,1550029.408,121255290.00602,0
2022-11-24,79.01,79.52,75.11,78.66,1698054.062,1669334399999,131745920.20286,357887,839935.947,65226639.1766,0
2022-11-25,78.68,79.9,73.13,74.1,1546973.408,1669420799999,117160282.05969,300419,719915.68,54550994.34848,0
2022-11-26,74.1,79.65,73.89,76.47,1274051.02,1669507199999,97978807.04717,245820,641616.749,49344077.80417,0
2022-11-27,76.48,79.32,74.15,74.92,994997.591,1669593599999,76520279.26534,198235,469692.22,36135628.05901,0
2022-11-28,74.92,75.34,70.53,73.97,1474228.831,1669679999999,107099579.65837,288065,691105.978,50184854.23901,0
2022-11-29,73.96,77.98,73.4,75.8,1214848.559,1669766399999,92539919.10222,242197,588986.854,44876453.98281,0
2022-11-30,75.81,80.88,75.42,79.16,1108600.292,1669852799999,86824139.27326,223902,512880.664,40185723.78329,0
2022-12-01,79.15,80.66,76.27,77.57,968244.356,1669939199999,75078194.9218,192022,457557.26,35496415.40821,0
2022-12-02,77.57,78.09,75.34,77.94,582041.35,1670025599999,44535496.33869,116810,283582.82,21700331.04489,0
2022-12-03,77.93,78.13,75.44,76.47,432581.631,1670111999999,33184179.42764,83212,214576.199,16462259.99097,0
2022-12-04,76.44,77.51,75.79,77.07,390998.288,1670198399999,29941348.3907,79156,190693.429,14608093.60585,0
2022-12-05,77.07,85.0,76.82,80.19,1698312.839,1670284799999,138967234.88258,311756,843245.391,69007286.09063,0
2022-12-06,80.19,81.77,77.67,79.88,802781.092,1670371199999,63974100.72864,160764,409829.044,32655588.57223,0
2022-12-07,79.9,80.4,75.5,76.89,864677.814,1670457599999,66937673.33037,168406,395784.851,30662842.7213,0
2022-12-08,76.9,78.75,74.5,78.27,911785.771,1670543999999,69325421.15784,168785,429376.222,32687022.84552,0
2022-12-09,78.26,78.85,75.84,76.31,621921.168,1670630399999,48170407.45153,138918,284205.244,22019654.20605,0
2022-12-10,76.31,77.46,75.64,76.36,301184.283,1670716799999,23040682.95376,66263,154605.036,11827570.97756,0
2022-12-11,76.36,78.42,76.28,76.5,348230.246,1670803199999,26945682.59966,71753,183076.696,14171823.39958,0
2022-12-12,76.51,76.71,73.49,76.23,656093.652,1670889599999,49149470.1673,132644,327774.269,24563424.22202,0
2022-12-13,76.22,79.84,73.96,77.39,1018153.938,1670975999999,78425946.99692,178035,500833.627,38593049.44201,0
2022-12-14,77.4,79.11,74.2,75.3,911912.129,1671062399999,70476912.24804,155344,440506.927,34038005.51155,0
2022-12-15,75.29,75.47,71.7,72.42,598856.974,1671148799999,44307204.1275,112407,276057.414,20436000.95252,0
2022-12-16,72.43,73.56,65.0,66.25,1160661.942,1671235199999,79989922.68757,211507,553128.051,38123399.91951,0
2022-12-17,66.24,67.7,62.51,64.89,1344619.107,1671321599999,87139779.83289,218779,647675.388,41974717.09437,0
2022-12-18,64.89,65.96,63.03,64.37,639108.584,1671407999999,41159074.26006,112020,296767.434,19116192.80858,0
2022-12-19,64.39,65.02,61.04,63.37,866072.922,1671494399999,54533366.64635,148472,382451.32,24086312.47264,0
2022-12-20,63.36,66.35,63.08,65.55,850764.015,1671580799999,55306034.40385,134341,417705.878,27151576.15996,0
2022-12-21,65.56,66.84,64.61,65.4,573283.433,1671667199999,37620986.70303,108182,263950.501,17323533.01866,0
2022-12-22,65.4,66.7,64.24,66.21,505782.811,1671753599999,33144792.66329,92641,237328.355,15559921.45312,0
2022-12-23,66.21,66.72,64.91,65.75,387146.613,1671839999999,25491817.35804,78038,184970.656,12182785.79764,0
2022-12-24,65.75,66.05,65.06,65.76,218820.376,1671926399999,14353903.70536,48053,106932.636,7016640.95861,0
2022-12-25,65.77,69.72,65.3,69.15,563485.616,1672012799999,37959432.03772,96070,291180.305,19610773.34778,0
2022-12-26,69.15,71.83,68.58,70.78,724746.003,1672099199999,50669109.87661,130049,354005.411,24751388.19174,0
2022-12-27,70.77,71.14,67.77,68.67,688534.199,1672185599999,47966765.82708,121144,309027.144,21543870.23921,0
2022-12-28,68.68,69.48,65.69,66.32,693169.686,1672271999999,46844615.70904,138152,325901.73,22031680.46939,0
2022-12-29,66.32,67.3,65.57,66.66,498307.656,1672358399999,33115669.5203,103768,230927.881,15350328.40541,0
2022-12-30,66.66,68.72,66.04,67.94,476504.755,1672444799999,32039487.78496,89092,238929.043,16069524.77141,0
2022-12-31,67.94,71.12,67.62,70.14,563994.497,1672531199999,39258671.39328,84663,299969.423,20887953.85207,0
2023-01-01,70.14,71.55,68.91,70.91,497824.424,1672617599999,34983776.58672,74736,239887.894,16864060.4242,0
2023-01-02,70.92,77.96,70.0,74.74,1056995.281,1672703999999,78667160.09725,170663,521898.051,38836867.09164,0
2023-01-03,74.75,76.52,73.62,75.57,725798.101,1672790399999,54611772.6072,117530,344967.221,25968996.62443,0
2023-01-04,75.57,77.99,74.32,75.46,773197.793,1672876799999,58937795.0531,130545,371277.355,28308161.10734,0
2023-01-05,75.46,76.27,73.53,74.25,562086.168,1672963199999,42067341.26815,99765,264903.47,19827882.18441,0
2023-01-06,74.25,76.58,72.42,75.91,797819.975,1673049599999,59370879.08393,128339,383615.442,28565908.48567,0
2023-01-07,75.91,76.87,75.47,76.4,388687.641,1673135999999,29573435.91014,69364,199675.486,15197709.02947,0
2023-01-08,76.4,78.98,75.08,78.68,626879.182,1673222399999,47850440.77735,102902,332329.209,25382888.79677,0
2023-01-09,78.67,83.61,78.09,81.62,1179300.917,1673308799999,96491268.5137,217855,582309.716,47640112.42217,0
2023-01-10,81.61,82.85,79.43,80.83,847925.336,1673395199999,68674215.86966,130174,422436.115,34206117.04567,0
2023-01-11,80.82,85.0,79.88,84.08,968676.069,1673481599999,79560173.96492,175538,487744.258,40070346.72416,0
2023-01-12,84.08,87.7,81.0,86.09,1427276.097,1673567999999,120293965.42186,234450,728599.249,61411588.12476,0
2023-01-13,86.09,87.99,83.59,86.23,891288.557,1673654399999,75836980.75917,153883,418225.325,35592056.55964,0
2023-01-14,86.24,91.23,85.92,87.84,1747194.881,1673740799999,154773180.37751,280468,872388.772,77299569.25518,0
2023-01-15,87.84,88.68,85.21,87.37,586627.267,1673827199999,51210293.02148,111704,279512.364,24405979.98006,0
2023-01-16,87.37,89.16,83.91,85.91,750074.107,1673913599999,64984437.3065,141226,362184.809,31380808.25849,0
2023-01-17,85.94,89.39,84.52,87.02,740669.448,1673999999999,64431503.43624,143567,393706.44,34258753.16142,0
2023-01-18,87.04,88.4,82.11,82.62,935842.004,1674086399999,79807617.65099,172452,454663.462,38803626.49409,0
2023-01-19,82.62,84.57,81.67,84.21,484324.341,1674172799999,40295366.90736,86036,255179.431,21237460.95917,0
2023-01-20,84.21,91.42,83.0,90.28,757424.447,1674259199999,65574265.86042,135032,414342.646,35934572.17749,0
2023-01-21,90.28,92.1,87.57,87.91,720620.997,1674345599999,64631083.77805,146942,349969.59,31414932.36678,0
2023-01-22,87.91,90.05,86.07,87.58,501770.041,1674431999999,44425780.71087,99678,256242.59,22696261.32966,0
2023-01-23,87.58,93.2,87.51,89.9,691207.974,1674518399999,62240476.92082,141380,345426.843,31113139.36987,0
2023-01-24,89.91,91.45,86.0,87.19,499687.344,1674604799999,44734088.90968,107380,240114.418,21514401.02615,0
2023-01-25,87.19,91.93,85.53,89.38,529309.147,1674691199999,46674258.3448,122791,270376.122,23855052.22423,0
2023-01-26,89.38,89.96,86.82,87.52,475990.334,1674777599999,42117087.04878,100738,229045.126,20263851.19645,0
2023-01-27,87.51,89.23,85.81,88.89,418850.126,1674863999999,36688506.76887,88614,207091.204,18141352.65454,0
2023-01-28,88.89,89.96,86.96,89.67,392046.681,1674950399999,34685140.36905,76306,201413.978,17834513.88061,0
2023-01-29,89.66,97.77,89.65,94.84,1268331.01,1675036799999,120180570.76234,228762,655027.166,61998466.58431,0
2023-01-30,94.86,96.06,88.3,91.37,987138.227,1675123199999,91357814.49006,192812,473741.488,43850043.7289,0
2023-01-31,91.36,96.28,91.31,94.09,1045907.002,1675209599999,98652688.55655,207926,546874.523,51565343.66762,0
2023-02-01,94.09,102.53,93.73,100.33,1324424.131,1675295999999,128437281.94675,285177,718617.269,69722529.33204,0
2023-02-02,100.32,102.34,97.92,98.64,730534.055,1675382399999,73204584.65212,153947,352264.43,35315090.28698,0
2023-02-03,98.64,100.76,97.48,99.86,568938.087,1675468799999,56316609.2404,121313,274062.693,27135940.65284,0
2023-02-04,99.86,101.36,98.23,98.51,357081.561,1675555199999,35530515.18392,85103,171189.511,17039515.43394,0
2023-02-05,98.51,98.89,94.86,96.63,417682.275,1675641599999,40576721.44145,98353,192781.028,18742356.41643,0
2023-02-06,96.65,97.96,94.81,95.93,371415.943,1675727999999,35868172.98247,95856,191558.845,18503425.53662,0
2023-02-07,95.92,101.58,95.89,100.86,672704.474,1675814399999,66739989.81215,143088,329997.607,32739930.3207,0
2023-02-08,100.85,102.41,96.86,99.22,559839.764,1675900799999,56023244.88391,116398,273327.443,27341397.56501,0
2023-02-09,99.2,99.49,89.78,92.05,930317.558,1675987199999,88021370.47002,178579,436900.006,41351811.41938,0
2023-02-10,92.06,94.17,90.99,93.34,641293.685,1676073599999,59268455.39955,136442,336729.591,31132974.54946,0
2023-02-11,93.32,94.83,92.63,94.28,359543.176,1676159999999,33704893.183,92056,171799.035,16105563.42987,0
2023-02-12,94.29,94.57,90.88,92.51,306598.202,1676246399999,28592092.59301,92068,144972.037,13525244.59469,0
2023-02-13,92.5,95.0,88.16,91.05,740201.598,1676332799999,67411715.62268,185514,402109.953,36625114.41022,0
2023-02-14,91.05,95.96,90.32,95.82,622092.631,1676419199999,58137805.04963,134537,312432.754,29203128.08663,0
2023-02-15,95.82,103.28,95.04,102.82,764436.261,1676505599999,75152233.52555,174466,406463.947,39926317.45086,0
2023-02-16,102.83,105.71,98.48,98.55,687509.194,1676591999999,70074736.82209,183319,356256.335,36323216.60975,0
2023-02-17,98.56,101.7,98.19,100.12,569585.278,1676678399999,56871701.90478,138844,282820.821,28245432.24042,0
2023-02-18,100.12,101.94,98.93,99.71,434788.196,1676764799999,43608817.37947,95328,201400.604,20207511.00661,0
2023-02-19,99.71,101.5,96.72,97.43,433963.156,1676851199999,43055844.61768,105754,203775.363,20224372.52059,0
2023-02-20,97.43,98.72,94.39,95.9,935281.523,1676937599999,90566542.68504,196259,372349.028,36057442.23553,0
2023-02-21,95.9,96.81,91.42,93.8,739676.014,1677023999999,69609024.07196,147891,353921.052,33314664.40273,0
2023-02-22,93.81,95.56,91.57,95.28,693131.993,1677110399999,65190388.41716,151773,345788.505,32525980.57378,0
2023-02-23,95.26,96.28,93.31,94.59,474230.846,1677196799999,44999136.0659,107405,230757.173,21897895.86397,0
2023-02-24,94.6,95.28,90.0,91.55,501375.88,1677283199999,46365569.64527,117921,231047.438,21400316.82852,0
2023-02-25,91.56,93.51,90.34,93.15,426347.651,1677369599999,39139444.45961,104493,219105.43,20115763.94682,0
2023-02-26,93.14,95.54,92.77,95.27,343656.079,1677455999999,32353597.36215,85811,175252.393,16504149.61435,0
2023-02-27,95.26,96.09,92.4,94.07,390505.03,1677542399999,36874109.12104,92018,185442.998,17515439.78802,0
2023-02-28,94.07,96.02,93.02,93.8,380334.634,1677628799999,35920634.83761,87961,194509.018,18373768.8133,0
2023-03-01,93.79,98.37,93.56,97.78,578624.04,1677715199999,56044405.1997,123741,310759.013,30096755.1544,0
2023-03-02,97.77,98.33,93.89,95.39,531837.148,1677801599999,50971274.63378,94017,270054.869,25891886.28034,0
2023-03-03,95.39,95.52,85.3,90.56,932908.772,1677887999999,83331577.54116,180779,421471.744,37638239.08684,0
2023-03-04,90.56,90.85,87.4,89.34,347999.151,1677974399999,31120476.32455,78222,167864.454,15008327.41757,0
2023-03-05,89.34,91.78,89.18,89.93,358378.991,1678060799999,32483423.88116,81906,175910.999,15941806.84481,0
2023-03-06,89.93,90.63,86.4,87.36,628899.913,1678147199999,55427481.44233,118369,297938.178,26267537.43051,0
2023-03-07,87.35,88.95,84.0,86.29,642884.79,1678233599999,55523394.99337,143197,307572.592,26575808.06321,0
2023-03-08,86.3,86.71,81.3,82.76,625642.83,1678319999999,52617033.63605,131537,301607.883,25378464.60427,0
2023-03-09,82.75,84.96,75.0,76.68,1098081.742,1678406399999,87650493.39311,217957,484859.902,38834978.43276,0
2023-03-10,76.69,76.85,67.97,71.37,1958666.309,1678492799999,140414084.99189,360472,931793.816,66718588.01531,0
2023-03-11,71.39,73.83,65.0,69.21,1897147.773,1678579199999,130337698.03206,338547,919740.251,63135006.97708,0
2023-03-12,69.21,76.42,67.39,76.26,1393380.049,1678665599999,97923475.125,241392,681118.84,47886216.14453,0
2023-03-13,76.25,83.19,74.0,81.46,1843523.521,1678751999999,144927403.88863,359360,962102.168,75613434.13251,0
2023-03-14,81.45,88.24,79.17,83.94,1368971.071,1678838399999,114954635.80917,282248,702744.087,59065546.56673,0
2023-03-15,83.92,85.44,75.0,76.43,1324587.202,1678924799999,105921837.58411,297614,605786.947,48555783.48488,0
2023-03-16,76.43,79.87,75.58,78.86,792504.712,1679011199999,62038247.7416,187977,379647.096,29712135.82326,0
2023-03-17,78.85,85.57,78.16,85.51,935169.321,1679097599999,77076815.35155,205505,469225.509,38672648.72607,0
2023-03-18,85.51,87.92,81.88,83.02,990444.094,1679183999999,84864126.11204,206783,479137.662,41067073.46365,0
2023-03-19,83.01,86.39,82.11,83.98,612655.582,1679270399999,51632290.94863,139615,312150.228,26310940.03696,0
2023-03-20,83.99,84.3,77.72,78.05,943193.308,1679356799999,76966171.58554,209061,455673.662,37198141.79938,0
2023-03-21,78.04,83.48,76.71,82.48,906639.731,1679443199999,73116475.41539,187072,460688.139,37177129.83057,0
2023-03-22,82.48,88.31,79.0,87.27,1760098.981,1679529599999,145873400.72163,394369,878170.928,72846236.90581,0
2023-03-23,87.25,94.54,85.58,93.61,1868065.227,1679615999999,168804310.48897,368532,955181.625,86309666.37708,0
2023-03-24,93.61,95.98,89.07,93.58,1325987.089,1679702399999,122680941.68945,268715,652621.299,60450507.21296,0
2023-03-25,93.58,94.31,90.01,91.5,684739.493,1679788799999,63230111.95689,156014,339970.736,31386488.72976,0
2023-03-26,91.49,94.81,90.54,93.32,588285.448,1679875199999,54896396.14174,128306,295417.848,27564152.5017,0
2023-03-27,93.32,94.1,87.66,89.23,764069.755,1679961599999,69048316.60065,187433,358377.713,32404190.31446,0
2023-03-28,89.24,89.59,85.56,89.13,881860.674,1680047999999,76831526.97625,189080,404229.801,35229157.235,0
2023-03-29,89.13,93.0,88.93,91.31,708985.063,1680134399999,64736574.13921,149870,347909.108,31772612.19123,0
2023-03-30,91.31,93.34,86.66,89.06,751300.11,1680220799999,67463200.28549,182463,342463.588,30771790.26624,0
2023-03-31,89.06,90.27,87.23,89.57,489786.451,1680307199999,43630688.75647,113308,238562.393,21252200.3956,0
2023-04-01,89.56,94.32,89.34,92.57,687331.248,1680393599999,63779147.85425,163856,341719.515,31719993.11291,0
2023-04-02,92.57,94.58,90.36,92.77,641228.631,1680479999999,59580821.73877,152824,312887.991,29088509.46554,0
2023-04-03,92.77,95.9,89.51,92.97,909253.989,1680566399999,84054306.47298,224375,459988.917,42561980.49833,0
2023-04-04,92.97,94.12,91.57,92.58,505371.32,1680652799999,46914251.08333,129482,246010.541,22843984.88585,0
2023-04-05,92.57,95.05,91.11,92.64,690226.2,1680739199999,64439443.89972,150835,310234.561,28992109.33147,0
2023-04-06,92.63,92.65,89.82,90.97,385392.357,1680825599999,35163280.68266,104166,172581.335,15755026.15415,0
2023-04-07,90.97,91.48,89.03,90.6,301548.406,1680911999999,27226149.26583,86862,141293.641,12758279.94457,0
2023-04-08,90.6,91.44,89.24,89.91,199093.068,1680998399999,17997469.63238,64741,93402.364,8444874.92063,0
2023-04-09,89.91,91.03,89.13,90.58,253822.749,1681084799999,22870804.77552,71851,129811.83,11696991.03598,0
2023-04-10,90.56,94.47,89.84,93.78,522079.986,1681171199999,48123183.04686,120291,267713.748,24695280.46896,0
2023-04-11,93.78,97.0,93.15,94.22,759225.859,1681257599999,72247222.54666,160036,377801.467,35952119.05718,0
2023-04-12,94.22,94.66,90.87,92.06,713535.198,1681343999999,65699122.07928,152772,329631.348,30361291.10164,0
2023-04-13,92.07,94.54,91.66,94.17,607464.042,1681430399999,56921058.5361,110498,315532.6,29566771.74278,0
2023-04-14,94.18,99.27,93.66,96.33,1044641.036,1681516799999,100928750.68937,197030,490215.487,47347758.53957,0
2023-04-15,96.31,97.32,94.71,96.68,343222.287,1681603199999,32983996.9542,82845,163497.896,15713845.37996,0
2023-04-16,96.69,102.18,95.1,100.01,902441.243,1681689599999,89438277.03401,188285,424310.418,42068456.61578,0
2023-04-17,100.0,100.3,97.32,98.84,692952.157,1681775999999,68450947.53389,138532,335786.585,33175101.41901,0
2023-04-18,98.88,103.44,97.6,101.95,817576.045,1681862399999,82975542.30109,172976,402879.765,40881581.49943,0
2023-04-19,101.93,101.93,87.0,90.47,1258566.956,1681948799999,119543818.25875,271165,622858.526,59118489.51322,0
2023-04-20,90.46,92.4,87.08,90.22,923591.763,1682035199999,83156604.63114,206219,446291.086,40201825.30371,0
2023-04-21,90.22,90.89,84.2,85.32,811762.122,1682121599999,71630177.63482,174554,369039.068,32597380.88281,0
2023-04-22,85.32,87.15,84.75,87.0,413059.798,1682207999999,35568420.52853,100830,216246.181,18619506.39901,0
2023-04-23,87.0,87.09,84.11,86.75,395182.074,1682294399999,34038304.30605,99432,181196.077,15608746.41093,0
2023-04-24,86.74,89.03,85.86,88.31,651422.316,1682380799999,57038650.62963,136167,310427.879,27183645.56648,0
2023-04-25,88.32,91.77,87.18,91.03,767570.935,1682467199999,68671079.44959,159522,374804.12,33541734.24452,0
2023-04-26,91.03,93.96,84.21,88.13,985517.498,1682553599999,88783082.53106,229638,467369.642,42151250.15836,0
2023-04-27,88.14,90.64,87.26,89.73,669510.161,1682639999999,59639460.06927,149332,327356.496,29169432.06127,0
2023-04-28,89.73,90.36,87.66,89.63,464509.676,1682726399999,41454599.35748,115776,240776.617,21492177.32618,0
2023-04-29,89.62,91.64,89.23,91.08,351205.815,1682812799999,31719262.50321,93072,184027.445,16622698.20471,0
2023-04-30,91.08,91.43,87.76,88.22,396494.58,1682899199999,35647081.50118,110052,185784.089,16723682.7824,0
2023-05-01,88.24,88.86,85.13,86.75,537906.62,1682985599999,46754880.2517,109613,253498.558,22034638.65472,0
2023-05-02,86.76,89.18,86.0,88.2,425254.867,1683071999999,37377898.53279,108466,220777.738,19407048.71975,0
2023-05-03,88.2,89.86,85.4,88.88,561552.261,1683158399999,49020724.2314,137984,277045.36,24212368.50962,0
2023-05-04,88.88,89.15,87.39,88.38,317092.93,1683244799999,27965302.53823,79121,146016.527,12878674.49497,0
2023-05-05,88.39,89.69,86.16,88.61,462767.029,1683331199999,40810211.80393,98382,225874.884,19923632.34698,0
2023-05-06,88.62,89.36,80.56,83.26,808799.894,1683417599999,68317613.37673,156273,382126.589,32256514.96411,0
2023-05-07,83.27,84.69,82.93,83.42,405461.481,1683503999999,33955742.0686,83519,199798.816,16735751.58077,0
2023-05-08,83.41,85.25,75.2,77.71,1093958.201,1683590399999,87306474.35932,201872,511601.11,40833896.16996,0
2023-05-09,77.72,80.1,77.31,79.9,652411.76,1683676799999,51396156.09515,118001,304596.072,23999042.68605,0
2023-05-10,79.91,82.04,77.12,80.93,862746.998,1683763199999,69224904.6576,156265,412259.26,33082852.84898,0
2023-05-11,80.93,81.97,78.37,80.88,787875.496,1683849599999,63370731.97902,162280,385248.886,30990261.56663,0
2023-05-12,80.89,81.48,77.07,80.45,770849.129,1683935999999,60946626.82422,158776,371345.434,29359195.10649,0
2023-05-13,80.45,81.09,79.78,80.26,378311.771,1684022399999,30438326.681,73924,181708.521,14624579.45576,0
2023-05-14,80.26,84.02,79.55,83.5,475081.378,1684108799999,38983497.68831,101661,255953.98,20995700.04883,0
2023-05-15,83.49,88.5,82.14,86.89,1110552.095,1684195199999,96219891.98792,196526,536856.959,46512920.99158,0
2023-05-16,86.91,90.55,86.13,89.99,1212427.879,1684281599999,107691597.87241,207816,604961.994,53741704.59775,0
2023-05-17,89.99,95.0,89.59,93.88,1631954.238,1684367999999,151079802.81441,279319,847273.777,78449883.70753,0
2023-05-18,93.88,94.21,89.15,90.43,778910.547,1684454399999,71599315.88753,171095,393720.767,36194172.38484,0
2023-05-19,90.44,93.31,90.26,91.8,674615.432,1684540799999,62018442.29738,132414,340606.772,31314564.47537,0
2023-05-20,91.78,92.78,90.21,92.42,331961.718,1684627199999,30372261.95258,83268,166111.353,15195917.30947,0
2023-05-21,92.41,93.49,91.14,92.18,434485.442,1684713599999,40100880.11056,100854,220648.459,20370989.00428,0
2023-05-22,92.17,92.79,89.81,90.83,462506.227,1684799999999,42134737.75033,115654,215710.375,19653277.37229,0
2023-05-23,90.83,93.11,90.38,91.7,437608.283,1684886399999,40116087.22196,88040,211172.614,19364517.35253,0
2023-05-24,91.7,91.89,84.33,85.82,1241381.96,1684972799999,107797032.91623,219999,604020.322,52418664.24425,0
2023-05-25,85.83,86.79,82.54,86.57,836219.141,1685059199999,70684845.95755,138217,419597.551,35487958.57488,0
2023-05-26,86.57,88.2,86.05,87.08,684744.479,1685145599999,59665742.29974,119317,343507.516,29935258.39352,0
2023-05-27,87.08,88.81,86.91,88.55,335522.417,1685231999999,29514215.58001,73124,164343.295,14457582.03305,0
2023-05-28,88.56,92.35,88.14,91.45,582851.729,1685318399999,52436513.71817,122932,298704.997,26895066.58621,0
2023-05-29,91.46,92.18,90.12,90.86,484868.109,1685404799999,44206834.12116,103965,243362.13,22193242.88382,0
2023-05-30,90.86,93.3,90.51,92.25,553236.455,1685491199999,50880170.06105,115049,278631.609,25632020.9885,0
2023-05-31,92.25,92.72,87.5,90.42,730322.072,1685577599999,65472074.07429,147458,353144.021,31654284.17551,0
2023-06-01,90.42,95.98,89.17,94.19,1356811.01,1685663999999,126498329.27127,269206,683005.493,63671078.53261,0
2023-06-02,94.17,95.7,92.58,95.45,714015.964,1685750399999,67508225.89186,171355,355178.485,33594003.73631,0
2023-06-03,95.45,97.56,94.15,96.03,596590.884,1685836799999,57361676.32763,134594,299064.305,28765716.65149,0
2023-06-04,96.03,96.5,93.8,94.19,492464.068,1685923199999,47040690.80282,121447,230646.062,22037503.6756,0
2023-06-05,94.19,94.58,83.56,87.71,1320394.36,1686009599999,118091509.86102,258141,637005.324,57027464.71495,0
2023-06-06,87.7,91.47,85.64,90.92,836859.771,1686095999999,73991890.8895,177289,410178.994,36285445.63983,0
2023-06-07,90.93,91.31,87.34,88.85,691677.146,1686182399999,61764475.31585,168598,352039.909,31449181.72866,0
2023-06-08,88.83,89.53,87.19,88.5,405790.611,1686268799999,35823368.37387,110063,192404.086,16991264.32738,0
2023-06-09,88.49,89.98,86.66,89.3,437545.529,1686355199999,38811022.43019,120443,198790.554,17645777.39066,0
2023-06-10,89.3,89.34,73.56,77.13,1931078.315,1686441599999,151730820.0045,450154,825892.638,64897642.40376,0
2023-06-11,77.14,78.98,76.15,77.68,601244.43,1686527999999,46731999.00651,133743,287048.178,22321609.03607,0
2023-06-12,77.68,77.91,75.07,77.5,624473.429,1686614399999,47851403.1857,133571,311578.965,23873759.69186,0
2023-06-13,77.5,79.79,76.26,77.5,560306.834,1686700799999,43689418.98288,129998,265208.583,20687088.59856,0
2023-06-14,77.5,78.14,70.75,73.15,678793.191,1686787199999,51133185.08934,154772,310192.771,23353177.78242,0
2023-06-15,73.15,75.14,72.08,74.6,512970.921,1686873599999,37702153.35923,122121,241638.308,17768925.32559,0
2023-06-16,74.61,76.91,74.12,76.13,419230.737,1686959999999,31630875.37836,106368,201774.521,15220219.85676,0
2023-06-17,76.13,77.87,75.73,76.86,301798.536,1687046399999,23270884.61555,77870,138097.051,10648031.4271,0
2023-06-18,76.87,78.47,76.22,77.19,294006.387,1687132799999,22750233.83928,73410,139200.422,10773152.51626,0
2023-06-19,77.2,77.83,76.05,77.48,316595.527,1687219199999,24390272.04512,78140,153085.088,11792949.02452,0
2023-06-20,77.48,80.95,75.68,80.33,550346.966,1687305599999,43170186.69414,126087,276891.334,21742948.11921,0
2023-06-21,80.34,87.4,80.0,85.05,1229357.89,1687391999999,103578656.2312,257993,612937.658,51637053.98428,0
2023-06-22,85.04,88.85,84.0,85.93,796900.675,1687478399999,69024528.99835,178433,378094.035,32750252.37297,0
2023-06-23,85.94,93.12,85.02,91.26,1034513.877,1687564799999,92121024.12145,256016,516533.597,46035744.10701,0
2023-06-24,91.28,93.8,86.35,89.71,834154.053,1687651199999,75172236.44406,208051,391685.842,35311514.73885,0
2023-06-25,89.72,90.46,86.6,88.2,566508.551,1687737599999,50280389.03837,143897,254672.654,22602624.92797,0
2023-06-26,88.2,90.35,85.74,87.21,656513.038,1687823999999,57651475.66375,168378,307230.53,26990099.89384,0
2023-06-27,87.22,89.44,86.9,88.07,470344.953,1687910399999,41525844.85785,117771,219987.884,19427005.77202,0
2023-06-28,88.06,88.1,81.36,83.02,639774.735,1687996799999,54254929.85774,169327,281216.056,23852582.68885,0
2023-06-29,83.01,85.75,82.91,84.73,484623.807,1688083199999,40876335.57412,111445,239876.216,20233943.17504,0
2023-06-30,84.73,112.0,84.28,108.7,5474715.293,1688169599999,544595250.61194,1230995,2812068.309,279900364.2257,0
2023-07-01,108.7,113.0,102.86,107.1,2614144.4,1688255999999,280065666.68362,594398,1308277.39,140291967.97054,0
2023-07-02,107.1,114.0,105.09,113.58,2299237.775,1688342399999,253782235.43863,531228,1162175.134,128399398.02044,0
2023-07-03,113.57,115.0,105.55,107.27,1444586.945,1688428799999,158458450.74862,325951,682764.058,74936836.70203,0
2023-07-04,107.27,109.59,103.5,104.27,935566.37,1688515199999,100006031.14107,224707,463381.194,49545445.21259,0
2023-07-05,104.27,106.63,98.6,102.6,1410427.816,1688601599999,144754144.54257,329494,718041.239,73750671.56108,0
2023-07-06,102.6,105.95,95.14,95.25,1703635.889,1688687999999,171511658.26832,386094,784735.874,79060631.51227,0
2023-07-07,95.25,98.61,94.21,98.23,866824.098,1688774399999,83882033.83157,203209,403506.792,39065231.36069,0
2023-07-08,98.22,98.49,96.55,97.79,431026.029,1688860799999,42056553.92161,102259,206498.026,20149560.01094,0
2023-07-09,97.78,98.41,94.41,95.08,468670.42,1688947199999,45235033.37365,108341,233478.989,22540300.79461,0
2023-07-10,95.08,97.81,91.62,96.72,1108435.576,1689033599999,104987433.76492,235303,518895.973,49113848.74197,0
2023-07-11,96.73,98.35,95.51,96.77,775748.275,1689119999999,75257515.27594,163557,405294.388,39322713.72675,0
2023-07-12,96.76,97.85,94.12,96.21,681194.17,1689206399999,65654488.59429,148179,334403.776,32230673.1778,0
2023-07-13,96.21,104.41,95.61,101.85,1780959.223,1689292799999,179427929.67321,402548,886655.967,89273089.59324,0
2023-07-14,101.85,103.63,91.96,95.13,1470606.515,1689379199999,144297092.8187,355901,685895.91,67435334.73533,0
2023-07-15,95.12,95.79,93.74,94.78,474351.647,1689465599999,44955923.76849,106935,235045.891,22284706.27518,0
2023-07-16,94.77,95.36,91.84,92.89,493219.168,1689551999999,46503581.54874,110185,226785.104,21396857.71443,0
2023-07-17,92.89,93.58,89.15,92.2,825195.015,1689638399999,75611859.52346,194712,368058.976,33727654.70144,0
2023-07-18,92.19,92.95,89.37,91.56,547028.221,1689724799999,49955275.62288,128470,251477.905,22967431.92626,0
2023-07-19,91.55,94.23,91.39,91.99,610568.712,1689811199999,56655215.05243,123121,278936.93,25888131.45771,0
2023-07-20,92.0,95.02,91.39,92.37,763855.203,1689897599999,71087548.03722,138173,409252.38,38082359.18889,0
2023-07-21,92.37,94.79,91.68,94.09,562398.104,1689983999999,52448525.94434,107779,254360.273,23702603.23899,0
2023-07-22,94.1,96.46,91.2,92.09,523224.177,1690070399999,49160352.49928,112635,252281.391,23710082.49906,0
2023-07-23,92.09,93.62,91.52,93.16,459296.754,1690156799999,42500539.48553,83587,257616.896,23829595.05058,0
2023-07-24,93.15,93.43,87.27,89.14,744271.418,1690243199999,66920468.49274,161316,328273.389,29503272.98401,0
2023-07-25,89.14,90.19,88.55,89.45,437773.574,1690329599999,39094339.78568,92663,208467.208,18621587.21982,0
2023-07-26,89.45,91.17,88.5,90.64,523849.498,1690415999999,46967128.90182,111662,255274.129,22897668.43593,0
2023-07-27,90.63,91.99,89.66,90.6,492615.117,1690502399999,44763361.21488,103243,234826.732,21336308.79098,0
2023-07-28,90.59,92.0,90.53,91.44,400613.116,1690588799999,36556080.90501,84389,202108.336,18445043.15169,0
2023-07-29,91.44,94.9,90.84,94.32,483778.285,1690675199999,44667927.94168,93046,255944.465,23638716.8027,0
2023-07-30,94.33,96.18,90.82,94.03,1123107.136,1690761599999,105774536.49668,215092,549023.224,51719517.8814,0
2023-07-31,94.03,95.06,91.07,92.28,751748.352,1690847999999,69842676.67185,148052,367721.311,34166249.82645,0
2023-08-01,92.28,94.12,88.1,93.94,1191154.381,1690934399999,109461091.33669,215135,585149.489,53792653.02934,0
2023-08-02,93.95,94.68,85.7,87.54,1519927.122,1691020799999,136168338.99414,269666,695745.306,62272451.2618,0
2023-08-03,87.53,88.38,80.5,82.55,1131674.185,1691107199999,96762575.49818,191345,521069.377,44582482.94643,0
2023-08-04,82.55,83.92,80.74,82.2,956964.968,1691193599999,79116478.9653,151027,468182.068,38704512.47343,0
2023-08-05,82.2,83.42,81.35,83.12,353881.791,1691279999999,29191586.5947,73242,173752.088,14339490.50643,0
2023-08-06,83.11,83.49,81.68,82.57,376251.971,1691366399999,31177557.50723,70775,180861.27,14990433.27353,0
2023-08-07,82.57,83.44,79.29,82.49,531623.828,1691452799999,43546762.79785,109537,254295.148,20833557.43467,0
2023-08-08,82.48,85.47,81.75,83.86,735916.528,1691539199999,61502877.97623,117572,347933.247,29065701.87929,0
2023-08-09,83.85,84.61,83.13,84.08,381592.396,1691625599999,32005294.96555,70163,177624.668,14902539.46426,0
2023-08-10,84.08,84.39,82.66,83.14,337566.353,1691711999999,28225336.30461,59372,159880.383,13368105.00277,0
2023-08-11,83.13,83.72,82.68,83.58,186712.308,1691798399999,15526696.488,45797,97450.892,8104346.85965,0
2023-08-12,83.58,84.0,83.27,83.47,178561.007,1691884799999,14935172.21639,38818,86420.41,7229353.13077,0
2023-08-13,83.48,83.81,81.01,81.92,331226.641,1691971199999,27458062.01471,53694,153904.116,12757899.57432,0
2023-08-14,81.92,83.13,81.5,82.11,330529.723,1692057599999,27196597.25453,57863,159962.152,13164462.24894,0
2023-08-15,82.11,82.25,77.0,79.26,600119.042,1692143999999,48214970.61594,99919,269442.103,21620383.03942,0
2023-08-16,79.27,79.61,72.75,74.56,1050727.642,1692230399999,80346935.45811,159737,486668.249,37204884.12976,0
2023-08-17,74.57,75.84,56.0,64.77,1709946.722,1692316799999,118350429.85813,340905,812558.486,56216354.00714,0
2023-08-18,64.77,65.97,63.04,63.98,1283276.079,1692403199999,83064204.43841,177621,633167.389,40986089.89424,0
2023-08-19,63.98,65.01,63.51,64.18,511070.915,1692489599999,32755244.34267,77613,245340.001,15728332.63295,0
2023-08-20,64.17,65.89,63.98,65.25,328241.945,1692575999999,21234386.92207,54995,162085.357,10487918.53583,0
2023-08-21,65.25,67.31,64.34,67.0,795770.097,1692662399999,52560912.71659,135435,400650.379,26472184.07466,0
2023-08-22,67.0,67.38,62.02,64.83,726834.414,1692748799999,47379433.48586,111356,341909.561,22275524.16731,0
2023-08-23,64.83,66.86,64.06,65.64,548642.362,1692835199999,35922245.43621,88240,264881.013,17350798.78366,0
2023-08-24,65.63,65.9,63.9,64.88,352946.421,1692921599999,22944279.86437,63981,169057.666,10993292.89814,0
2023-08-25,64.88,65.47,63.5,65.13,400427.672,1693007999999,25869443.90706,71886,191611.429,12380742.88927,0
2023-08-26,65.13,65.59,64.9,65.01,205559.917,1693094399999,13411009.14258,39234,97135.841,6338230.63412,0
2023-08-27,65.0,65.95,64.83,65.39,232033.928,1693180799999,15149443.36921,42283,113873.838,7435775.52551,0
2023-08-28,65.39,65.76,63.97,65.52,401983.007,1693267199999,26079176.94969,62224,202914.079,13171469.83508,0
2023-08-29,65.51,70.69,64.6,68.86,953145.162,1693353599999,64776157.64346,155505,470465.202,31980113.777,0
2023-08-30,68.85,69.03,66.5,67.65,422458.336,1693439999999,28563989.08084,74994,195238.205,13193830.86838,0
2023-08-31,67.65,68.36,63.13,63.89,688058.059,1693526399999,45337596.31026,107911,328319.535,21665429.46568,0
2023-09-01,63.88,64.25,61.83,62.98,569049.852,1693612799999,36085014.45748,79933,260352.529,16513751.7459,0
2023-09-02,62.98,64.75,62.95,64.59,295503.141,1693699199999,18915350.82735,51813,148360.498,9496792.35861,0
2023-09-03,64.58,64.91,63.57,63.93,257480.232,1693785599999,16523979.18454,45470,125827.309,8076922.2801,0
2023-09-04,63.93,65.01,63.0,63.75,389301.433,1693871999999,24953470.48276,54348,188329.728,12075138.12699,0
2023-09-05,63.75,63.79,62.58,63.15,475655.47,1693958399999,30021806.99205,65705,213321.257,13470155.36491,0
2023-09-06,63.15,63.91,61.36,62.87,463879.229,1694044799999,29171915.8151,69018,219321.027,13792246.94961,0
2023-09-07,62.88,64.49,62.48,63.71,372442.946,1694131199999,23544495.83475,55329,182052.162,11512953.40539,0
2023-09-08,63.71,64.24,61.51,62.61,370397.71,1694217599999,23306316.05826,55130,171963.103,10822836.81637,0
2023-09-09,62.6,63.3,62.52,63.06,153119.403,1694303999999,9629129.48804,32269,77140.028,4851642.91206,0
2023-09-10,63.06,63.06,60.02,61.11,486962.352,1694390399999,29825923.22286,71331,232480.391,14238873.12342,0
2023-09-11,61.12,61.66,57.68,58.85,792927.547,1694476799999,47531436.34168,101543,379407.341,22743433.8909,0
2023-09-12,58.85,61.53,58.65,59.96,617319.813,1694563199999,37129719.73179,82657,313444.176,18849318.79808,0
2023-09-13,59.96,62.85,59.63,61.98,511853.421,1694649599999,31381027.42472,83374,258793.134,15877257.29791,0
2023-09-14,61.98,63.44,61.95,62.83,638084.848,1694735999999,39941930.68376,71663,325968.816,20416817.42013,0
2023-09-15,62.83,66.27,62.55,65.89,540624.758,1694822399999,34582934.67382,80559,283140.344,18127661.3942,0
2023-09-16,65.89,67.05,64.41,65.38,391265.329,1694908799999,25664428.75732,62729,190133.971,12472203.34605,0
2023-09-17,65.38,65.42,62.75,63.55,497205.276,1694995199999,31775820.99628,67802,254578.095,16270579.08613,0
2023-09-18,63.57,67.9,62.9,65.89,790412.337,1695081599999,52151105.29169,110345,393226.1,25957072.89314,0
2023-09-19,65.87,68.41,65.59,67.28,527023.356,1695167999999,35437054.35133,80330,259111.358,17422116.31281,0
2023-09-20,67.28,67.87,63.24,64.55,931126.906,1695254399999,60915587.81808,117196,457299.448,29898714.07422,0
2023-09-21,64.55,65.01,62.92,64.69,449081.78,1695340799999,28811761.06338,72803,204600.504,13119225.63156,0
2023-09-22,64.69,65.88,63.89,64.37,442545.403,1695427199999,28701999.76244,67811,208130.384,13504376.90189,0
2023-09-23,64.37,65.26,64.37,65.07,387901.571,1695513599999,25136184.65909,48895,190730.894,12361143.45118,0
2023-09-24,65.06,65.1,63.25,63.58,207773.25,1695599999999,13399437.45659,39764,96939.782,6253028.66433,0
2023-09-25,63.58,65.06,62.56,64.33,258415.693,1695686399999,16594760.84727,50384,124307.844,7983647.73328,0
2023-09-26,64.34,65.08,63.02,63.8,371056.263,1695772799999,23862340.07245,52547,184498.842,11869418.26408,0
2023-09-27,63.8,65.56,63.04,63.53,351266.028,1695859199999,22527804.57883,62067,173471.941,11122504.55382,0
2023-09-28,63.53,65.54,63.14,65.21,446339.742,1695945599999,28712038.56658,68741,234854.913,15103963.95531,0
2023-09-29,65.22,66.5,64.91,65.55,350400.956,1696031999999,23023210.74839,64373,176045.237,11568629.10965,0
2023-09-30,65.55,66.6,65.34,65.97,179434.202,1696118399999,11837048.07704,42398,93290.444,6153987.30387,0
2023-10-01,65.98,68.85,65.83,68.19,430058.027,1696204799999,28884188.33851,79911,234014.398,15716033.90277,0
2023-10-02,68.19,68.42,65.11,65.97,558987.867,1696291199999,37505378.80276,98191,289493.361,19423387.48375,0
2023-10-03,65.98,66.93,65.26,65.5,264841.857,1696377599999,17467936.29002,58822,133563.134,8810734.24016,0
2023-10-04,65.5,65.52,63.01,64.4,389378.985,1696463999999,24986773.04746,73848,183506.204,11773349.6148,0
2023-10-05,64.39,65.28,63.72,64.8,371850.64,1696550399999,23993968.95115,60543,195842.089,12638132.61775,0
2023-10-06,64.81,65.98,64.37,65.5,258989.347,1696636799999,16908743.92521,49795,136480.753,8910274.70664,0
2023-10-07,65.5,66.27,64.95,65.45,177304.899,1696723199999,11636429.8603,38019,91203.971,5986413.29786,0
2023-10-08,65.45,65.98,64.97,65.34,316323.185,1696809599999,20728331.17345,41006,149818.284,9818681.944,0
2023-10-09,65.34,65.36,61.51,63.07,448896.385,1696895999999,28442348.3394,78363,199393.109,12622114.20695,0
2023-10-10,63.07,63.82,62.57,63.61,234743.163,1696982399999,14839255.67518,51778,119696.336,7567102.45425,0
2023-10-11,63.6,63.75,61.08,61.55,287049.191,1697068799999,17832401.71148,63336,145362.123,9033210.29523,0
2023-10-12,61.55,61.55,60.33,61.12,285371.231,1697155199999,17412164.04642,56562,138155.476,8431339.86843,0
2023-10-13,61.12,62.15,61.06,61.58,358112.195,1697241599999,21993740.85628,52933,166708.873,10243321.08888,0
2023-10-14,61.58,61.97,61.39,61.62,121555.639,1697327999999,7495466.8411,29813,58368.041,3599178.03621,0
2023-10-15,61.62,62.18,61.38,61.63,140207.935,1697414399999,8646176.63411,33396,69927.998,4313175.08269,0
2023-10-16,61.63,66.33,61.57,63.19,679996.392,1697500799999,43319022.26987,97043,341423.858,21728131.62174,0
2023-10-17,63.2,63.33,61.37,62.07,285933.96,1697587199999,17877584.95326,53198,137924.807,8626460.34697,0
2023-10-18,62.06,62.85,60.04,60.23,320321.652,1697673599999,19738027.75008,55006,157624.26,9710960.53384,0
2023-10-19,60.23,61.92,59.7,61.78,277475.09,1697759999999,16911885.34498,53789,138045.587,8413906.41951,0
2023-10-20,61.77,64.27,61.57,63.38,437547.959,1697846399999,27666271.69709,71319,215609.19,13632959.14694,0
2023-10-21,63.37,65.39,63.35,64.75,336999.659,1697932799999,21734086.11024,58901,175748.191,11331716.64666,0
2023-10-22,64.75,66.32,63.12,65.26,569753.647,1698019199999,36853276.77414,98542,266623.195,17243822.8816,0
2023-10-23,65.26,69.9,64.86,69.02,788986.444,1698105599999,52919035.31362,136129,393140.75,26354739.33102,0
2023-10-24,69.02,72.89,67.07,69.15,927287.448,1698191999999,64631191.72936,178778,453799.079,31620766.30313,0
2023-10-25,69.14,70.42,67.69,68.71,555761.144,1698278399999,38380881.9194,106633,257026.792,17757035.22095,0
2023-10-26,68.7,70.63,66.13,68.76,594733.362,1698364799999,41004144.83722,119979,285848.917,19714978.95212,0
2023-10-27,68.75,68.81,65.58,66.99,430964.8,1698451199999,29057303.90903,93186,178895.458,12061857.06811,0
2023-10-28,66.99,68.44,66.93,67.73,393365.01,1698537599999,26715311.15139,67026,187954.447,12769215.5967,0
2023-10-29,67.73,69.31,67.0,68.79,254650.085,1698623999999,17378937.46053,59734,125810.575,8590013.02507,0
2023-10-30,68.79,69.79,67.62,69.21,391259.073,1698710399999,26936356.33677,84316,181795.237,12519235.45849,0
2023-10-31,69.21,70.53,67.6,68.89,616209.44,1698796799999,42625945.13606,123683,273943.527,18956305.02756,0
2023-11-01,68.89,70.46,66.51,69.97,758567.526,1698883199999,51929112.70106,129197,319344.539,21867305.63114,0
2023-11-02,69.97,70.77,67.4,69.43,658461.347,1698969599999,45887391.07385,120422,322452.663,22483058.03254,0
2023-11-03,69.42,69.58,67.5,69.45,366590.453,1699055999999,25246675.51283,92812,169288.901,11658431.74496,0
2023-11-04,69.45,70.81,68.69,70.41,286371.778,1699142399999,19896712.80929,72196,148246.047,10300309.08986,0
2023-11-05,70.41,72.32,69.9,71.6,604752.663,1699228799999,43082207.25642,115162,298898.502,21296073.03144,0
2023-11-06,71.6,74.95,70.79,74.46,517587.681,1699315199999,37760698.65948,115024,266574.264,19457174.77898,0
2023-11-07,74.46,74.57,71.06,73.41,587908.072,1699401599999,42921057.41226,132612,263251.41,19230232.86908,0
2023-11-08,73.41,74.31,72.45,73.07,454113.58,1699487999999,33332286.76763,94683,211478.041,15524160.68088,0
2023-11-09,73.06,76.23,67.85,73.83,1037301.535,1699574399999,75728192.84037,216844,511606.846,37367022.43762,0
2023-11-10,73.85,75.48,70.67,73.28,659369.92,1699660799999,48133353.84027,141197,321865.302,23492107.77299,0
2023-11-11,73.27,75.95,70.84,75.26,701397.299,1699747199999,52030099.77565,139624,340083.224,25232405.56783,0
2023-11-12,75.26,76.79,72.12,74.88,759337.894,1699833599999,56901785.83759,142332,363215.831,27207963.10313,0
2023-11-13,74.88,76.05,70.5,71.1,687416.727,1699919999999,50302812.26026,163293,313516.5,22958746.86638,0
2023-11-14,71.1,72.56,68.09,70.61,612778.52,1700006399999,43372079.29673,142325,295873.471,20965051.56906,0
2023-11-15,70.61,74.3,70.5,74.03,546364.964,1700092799999,39479612.39254,106317,263515.581,19037241.96379,0
2023-11-16,74.02,74.35,69.78,70.97,516234.012,1700179199999,37356440.8551,123103,240074.553,17374804.33867,0
2023-11-17,70.96,71.66,68.0,70.29,701059.335,1700265599999,49078772.15463,126814,364630.21,25529107.38554,0
2023-11-18,70.28,70.33,67.5,69.86,319967.121,1700351999999,22156894.78408,68976,155411.325,10763015.30939,0
2023-11-19,69.85,70.67,68.5,70.54,267656.397,1700438399999,18650494.6809,63028,132119.257,9206604.87097,0
2023-11-20,70.56,71.02,68.62,69.51,363216.736,1700524799999,25476809.8106,90721,179590.263,12600036.05628,0
2023-11-21,69.52,71.87,65.12,66.15,766319.59,1700611199999,52741538.94914,188115,364583.917,25140816.33037,0
2023-11-22,66.15,69.15,65.96,68.7,411855.152,1700697599999,27937990.43011,83442,197203.181,13377292.19559,0
2023-11-23,68.7,70.76,68.38,69.51,487505.593,1700783999999,33857643.07991,85284,241334.971,16761287.28431,0
2023-11-24,69.51,71.77,69.43,70.73,431373.898,1700870399999,30352000.44832,77970,216237.948,15218698.20807,0
2023-11-25,70.72,72.5,70.48,71.87,300567.558,1700956799999,21475318.98977,61533,157017.629,11221543.31636,0
2023-11-26,71.87,71.87,68.91,70.03,373752.056,1701043199999,26318517.15444,70444,170442.137,12005377.32093,0
2023-11-27,70.03,70.5,67.91,69.22,322130.627,1701129599999,22263566.13496,71219,157709.777,10904054.89396,0
2023-11-28,69.22,70.27,67.81,69.77,633474.873,1701215999999,43913284.03863,81801,320254.229,22203044.2444,0
2023-11-29,69.76,70.46,69.15,70.0,304678.502,1701302399999,21264386.34352,58506,152478.701,10642720.84074,0
2023-11-30,69.99,70.15,69.11,69.42,212371.48,1701388799999,14771644.05129,52051,108193.702,7525785.41306,0
2023-12-01,69.44,72.23,69.2,71.57,478440.251,1701475199999,34026635.4187,81449,226865.083,16131936.40507,0
2023-12-02,71.57,72.72,71.16,72.2,286408.09,1701561599999,20600215.9871,59284,147047.319,10578844.20669,0
2023-12-03,72.2,72.75,71.3,72.31,285246.303,1701647999999,20531814.47944,59616,143990.01,10365574.546,0
2023-12-04,72.31,75.07,71.89,72.93,1008230.995,1701734399999,74007610.74816,159402,536122.892,39332358.98764,0
2023-12-05,72.92,74.37,71.0,74.34,543100.844,1701820799999,39428257.12227,109273,273995.418,19901182.33523,0
2023-12-06,74.35,74.94,72.17,72.41,640078.051,1701907199999,47156666.01721,128526,302420.795,22279588.42258,0
2023-12-07,72.4,74.51,71.82,74.02,564515.734,1701993599999,41448604.4114,107118,285434.722,20954202.43419,0
2023-12-08,74.02,78.88,73.32,78.5,857419.485,1702079999999,65205063.17955,157799,426522.507,32464303.51428,0
2023-12-09,78.49,79.53,75.52,76.32,736505.035,1702166399999,57301991.39773,133735,356813.828,27764097.9183,0
2023-12-10,76.33,79.0,76.33,77.18,559666.195,1702252799999,43565867.66221,107360,264320.369,20575815.73391,0
2023-12-11,77.17,77.5,70.46,72.67,988665.178,1702339199999,72544195.34092,185331,446737.32,32755769.5275,0
2023-12-12,72.66,73.72,71.03,72.37,476918.626,1702425599999,34575143.83566,96279,235842.536,17098436.9987,0
2023-12-13,72.38,75.55,70.15,73.12,716835.326,1702511999999,51833620.75393,114967,360425.664,26082377.41206,0
2023-12-14,73.14,74.05,71.25,72.93,673631.561,1702598399999,49054702.832,109197,380735.159,27709692.60004,0
2023-12-15,72.93,72.96,70.52,70.93,388128.515,1702684799999,27867636.15741,80317,193963.199,13930085.16831,0
2023-12-16,70.92,72.52,70.43,72.19,273166.636,1702771199999,19671706.12643,59704,137273.796,9888451.59001,0
2023-12-17,72.18,73.63,70.86,71.18,405335.594,1702857599999,29410834.02539,85657,185979.545,13502892.46412,0
2023-12-18,71.18,71.55,68.0,70.85,516602.696,1702943999999,36020493.75196,109492,235078.532,16400300.09984,0
2023-12-19,70.86,71.66,69.69,70.73,342815.358,1703030399999,24334999.59728,75381,171276.938,12160231.84143,0
2023-12-20,70.72,71.89,69.38,69.83,738447.841,1703116799999,52311290.38605,112264,360414.948,25548986.72444,0
2023-12-21,69.83,71.09,68.92,70.93,581051.4,1703203199999,40703733.49985,94039,301646.452,21137622.44214,0
2023-12-22,70.93,73.78,70.31,73.58,539144.649,1703289599999,38718370.75002,105099,274218.312,19690961.61981,0
2023-12-23,73.58,74.09,70.7,72.45,472707.301,1703375999999,34142861.37548,81216,223999.291,16188580.1697,0
2023-12-24,72.44,72.95,70.0,71.12,507808.475,1703462399999,36621799.21222,89865,245511.206,17707865.6754,0
2023-12-25,71.11,72.77,70.55,72.22,364732.752,1703548799999,26272986.55563,67723,183391.073,13213907.45777,0
2023-12-26,72.23,74.45,71.04,73.24,851162.765,1703635199999,61904316.62239,149216,430960.418,31353022.29248,0
2023-12-27,73.24,77.3,72.07,75.98,929059.454,1703721599999,69751284.78202,184568,484766.794,36396713.44778,0
2023-12-28,75.98,77.64,74.51,76.51,981067.893,1703807999999,74691708.40849,197237,493568.5,37581142.01555,0
2023-12-29,76.51,77.8,72.71,73.25,909063.669,1703894399999,68906261.16708,185197,454913.134,34518527.97879,0
2023-12-30,73.25,74.01,72.38,73.22,460911.041,1703980799999,33778363.76325,104235,234126.518,17162974.59111,0
2023-12-31,73.23,74.24,71.41,72.83,403057.357,1704067199999,29619089.99848,84693,200239.584,14721953.1459,0
2024-01-01,72.83,74.78,72.06,74.72,308376.95,1704153599999,22631014.60155,65631,156993.975,11524234.36854,0
2024-01-02,74.72,75.9,72.48,72.97,608280.863,1704239999999,45206969.47175,121485,302770.268,22516812.73001,0
2024-01-03,72.96,73.61,57.71,65.24,1513212.297,1704326399999,100333545.09116,268321,689084.667,45652817.19373,0
2024-01-04,65.23,67.11,64.5,66.41,728924.878,1704412799999,47881226.9708,112378,393107.74,25821484.107,0
2024-01-05,66.41,66.73,63.4,66.0,659391.057,1704499199999,43098156.74155,126414,333590.459,21807689.9257,0
2024-01-06,65.99,66.08,63.22,65.64,404291.404,1704585599999,26231882.51366,79927,199962.746,12976251.66546,0
2024-01-07,65.65,66.38,63.68,64.27,357443.918,1704671999999,23294567.64585,74068,170316.934,11104828.57536,0
2024-01-08,64.27,68.37,61.0,67.73,923906.453,1704758399999,59766234.38043,158254,471983.349,30547439.47631,0
2024-01-09,67.72,67.82,64.16,66.99,812582.618,1704844799999,53622168.31871,146291,394402.905,26027574.7776,0
2024-01-10,66.99,71.2,65.0,70.1,852014.198,1704931199999,57771776.94768,168479,428404.585,29040578.46496,0
2024-01-11,70.1,74.62,69.54,71.88,1211539.098,1705017599999,87232556.32736,225758,630134.313,45368643.61652,0
2024-01-12,71.88,77.19,70.4,72.97,1734006.087,1705103999999,128587409.92793,336315,860660.811,63863129.8337,0
2024-01-13,72.97,73.6,70.98,71.98,629910.67,1705190399999,45323926.61315,122670,304899.366,21944869.95358,0
2024-01-14,71.98,72.3,69.43,69.78,482807.612,1705276799999,34377286.01258,96958,233114.947,16602439.26219,0
2024-01-15,69.8,71.62,68.79,69.13,386493.938,1705363199999,27152585.71194,88246,187832.784,13203781.40773,0
2024-01-16,69.15,70.53,68.38,69.44,461916.829,1705449599999,32190643.96715,96818,238592.462,16631717.50577,0
2024-01-17,69.44,70.0,68.35,69.46,382828.255,1705535999999,26529506.35131,76746,184651.678,12795681.05795,0
2024-01-18,69.46,70.34,66.21,68.11,742990.258,1705622399999,50998653.79532,130098,359023.368,24652968.54787,0
2024-01-19,68.11,71.57,66.97,71.29,647355.327,1705708799999,44981554.94926,130284,335130.22,23316095.56361,0
2024-01-20,71.3,72.76,70.45,71.36,614429.987,1705795199999,43873023.62071,96327,295340.063,21088222.01298,0
2024-01-21,71.35,72.3,70.5,71.75,311753.373,1705881599999,22226837.72338,59331,153968.286,10975708.82104,0
2024-01-22,71.75,72.71,66.67,67.36,770518.903,1705967999999,53995008.67376,150688,378395.655,26517821.60392,0
2024-01-23,67.36,68.43,63.19,65.5,701502.871,1706054399999,45860685.93666,133459,340241.297,22259097.63287,0
2024-01-24,65.5,66.35,64.86,66.13,385420.813,1706140799999,25239643.5903,71908,200791.11,13150756.53876,0
2024-01-25,66.12,66.16,64.56,65.5,275087.101,1706227199999,18010033.75172,61301,134034.322,8776661.20058,0
2024-01-26,65.5,67.55,65.19,67.05,321128.162,1706313599999,21391158.93567,66920,169708.271,11305132.33276,0
2024-01-27,67.05,68.33,66.34,68.06,248869.999,1706399999999,16777607.49632,53518,131519.036,8864988.57338,0
2024-01-28,68.05,68.49,67.29,68.35,301025.603,1706486399999,20450200.06498,60648,153248.745,10412971.68579,0
2024-01-29,68.34,68.79,66.84,68.43,435412.27,1706572799999,29548556.33132,75377,234352.954,15903888.21017,0
2024-01-30,68.43,68.74,67.17,67.47,299636.981,1706659199999,20425276.05701,63575,154661.362,10546853.2104,0
2024-01-31,67.48,70.07,66.14,66.76,612212.176,1706745599999,41749321.15081,110754,322881.275,22026138.76534,0
2024-02-01,66.76,68.13,65.7,67.54,289235.143,1706831999999,19306508.90966,64549,145786.031,9736596.10206,0
2024-02-02,67.55,68.43,67.32,68.05,209541.969,1706918399999,14224030.98075,52756,108284.277,7351085.95502,0
2024-02-03,68.05,69.2,67.9,68.81,215935.272,1707004799999,14774539.8161,50785,119471.991,8174452.15374,0
2024-02-04,68.82,68.9,66.46,66.94,288180.813,1707091199999,19517851.69391,54810,136679.787,9259241.23807,0
2024-02-05,66.95,68.26,66.58,67.7,272431.234,1707177599999,18422931.50018,59506,146528.698,9911435.55727,0
2024-02-06,67.71,68.8,67.55,68.29,317363.773,1707263999999,21606385.75025,62199,172463.656,11743644.33968,0
2024-02-07,68.29,68.83,67.75,68.62,355491.453,1707350399999,24262660.76854,71448,202758.735,13840215.13135,0
2024-02-08,68.63,70.66,68.36,70.53,461057.053,1707436799999,31871033.22788,81502,246972.679,17078036.37743,0
2024-02-09,70.54,71.95,70.07,70.64,774603.897,1707523199999,54933758.32,120132,389388.561,27612753.81254,0
2024-02-10,70.64,71.3,69.93,70.8,369470.127,1707609599999,26088807.10858,68895,178947.919,12636205.35882,0
2024-02-11,70.79,73.1,70.6,71.55,613948.449,1707695999999,44280250.3029,91554,316862.302,22850585.10179,0
2024-02-12,71.55,73.46,70.32,72.82,487609.667,1707782399999,35098367.8814,92090,243155.973,17503398.467,0
2024-02-13,72.81,73.16,68.1,68.97,1069326.647,1707868799999,74828220.73122,162283,542948.537,37956131.23753,0
2024-02-14,68.97,70.76,68.41,69.81,1053386.609,1707955199999,73421374.58932,121145,535940.766,37354267.68118,0
2024-02-15,69.81,70.95,69.0,69.76,892633.761,1708041599999,62399432.99034,120442,447393.897,31272582.56375,0
2024-02-16,69.76,70.99,68.61,70.59,564443.74,1708127999999,39549365.68542,99955,269023.937,18854473.39518,0
2024-02-17,70.59,70.7,68.0,69.97,436214.246,1708214399999,30388260.77608,79663,222419.559,15491199.97749,0
2024-02-18,69.97,71.35,69.82,70.8,393086.495,1708300799999,27704990.45097,69439,197364.001,13915795.93751,0
2024-02-19,70.8,71.74,70.42,71.3,521590.667,1708387199999,37057927.68352,94455,256089.338,18199922.57713,0
2024-02-20,71.29,71.48,67.41,69.65,782301.912,1708473599999,54599773.41075,128935,378429.353,26404121.80212,0
2024-02-21,69.65,69.69,67.32,68.9,472252.103,1708559999999,32270259.26919,90047,236162.434,16141192.89305,0
2024-02-22,68.91,69.76,67.91,68.8,516782.93,1708646399999,35693052.34247,87419,254649.051,17588282.02721,0
2024-02-23,68.79,69.1,67.48,68.8,394735.965,1708732799999,27003479.75606,78479,197133.999,13487753.86645,0
2024-02-24,68.79,70.67,68.62,70.41,368401.431,1708819199999,25742985.69116,66901,185444.573,12953637.89493,0
2024-02-25,70.41,70.61,69.75,70.16,332747.79,1708905599999,23341307.91927,64811,163225.879,11451387.39186,0
2024-02-26,70.16,72.99,69.1,71.93,754791.397,1708991999999,53544860.18845,123805,380889.769,27021842.53842,0
2024-02-27,71.93,76.38,71.93,73.97,1532194.552,1709078399999,114336925.88425,230903,773418.973,57751641.12451,0
2024-02-28,73.97,77.94,70.27,74.48,1803955.735,1709164799999,134630697.85493,292001,907609.761,67784082.18421,0
2024-02-29,74.48,84.96,73.87,79.92,2443670.28,1709251199999,198678780.47216,410241,1206552.486,98100383.20196,0
2024-03-01,79.93,86.18,79.93,84.87,1292518.576,1709337599999,108513178.09226,245429,658960.677,55322794.26255,0
2024-03-02,84.89,94.5,84.45,94.49,2225902.682,1709423999999,200614397.64908,379117,1118298.082,100817263.9338,0
2024-03-03,94.48,94.68,83.51,90.7,1320154.001,1709510399999,120044722.01224,271317,625053.077,56848780.15982,0
2024-03-04,90.7,92.69,87.49,88.95,1600382.338,1709596799999,144129059.37336,297178,788305.038,71021618.65168,0
2024-03-05,88.94,91.86,72.0,81.93,2974147.716,1709683199999,256314237.72362,626825,1492082.572,128981557.84554,0
2024-03-06,81.93,87.4,79.76,85.87,1429676.918,1709769599999,119540188.32976,298363,722139.303,60387118.92758,0
2024-03-07,85.87,89.99,83.38,88.0,1274384.448,1709855999999,110326070.28731,234059,670590.599,58053739.54067,0
2024-03-08,88.0,89.48,83.78,88.32,1299568.77,1709942399999,113680857.78748,261578,646068.968,56530124.75122,0
2024-03-09,88.33,90.97,86.77,90.67,904845.679,1710028799999,80483124.65077,174356,492591.119,43833643.27317,0
2024-03-10,90.66,90.82,85.35,87.43,717059.191,1710115199999,63366321.43853,161811,336243.779,29713474.43701,0
2024-03-11,87.43,105.7,83.22,103.86,3096267.327,1710201599999,301848351.16906,558999,1566930.128,152657730.55558,0
2024-03-12,103.87,104.27,91.77,97.52,2441251.838,1710287999999,239498859.4012,424094,1171699.265,114838624.03892,0
2024-03-13,97.52,98.95,94.03,97.24,1134069.071,1710374399999,110053334.36311,200237,590778.296,57341460.48648,0
2024-03-14,97.24,98.24,89.55,94.08,1440061.815,1710460799999,136377182.52415,285961,722959.449,68509791.57227,0
2024-03-15,94.08,95.39,83.33,89.75,1627567.337,1710547199999,144032211.59005,358144,794312.88,70305684.7761,0
2024-03-16,89.77,90.75,82.25,84.12,1149294.873,1710633599999,100254815.69854,218220,569571.986,49730498.56694,0
2024-03-17,84.12,86.79,80.7,85.93,853819.758,1710719999999,72484176.8504,152642,428143.721,36356449.77013,0
2024-03-18,85.93,88.06,80.76,86.77,978580.698,1710806399999,82447664.37233,184251,504445.723,42495806.57261,0
2024-03-19,86.76,87.79,77.13,78.45,1961637.329,1710892799999,158808344.44085,321062,954843.621,77335510.12566,0
2024-03-20,78.45,85.29,76.97,84.65,1363127.952,1710979199999,110620714.70171,229263,691269.203,56136083.0782,0
2024-03-21,84.65,87.02,83.57,85.75,934690.544,1711065599999,79849636.02304,178122,459786.018,39279074.90744,0
2024-03-22,85.74,86.22,80.58,83.4,725163.718,1711151999999,60540862.47679,143265,355973.114,29726765.54404,0
2024-03-23,83.4,87.5,82.85,85.26,803555.89,1711238399999,68913239.92719,131350,401383.514,34431727.77363,0
2024-03-24,85.26,90.8,85.25,89.65,1052477.663,1711324799999,93178174.45425,181527,535957.333,47441128.52275,0
2024-03-25,89.66,92.06,88.54,90.58,1095171.166,1711411199999,98825347.80818,181823,549125.416,49565390.35325,0
2024-03-26,90.59,97.06,87.53,95.77,1767545.155,1711497599999,163687114.29392,324952,890870.887,82549909.81569,0
2024-03-27,95.76,99.0,92.3,93.55,1793109.088,1711583999999,171544291.07377,348024,887877.632,84950066.29757,0
2024-03-28,93.55,96.59,93.33,94.11,1112111.518,1711670399999,105727727.94424,201384,543690.274,51692154.77384,0
2024-03-29,94.11,110.44,92.75,109.06,3289558.98,1711756799999,337040438.07325,600744,1658318.161,169999893.07709,0
2024-03-30,109.06,109.25,101.06,102.84,1242387.906,1711843199999,129621214.22923,271181,645519.036,67406567.1745,0
2024-03-31,102.84,106.87,101.41,105.01,1034072.535,1711929599999,107330728.08353,193955,529693.497,54995156.16484,0
2024-04-01,105.01,112.8,97.23,99.2,2502382.047,1712015999999,263856682.14913,517505,1230224.377,129845907.72119,0
2024-04-02,99.21,108.99,93.1,106.75,2878977.199,1712102399999,293927061.5129,597275,1461256.857,149223239.77881,0
2024-04-03,106.77,109.86,96.5,98.33,1868400.415,1712188799999,190132319.94591,390487,938197.866,95523645.89308,0
2024-04-04,98.33,104.3,96.23,98.38,1786345.493,1712275199999,179054393.21653,303572,937438.971,94010789.97857,0
2024-04-05,98.41,100.25,95.0,97.82,1244726.343,1712361599999,122103336.54636,219774,633347.894,62137184.34681,0
2024-04-06,97.83,102.47,97.17,101.6,771438.41,1712447999999,77333938.34371,145208,384138.306,38496907.22581,0
2024-04-07,101.6,105.99,100.11,101.21,938207.857,1712534399999,96733949.47777,170855,473084.26,48780350.00135,0
2024-04-08,101.21,106.06,99.52,103.27,1013133.783,1712620799999,104809582.06558,200931,507775.867,52520312.05081,0
2024-04-09,103.27,103.46,96.43,97.53,914660.536,1712707199999,91244166.91032,184449,437690.97,43670541.17436,0
2024-04-10,97.54,98.3,93.5,96.71,891774.881,1712793599999,85892984.78122,171510,437903.477,42192851.3089,0
2024-04-11,96.71,99.96,94.87,98.78,802195.584,1712879999999,78073905.35094,146542,404572.636,39367344.25025,0
2024-04-12,98.77,99.58,79.86,86.08,2094321.098,1712966399999,187325798.92272,380525,978580.171,87594630.64933,0
2024-04-13,86.1,86.67,70.5,77.33,2633053.68,1713052799999,209113937.96612,509601,1225470.049,97566573.46323,0
2024-04-14,77.33,80.44,73.61,79.72,1630408.562,1713139199999,126584439.56686,303538,743671.064,57813285.40821,0
2024-04-15,79.72,82.83,75.61,78.1,1410368.593,1713225599999,111824100.11094,221861,671749.729,53311655.50095,0
2024-04-16,78.12,80.44,75.31,79.94,771397.839,1713311999999,60307930.79582,139402,387056.08,30263147.81804,0
2024-04-17,79.94,80.82,76.25,80.19,653290.465,1713398399999,51432508.27241,125749,315604.47,24849068.4033,0
2024-04-18,80.19,82.53,78.64,80.75,868441.994,1713484799999,70149908.86073,159146,435244.412,35161179.03619,0
2024-04-19,80.76,82.2,75.77,80.87,742141.865,1713571199999,59366769.09835,152180,361830.769,28952677.16764,0
2024-04-20,80.86,85.98,80.27,85.04,435008.951,1713657599999,36355868.09017,91866,231161.699,19322160.81625,0
2024-04-21,85.03,85.69,82.73,84.16,361745.445,1713743999999,30576840.66923,84605,169686.287,14341494.85172,0
2024-04-22,84.16,86.49,83.95,85.39,589746.588,1713830399999,50276627.57051,103897,285556.082,24348071.07783,0
2024-04-23,85.39,86.39,83.98,85.02,436631.335,1713916799999,37046541.65365,86710,223881.849,19000122.27211,0
2024-04-24,85.0,87.72,82.34,83.25,931482.385,1714003199999,79561215.17115,160404,459043.057,39218703.54301,0
2024-04-25,83.25,85.07,81.83,83.78,670805.321,1714089599999,56004718.93914,123084,336905.26,28128077.92264,0
2024-04-26,83.77,88.59,83.09,88.1,1062310.424,1714175999999,91989387.2052,181170,546302.822,47302510.76554,0
2024-04-27,88.1,88.46,83.14,83.88,699795.45,1714262399999,59785942.68062,136197,334440.815,28549034.10142,0
2024-04-28,83.88,85.43,83.57,83.99,384000.288,1714348799999,32508589.3965,91229,181588.413,15373284.58424,0
2024-04-29,83.98,85.64,81.73,83.51,519097.015,1714435199999,43239992.84329,114386,250864.06,20891225.87537,0
2024-04-30,83.52,84.56,77.19,79.49,616460.343,1714521599999,49311490.09609,133130,276698.66,22138056.18029,0
2024-05-01,79.48,80.89,74.6,80.17,713810.495,1714607999999,55474378.31131,147409,330764.503,25692073.69908,0
2024-05-02,80.17,81.28,78.66,80.02,398879.396,1714694399999,31936818.63684,84597,199392.159,15965934.60725,0
2024-05-03,80.03,82.62,79.33,81.85,426096.048,1714780799999,34538838.48674,97477,212966.659,17263039.20627,0
2024-05-04,81.86,83.01,81.42,81.66,294701.796,1714867199999,24204856.89301,71734,145515.383,11952148.42974,0
2024-05-05,81.66,81.78,80.37,81.32,336649.505,1714953599999,27328777.45925,68411,169920.12,13794317.78937,0
2024-05-06,81.32,84.2,80.01,80.79,580780.594,1715039999999,47623809.97659,118284,287985.221,23616135.58327,0
2024-05-07,80.79,82.65,79.78,80.84,493066.083,1715126399999,40151430.79109,95114,234680.1,19107108.82786,0
2024-05-08,80.82,82.33,79.32,81.7,486202.438,1715212799999,39349264.64329,94270,241425.455,19535563.4339,0
2024-05-09,81.69,83.16,80.7,83.08,352236.765,1715299199999,28878171.47232,86215,176001.967,14431193.26501,0
2024-05-10,83.07,83.48,79.55,80.22,420451.976,1715385599999,34299505.09635,99989,209920.561,17125510.86026,0
2024-05-11,80.22,82.29,80.13,81.39,258119.13,1715471999999,20924685.32522,73087,127260.514,10316344.94007,0
2024-05-12,81.39,82.18,80.84,81.41,186561.698,1715558399999,15227021.07526,53916,90012.766,7347381.12621,0
2024-05-13,81.42,82.61,78.95,80.62,448137.788,1715644799999,36413117.62781,103841,215674.969,17532624.02439,0
2024-05-14,80.62,81.67,78.53,78.79,482795.267,1715731199999,38591792.16351,104614,232120.845,18551698.19857,0
2024-05-15,78.77,82.87,78.23,82.45,464809.116,1715817599999,37256712.45662,99210,226305.931,18171530.96157,0
2024-05-16,82.45,83.24,81.37,82.43,347670.919,1715903999999,28606146.55354,90803,173138.797,14246961.80375,0
2024-05-17,82.43,84.23,81.92,84.14,326396.421,1715990399999,27166111.67058,84815,162730.707,13544139.5865,0
2024-05-18,84.15,84.81,83.43,83.84,215539.473,1716076799999,18117054.45731,71174,102269.966,8597113.56616,0
2024-05-19,83.84,84.38,81.77,82.4,227737.175,1716163199999,18923241.41285,66475,109922.616,9137853.89985,0
2024-05-20,82.4,89.11,82.39,88.64,599212.269,1716249599999,51285350.23268,143215,314663.255,26939541.47533,0
2024-05-21,88.64,89.63,87.0,88.26,905649.076,1716335999999,80025488.67369,164418,431348.443,38113314.22971,0
2024-05-22,88.26,88.48,84.88,85.78,537922.52,1716422399999,46541011.36235,119829,249317.173,21566849.24523,0
2024-05-23,85.78,87.95,80.53,85.45,984635.687,1716508799999,83947774.83241,196935,453194.05,38645380.68093,0
2024-05-24,85.45,86.48,84.01,85.0,591773.875,1716595199999,50467788.19284,117683,233697.636,19930592.47505,0
2024-05-25,85.0,85.98,84.43,84.98,251017.316,1716681599999,21365704.20448,78669,112815.512,9602976.0069,0
2024-05-26,84.99,85.26,83.54,83.9,279388.435,1716767999999,23577748.90249,74740,134936.497,11389541.93518,0
2024-05-27,83.91,86.43,83.82,85.24,346465.824,1716854399999,29493511.90762,95119,165841.982,14110347.70479,0
2024-05-28,85.24,85.54,82.06,83.44,475207.661,1716940799999,39676950.79491,128476,237859.936,19864435.97079,0
2024-05-29,83.44,84.21,82.63,83.59,334222.342,1717027199999,27953551.72354,85429,156546.794,13092657.88091,0
2024-05-30,83.58,85.54,81.9,84.42,441661.874,1717113599999,37126536.64859,114565,217396.695,18276269.75241,0
2024-05-31,84.43,84.7,82.02,83.21,355784.532,1717199999999,29728898.90631,96309,164041.994,13708582.69265,0
2024-06-01,83.21,83.74,82.92,83.48,172096.505,1717286399999,14344976.36493,63151,83555.46,6964521.10377,0
2024-06-02,83.48,83.53,82.2,83.11,285093.347,1717372799999,23633255.77463,65976,149874.178,12423806.76661,0
2024-06-03,83.11,84.29,82.65,82.82,379200.72,1717459199999,31657251.00082,93649,183077.41,15283104.82149,0
2024-06-04,82.83,83.7,81.11,83.65,340359.329,1717545599999,28056436.49822,96846,166615.639,13734225.88076,0
2024-06-05,83.66,85.47,83.49,85.44,302276.545,1717631999999,25467926.83991,76721,143018.072,12050699.75771,0
2024-06-06,85.44,85.84,84.16,84.19,296197.824,1717718399999,25200985.06128,92679,142339.12,12113871.48126,0
2024-06-07,84.19,84.83,75.0,80.13,782793.301,1717804799999,63136585.67506,195737,360443.748,29063732.41003,0
2024-06-08,80.13,80.46,78.84,79.97,257436.338,1717891199999,20544533.14603,66426,132638.351,10585702.82265,0
2024-06-09,79.96,80.71,79.49,80.49,163718.623,1717977599999,13125077.47588,51081,81511.355,6536433.43023,0
2024-06-10,80.5,80.52,79.07,79.66,245521.341,1718063999999,19564049.54007,66927,122049.982,9725213.50262,0
2024-06-11,79.67,79.85,75.55,77.32,673700.591,1718150399999,52448108.22137,153784,336949.635,26230097.20914,0
2024-06-12,77.31,79.28,76.33,78.5,474723.842,1718236799999,37067971.42731,123222,236136.824,18430739.86373,0
2024-06-13,78.5,79.79,77.27,79.15,375356.239,1718323199999,29518559.25383,104640,181568.8,14283494.46154,0
2024-06-14,79.15,80.27,75.9,77.61,513907.515,1718409599999,40329442.32135,120192,263167.584,20668308.11424,0
2024-06-15,77.61,79.47,77.45,79.23,234242.45,1718495999999,18429155.02655,68893,122787.748,9659400.90092,0
2024-06-16,79.23,80.15,78.63,78.98,189493.659,1718582399999,15031941.17969,57599,93964.546,7456719.835,0
2024-06-17,78.99,79.24,75.1,76.59,452907.381,1718668799999,35053779.07165,119348,203732.063,15764519.28272,0
2024-06-18,76.6,76.77,70.65,72.66,731466.118,1718755199999,53152593.44748,166426,349137.009,25356192.63703,0
2024-06-19,72.66,74.97,72.5,73.77,316900.189,1718841599999,23449046.0565,74870,158182.48,11703444.30974,0
2024-06-20,73.77,75.35,73.24,74.69,371950.598,1718927999999,27697138.4716,84981,193995.355,14445125.48908,0
2024-06-21,74.7,74.73,72.17,74.17,523545.991,1719014399999,38390534.40184,107616,272299.124,19969374.5699,0
2024-06-22,74.17,74.88,73.56,74.61,179086.364,1719100799999,13294926.84144,55789,86852.493,6447066.56688,0
2024-06-23,74.6,75.06,73.23,73.37,183031.022,1719187199999,13606986.93013,54971,90390.438,6721897.63503,0
2024-06-24,73.37,73.45,67.5,69.68,712802.629,1719273599999,49906424.30973,157722,332855.374,23308882.53548,0
2024-06-25,69.68,72.03,69.4,71.35,369103.552,1719359999999,26122111.20034,81945,171875.024,12164153.68812,0
2024-06-26,71.35,71.95,70.36,71.02,286798.118,1719446399999,20445153.7591,74668,133140.247,9492815.21908,0
2024-06-27,71.02,73.35,70.55,73.28,300895.691,1719532799999,21603604.56422,73531,151372.464,10869080.57744,0
2024-06-28,73.28,74.76,72.54,72.9,412794.018,1719619199999,30382360.97073,110535,204382.695,15040477.78936,0
2024-06-29,72.9,76.9,72.87,74.95,348415.315,1719705599999,26091783.55057,95923,179265.282,13430293.74684,0
2024-06-30,74.94,75.98,74.11,75.31,317637.764,1719791999999,23833767.00345,85272,159877.266,11997733.6289,0
2024-07-01,75.32,75.96,74.17,74.38,270636.833,1719878399999,20284480.27542,81858,126123.923,9455113.21441,0
2024-07-02,74.38,76.21,74.28,76.04,243844.128,1719964799999,18314636.08752,73117,118957.806,8936879.48519,0
2024-07-03,76.04,76.21,71.78,72.08,393529.358,1720051199999,29127647.81128,114769,174279.09,12893144.21489,0
2024-07-04,72.08,72.42,65.0,65.42,534114.975,1720137599999,36628486.44824,153705,256135.559,17563365.88158,0
2024-07-05,65.42,65.58,56.86,61.85,1437934.907,1720223999999,86459713.43279,302009,689130.96,41425663.2868,0
2024-07-06,61.85,65.67,61.4,65.39,320005.364,1720310399999,20346484.59736,81950,167431.6,10643797.9723,0
2024-07-07,65.4,65.57,61.63,62.05,287837.524,1720396799999,18329699.78698,78548,141130.633,8982952.80543,0
2024-07-08,62.04,67.03,59.25,64.92,542865.4,1720483199999,34607972.93522,149324,265607.749,16926382.55349,0
2024-07-09,64.92,66.3,64.26,65.3,237630.526,1720569599999,15572699.32046,69592,121607.035,7970791.9461,0
2024-07-10,65.31,67.3,64.5,66.96,288677.299,1720655999999,19074630.90911,75686,140346.247,9277196.5172,0
2024-07-11,66.96,69.14,66.42,67.36,294587.381,1720742399999,20041640.70204,102858,143175.294,9737867.57468,0
2024-07-12,67.36,69.42,66.78,69.25,401927.86,1720828799999,27591994.06335,118330,198050.554,13594198.47935,0
2024-07-13,69.26,70.68,69.13,69.82,258768.927,1720915199999,18092189.71501,76495,128808.329,9005741.6247,0
2024-07-14,69.82,70.51,69.23,69.92,228944.765,1721001599999,16004754.12847,69047,112362.236,7856241.44573,0
2024-07-15,69.91,72.53,69.67,72.29,435940.946,1721087999999,30861488.7773,116909,207528.679,14688161.11719,0
2024-07-16,72.29,74.09,70.34,73.21,435389.184,1721174399999,31604963.68922,136104,223032.714,16195254.96982,0
2024-07-17,73.2,74.25,71.12,71.38,344202.11,1721260799999,24988236.01819,105257,159457.487,11582033.84831,0
2024-07-18,71.37,72.95,70.5,71.63,238896.669,1721347199999,17150705.2665,98785,110604.771,7938949.40516,0
2024-07-19,71.64,74.13,69.67,73.4,356994.208,1721433599999,25654447.31323,124378,180924.307,12998350.25951,0
2024-07-20,73.41,73.92,72.31,73.03,199919.213,1721519999999,14636068.0913,79106,104637.0,7661217.49681,0
2024-07-21,73.04,74.13,71.21,73.98,264424.146,1721606399999,19333708.82695,92844,136123.348,9953600.40906,0
2024-07-22,73.99,74.61,70.7,71.26,371305.96,1721692799999,27070013.52836,128044,185047.296,13482270.43207,0
2024-07-23,71.25,73.11,70.43,72.92,353283.963,1721779199999,25419778.91988,109362,173481.727,12488233.66265,0
2024-07-24,72.92,73.67,70.74,71.29,261735.815,1721865599999,19010046.55802,82560,131566.057,9562713.90063,0
2024-07-25,71.28,71.66,67.29,68.79,410661.569,1721951999999,28309396.18804,117021,190834.821,13159769.77885,0
2024-07-26,68.8,71.7,68.76,71.31,234994.905,1722038399999,16664575.18433,63933,115324.646,8173865.67902,0
2024-07-27,71.31,72.37,70.27,71.32,255064.977,1722124799999,18250930.20083,78018,136540.033,9771423.11105,0
2024-07-28,71.3,71.77,70.34,71.07,149307.521,1722211199999,10630869.79777,53371,73030.34,5199222.86132,0
2024-07-29,71.08,76.78,71.04,73.69,577061.851,1722297599999,43077569.41365,146343,291404.02,21753476.21265,0
2024-07-30,73.69,74.56,71.08,71.69,242566.586,1722383999999,17716619.43973,95566,112765.124,8240015.85387,0
2024-07-31,71.69,72.93,69.86,70.14,257184.993,1722470399999,18362560.74647,100830,123534.075,8823320.56229,0
2024-08-01,70.15,71.45,65.94,69.59,408394.942,1722556799999,28207341.35967,150314,199342.307,13767704.16158,0
2024-08-02,69.58,69.97,63.97,65.06,395849.521,1722643199999,26439668.04677,156764,188723.607,12623195.61527,0
2024-08-03,65.05,66.38,62.57,64.65,375256.367,1722729599999,24197978.42188,123798,170049.507,10957015.08188,0
2024-08-04,64.66,65.25,60.31,62.46,313781.198,1722815999999,19821234.79105,116514,159838.864,10098672.33814,0
2024-08-05,62.47,62.58,49.8,56.08,2173870.07,1722902399999,118795273.07422,513935,998368.32,54555351.84971,0
2024-08-06,56.09,59.32,55.98,58.25,492339.711,1722988799999,28597991.43585,116131,238160.06,13829777.04406,0
2024-08-07,58.24,59.5,55.35,55.99,620230.427,1723075199999,35568119.16351,163473,294866.265,16889584.55515,0
2024-08-08,56.0,62.0,55.16,61.16,372849.94,1723161599999,22018116.9355,141634,196667.868,11622888.59323,0
2024-08-09,61.15,61.24,59.33,60.72,286289.922,1723247999999,17271365.47779,116200,141053.558,8508714.75752,0
2024-08-10,60.72,61.55,60.14,61.16,199810.959,1723334399999,12174707.57692,83709,106020.248,6460990.07861,0
2024-08-11,61.17,62.42,58.81,59.73,306212.882,1723420799999,18629048.38971,115970,156089.061,9498547.40036,0
2024-08-12,59.73,62.06,59.17,61.5,444394.904,1723507199999,27097058.0394,146905,215364.37,13135930.23758,0
2024-08-13,61.5,63.52,61.12,63.44,296388.601,1723593599999,18505401.38663,117516,155735.137,9726402.18563,0
2024-08-14,63.43,64.69,62.57,64.06,334518.91,1723679999999,21363329.8618,147334,171533.242,10956024.26552,0
2024-08-15,64.05,66.89,63.59,65.33,572346.5,1723766399999,37220476.37617,259025,273902.155,17808607.64922,0
2024-08-16,65.33,66.79,64.28,66.49,425227.854,1723852799999,27984259.03328,199947,202375.309,13319135.44557,0
2024-08-17,66.49,67.87,65.88,67.59,218390.878,1723939199999,14644166.67475,118382,107113.76,7181615.14326,0
2024-08-18,67.59,68.16,66.09,66.33,291014.373,1724025599999,19526619.73475,148161,139008.646,9325333.938,0
2024-08-19,66.34,67.42,65.59,66.32,325938.679,1724111999999,21704286.66393,140637,143897.262,9581815.15379,0
2024-08-20,66.32,67.3,63.15,64.41,423924.769,1724198399999,27596771.26408,168434,207288.491,13493696.32575,0
2024-08-21,64.41,64.77,62.06,64.27,453834.362,1724284799999,28769074.58616,229822,229155.859,14521272.93497,0
2024-08-22,64.27,64.37,62.48,63.77,321301.243,1724371199999,20388919.55578,180883,160755.177,10198295.71638,0
2024-08-23,63.77,66.88,63.47,66.1,427315.743,1724457599999,27693987.56455,214426,225743.991,14630499.7768,0
2024-08-24,66.1,67.99,65.43,66.57,307082.897,1724543999999,20489204.79348,157972,152993.894,10212916.47224,0
2024-08-25,66.57,66.87,64.42,64.82,273239.656,1724630399999,17879960.98558,157099,129926.045,8499558.61393,0
2024-08-26,64.82,65.1,62.97,63.01,325813.775,1724716799999,20875952.47224,181450,155525.501,9966805.09994,0
2024-08-27,63.0,63.97,59.0,60.38,401987.146,1724803199999,24984792.1295,209231,187393.688,11652915.25066,0
2024-08-28,60.37,62.38,59.4,61.82,393591.324,1724889599999,24003777.07438,233564,194682.624,11871961.66067,0
2024-08-29,61.83,63.96,61.09,62.47,646057.531,1724975999999,40411358.90552,261539,316380.945,19822981.85015,0
2024-08-30,62.46,65.42,61.55,64.94,445694.647,1725062399999,28218609.20106,226626,223995.639,14184630.51644,0
2024-08-31,64.93,66.45,64.86,64.97,333260.006,1725148799999,21832901.20396,148119,171007.395,11203500.32776,0
2024-09-01,64.96,65.13,62.84,63.59,275100.421,1725235199999,17679544.91843,172556,131117.017,8425380.96976,0
2024-09-02,63.57,65.74,62.6,65.33,338228.783,1725321599999,21690654.57029,194953,171208.843,10980025.28828,0
2024-09-03,65.33,66.38,64.3,64.36,320522.789,1725407999999,20984736.01534,221436,163855.913,10729937.44941,0
2024-09-04,64.36,66.22,62.02,65.42,425540.638,1725494399999,27688846.48962,278978,197451.512,12848882.44149,0
2024-09-05,65.41,68.55,64.43,66.08,736165.409,1725580799999,48587031.42274,295066,381048.403,25161103.31927,0
2024-09-06,66.07,66.81,61.18,63.05,503464.824,1725667199999,32401742.54615,243413,255607.555,16460318.59814,0
2024-09-07,63.05,64.16,61.64,62.07,315700.656,1725753599999,19911900.45516,153564,165061.749,10410646.72686,0
2024-09-08,62.06,62.32,59.89,60.95,393724.274,1725839999999,24163756.87065,154935,197675.192,12141145.90566,0
2024-09-09,60.94,61.82,59.65,61.42,595870.787,1725926399999,36203657.7938,210740,322159.649,19578019.46123,0
2024-09-10,61.41,61.77,60.35,61.51,377145.929,1726012799999,23027312.54809,161362,188653.868,11516373.71324,0
2024-09-11,61.52,62.42,60.13,62.19,489748.89,1726099199999,30064373.91292,184345,246149.827,15110911.51054,0
2024-09-12,62.17,63.12,61.52,62.84,383572.639,1726185599999,23878548.09643,147913,195296.924,12157367.23747,0
2024-09-13,62.83,65.01,62.4,64.91,407124.406,1726271999999,26016566.06597,173023,201669.4,12885151.16053,0
2024-09-14,64.92,66.76,64.87,65.91,414127.091,1726358399999,27288627.60744,168625,210863.562,13896543.48359,0
2024-09-15,65.91,66.31,62.89,63.24,295654.677,1726444799999,19092517.24228,148207,131466.516,8493406.5638,0
2024-09-16,63.24,63.75,62.1,62.62,291156.153,1726531199999,18298887.06432,161678,133674.321,8400595.01999,0
2024-09-17,62.63,64.03,61.93,63.77,298536.819,1726617599999,18836798.36776,148747,156429.12,9868747.50788,0
2024-09-18,63.76,64.86,62.39,64.84,302989.047,1726703999999,19303022.25037,161315,156584.145,9974313.13621,0
2024-09-19,64.84,66.06,64.69,65.4,345158.431,1726790399999,22553359.81068,161108,182758.49,11941726.62523,0
2024-09-20,65.39,66.45,64.33,65.33,358959.114,1726876799999,23510505.20551,215884,186276.582,12196398.94575,0
2024-09-21,65.33,67.15,64.82,66.84,222813.661,1726963199999,14733299.64507,141509,114957.233,7602437.3212,0
2024-09-22,66.85,68.82,66.46,68.68,306313.854,1727049599999,20637225.51611,202414,162740.285,10965624.8447,0
2024-09-23,68.69,69.35,66.63,66.96,311939.213,1727135999999,21130863.19101,164597,150935.154,10225096.06253,0
2024-09-24,66.95,67.17,65.66,66.7,311050.764,1727222399999,20688571.77219,160541,153418.008,10203932.77402,0
2024-09-25,66.71,67.85,65.91,66.55,251370.126,1727308799999,16806206.05028,152744,124431.293,8319272.17193,0
2024-09-26,66.55,68.58,65.63,68.54,293448.78,1727395199999,19826672.22612,167480,149515.422,10103925.67053,0
2024-09-27,68.54,71.2,68.28,71.13,377138.733,1727481599999,26299214.60101,221032,203746.627,14202446.38704,0
2024-09-28,71.13,71.52,69.01,69.95,324204.131,1727567999999,22748665.3731,171938,160808.048,11289819.95289,0
2024-09-29,69.95,70.32,68.49,69.27,217931.548,1727654399999,15129018.14594,155161,115520.247,8018936.91531,0
2024-09-30,69.27,69.38,66.28,66.82,350738.257,1727740799999,23669118.44155,212803,183926.406,12404984.22756,0
2024-10-01,66.83,68.59,62.0,63.41,476778.203,1727827199999,31139933.51307,268352,237147.777,15517531.25595,0
2024-10-02,63.4,64.77,62.23,62.95,333252.431,1727913599999,21146709.37912,218589,156119.795,9911728.46721,0
2024-10-03,62.95,63.97,61.92,63.44,338510.319,1727999999999,21374688.35301,203389,157250.905,9937006.10125,0
2024-10-04,63.45,65.2,63.29,64.95,232700.151,1728086399999,14984126.0422,151732,114974.482,7403266.38039,0
2024-10-05,64.95,66.36,64.67,66.29,209580.313,1728172799999,13758972.36857,153801,103648.17,6805282.24629,0
2024-10-06,66.3,67.65,66.11,67.02,205595.558,1728259199999,13797201.06102,161279,95079.832,6382514.64934,0
2024-10-07,67.03,67.98,64.48,64.77,343005.628,1728345599999,22741064.02065,284002,158814.074,10538672.39951,0
2024-10-08,64.77,66.16,64.52,65.69,237887.624,1728431999999,15569734.01114,152490,116146.959,7601043.17501,0
2024-10-09,65.69,65.97,64.11,64.59,300940.046,1728518399999,19616047.30471,148205,144116.731,9396213.96825,0
2024-10-10,64.59,65.09,63.22,64.32,218900.38,1728604799999,14093161.95964,129350,104624.315,6739248.77449,0
2024-10-11,64.32,65.92,64.3,65.58,213209.345,1728691199999,13915367.81768,111224,112430.335,7341993.48069,0
2024-10-12,65.59,66.65,65.07,66.19,156600.646,1728777599999,10354446.30537,107221,78317.834,5179370.23572,0
2024-10-13,66.19,66.3,64.43,64.8,169832.939,1728863999999,11074170.69253,114846,84874.646,5535605.9138,0
2024-10-14,64.8,67.37,64.12,66.83,392472.567,1728950399999,25974371.64683,175438,204125.42,13511549.60893,0
2024-10-15,66.84,72.0,65.27,70.87,1052315.145,1729036799999,72322277.26302,362785,552401.495,37959196.57359,0
2024-10-16,70.87,73.07,69.32,70.08,659266.466,1729123199999,46980891.2281,223400,328431.229,23408445.79599,0
2024-10-17,70.08,74.0,69.87,72.8,572727.857,1729209599999,41177262.73293,161449,286474.096,20606441.02224,0
2024-10-18,72.79,74.87,71.89,73.11,465869.732,1729295999999,33986242.37359,158211,240989.201,17582376.29214,0
2024-10-19,73.11,76.19,73.03,74.9,310186.925,1729382399999,23213874.23967,121852,153189.167,11464333.29998,0
2024-10-20,74.9,75.88,73.6,74.3,294976.535,1729468799999,22018612.7291,112550,151823.522,11333044.78235,0
2024-10-21,74.31,74.62,70.32,70.77,406227.564,1729555199999,29382581.64129,141882,183797.144,13311535.76825,0
2024-10-22,70.77,71.62,69.39,70.04,700483.125,1729641599999,49418449.95885,171531,345625.508,24391824.87896,0
2024-10-23,70.03,70.43,67.86,70.04,300494.357,1729727999999,20766401.21216,95888,145880.258,10084048.39279,0
2024-10-24,70.05,71.33,69.29,71.18,265397.628,1729814399999,18684376.71394,90113,134111.064,9442514.94908,0
2024-10-25,71.18,72.28,66.79,68.84,410496.964,1729900799999,29003045.37298,146479,200192.15,14149032.73624,0
2024-10-26,68.83,69.72,68.07,68.47,248465.197,1729987199999,17111527.7113,105962,120074.421,8267796.78372,0
2024-10-27,68.47,71.22,68.0,71.06,188682.053,1730073599999,13186120.91861,88727,93000.056,6490865.27639,0
2024-10-28,71.1,71.57,69.6,70.8,334714.929,1730159999999,23657064.94403,146435,170339.187,12037841.78254,0
2024-10-29,70.81,74.38,70.71,73.98,431834.786,1730246399999,31408100.79437,140620,227622.892,16556289.75316,0
2024-10-30,73.99,74.27,71.49,71.76,290639.026,1730332799999,21040895.29855,122267,135002.466,9773669.15963,0
2024-10-31,71.76,72.11,68.42,69.33,367951.223,1730419199999,25940224.92436,149264,180983.13,12761312.76081,0
2024-11-01,69.33,71.09,67.7,70.27,398447.975,1730505599999,27743215.33544,139032,199578.919,13910302.85556,0
2024-11-02,70.27,71.25,68.86,69.2,228292.224,1730591999999,15981538.98908,86542,102764.903,7188146.56393,0
2024-11-03,69.2,69.29,65.28,66.86,328302.269,1730678399999,21999390.8577,119015,157990.995,10576336.99018,0
2024-11-04,66.85,67.74,64.45,65.56,368027.479,1730764799999,24391632.68173,113446,175933.305,11667436.37305,0
2024-11-05,65.56,67.28,64.85,65.39,387237.066,1730851199999,25657914.60405,141194,199128.347,13195117.76725,0
2024-11-06,65.4,71.64,65.35,71.01,841276.532,1730937599999,58431300.6954,225026,425540.743,29553673.88743,0
2024-11-07,71.0,72.39,69.88,71.45,458912.255,1731023999999,32700471.8051,162274,223339.401,15917931.17992,0
2024-11-08,71.46,73.05,70.64,72.78,419454.252,1731110399999,30149904.38331,194576,215791.943,15510853.24541,0
2024-11-09,72.79,74.19,71.58,73.98,389149.592,1731196799999,28383512.82965,178021,194497.72,14189094.7657,0
2024-11-10,73.98,78.2,73.45,76.58,1116857.615,1731283199999,85489841.2398,427224,570497.59,43659804.88707,0
2024-11-11,76.58,80.37,74.57,80.03,1490444.189,1731369599999,115845492.53239,468013,733009.287,57000368.64693,0
2024-11-12,80.04,82.78,68.0,76.69,1818019.562,1731455999999,141311602.99699,716378,870818.412,67761547.04776,0
2024-11-13,76.69,77.93,71.86,75.39,1304193.717,1731542399999,97744980.04347,501819,637134.745,47741897.42612,0
2024-11-14,75.4,85.0,74.17,82.38,2471579.137,1731628799999,200658479.17125,767725,1241724.211,100814639.18235,0
2024-11-15,82.37,87.37,78.84,83.7,1604234.042,1731715199999,133869462.12539,395658,820259.458,68502214.95034,0
2024-11-16,83.71,98.49,82.84,95.42,2821944.885,1731801599999,256895597.72608,694997,1396854.871,127063620.95427,0
2024-11-17,95.44,97.43,84.68,87.2,1747857.17,1731887999999,157097764.45914,444203,841176.653,75628504.30669,0
2024-11-18,87.2,95.0,86.38,89.22,1671176.849,1731974399999,151270545.29259,423748,826629.469,74896495.91987,0
2024-11-19,89.21,90.18,85.07,86.68,1002251.171,1732060799999,87991039.96433,262857,439545.614,38579378.16107,0
2024-11-20,86.67,87.83,82.33,83.38,887763.33,1732147199999,75555195.40865,237754,435267.657,37073989.49061,0
2024-11-21,83.41,93.0,81.54,89.51,1455684.862,1732233599999,129058532.98481,350429,766428.514,67998959.60288,0
2024-11-22,89.51,92.78,87.63,92.2,1231751.446,1732319999999,111162010.94122,350835,610707.028,55133154.89621,0
2024-11-23,92.2,106.36,92.08,99.5,3151459.163,1732406399999,317252708.97061,802815,1612749.714,162349137.76113,0
2024-11-24,99.5,103.18,91.53,96.92,1496549.842,1732492799999,145212332.10057,427021,688467.286,66802916.21444,0
2024-11-25,96.92,99.23,90.92,92.26,1039103.845,1732579199999,99472038.3003,311732,513466.216,49197823.42346,0
2024-11-26,92.23,95.31,87.95,92.82,851742.704,1732665599999,77820915.02322,267815,434980.395,39767118.76219,0
2024-11-27,92.82,99.0,91.47,97.23,825746.05,1732751999999,79051308.38593,237113,412839.917,39588842.25904,0
2024-11-28,97.25,98.31,93.66,95.54,529480.313,1732838399999,50697696.59173,213839,273878.907,26241374.83174,0
2024-11-29,95.54,104.8,94.72,104.77,817737.485,1732924799999,81460008.43915,282045,418663.617,41707531.89229,0
2024-11-30,104.76,104.92,100.33,102.74,829390.09,1733011199999,84812219.07163,273788,403435.454,41232813.73521,0
2024-12-01,102.75,122.25,99.35,119.55,1983464.76,1733097599999,217809899.61107,563958,1036726.719,113961463.85193,0
2024-12-02,119.57,139.74,114.63,132.93,4487620.242,1733183999999,563110364.88125,1332219,2259946.341,283752445.86587,0
2024-12-03,132.93,135.16,121.42,130.89,2454253.328,1733270399999,318115882.35362,636369,1205459.675,156345371.29802,0
2024-12-04,130.9,135.7,121.9,133.69,1760741.798,1733356799999,227827906.20731,550863,855163.213,110839608.23304,0
2024-12-05,133.69,147.06,124.94,135.78,2689717.085,1733443199999,366673776.70745,833904,1325021.186,180713368.25017,0
2024-12-06,135.79,139.28,130.08,135.93,1164106.044,1733529599999,156993760.98056,364222,583918.54,78794858.77513,0
2024-12-07,135.94,138.67,131.76,133.79,799724.325,1733615999999,108495440.69736,254939,383555.445,52070226.61478,0
2024-12-08,133.79,135.9,130.08,134.91,633885.207,1733702399999,84377830.60894,207274,308189.472,41047133.12944,0
2024-12-09,134.91,135.07,100.56,110.44,2110765.154,1733788799999,246658432.687,625726,1030621.508,120084755.522,0
2024-12-10,110.43,114.84,101.23,109.8,2582881.681,1733875199999,281842927.16314,539964,1292302.685,140996271.32338,0
2024-12-11,109.79,118.68,106.01,117.3,1267462.877,1733961599999,143592735.31412,292094,675869.125,76557539.45565,0
2024-12-12,117.3,125.01,116.46,119.24,1493639.186,1734047999999,180736941.74976,344538,738166.356,89342940.65067,0
2024-12-13,119.23,125.3,117.04,124.52,1060225.123,1734134399999,127818712.45639,271433,540807.313,65247933.21699,0
2024-12-14,124.52,125.34,115.42,118.21,716518.273,1734220799999,86276297.49696,194714,338124.43,40758708.45655,0
2024-12-15,118.23,122.18,114.26,121.11,657673.179,1734307199999,77805504.61429,177440,331438.897,39240867.78924,0
2024-12-16,121.13,124.03,115.38,117.99,1018209.997,1734393599999,122253585.64465,242418,505589.832,60672445.90609,0
2024-12-17,118.0,131.48,114.37,125.63,1814655.994,1734479999999,223243280.53294,429511,916767.719,112718933.73955,0
2024-12-18,125.6,129.11,107.1,108.35,2148185.765,1734566399999,252391930.21178,495609,1076932.883,126491116.2688,0
2024-12-19,108.32,111.76,94.69,99.36,2305051.958,1734652799999,239379553.95238,467961,1180729.07,122679792.47544,0
2024-12-20,99.36,103.3,86.69,101.38,1911581.465,1734739199999,182182487.54896,401681,949381.852,90443810.28971,0
2024-12-21,101.37,106.04,97.74,101.56,1025955.733,1734825599999,104487844.8525,231719,517236.71,52710991.14596,0
2024-12-22,101.57,103.93,96.62,99.78,802186.042,1734911999999,80455293.42838,177374,393690.851,39480189.81535,0
2024-12-23,99.8,107.67,97.91,106.77,954998.504,1734998399999,98072230.1199,214474,481395.573,49447095.3347,0
2024-12-24,106.76,110.83,103.96,108.35,682252.924,1735084799999,73427461.77897,171246,345511.12,37186706.36498,0
2024-12-25,108.34,110.67,106.92,109.82,455229.844,1735171199999,49447534.6863,120464,225243.088,24466187.29501,0
2024-12-26,109.82,110.35,101.08,102.23,579103.403,1735257599999,60508855.23889,160146,290565.935,30354128.50076,0
2024-12-27,102.24,106.51,99.68,100.58,505959.606,1735343999999,52079942.08704,152482,256093.194,26368746.36329,0
2024-12-28,100.58,101.8,98.67,100.74,308821.06,1735430399999,30945679.37133,98068,154519.816,15488213.31682,0
2024-12-29,100.75,101.66,96.83,98.51,382496.606,1735516799999,38146441.60263,101505,180258.976,17977142.89671,0
2024-12-30,98.51,103.05,97.36,99.4,632333.703,1735603199999,63504322.01426,160422,307472.154,30875377.5956,0
2024-12-31,99.4,104.79,97.75,103.28,534270.836,1735689599999,54593805.40865,132905,270074.791,27614964.13646,0
2025-01-01,103.28,108.14,102.03,105.24,550072.36,1735775999999999,57842205.47703,147983,279945.63,29451905.39577,0
2025-01-02,105.23,108.75,104.61,105.14,660886.805,1735862399999999,70341066.8243,165324,343546.776,36576796.46417,0
2025-01-03,105.14,114.83,104.11,112.71,640808.332,1735948799999999,69912748.42714,159725,308237.778,33662915.08661,0
2025-01-04,112.72,112.88,110.07,111.21,361726.076,1736035199999999,40303762.24262,100797,178622.308,19905342.49291,0
2025-01-05,111.22,116.17,110.58,115.72,371535.918,1736121599999999,41830282.64142,115690,181395.903,20449759.29377,0
2025-01-06,115.72,117.38,111.64,114.01,662970.334,1736207999999999,76019928.1264,166591,321953.543,36915136.23315,0
2025-01-07,114.0,114.9,102.07,102.72,828382.941,1736294399999999,89745542.35566,226889,411274.799,44576924.0308,0
2025-01-08,102.71,105.03,97.21,101.43,730219.614,1736380799999999,74166451.49901,188335,334254.016,33968056.17556,0
2025-01-09,101.43,105.85,99.88,102.23,661927.707,1736467199999999,67926967.84466,182495,330720.206,33937831.3303,0
2025-01-10,102.23,106.27,102.06,103.96,518210.256,1736553599999999,54078413.37684,163169,257299.156,26862197.35979,0
2025-01-11,103.94,104.97,102.17,104.39,310729.856,1736639999999999,32198983.01702,108080,151274.187,15682667.81089,0
2025-01-12,104.4,105.27,101.35,102.34,293039.88,1736726399999999,30303091.58005,86313,134325.619,13895286.59432,0
2025-01-13,102.35,104.47,92.57,98.37,753144.321,1736812799999999,73185188.72286,199279,347957.764,33815449.99318,0
2025-01-14,98.38,102.57,97.52,102.45,428318.978,1736899199999999,42796201.3749,107802,220141.194,22022762.02436,0
2025-01-15,102.45,118.68,100.75,116.96,1024651.571,1736985599999999,111327121.23137,272372,528697.419,57519931.52549,0
2025-01-16,116.96,130.49,114.04,124.41,2986879.825,1737071999999999,363927146.55475,721768,1503671.923,183124737.4749,0
2025-01-17,124.44,141.22,124.44,137.04,2607980.341,1737158399999999,353487964.13369,677225,1291677.66,174960166.70667,0
2025-01-18,137.04,139.6,123.23,125.4,1829953.181,1737244799999999,234445163.00831,934426,843107.982,107977325.99751,0
2025-01-19,125.41,128.66,111.0,115.57,2294694.684,1737331199999999,274862993.04496,1101405,1165196.687,139715620.11371,0
2025-01-20,115.56,127.97,112.88,118.58,1899680.537,1737417599999999,226254214.99284,1157585,951417.511,113371539.15509,0
2025-01-21,118.58,124.88,113.69,119.11,1104429.961,1737503999999999,131488651.40666,654469,544838.934,64911382.79351,0
2025-01-22,119.11,120.27,114.22,115.38,642663.305,1737590399999999,74943201.31845,398295,311693.276,36364426.71743,0
2025-01-23,115.38,117.21,111.24,116.42,654578.406,1737676799999999,74909001.19428,495044,318083.354,36402452.41493,0
2025-01-24,116.42,122.99,112.82,118.71,987345.151,1737763199999999,117209572.94791,576325,481897.92,57203957.17438,0
2025-01-25,118.71,129.35,118.04,123.92,1390886.426,1737849599999999,173332609.26364,736291,696706.658,86823472.81235,0
2025-01-26,123.93,125.1,116.9,117.11,568152.234,1737935999999999,69424810.04339,324738,261681.536,32017950.96505,0
2025-01-27,117.07,117.89,106.17,115.06,1211594.768,1738022399999999,135260268.94243,836705,558208.415,62383607.07379,0
2025-01-28,115.05,116.95,109.1,109.92,691853.793,1738108799999999,78762401.86206,453898,353016.128,40192551.37276,0
2025-01-29,109.92,119.49,109.85,115.9,799397.356,1738195199999999,91319836.49223,500818,403405.601,46115510.32958,0
2025-01-30,115.9,134.0,114.22,130.15,1913996.416,1738281599999999,245019109.9662,940384,988599.394,126456521.38076,0
2025-01-31,130.15,135.32,125.21,128.09,1149057.199,1738367999999999,148641214.95944,593944,590884.839,76557973.44707,0
2025-02-01,128.09,131.24,117.62,118.04,1183240.981,1738454399999999,147414047.40906,591394,490797.918,61110079.06468,0
2025-02-02,118.05,121.41,104.02,109.12,1569458.035,1738540799999999,177318750.18708,944118,768143.063,86816362.97621,0
2025-02-03,109.13,109.16,80.04,106.91,3614756.025,1738627199999999,350431895.52384,1825115,1781769.605,173012991.73881,0
2025-02-04,106.91,108.76,98.42,101.07,1303945.435,1738713599999999,133447640.18243,862290,644685.309,65969516.0363,0
2025-02-05,101.08,109.45,100.47,103.38,1047918.633,1738799999999999,109862583.64418,665118,532355.035,55802895.60381,0
2025-02-06,103.38,109.66,99.49,101.66,1119342.799,1738886399999999,116480174.76022,681152,556103.584,57850690.73155,0
2025-02-07,101.66,108.13,100.57,103.11,851999.926,1738972799999999,89040187.09031,605345,421012.061,44001165.23164,0
2025-02-08,103.11,105.17,101.75,104.69,490464.262,1739059199999999,50715696.97982,319528,250858.346,25949645.8336,0
2025-02-09,104.69,109.18,102.28,107.2,748420.433,1739145599999999,79642224.07775,433294,381144.421,40574212.72762,0
2025-02-10,107.2,122.48,107.13,120.21,1863120.565,1739231999999999,215767169.26393,1017286,969360.762,112302921.8721,0
2025-02-11,120.21,132.48,117.81,119.27,2470798.83,1739318399999999,309762838.85706,1269711,1199923.562,150334946.86339,0
2025-02-12,119.26,125.0,111.33,122.04,1597881.367,1739404799999999,188901374.97434,1011085,811508.192,95980113.1354,0
2025-02-13,122.05,129.32,118.85,126.61,1388491.895,1739491199999999,172120554.75407,945325,697074.499,86477278.67487,0
2025-02-14,126.62,133.87,124.39,124.91,1576650.344,1739577599999999,202523020.98195,1043983,802368.115,103095595.69842,0
2025-02-15,124.9,135.0,124.31,133.86,1339971.945,1739663999999999,175898938.95932,811822,684795.942,89932365.92001,0
2025-02-16,133.86,137.5,125.04,125.71,1383270.475,1739750399999999,181437615.83383,744182,705246.626,92584349.6624,0
2025-02-17,125.72,128.86,120.0,122.31,1349028.336,1739836799999999,167303903.40497,700655,643528.746,79851629.50995,0
2025-02-18,122.31,129.85,119.85,129.75,1511393.623,1739923199999999,189054337.67838,912964,767836.924,96174627.03283,0
2025-02-19,129.75,140.0,129.7,134.88,2093245.236,1740009599999999,282254721.79407,1114467,1052858.907,142087973.02354,0
2025-02-20,134.88,135.23,125.86,130.82,1673076.047,1740095999999999,217228721.46693,920427,807931.462,104928602.59005,0
2025-02-21,130.82,140.17,123.65,128.1,2669400.996,1740182399999999,354708559.73156,1655742,1322262.449,176032553.07154,0
2025-02-22,128.1,131.2,125.58,125.9,941456.622,1740268799999999,120563692.66374,601227,449567.318,57620710.80129,0
2025-02-23,125.91,130.44,125.17,129.85,585876.345,1740355199999999,74797401.65164,436003,293663.301,37525904.32025,0
2025-02-24,129.86,130.5,112.01,114.77,1443025.494,1740441599999999,174803157.91259,1091538,693054.934,83970030.0666,0
2025-02-25,114.78,117.32,106.08,114.55,2046367.62,1740527999999999,229996666.85769,1542588,981768.381,110469989.54571,0
2025-02-26,114.55,128.94,113.96,124.68,2521203.963,1740614399999999,311549514.60937,1646701,1245595.246,153833954.57199,0
2025-02-27,124.68,132.0,121.73,126.86,2245609.495,1740700799999999,285597923.64783,1305079,1129157.465,143607238.83877,0
2025-02-28,126.86,129.59,114.05,128.04,2554702.699,1740787199999999,312099808.04346,1681176,1260530.688,154004234.13497,0
2025-03-01,128.03,131.0,122.93,124.31,868229.911,1740873599999999,109769197.07723,633493,414635.245,52443592.84476,0
2025-03-02,124.31,130.0,117.46,127.89,1991443.325,1740959999999999,247910152.80959,1319016,979461.954,122150438.00215,0
2025-03-03,127.89,130.4,106.7,109.89,2290258.924,1741046399999999,268519038.40569,1657488,1119442.596,131183211.31853,0
2025-03-04,109.9,110.94,93.93,103.66,2521491.908,1741132799999999,257784456.37591,1765818,1251602.727,128050972.00956,0
2025-03-05,103.65,106.87,100.61,104.73,963325.131,1741219199999999,99863681.86484,705277,485950.998,50409385.1561,0
2025-03-06,104.73,113.0,102.11,103.39,1168337.179,1741305599999999,124867477.49458,744543,568460.891,60722364.6324,0
2025-03-07,103.39,106.68,97.29,103.71,1166607.54,1741391999999999,119938781.77474,862415,541760.389,55716802.02004,0
2025-03-08,103.71,109.05,101.77,102.34,579080.883,1741478399999999,60777179.22467,403102,280009.322,29431841.95002,0
2025-03-09,102.34,102.77,93.61,94.62,904937.724,1741564799999999,89117039.60104,533768,414669.639,40872272.20315,0
2025-03-10,94.63,99.1,86.26,87.48,1237623.854,1741651199999999,114447904.24146,744238,588156.704,54415109.97313,0
2025-03-11,87.49,93.29,83.28,90.46,1264775.139,1741737599999999,112170471.23954,738920,620946.165,55093206.2307,0
2025-03-12,90.45,93.0,87.3,91.51,689534.562,1741823999999999,62308237.0247,420556,330834.264,29912136.33241,0
2025-03-13,91.5,91.77,86.28,88.08,626972.93,1741910399999999,55872840.82459,344060,299458.3,26679017.58061,0
2025-03-14,88.09,92.84,87.81,91.31,509120.568,1741996799999999,46157217.2539,260681,257770.516,23379352.98608,0
2025-03-15,91.32,94.25,90.96,92.47,492267.19,1742083199999999,45691037.20965,269562,243583.443,22613170.3067,0
2025-03-16,92.47,92.69,88.34,90.22,492339.072,1742169599999999,44537167.58302,266118,221140.943,20005532.04577,0
2025-03-17,90.22,95.0,90.21,92.3,849604.706,1742255999999999,79091456.04288,364047,424985.336,39565986.63314,0
2025-03-18,92.3,92.33,87.1,90.03,682016.186,1742342399999999,60725053.00011,355633,334076.37,29763543.24309,0
2025-03-19,90.03,94.25,89.31,94.09,743820.121,1742428799999999,67926322.41083,394465,360738.28,32984039.02174,0
2025-03-20,94.09,94.57,90.07,93.29,609070.67,1742515199999999,56253438.18128,301661,293224.886,27073569.57271,0
2025-03-21,93.29,93.94,90.82,90.84,444858.363,1742601599999999,41334614.09675,252984,212362.585,19736416.57736,0
2025-03-22,90.83,92.22,90.38,91.37,277045.178,1742687999999999,25280782.70564,189019,151574.097,13828566.87535,0
2025-03-23,91.37,93.0,90.63,91.48,274595.283,1742774399999999,25212112.85977,144057,146425.56,13444272.30889,0
2025-03-24,91.48,95.6,90.81,93.77,688313.607,1742860799999999,64261689.52357,310990,329027.25,30729641.03405,0
2025-03-25,93.77,94.77,91.9,94.36,508199.648,1742947199999999,47406586.58662,231189,254026.719,23696021.10708,0
2025-03-26,94.36,96.52,90.9,92.42,574644.204,1743033599999999,54077042.20122,268680,278187.129,26208599.28406,0
2025-03-27,92.42,95.02,92.17,92.79,427380.711,1743119999999999,40001073.19728,200284,204960.781,19194523.26099,0
2025-03-28,92.79,93.43,85.71,87.35,632463.916,1743206399999999,55962323.19588,283796,309277.993,27382690.71907,0
2025-03-29,87.36,88.04,84.16,85.46,470787.935,1743292799999999,40453627.22869,212449,213401.322,18350306.45712,0
2025-03-30,85.46,86.81,84.68,86.1,249994.782,1743379199999999,21516020.73302,147309,126692.875,10903533.2302,0
2025-03-31,86.11,86.27,80.8,82.97,611862.092,1743465599999999,50909995.58618,265000,301602.652,25087641.5878,0
2025-04-01,82.98,85.9,82.86,84.48,426671.272,1743551999999999,36127053.4406,238803,197945.832,16758744.40008,0
2025-04-02,84.48,88.56,80.95,81.54,785400.088,1743638399999999,66226873.96703,474607,383346.892,32365462.82756,0
2025-04-03,81.53,84.8,80.12,83.45,547848.854,1743724799999999,45225051.7313,325675,251079.876,20732088.19992,0
2025-04-04,83.45,85.12,81.61,84.41,441032.045,1743811199999999,36938208.09922,310712,217495.456,18224937.48506,0
2025-04-05,84.41,84.98,81.62,82.67,172009.689,1743897599999999,14317389.20722,149952,85757.746,7135937.99181,0
2025-04-06,82.68,83.13,68.41,70.62,906447.894,1743983999999999,68105812.88412,505713,419776.937,31471522.01658,0
2025-04-07,70.63,73.04,63.08,70.99,1852618.484,1744070399999999,126318294.34728,794428,910750.037,62165256.80966,0
2025-04-08,70.99,73.53,68.24,69.15,748218.582,1744156799999999,53061160.43819,313368,359451.179,25498183.79806,0
2025-04-09,69.16,78.55,66.51,76.03,1126706.181,1744243199999999,82080244.88683,530858,580824.352,42270212.01752,0
2025-04-10,76.03,76.12,71.07,73.81,575481.582,1744329599999999,42439447.89496,278704,264661.653,19497997.05461,0
2025-04-11,73.81,77.55,73.73,76.19,453547.13,1744415999999999,34494972.56015,235492,217077.351,16511590.31538,0
2025-04-12,76.19,80.11,74.92,78.62,455460.706,1744502399999999,35378150.82975,253539,211884.932,16478977.64851,0
2025-04-13,78.63,80.03,76.41,77.85,364958.005,1744588799999999,28608199.99154,252241,175874.152,13787951.67919,0
2025-04-14,77.85,80.67,75.66,77.18,463176.504,1744675199999999,36071041.2311,272876,215035.605,16775748.30898,0
2025-04-15,77.19,78.72,74.65,75.27,312043.203,1744761599999999,23949781.57669,220763,151707.71,11642887.88541,0
2025-04-16,75.28,76.53,73.27,74.33,409444.494,1744847999999999,30719428.37771,238679,199720.74,14985222.8238,0
2025-04-17,74.34,76.6,73.67,74.95,316626.917,1744934399999999,23806887.55994,182448,165366.082,12435706.87192,0
2025-04-18,74.94,77.08,74.59,76.0,231992.829,1745020799999999,17595959.48653,143255,99720.334,7563199.90839,0
2025-04-19,76.0,76.77,74.24,76.1,220023.384,1745107199999999,16686672.8119,128808,108224.996,8207686.35541,0
2025-04-20,76.1,78.5,75.39,77.79,213238.873,1745193599999999,16350884.35573,140620,104666.048,8030720.15744,0
2025-04-21,77.8,81.85,77.41,78.15,465451.449,1745279999999999,36937830.98781,250166,225789.918,17923855.22106,0
2025-04-22,78.14,84.7,77.38,83.49,526846.511,1745366399999999,42901495.77047,271762,273106.106,22242709.20666,0
2025-04-23,83.5,85.22,82.22,83.28,652354.871,1745452799999999,54878263.59209,327470,341041.414,28710969.47335,0
2025-04-24,83.27,84.62,80.77,84.29,418899.973,1745539199999999,34593420.10827,263108,213172.292,17602481.55936,0
2025-04-25,84.3,87.26,82.89,86.28,427995.291,1745625599999999,36641417.48299,286962,214060.301,18325116.35365,0
2025-04-26,86.29,88.04,85.21,87.06,277717.024,1745711999999999,24154224.7459,204463,135420.364,11781838.8083,0
2025-04-27,87.06,87.59,84.56,85.39,258510.68,1745798399999999,22273459.25096,189588,125021.828,10778169.78218,0
2025-04-28,85.38,88.1,83.7,85.67,406920.589,1745884799999999,34943267.46762,253088,200600.762,17237152.14613,0
2025-04-29,85.67,87.5,84.48,85.57,427485.79,1745971199999999,36769619.3688,263317,217061.595,18681624.24661,0
2025-04-30,85.56,86.62,81.43,83.51,429565.235,1746057599999999,36191099.76754,265892,202144.116,17027087.78308,0
2025-05-01,83.52,91.0,83.3,88.85,475886.167,1746143999999999,41549569.55339,315621,246183.935,21491638.95467,0
2025-05-02,88.85,91.04,86.95,87.97,324481.946,1746230399999999,28807636.57179,250380,158573.229,14085500.32167,0
2025-05-03,87.96,87.99,85.53,86.55,183693.273,1746316799999999,15960733.23035,173798,86260.318,7495199.30836,0
2025-05-04,86.55,86.9,84.79,85.05,286786.329,1746403199999999,24687833.55961,195538,139781.157,12036028.5542,0
2025-05-05,85.05,89.51,82.19,83.25,623167.973,1746489599999999,53801326.41443,381316,293771.861,25369698.71974,0
2025-05-06,83.25,92.71,80.99,91.6,808705.083,1746575999999999,68786282.77408,425924,447929.625,38155361.11031,0
2025-05-07,91.6,93.7,87.21,89.53,917841.917,1746662399999999,83664023.47367,517853,457128.899,41651441.38388,0
2025-05-08,89.52,95.46,89.39,94.99,911424.873,1746748799999999,84210707.26432,487170,464925.872,42953600.5804,0
2025-05-09,94.98,101.55,93.83,100.52,1009111.937,1746835199999999,98885649.31097,598280,503593.404,49319111.60331,0
2025-05-10,100.52,107.05,100.4,105.27,866022.936,1746921599999999,89677115.69344,606876,416831.834,43164265.14867,0
2025-05-11,105.26,105.96,98.08,100.12,665563.496,1747007999999999,67526105.52319,515195,320289.625,32484891.84853,0
2025-05-12,100.13,105.07,98.32,103.84,989909.104,1747094399999999,100739736.85324,719053,498353.627,50763351.58602,0
2025-05-13,103.84,104.96,99.42,103.41,825560.07,1747180799999999,84456611.87403,597850,402537.905,41196853.62142,0
2025-05-14,103.4,105.97,98.57,100.95,767279.98,1747267199999999,78443845.94807,510839,381347.079,39032885.38383,0
2025-05-15,100.95,101.9,95.58,99.26,616643.113,1747353599999999,60636429.43965,493941,308649.156,30336516.956,0
2025-05-16,99.26,102.19,98.26,99.48,440148.167,1747439999999999,44204143.13789,364482,215221.759,21635567.56471,0
2025-05-17,99.48,101.23,95.62,96.06,426717.374,1747526399999999,41999808.94112,362575,203172.249,20009918.33465,0
2025-05-18,96.06,102.48,95.8,100.94,526149.566,1747612799999999,52052754.86972,418473,250838.466,24853868.90054,0
2025-05-19,100.95,101.27,94.29,98.25,561000.722,1747699199999999,54355452.14917,469060,254014.287,24643143.35593,0
2025-05-20,98.26,99.69,92.29,94.46,863392.165,1747785599999999,81576594.23874,657394,418630.196,39547993.47231,0
2025-05-21,94.47,98.35,93.43,97.09,764205.048,1747871999999999,73070346.17006,600099,377326.44,36080354.48393,0
2025-05-22,97.09,101.04,96.96,100.26,867224.575,1747958399999999,85839286.09823,578266,465426.508,46070111.00391,0
2025-05-23,100.26,102.94,94.59,95.26,795284.665,1748044799999999,78688690.85537,614042,383051.11,37928054.44597,0
2025-05-24,95.25,97.81,94.79,95.63,329413.992,1748131199999999,31777760.26407,294563,159502.174,15387641.8184,0
2025-05-25,95.63,96.06,93.08,95.6,339057.251,1748217599999999,32116048.10738,328022,152730.42,14471711.71709,0
2025-05-26,95.59,97.59,94.32,95.02,314456.476,1748303999999999,30226547.75249,291052,161389.211,15519403.19669,0
2025-05-27,95.01,97.0,93.03,95.9,481476.201,1748390399999999,46046331.24699,364394,248844.08,23812632.80426,0
2025-05-28,95.89,97.49,93.5,95.37,376226.267,1748476799999999,35919002.75474,312463,184678.841,17639635.27445,0
2025-05-29,95.38,98.95,92.82,93.21,564289.815,1748563199999999,54210609.99627,434942,271488.611,26124153.55187,0
2025-05-30,93.2,93.9,84.91,85.64,881102.393,1748649599999999,78866396.4602,557292,430465.519,38558514.79787,0
2025-05-31,85.64,87.93,83.11,87.03,434395.68,1748735999999999,37110544.60087,340260,224966.48,19240871.46834,0
2025-06-01,87.03,88.72,85.74,88.39,239166.11,1748822399999999,20874598.49698,222920,119996.95,10477972.73381,0
2025-06-02,88.39,89.97,86.98,89.52,313354.958,1748908799999999,27730475.04033,272982,165351.561,14640432.39939,0
2025-06-03,89.52,90.58,88.67,89.5,327630.836,1748995199999999,29356229.87455,247820,163750.987,14677092.78653,0
2025-06-04,89.49,90.97,87.4,87.99,295444.154,1749081599999999,26490545.12303,246544,139731.635,12531750.69485,0
2025-06-05,87.98,89.13,81.95,83.58,465674.842,1749167999999999,39952376.76654,374254,219088.437,18819614.27607,0
2025-06-06,83.58,87.67,83.17,87.25,433907.926,1749254399999999,36931001.03715,295245,203542.711,17349729.90036,0
2025-06-07,87.25,89.31,86.63,88.31,207699.499,1749340799999999,18323409.75713,160850,98617.699,8697256.23067,0
2025-06-08,88.31,88.63,86.59,87.18,292584.04,1749427199999999,25667623.38212,171598,140836.385,12349999.94978,0
2025-06-09,87.18,90.81,86.71,90.73,466484.988,1749513599999999,41292084.64657,254248,226959.332,20086273.4189,0
2025-06-10,90.74,93.5,89.53,93.33,404853.223,1749599999999999,36975791.93748,307703,201994.676,18454485.77438,0
2025-06-11,93.33,94.17,90.38,91.56,470181.03,1749686399999999,43284008.82412,310650,247013.884,22734618.19834,0
2025-06-12,91.56,91.9,86.0,86.13,350586.926,1749772799999999,31130851.65298,270252,154082.62,13685197.05764,0
2025-06-13,86.13,86.7,81.3,86.55,560297.625,1749859199999999,46851474.06888,408706,291308.266,24367083.17542,0
2025-06-14,86.55,86.91,84.2,85.18,219955.437,1749945599999999,18834123.09273,162710,108792.607,9319995.74372,0
2025-06-15,85.18,86.59,84.92,86.3,165888.536,1750031999999999,14230888.15278,146888,83583.994,7172162.78202,0
2025-06-16,86.3,88.92,85.34,86.67,320777.131,1750118399999999,28086848.27877,236637,163351.632,14304669.59044,0
2025-06-17,86.67,87.77,82.49,84.22,377572.877,1750204799999999,32068916.28029,283552,170672.68,14502515.91183,0
2025-06-18,84.23,85.68,83.34,85.08,255130.458,1750291199999999,21604521.98419,215734,128004.825,10843324.47499,0
2025-06-19,85.08,86.05,84.21,85.11,289102.7,1750377599999999,24606005.99013,192657,148937.939,12677438.62418,0
2025-06-20,85.11,85.98,80.96,82.91,352058.908,1750463999999999,29550095.12259,220938,172241.781,14452804.44771,0
2025-06-21,82.92,84.12,78.6,80.23,311569.49,1750550399999999,25419272.63913,206823,150226.235,12262502.86604,0
2025-06-22,80.23,82.04,76.17,80.21,485528.54,1750636799999999,38437595.34422,381478,243185.627,19257126.44103,0
2025-06-23,80.21,85.42,79.47,84.91,371464.044,1750723199999999,30440109.72309,306991,188372.531,15438283.04912,0
2025-06-24,84.91,85.38,83.81,84.84,264062.339,1750809599999999,22337708.62318,217640,124955.262,10571255.24442,0
2025-06-25,84.84,85.47,83.9,84.67,305392.709,1750895999999999,25874690.66134,195886,135913.014,11519170.82792,0
2025-06-26,84.68,85.95,83.78,84.27,278766.39,1750982399999999,23685621.02809,197731,136392.92,11586798.06814,0
2025-06-27,84.27,85.65,83.17,84.83,240855.095,1751068799999999,20329487.19829,177796,119687.56,10102450.39554,0
2025-06-28,84.83,87.37,84.53,86.31,211612.911,1751155199999999,18173263.69747,136603,114384.474,9820057.27366,0
2025-06-29,86.3,88.49,85.85,87.96,184230.651,1751241599999999,16002889.90024,137162,100603.329,8741617.60036,0
2025-06-30,87.96,88.36,84.75,86.0,279933.722,1751327999999999,24179659.48741,209581,132049.494,11404016.62603,0
2025-07-01,85.99,86.84,82.39,83.22,297602.279,1751414399999999,25236925.23848,197893,148559.173,12604375.59832,0
2025-07-02,83.21,88.66,82.97,87.32,435180.53,1751500799999999,37419548.73624,247609,225536.309,19420821.00402,0
2025-07-03,87.32,92.29,86.89,89.08,685108.99,1751587199999999,61799689.94629,360012,369258.281,33319250.76066,0
2025-07-04,89.08,89.33,85.65,86.84,381029.019,1751673599999999,33354347.29987,228854,173543.274,15199494.68028,0
2025-07-05,86.84,87.82,85.82,87.55,164680.995,1751759999999999,14265523.93317,126096,80642.916,6988493.15253,0
2025-07-06,87.55,88.52,86.47,87.35,204172.737,1751846399999999,17860543.5955,148495,99963.109,8743325.09813,0
2025-07-07,87.35,88.28,85.16,86.05,293614.071,1751932799999999,25467417.96534,190347,134425.625,11658872.56502,0
2025-07-08,86.05,88.0,85.52,87.75,233151.159,1752019199999999,20200622.50649,150486,106752.401,9252254.78042,0
2025-07-09,87.76,91.41,87.12,90.61,504075.951,1752105599999999,44883974.41108,267601,265448.304,23654852.01078,0
2025-07-10,90.61,95.3,90.11,94.85,481170.134,1752191999999999,44390333.28343,290331,250503.908,23098504.51035,0
2025-07-11,94.86,98.32,92.67,94.26,757779.391,1752278399999999,72605381.99367,503086,358682.586,34386375.36975,0
2025-07-12,94.24,95.45,90.75,92.77,368315.491,1752364799999999,34240873.37402,290619,184010.782,17104773.67834,0
2025-07-13,92.77,96.88,92.51,94.62,315620.972,1752451199999999,29953158.22009,266749,155695.476,14777602.67653,0
2025-07-14,94.63,97.99,94.14,95.64,503815.871,1752537599999999,48538374.36532,412602,243887.227,23509296.61228,0
2025-07-15,95.63,96.73,91.2,96.35,556039.853,1752623999999999,52102424.91773,401165,267348.484,25046612.92007,0
2025-07-16,96.36,99.96,95.1,97.47,615319.406,1752710399999999,59988829.7144,370254,310725.961,30292965.06245,0
2025-07-17,97.47,103.59,95.32,101.6,915931.99,1752796799999999,91551944.83012,628984,457560.444,45749710.57426,0
2025-07-18,101.6,112.39,100.04,101.73,1836839.668,1752883199999999,195453087.95822,1073228,883218.33,94075817.22014,0
2025-07-19,101.72,114.18,99.66,113.16,1328811.952,1752969599999999,142250944.22153,803191,658863.78,70569846.52485,0
2025-07-20,113.16,121.47,110.57,116.59,1699964.862,1753055999999999,198220828.50202,1119445,845557.452,98663289.0662,0
2025-07-21,116.59,122.0,114.56,115.43,1050258.95,1753142399999999,123707797.84697,769107,515869.534,60780499.16033,0
2025-07-22,115.42,119.86,112.59,119.65,1066653.894,1753228799999999,123426452.31596,777079,518703.265,60020680.09256,0
2025-07-23,119.66,122.29,108.89,112.05,1118428.874,1753315199999999,129140357.76024,898120,521941.729,60318815.48882,0
2025-07-24,112.06,115.43,106.58,112.26,736983.942,1753401599999999,82615459.70535,817853,374289.41,41975037.05698,0
2025-07-25,112.27,116.38,108.18,113.78,776174.654,1753487999999999,87246752.81425,710589,371115.666,41713002.08201,0
2025-07-26,113.79,115.47,112.01,113.91,299137.841,1753574399999999,34041184.19895,300894,154771.438,17618128.91939,0
2025-07-27,113.92,115.6,112.41,114.78,344001.336,1753660799999999,39245900.67237,336717,166388.233,18991293.27471,0
2025-07-28,114.79,116.41,108.28,109.02,539974.448,1753747199999999,60760583.81477,523820,262938.289,29640356.84553,0
2025-07-29,109.03,110.77,106.74,108.52,459505.77,1753833599999999,50042349.19123,470168,217490.795,23687192.35325,0
2025-07-30,108.52,111.39,105.2,110.5,541987.443,1753919999999999,58780713.90438,570048,269655.814,29257405.29888,0
2025-07-31,110.5,111.86,105.74,106.09,490160.731,1754006399999999,53586298.84769,428546,237163.512,25920307.46053,0
2025-08-01,106.09,108.4,103.16,106.59,919215.998,1754092799999999,96846470.75403,729074,467881.393,49295920.22782,0
2025-08-02,106.6,110.5,104.06,106.09,750430.477,1754179199999999,80335087.1526,595445,362146.133,38750632.10578,0
2025-08-03,106.1,111.45,104.14,110.39,425970.144,1754265599999999,46204190.62797,369365,223395.15,24239209.53831,0
2025-08-04,110.39,121.47,110.12,121.22,1062658.038,1754351999999999,124054251.15359,756100,553448.653,64625272.91534,0
2025-08-05,121.22,129.16,119.54,120.27,1559475.757,1754438399999999,192336899.88669,1074426,829000.052,102348426.0278,0
2025-08-06,120.27,121.13,115.19,119.22,699317.943,1754524799999999,82452619.69486,546879,331639.122,39129417.40205,0
2025-08-07,119.22,123.1,117.37,122.89,901648.011,1754611199999999,108705459.06504,621492,440847.986,53163056.60089,0
2025-08-08,122.9,126.42,119.32,123.78,800267.488,1754697599999999,98098893.28563,695345,400117.753,49053079.01128,0
2025-08-09,123.78,126.35,120.15,120.18,629896.316,1754783999999999,77669277.51726,456258,302258.738,37277649.42749,0
2025-08-10,120.17,126.14,118.25,123.75,716426.142,1754870399999999,87977880.21405,553519,359827.84,44194247.00877,0
2025-08-11,123.75,128.15,119.56,120.05,1078503.78,1754956799999999,134626576.90596,841014,524963.723,65613887.46218,0
2025-08-12,120.06,131.99,118.36,130.46,1167337.439,1755043199999999,145617145.55508,754965,567004.29,70626456.99431,0
2025-08-13,130.46,134.19,128.58,130.91,875809.398,1755129599999999,114884360.12264,744742,418330.774,54890673.7874,0
2025-08-14,130.91,133.99,119.26,121.29,1141237.763,1755215999999999,144092300.09718,848682,573166.573,72513004.48082,0
2025-08-15,121.28,123.27,116.55,119.14,687554.645,1755302399999999,82603204.98446,569686,328151.712,39432032.80822,0
2025-08-16,119.13,121.09,117.14,121.05,330832.186,1755388799999999,39411344.36959,306923,164189.303,19576091.1004,0
2025-08-17,121.04,123.2,119.76,120.71,463182.445,1755475199999999,56314598.85069,331529,228300.853,27755106.21211,0
2025-08-18,120.72,120.93,115.29,117.77,525494.896,1755561599999999,61668500.7194,451843,260966.174,30624076.77958,0
2025-08-19,117.77,119.07,112.11,112.67,498809.023,1755647999999999,57348722.53731,464262,239737.842,27564400.39147,0
2025-08-20,112.67,117.12,112.06,116.06,459688.664,1755734399999999,52764523.80141,368749,236340.926,27134607.98639,0
2025-08-21,116.06,117.3,113.45,114.76,256459.812,1755820799999999,29603902.4744,265871,114941.709,13277970.99264,0
2025-08-22,114.76,123.66,112.51,122.96,648084.544,1755907199999999,76989214.89789,494292,341744.142,40584344.60714,0
2025-08-23,122.95,123.37,119.76,121.45,331041.514,1755993599999999,40210888.96977,278692,161209.961,19586544.95129,0
2025-08-24,121.45,124.77,117.1,118.19,474558.257,1756079999999999,57173630.38374,418449,223869.813,26993566.81064,0
2025-08-25,118.18,118.66,106.7,109.13,888113.679,1756166399999999,99519497.57892,715383,409502.444,45901262.90968,0
2025-08-26,109.13,114.79,108.79,113.48,455845.699,1756252799999999,50859517.28556,387476,222322.65,24801394.53759,0
2025-08-27,113.48,116.27,111.95,112.18,411671.884,1756339199999999,46770727.44275,342849,201105.554,22852586.88669,0
2025-08-28,112.17,114.62,111.32,113.64,278994.611,1756425599999999,31604011.42977,233511,130449.938,14782924.76108,0
2025-08-29,113.64,113.87,108.63,109.91,479891.22,1756511999999999,53032200.82298,340591,222641.465,24593676.93593,0
2025-08-30,109.91,111.27,108.3,110.84,227194.068,1756598399999999,25036247.27489,177479,121424.335,13386003.31426,0
2025-08-31,110.83,111.91,108.76,108.89,214891.815,1756684799999999,23833692.70268,163045,104744.452,11622679.71405,0
2025-09-01,108.87,111.35,106.38,108.73,382018.242,1756771199999999,41620887.47045,290393,186298.461,20296456.18716,0
2025-09-02,108.73,113.0,108.58,111.76,424271.215,1756857599999999,46861905.64497,272037,221709.735,24479409.17278,0
2025-09-03,111.76,113.31,110.79,112.98,272764.627,1756943999999999,30600260.56326,180535,145418.403,16313213.50145,0
2025-09-04,112.98,113.5,109.5,111.05,223187.595,1757030399999999,24789801.54031,166926,99803.546,11088674.81772,0
2025-09-05,111.05,115.12,111.01,112.05,371663.277,1757116799999999,41911601.27409,248179,185465.106,20922906.74344,0
2025-09-06,112.05,112.53,111.23,112.13,132989.484,1757203199999999,14873636.74967,116167,64913.742,7261834.10548,0
2025-09-07,112.14,115.41,112.14,114.9,225688.946,1757289599999999,25768443.20287,146572,126989.192,14495586.09177,0
2025-09-08,114.9,115.55,111.9,112.75,501011.293,1757375999999999,56743301.64816,302468,236742.251,26817823.46316,0
2025-09-09,112.76,114.69,110.8,111.92,482498.375,1757462399999999,54448859.4652,283426,232405.184,26242968.50391,0
2025-09-10,111.93,118.73,111.52,117.66,541598.389,1757548799999999,62368870.39456,315156,293339.472,33783197.94494,0
2025-09-11,117.65,117.8,112.95,115.83,540309.577,1757635199999999,62440170.85166,304494,243439.869,28127627.49958,0
2025-09-12,115.83,118.27,114.72,118.03,478578.679,1757721599999999,55699714.41283,259450,232942.69,27125184.35369,0
2025-09-13,118.03,120.83,117.46,119.22,607528.369,1757807999999999,72441637.00554,311829,284865.914,33969134.66008,0
2025-09-14,119.22,119.33,113.93,115.1,648564.327,1757894399999999,75615483.67869,294803,267444.539,31129396.04633,0
2025-09-15,115.1,116.76,111.92,113.72,429263.371,1757980799999999,48852204.27803,271733,215944.6,24584568.05351,0
2025-09-16,113.72,115.79,112.0,115.03,431559.909,1758067199999999,49310347.73894,246151,221386.723,25295886.50259,0
2025-09-17,115.02,117.6,113.13,117.0,496086.817,1758153599999999,56954742.01327,270672,270046.456,31011512.30923,0
2025-09-18,117.0,119.11,114.91,118.19,539235.656,1758239999999999,63079383.3568,275129,296203.188,34667601.82201,0
2025-09-19,118.19,119.47,113.37,114.04,386381.824,1758326399999999,44918308.61599,245376,176458.234,20519445.12418,0
2025-09-20,114.03,115.31,113.4,113.92,178119.592,1758412799999999,20343336.76822,153071,91827.908,10491994.68528,0
2025-09-21,113.92,116.27,113.7,114.0,209479.704,1758499199999999,24089801.88415,172905,108369.06,12464595.73605,0
2025-09-22,113.99,114.51,102.2,105.65,767675.734,1758585599999999,82539311.88237,473567,367590.355,39467714.75599,0
2025-09-23,105.66,107.24,104.39,106.07,329809.938,1758671999999999,35003232.42419,267479,163371.544,17348161.23851,0
2025-09-24,106.07,107.69,104.56,105.52,430817.498,1758758399999999,45954622.22399,242061,214373.873,22880227.36084,0
2025-09-25,105.52,105.83,100.25,102.28,485830.463,1758844799999999,50241894.20563,354604,236686.602,24484245.15161,0
2025-09-26,102.28,104.88,100.97,104.55,245710.217,1758931199999999,25326932.46035,233005,129685.913,13369474.57242,0
2025-09-27,104.54,104.96,103.26,104.46,150651.161,1759017599999999,15689984.26484,105318,72498.299,7555265.29872,0
2025-09-28,104.47,107.17,102.7,106.88,180118.884,1759103999999999,18882730.64463,132453,85056.558,8928795.07854,0
2025-09-29,106.88,107.66,105.3,106.76,268037.084,1759190399999999,28525727.53433,188254,133728.553,14236921.53219,0
2025-09-30,106.76,107.61,103.84,106.88,274575.895,1759276799999999,29068908.91084,199983,126169.075,13360801.88544,0
2025-10-01,106.87,115.34,105.39,115.1,561526.624,1759363199999999,62095791.87439,367281,291325.067,32240818.87353,0
2025-10-02,115.11,122.71,115.11,119.54,1140711.459,1759449599999999,136179934.75041,757921,567889.371,67816814.10675,0
2025-10-03,119.54,124.86,115.79,120.56,879533.808,1759535999999999,105665860.46314,508738,413642.687,49695471.44706,0
2025-10-04,120.57,121.0,117.42,120.51,290698.143,1759622399999999,34592567.20652,253180,138831.117,16522955.10193,0
2025-10-05,120.5,124.17,118.35,118.85,507015.733,1759708799999999,61403955.15963,415269,243253.38,29483482.73645,0
2025-10-06,118.85,121.47,118.1,118.32,464570.491,1759795199999999,55686990.6924,340072,226887.0,27212135.87888,0
2025-10-07,118.32,119.27,115.16,116.91,422674.282,1759881599999999,49597391.89694,376213,189433.078,22241276.04329,0
2025-10-08,116.91,119.6,115.34,118.6,349258.487,1759967999999999,40974150.93128,303164,174835.797,20516487.49853,0
2025-10-09,118.61,128.2,115.44,125.9,916537.15,1760054399999999,110483118.03966,640938,473758.402,57217536.96446,0
2025-10-10,125.9,135.99,52.71,96.88,4389823.156,1760140799999999,497966415.89801,2443470,2154015.377,244620730.55136,0
2025-10-11,96.87,102.77,90.05,93.34,2392845.063,1760227199999999,232713670.54737,1072053,1128723.216,109665018.3799,0
2025-10-12,93.35,102.16,91.61,98.98,1264382.696,1760313599999999,122693147.02853,649800,683086.699,66314237.02843,0
2025-10-13,98.97,101.34,94.81,99.45,1325856.9,1760399999999999,129968277.14482,616173,680316.485,66748368.29213,0
2025-10-14,99.46,100.55,91.12,97.33,1285594.754,1760486399999999,122576140.11826,604820,641219.801,61126932.46685,0
2025-10-15,97.33,99.97,93.36,95.5,674590.453,1760572799999999,65063252.61215,345566,312482.885,30153741.69778,0
2025-10-16,95.5,96.96,89.59,91.79,846143.65,1760659199999999,79016025.29418,442959,393582.565,36772169.91296,0
2025-10-17,91.79,93.14,83.36,90.12,1099055.861,1760745599999999,96787701.16983,513459,577114.247,50857524.55753,0
2025-10-18,90.11,92.24,89.88,91.69,322080.334,1760831999999999,29318382.17425,179372,163941.31,14923666.73477,0
2025-10-19,91.69,94.78,90.72,93.33,356712.683,1760918399999999,33168251.18575,220232,181244.573,16863280.35539,0
2025-10-20,93.33,95.79,92.24,94.01,381476.736,1761004799999999,36080985.0185,240837,191719.124,18135878.01201,0
2025-10-21,94.0,96.94,91.62,92.46,597066.665,1761091199999999,56356543.75748,350263,281306.224,26591926.0813,0
2025-10-22,92.45,94.97,89.91,91.88,613128.16,1761177599999999,56742950.61185,332796,291775.843,27018194.571,0
2025-10-23,91.88,94.79,91.79,94.04,338092.586,1761263999999999,31584628.45254,207701,169978.883,15875194.37524,0
2025-10-24,94.04,97.45,93.93,96.45,437003.74,1761350399999999,41851522.87232,230425,224381.003,21492408.81353,0
2025-10-25,96.44,97.07,95.67,96.97,178797.931,1761436799999999,17237752.44629,123955,91717.17,8846029.83615,0
2025-10-26,96.96,101.02,96.34,100.02,337315.117,1761523199999999,33324867.4588,188853,175406.166,17322365.75963,0
2025-10-27,100.02,103.1,98.16,99.39,661778.678,1761609599999999,66675877.79171,362798,352063.889,35495597.78896,0
2025-10-28,99.4,106.98,95.33,96.65,1136067.546,1761695999999999,114603912.51196,522047,545202.873,55093639.49019,0
2025-10-29,96.64,100.75,95.79,98.53,636748.194,1761782399999999,62641920.74439,378754,300289.006,29535189.08712,0
2025-10-30,98.53,99.76,90.37,93.39,689290.89,1761868799999999,65199061.07165,441680,321238.142,30396001.57545,0
2025-10-31,93.38,96.3,92.98,95.38,367029.123,1761955199999999,34770064.0359,266643,193582.271,18337243.74057,0
2025-11-01,95.38,104.0,95.03,101.38,586785.41,1762041599999999,57960672.66589,316531,320322.875,31656309.3614,0
2025-11-02,101.39,101.54,97.5,99.42,466122.873,1762127999999999,46450998.43029,297940,225349.191,22472749.94583,0
2025-11-03,99.42,99.79,85.35,87.43,1032684.313,1762214399999999,93897252.52432,576617,469276.446,42617361.91133,0
2025-11-04,87.42,91.2,79.68,85.21,1131742.898,1762300799999999,97008761.44934,725609,550828.185,47222698.87134,0
2025-11-05,85.2,89.97,82.01,89.39,597946.693,1762387199999999,51870439.2031,377912,312334.699,27091150.5454,0
2025-11-06,89.39,89.39,85.3,87.0,495999.412,1762473599999999,43328487.50824,346249,233514.082,20399369.28464,0
2025-11-07,87.01,104.85,85.95,101.87,1639946.774,1762559999999999,158896573.06141,935703,852569.839,82899139.82702,0
2025-11-08,101.88,107.64,98.02,106.95,1089634.77,1762646399999999,109915555.60853,653951,567913.699,57376298.63456,0
2025-11-09,106.95,113.71,98.8,110.31,1966394.492,1762732799999999,208206296.86181,1357935,978840.263,103776709.00915,0
2025-11-10,110.3,112.3,103.4,104.25,1071811.879,1762819199999999,115435657.64392,675150,527763.301,56905273.37952,0
2025-11-11,104.24,106.99,99.02,99.68,931687.212,1762905599999999,95135425.90726,627576,414497.849,42364610.98757,0
2025-11-12,99.69,104.32,94.86,97.59,1173355.162,1762991999999999,116011443.35986,941763,575571.573,57009390.94078,0
2025-11-13,97.6,102.75,93.58,96.55,982130.246,1763078399999999,96787271.43245,768601,476007.038,46885458.87706,0
2025-11-14,96.54,100.2,93.22,97.7,1072144.18,1763164799999999,103613517.89676,871466,542080.056,52432180.92687,0
2025-11-15,97.69,109.59,97.57,101.71,1089472.087,1763251199999999,113509856.28635,871178,577154.361,60135007.3085,0
2025-11-16,101.72,103.38,94.15,95.79,723048.093,1763337599999999,71412322.06813,689646,330393.119,32661676.97592,0
2025-11-17,95.79,97.94,90.57,91.24,729231.572,1763423999999999,69104964.17285,625148,351815.0,33376420.82706,0
2025-11-18,91.25,97.55,90.43,95.66,727888.918,1763510399999999,68867637.22853,554388,370858.115,35126165.31914,0
2025-11-19,95.66,95.99,88.86,92.9,603273.923,1763596799999999,55753487.36202,489245,281075.161,25990074.72028,0
2025-11-20,92.9,93.82,86.01,87.24,616052.902,1763683199999999,55299214.60034,553975,298359.643,26761481.10728,0
2025-11-21,87.23,88.67,80.01,82.64,1109079.314,1763769599999999,92702678.73503,746727,538111.188,44981683.44308,0
2025-11-22,82.64,83.9,80.82,82.12,390908.66,1763855999999999,32153014.54865,303007,203591.611,16750237.24568,0
2025-11-23,82.11,84.45,81.85,83.09,403125.549,1763942399999999,33644306.7224,278282,211264.66,17632462.45076,0
2025-11-24,83.09,87.25,82.19,85.46,507041.997,1764028799999999,42870518.82741,320972,249439.605,21096934.50383,0
2025-11-25,85.46,86.76,83.08,85.3,501467.245,1764115199999999,42553006.4257,302088,255552.115,21689567.58944,0
2025-11-26,85.29,87.72,83.28,86.87,397790.638,1764201599999999,33954768.68655,242527,208306.772,17786627.21312,0
2025-11-27,86.85,87.8,85.97,86.59,271246.188,1764287999999999,23546903.50618,200246,133192.964,11566149.94752,0
2025-11-28,86.59,86.77,83.13,84.22,366205.629,1764374399999999,31161108.37705,260732,158101.726,13453103.91754,0
2025-11-29,84.22,85.73,83.14,83.95,188495.208,1764460799999999,15883606.93939,166444,91637.744,7723320.03999,0
2025-11-30,83.95,84.83,82.27,82.38,173562.982,1764547199999999,14574310.64248,161944,85983.363,7223205.72364,0
2025-12-01,82.37,82.5,74.66,77.55,768955.214,1764633599999999,59761238.56868,474914,380085.222,29525416.47149,0
2025-12-02,77.56,83.31,77.31,82.79,416570.506,1764719999999999,33591104.10363,293903,207641.661,16750105.58497,0
2025-12-03,82.8,86.73,82.5,85.83,501837.773,1764806399999999,42736375.54558,331783,251966.965,21459301.39266,0
2025-12-04,85.83,86.77,82.16,83.54,457518.638,1764892799999999,38611717.12697,328783,209693.316,17697720.72688,0
2025-12-05,83.54,84.13,79.59,80.38,404693.922,1764979199999999,33081694.32529,325385,188065.32,15384874.31113,0
2025-12-06,80.39,82.52,79.9,81.68,271214.908,1765065599999999,22050455.77511,203621,144921.419,11784152.87033,0
2025-12-07,81.67,83.76,79.88,81.43,278926.302,1765151999999999,22798096.87373,271559,136099.55,11128682.22709,0
2025-12-08,81.43,84.49,81.01,83.87,356631.49,1765238399999999,29749384.53881,272197,188680.937,15742248.37842,0
2025-12-09,83.87,87.54,82.47,85.82,438493.075,1765324799999999,37395806.16569,332657,224722.202,19164037.83549,0
2025-12-10,85.82,87.09,83.74,84.3,343758.859,1765411199999999,29212283.93396,287868,155499.901,13213660.70184,0
2025-12-11,84.3,84.59,80.31,82.93,447190.593,1765497599999999,36557271.47641,347974,226409.307,18507386.90945,0
2025-12-12,82.93,84.49,80.5,81.95,300466.28,1765583999999999,24860580.76464,264158,156832.839,12988597.84016,0
2025-12-13,81.95,82.45,80.77,81.47,150564.427,1765670399999999,12308110.81223,125041,73740.971,6026669.36835,0
2025-12-14,81.47,81.99,77.96,78.96,246089.417,1765756799999999,19596303.76955,196692,130327.032,10378083.50266,0
2025-12-15,78.96,81.42,75.74,77.51,377024.701,1765843199999999,29621794.3707,312246,199697.297,15670140.20369,0
2025-12-16,77.52,79.89,76.44,79.08,398870.126,1765929599999999,31273409.08815,273597,208077.608,16312136.96363,0
2025-12-17,79.07,81.04,75.16,76.01,376262.289,1766015999999999,29332956.44287,311547,181253.966,14128569.17091,0
2025-12-18,76.01,78.56,72.64,74.29,475331.443,1766102399999999,35828259.3723,382878,245476.846,18502094.88872,0
2025-12-19,74.28,78.02,73.56,77.49,362068.467,1766188799999999,27568332.26807,287432,198506.456,15115231.4587,0
2025-12-20,77.49,79.41,76.43,77.84,157890.421,1766275199999999,12211430.33712,127416,76982.731,5954343.78953,0
2025-12-21,77.84,78.05,75.46,76.79,208349.125,1766361599999999,15993013.81049,169708,106223.112,8156597.63254,0
2025-12-22,76.79,79.49,76.35,77.05,307831.718,1766447999999999,23942302.47371,252627,165324.829,12857332.21955,0
2025-12-23,77.05,77.96,75.53,77.01,260524.06,1766534399999999,20004466.82409,224255,140004.349,10750709.30828,0
2025-12-24,77.01,77.42,75.22,75.79,266137.657,1766620799999999,20215629.97507,190176,124284.127,9440892.66621,0
2025-12-25,75.79,77.57,75.36,75.71,204493.057,1766707199999999,15648108.78935,158515,102446.218,7840916.91969,0
2025-12-26,75.7,78.0,75.48,76.87,254509.443,1766793599999999,19583246.34934,189137,127956.238,9848315.15389,0
2025-12-27,76.87,80.58,76.76,80.33,211258.146,1766879999999999,16539166.37659,147647,107790.958,8441859.78352,0
2025-12-28,80.33,80.58,77.87,78.73,219808.346,1766966399999999,17387108.87098,144305,107349.162,8488345.94591,0
2025-12-29,78.73,80.25,76.92,78.32,309985.174,1767052799999999,24336182.54246,221638,159701.329,12541804.24963,0
2025-12-30,78.33,79.03,77.62,78.89,238627.692,1767139199999999,18666181.05467,160915,109738.146,8586141.45404,0
2025-12-31,78.88,78.89,76.08,76.85,233120.006,1767225599999999,18084270.19747,165163,119277.527,9258018.01079,0
