open_time,open,high,low,close,volume,close_time,quote_volume,trades,taker_buy_base,taker_buy_quote,ignore
2020-06-15,0.02057,0.0206,0.01877,0.0204,354470772.9,1592265599999,7001554.834187,19679,175010654.7,3457061.682469,0
2020-06-16,0.0204,0.02084,0.01989,0.0206,192027676.9,1592351999999,3927652.505069,11960,90198685.6,1846664.482163,0
2020-06-17,0.02061,0.0214,0.01998,0.02073,262324436.1,1592438399999,5447772.872447,13707,122502776.4,2547803.562177,0
2020-06-18,0.02072,0.02077,0.02003,0.02041,164829825.0,1592524799999,3372220.393492,8547,71129433.9,1456857.420688,0
2020-06-19,0.02041,0.02081,0.01985,0.02027,179079796.9,1592611199999,3634570.201777,9093,82553049.1,1677414.608346,0
2020-06-20,0.02026,0.02269,0.0202,0.02259,488381253.0,1592697599999,10442716.032364,22910,251330245.9,5385438.786337,0
2020-06-21,0.0226,0.023,0.02122,0.02137,454445118.7,1592783999999,10134777.102857,20779,220491314.3,4920471.377957,0
2020-06-22,0.02137,0.02248,0.02122,0.02221,323361504.3,1592870399999,7051977.057168,17994,163349055.9,3563505.451717,0
2020-06-23,0.02225,0.02298,0.0217,0.02261,247829918.0,1592956799999,5565998.917857,14774,129209301.7,2906833.504987,0
2020-06-24,0.02263,0.02274,0.02138,0.02239,278347442.4,1593043199999,6122716.273296,15152,132120460.2,2905092.211499,0
2020-06-25,0.02236,0.0224,0.02123,0.02157,191290746.0,1593129599999,4184678.016802,9966,86790558.6,1900672.998417,0
2020-06-26,0.02157,0.02198,0.02055,0.02081,250968688.1,1593215999999,5299325.907836,10427,124136588.5,2620080.71147,0
2020-06-27,0.02083,0.02123,0.01875,0.01935,269363575.3,1593302399999,5385568.271902,14082,128371964.3,2574089.714137,0
2020-06-28,0.01934,0.02036,0.01775,0.02003,275098376.4,1593388799999,5339257.003831,14071,130338820.5,2533270.150785,0
2020-06-29,0.02004,0.02039,0.01851,0.01963,330509492.2,1593475199999,6505805.805653,15368,159982213.3,3152185.938525,0
2020-06-30,0.01964,0.01975,0.01878,0.01895,132552405.9,1593561599999,2563916.151493,6068,61078369.8,1182840.14689,0
2020-07-01,0.01897,0.01965,0.01852,0.01869,291569399.7,1593647999999,5528488.707303,15188,129145335.9,2450049.251492,0
2020-07-02,0.01869,0.01942,0.01803,0.01886,220666054.7,1593734399999,4157999.97429,11831,112303094.9,2119125.764222,0
2020-07-03,0.01884,0.01962,0.01866,0.01923,188402192.9,1593820799999,3603348.066638,10886,95212196.2,1821545.015227,0
2020-07-04,0.01921,0.0196,0.01896,0.01955,104237593.0,1593907199999,2016461.704555,6006,52650238.3,1019790.192515,0
2020-07-05,0.01954,0.01966,0.01863,0.01908,159233813.8,1593993599999,3045621.214607,8493,72323301.2,1385708.810972,0
2020-07-06,0.01907,0.02009,0.01889,0.01992,176411438.4,1594079999999,3435063.174205,10076,89586201.3,1744887.328142,0
2020-07-07,0.01994,0.0205,0.01956,0.0201,216122657.2,1594166399999,4320264.984739,10740,106955696.2,2139510.400309,0
2020-07-08,0.0201,0.02184,0.01988,0.02164,389290494.9,1594252799999,8128310.9118,20045,201069006.7,4197608.310179,0
2020-07-09,0.02164,0.0217,0.01968,0.02064,338793127.1,1594339199999,7035254.311815,20752,145532408.1,3027457.00334,0
2020-07-10,0.02061,0.0215,0.02007,0.02115,228318652.3,1594425599999,4721447.223891,14297,112910221.4,2334858.977153,0
2020-07-11,0.02114,0.02168,0.02056,0.02135,213658130.1,1594511999999,4521375.182499,11157,104022791.3,2202788.572268,0
2020-07-12,0.02136,0.02159,0.02031,0.02122,196072225.3,1594598399999,4124262.230541,12039,91536359.9,1927591.702503,0
2020-07-13,0.0212,0.02385,0.02109,0.02235,609404804.4,1594684799999,13774520.927192,34219,316079028.1,7145078.031637,0
2020-07-14,0.02237,0.02258,0.02103,0.02238,349608220.9,1594771199999,7660826.293383,19166,158276122.7,3470359.92344,0
2020-07-15,0.02239,0.02378,0.02214,0.02223,380121161.8,1594857599999,8673917.958872,20473,179878172.7,4108503.38519,0
2020-07-16,0.02223,0.02311,0.01995,0.02091,411946143.8,1594943999999,8764723.168193,21882,179777610.3,3830801.322077,0
2020-07-17,0.02089,0.02183,0.02067,0.02114,207724935.3,1595030399999,4432749.223435,10058,94877433.2,2025705.723593,0
2020-07-18,0.02114,0.02159,0.02071,0.02144,137162396.7,1595116799999,2892390.821369,6449,65906019.4,1391469.549852,0
2020-07-19,0.02148,0.0216,0.02075,0.02126,173168616.4,1595203199999,3673038.065887,9042,78391358.9,1665116.847159,0
2020-07-20,0.02127,0.02289,0.021,0.0216,457884394.4,1595289599999,10098658.867283,23913,226822409.4,5002380.102629,0
2020-07-21,0.02158,0.022,0.02081,0.02128,296716399.6,1595375999999,6340797.45393,15762,135919083.0,2908250.868809,0
2020-07-22,0.02127,0.0217,0.02092,0.02122,208972028.0,1595462399999,4440303.941966,10363,100637121.1,2140241.411371,0
2020-07-23,0.02123,0.0216,0.021,0.0211,167518796.6,1595548799999,3555745.912341,7890,71065043.4,1510074.532125,0
2020-07-24,0.02111,0.02136,0.01979,0.02062,221182636.8,1595635199999,4598314.71432,11708,99682675.3,2075142.816705,0
2020-07-25,0.02062,0.02134,0.0206,0.02091,173498374.0,1595721599999,3642176.220874,9556,82375246.1,1729349.064743,0
2020-07-26,0.0209,0.02139,0.0205,0.02072,211731573.0,1595807999999,4434627.647495,12457,103336154.2,2166462.358824,0
2020-07-27,0.02069,0.02094,0.01775,0.01995,519533336.4,1595894399999,10241991.917865,32945,232600008.1,4593961.543896,0
2020-07-28,0.01993,0.02111,0.0191,0.02047,376915637.6,1595980799999,7588523.712866,23686,188631473.5,3806930.976042,0
2020-07-29,0.02047,0.02098,0.02007,0.02034,231435870.5,1596067199999,4723534.523665,13329,105835919.1,2163290.779548,0
2020-07-30,0.02032,0.02109,0.02008,0.02041,184204493.9,1596153599999,3777688.684124,10799,93197056.0,1913310.795801,0
2020-07-31,0.02043,0.02067,0.02009,0.02025,155344313.2,1596239999999,3158703.996603,7435,68681689.0,1398259.486324,0
2020-08-01,0.02028,0.02145,0.02002,0.02109,244980078.7,1596326399999,5055889.727175,13324,127845007.6,2643102.159304,0
2020-08-02,0.02108,0.02142,0.01964,0.02002,289771797.9,1596412799999,5903653.523581,14120,130907747.3,2671937.821438,0
2020-08-03,0.02005,0.02093,0.0199,0.02043,168916459.6,1596499199999,3463701.242938,8142,82969412.0,1702136.088474,0
2020-08-04,0.02042,0.02087,0.02031,0.02067,171278632.6,1596585599999,3527713.871768,7599,88592123.0,1825274.621543,0
2020-08-05,0.02069,0.02198,0.02051,0.0213,330387235.2,1596671999999,7078909.08406,16293,165263509.0,3541841.662915,0
2020-08-06,0.02131,0.02228,0.02116,0.02176,299217278.5,1596758399999,6535598.436004,15506,151524508.5,3311419.180465,0
2020-08-07,0.02174,0.02233,0.02057,0.02135,238236832.3,1596844799999,5136673.071621,11521,106066327.2,2293818.729427,0
2020-08-08,0.02132,0.02294,0.02124,0.02287,364680394.3,1596931199999,8096219.448281,17356,199054378.0,4418915.417423,0
2020-08-09,0.02287,0.02378,0.02225,0.02268,414812921.8,1597017599999,9527653.719749,20408,206468073.3,4743335.1808,0
2020-08-10,0.02265,0.02459,0.02168,0.02449,510540932.4,1597103999999,11772060.289398,28420,253021500.0,5857937.133905,0
2020-08-11,0.02452,0.02625,0.0219,0.02303,757209302.6,1597190399999,18304840.428935,44869,358607620.9,8698719.017679,0
2020-08-12,0.02303,0.02598,0.0226,0.02528,445060870.5,1597276799999,10828485.423736,28214,229575569.2,5590131.108982,0
2020-08-13,0.02528,0.02868,0.0239,0.02715,932062475.1,1597363199999,24585674.5107,59231,452090553.2,11952757.120103,0
2020-08-14,0.02715,0.02877,0.02634,0.0282,445361814.0,1597449599999,12208986.713895,27849,217680252.1,5971315.259605,0
2020-08-15,0.02819,0.03238,0.027,0.03005,845662759.5,1597535999999,25456958.098047,56820,397976139.6,11989033.459824,0
2020-08-16,0.03009,0.031,0.02829,0.03014,421130913.6,1597622399999,12540882.688665,28870,203328998.8,6059560.788862,0
2020-08-17,0.03013,0.032,0.02772,0.02874,549737321.0,1597708799999,16359250.841774,39799,255785059.0,7627424.031318,0
2020-08-18,0.02874,0.02963,0.02508,0.02674,422395533.2,1597795199999,11669165.040249,28676,191947071.5,5314993.995696,0
2020-08-19,0.0268,0.02737,0.0237,0.02479,520059072.1,1597881599999,13295449.355336,30182,241384584.9,6175194.594895,0
2020-08-20,0.02482,0.02691,0.02462,0.02667,319034088.2,1597967999999,8248625.163702,19595,161092488.9,4165853.221051,0
2020-08-21,0.02668,0.02888,0.02471,0.02477,497453588.0,1598054399999,13479490.720768,32248,237629242.5,6443507.617411,0
2020-08-22,0.02478,0.02645,0.02332,0.02615,292614464.7,1598140799999,7353153.546711,18654,141329586.2,3555607.773787,0
2020-08-23,0.02609,0.02616,0.0248,0.0253,128034627.7,1598227199999,3241900.763062,7757,60183426.5,1524792.123776,0
2020-08-24,0.02531,0.02839,0.02491,0.02794,332898380.7,1598313599999,9026059.89951,23635,168287354.1,4559756.775361,0
2020-08-25,0.02794,0.02816,0.02486,0.0257,296675831.5,1598399999999,7756547.965421,19990,137456822.0,3593083.555661,0
2020-08-26,0.0257,0.02771,0.02549,0.02739,295374451.9,1598486399999,7900638.387404,19466,148291319.2,3970045.779237,0
2020-08-27,0.02736,0.02764,0.0249,0.02579,232519474.1,1598572799999,6098618.160395,17543,106279981.5,2792742.297939,0
2020-08-28,0.02578,0.02727,0.02539,0.02684,132684520.6,1598659199999,3516101.248966,9775,68590560.9,1819143.957332,0
2020-08-29,0.02688,0.02865,0.0265,0.02753,258086426.9,1598745599999,7080048.386621,18600,130034591.6,3569650.378325,0
2020-08-30,0.02753,0.02872,0.02706,0.02718,202581383.6,1598831999999,5657401.459827,17559,97895751.8,2737030.597436,0
2020-08-31,0.02715,0.02753,0.02611,0.02652,174415747.3,1598918399999,4670734.696184,12150,76034307.6,2038517.619672,0
2020-09-01,0.02659,0.02695,0.02528,0.02548,244409079.5,1599004799999,6376471.486865,15853,116031048.7,3030941.380287,0
2020-09-02,0.02547,0.02597,0.02145,0.02343,356767683.7,1599091199999,8457739.260361,30505,154812655.2,3677464.38829,0
2020-09-03,0.02345,0.02372,0.018,0.01908,361589222.2,1599177599999,7763137.836762,26793,165882855.4,3571341.073171,0
2020-09-04,0.01909,0.01997,0.01741,0.01924,371667507.0,1599263999999,7013592.137817,26679,183265853.6,3462124.442153,0
2020-09-05,0.01926,0.02006,0.01695,0.01797,288347595.3,1599350399999,5334724.674898,22765,139303662.3,2579010.853619,0
2020-09-06,0.01792,0.01911,0.01709,0.01868,174804590.9,1599436799999,3182743.310327,13692,86600737.8,1576665.552087,0
2020-09-07,0.01871,0.01894,0.01709,0.0188,179701538.6,1599523199999,3225716.558425,12320,86566140.5,1554559.77622,0
2020-09-08,0.01883,0.0191,0.01756,0.01821,119678364.9,1599609599999,2179039.128462,8060,56914933.0,1038213.604891,0
2020-09-09,0.01821,0.02072,0.01788,0.02005,269499222.4,1599695999999,5311817.929134,17091,137913753.3,2718050.522267,0
2020-09-10,0.02004,0.02151,0.0199,0.02038,196783475.1,1599782399999,4058820.96568,13619,96131405.9,1982849.772924,0
2020-09-11,0.02038,0.02147,0.01959,0.02107,163296295.5,1599868799999,3326714.305303,11168,85090976.9,1736172.871212,0
2020-09-12,0.02106,0.02124,0.02053,0.02098,109458906.1,1599955199999,2287389.865899,7405,52232664.8,1092744.732282,0
2020-09-13,0.02093,0.02129,0.01902,0.01976,175791387.9,1600041599999,3535100.293654,12284,82987159.4,1670272.871206,0
2020-09-14,0.01978,0.02039,0.0195,0.02009,121197785.8,1600127999999,2421312.309171,7485,58499491.9,1169316.27547,0
2020-09-15,0.02009,0.0217,0.02002,0.02045,252149993.5,1600214399999,5261400.111483,17308,123173781.5,2569037.357521,0
2020-09-16,0.02042,0.02046,0.0188,0.01981,151845951.1,1600300799999,3003313.776334,9521,75361455.2,1490726.906875,0
2020-09-17,0.01982,0.0205,0.01937,0.02044,187000805.0,1600387199999,3733813.858306,13673,89144009.1,1782495.508252,0
2020-09-18,0.02044,0.02175,0.01984,0.02103,249725460.3,1600473599999,5181314.057325,17065,122266176.6,2541087.787173,0
2020-09-19,0.02106,0.02158,0.02051,0.02088,133122121.9,1600559999999,2789993.685566,8003,63107463.2,1323111.996167,0
2020-09-20,0.02088,0.02262,0.02035,0.02188,243664428.5,1600646399999,5269803.761873,16203,114660700.8,2480362.369001,0
2020-09-21,0.02188,0.0235,0.01831,0.01881,614180124.6,1600732799999,12936649.574027,35973,294649943.1,6218801.660478,0
2020-09-22,0.01877,0.0197,0.01852,0.01959,106705778.7,1600819199999,2052932.021953,7253,54182944.8,1043083.229812,0
2020-09-23,0.01962,0.01982,0.0174,0.01769,145051539.9,1600905599999,2714262.263989,9691,54644331.4,1025160.166696,0
2020-09-24,0.01765,0.01904,0.01724,0.01895,173656070.3,1600991999999,3148881.466239,8911,91553113.6,1660396.383237,0
2020-09-25,0.01895,0.01955,0.01801,0.01912,111855055.4,1601078399999,2106742.922722,7302,52960169.9,998671.783043,0
2020-09-26,0.01915,0.01938,0.01828,0.01883,96681807.8,1601164799999,1831164.726841,5615,45549766.4,863210.565894,0
2020-09-27,0.01883,0.01918,0.01803,0.01875,124269330.9,1601251199999,2298359.243658,6692,58112709.4,1074572.560923,0
2020-09-28,0.01875,0.0205,0.01862,0.01884,305552527.9,1601337599999,5986983.392205,18412,149999679.2,2941751.799247,0
2020-09-29,0.01889,0.02006,0.01849,0.01962,172942025.1,1601423999999,3337343.898809,10369,83142571.8,1602511.161856,0
2020-09-30,0.01964,0.02038,0.01901,0.02014,134536691.1,1601510399999,2646414.78804,8421,63825782.0,1255749.999319,0
2020-10-01,0.02014,0.0205,0.0182,0.01898,254178905.8,1601596799999,4962603.890815,14178,116254621.6,2270403.820434,0
2020-10-02,0.01895,0.0191,0.01733,0.01819,139256775.8,1601683199999,2518805.302822,8839,64546339.9,1167703.496888,0
2020-10-03,0.01821,0.01876,0.0179,0.01849,54808533.8,1601769599999,1005592.374719,3954,25516270.6,468598.708,0
2020-10-04,0.01848,0.019,0.01817,0.01858,51237012.9,1601855999999,948189.920551,3792,25271763.0,467387.266706,0
2020-10-05,0.01858,0.01898,0.01844,0.01884,64411509.0,1601942399999,1205800.978426,3394,32676369.1,611422.338196,0
2020-10-06,0.01885,0.01887,0.01688,0.01716,132541888.5,1602028799999,2371118.74857,7687,55593266.4,994100.7684,0
2020-10-07,0.01709,0.01755,0.01645,0.01695,132167288.8,1602115199999,2252403.807011,7744,57498974.1,981448.245191,0
2020-10-08,0.01695,0.01695,0.0154,0.01662,250575783.6,1602201599999,4073185.060469,12990,120248598.0,1956600.180873,0
2020-10-09,0.01663,0.01752,0.01617,0.01705,197117415.1,1602287999999,3326438.15539,7868,99353880.2,1675904.480676,0
2020-10-10,0.01705,0.01779,0.0169,0.0172,161214334.4,1602374399999,2806305.577669,8077,80032104.4,1393394.595194,0
2020-10-11,0.01721,0.01808,0.01714,0.0178,99892086.6,1602460799999,1759889.159418,6751,50379295.4,888108.860058,0
2020-10-12,0.0178,0.0189,0.01768,0.01785,140536795.6,1602547199999,2545664.792581,9520,69327562.8,1257270.74221,0
2020-10-13,0.01782,0.01796,0.01737,0.01768,93756704.2,1602633599999,1661793.337517,4967,49025626.8,869425.422778,0
2020-10-14,0.01767,0.01799,0.01703,0.01712,81381987.9,1602719999999,1430096.876499,4883,30330726.2,533666.013835,0
2020-10-15,0.01714,0.01747,0.01653,0.01718,74064902.3,1602806399999,1258935.213169,5328,37206434.7,632809.835437,0
2020-10-16,0.01717,0.01717,0.01597,0.01622,91864069.1,1602892799999,1509812.597092,6135,42601230.5,699488.433752,0
2020-10-17,0.01623,0.01678,0.01599,0.01673,37541012.4,1602979199999,617650.305123,3452,18949359.7,311894.708914,0
2020-10-18,0.01671,0.01705,0.01646,0.01688,52315466.0,1603065599999,876253.600966,2949,25575205.6,428191.125752,0
2020-10-19,0.01689,0.01691,0.0161,0.01624,81910102.3,1603151999999,1358246.222252,4616,31088025.5,515534.806418,0
2020-10-20,0.01624,0.01637,0.01532,0.01559,118488495.4,1603238399999,1861585.731434,6854,60269016.1,947856.592679,0
2020-10-21,0.01559,0.01681,0.01553,0.01633,148083204.9,1603324799999,2416132.091033,9548,77653958.4,1267279.160273,0
2020-10-22,0.01632,0.0179,0.0161,0.01735,286657325.4,1603411199999,4952334.801536,22297,147402456.1,2549180.481876,0
2020-10-23,0.01734,0.01752,0.01643,0.01701,113145694.9,1603497599999,1930668.28776,8842,55604752.2,949706.041358,0
2020-10-24,0.01704,0.01774,0.0168,0.01767,80069438.2,1603583999999,1386885.130726,6925,40684704.7,705451.206375,0
2020-10-25,0.01766,0.01794,0.01713,0.01727,104352845.1,1603670399999,1826670.550211,7808,49213230.6,862465.536273,0
2020-10-26,0.01727,0.01774,0.01609,0.01652,155351572.3,1603756799999,2612439.28676,10187,72015116.9,1209810.391508,0
2020-10-27,0.01653,0.01664,0.01558,0.01582,242409601.2,1603843199999,3881049.711633,13925,112605467.7,1804092.725188,0
2020-10-28,0.01582,0.01613,0.01482,0.01506,175890100.6,1603929599999,2724110.5148,10527,81490414.9,1264100.028979,0
2020-10-29,0.01503,0.01539,0.01364,0.01383,185857309.1,1604015999999,2710407.183649,10435,84246052.1,1231185.114641,0
2020-10-30,0.01383,0.0141,0.01291,0.01385,258312006.6,1604102399999,3468465.330164,12878,132056310.4,1773239.244681,0
2020-10-31,0.01382,0.01423,0.01359,0.01374,86813966.7,1604188799999,1207472.508395,5545,44003316.3,612836.898295,0
2020-11-01,0.01371,0.01433,0.01355,0.01414,81436167.3,1604275199999,1139064.595816,5884,39308880.9,550103.876112,0
2020-11-02,0.01415,0.01445,0.01332,0.01368,107737148.8,1604361599999,1494801.250527,6601,52494069.6,728660.510309,0
2020-11-03,0.01369,0.01374,0.01255,0.01273,184271596.5,1604447999999,2382758.643876,9617,83530965.8,1081609.50037,0
2020-11-04,0.01273,0.01275,0.01169,0.01222,226866873.3,1604534399999,2770180.699557,12464,117872817.3,1441441.718117,0
2020-11-05,0.01223,0.01367,0.01209,0.01343,262910612.9,1604620799999,3366405.555661,15816,133202552.5,1707560.10348,0
2020-11-06,0.01342,0.0159,0.01336,0.01548,434281102.0,1604707199999,6456236.402304,23427,220816313.6,3279043.070369,0
2020-11-07,0.01547,0.01715,0.01381,0.01436,473974536.1,1604793599999,7315477.497351,32695,230016547.3,3554248.911109,0
2020-11-08,0.01438,0.01625,0.01412,0.0157,189324317.0,1604879999999,2919921.826393,13779,102493046.6,1582298.313874,0
2020-11-09,0.0157,0.01676,0.01529,0.01559,242471214.9,1604966399999,3875061.194255,14637,109214904.3,1745572.425315,0
2020-11-10,0.01559,0.01752,0.01539,0.01724,373471182.0,1605052799999,6257291.614578,21143,198165568.2,3329053.339547,0
2020-11-11,0.01727,0.01782,0.0165,0.01654,171938335.9,1605139199999,2945561.614028,11503,76364354.2,1311381.560618,0
2020-11-12,0.01656,0.01741,0.01559,0.01587,185475129.2,1605225599999,3034147.630364,11517,80345507.1,1317601.932697,0
2020-11-13,0.01588,0.01719,0.01575,0.01692,125342806.5,1605311999999,2073454.807654,10079,70763610.3,1168343.547389,0
2020-11-14,0.01691,0.01692,0.01596,0.01671,82992929.6,1605398399999,1365196.294731,6978,37603445.0,618909.831189,0
2020-11-15,0.01672,0.01709,0.01581,0.01641,134026685.6,1605484799999,2225907.36409,11195,62889147.9,1047770.142186,0
2020-11-16,0.01641,0.01687,0.01621,0.01663,94821114.0,1605571199999,1575666.455424,7281,43332893.7,720515.551254,0
2020-11-17,0.01664,0.01823,0.01658,0.01766,290923790.5,1605657599999,5149736.642303,24501,149651657.3,2648290.492369,0
2020-11-18,0.01765,0.01882,0.01621,0.01702,311174721.3,1605743999999,5398340.164496,20803,145051541.1,2521727.915801,0
2020-11-19,0.01703,0.01813,0.01673,0.01723,201264940.8,1605830399999,3493525.829499,14001,98975495.2,1720186.891932,0
2020-11-20,0.01724,0.01839,0.01716,0.01791,207133610.7,1605916799999,3705365.891487,14246,100140616.2,1792209.199333,0
2020-11-21,0.01791,0.0199,0.01762,0.01989,309376921.5,1606003199999,5766974.550695,23192,158200777.9,2959060.96658,0
2020-11-22,0.01989,0.02018,0.01791,0.01913,375951508.0,1606089599999,7210573.872088,27744,180486278.0,3472142.672205,0
2020-11-23,0.01913,0.022,0.0188,0.02113,392494138.6,1606175999999,8170685.800432,34308,205371265.5,4272544.658771,0
2020-11-24,0.02113,0.02257,0.02034,0.0216,388482407.7,1606262399999,8335436.601724,31432,196488459.4,4225038.241144,0
2020-11-25,0.02163,0.0239,0.0202,0.02087,337565839.5,1606348799999,7511806.075364,32015,174914329.3,3906668.496319,0
2020-11-26,0.02086,0.02153,0.01559,0.01775,575952187.9,1606435199999,10185590.930499,45024,287924413.3,5082530.288964,0
2020-11-27,0.01771,0.01861,0.01666,0.01766,153542553.5,1606521599999,2701060.391484,11894,76717419.2,1352321.58918,0
2020-11-28,0.01769,0.01899,0.01716,0.01872,120310834.0,1606607999999,2190147.397709,9423,60960695.1,1111701.878477,0
2020-11-29,0.01872,0.01896,0.01821,0.01888,121665786.6,1606694399999,2264430.024636,8843,55841992.0,1041566.575277,0
2020-11-30,0.01888,0.01976,0.01843,0.0196,189586178.8,1606780799999,3625341.454199,15343,93122432.5,1784121.897571,0
2020-12-01,0.01962,0.0201,0.01756,0.01863,217341489.3,1606867199999,4148021.647927,19241,104198331.0,1987494.808547,0
2020-12-02,0.01861,0.0195,0.01821,0.01932,104697094.9,1606953599999,1993176.544992,10098,52397450.1,999985.93533,0
2020-12-03,0.01931,0.02098,0.019,0.02078,200834235.9,1607039999999,4033365.11515,15256,106812890.6,2150637.604041,0
2020-12-04,0.02079,0.02175,0.01855,0.01885,255554150.7,1607126399999,5076944.490054,17449,120878584.4,2403926.247412,0
2020-12-05,0.01884,0.01973,0.0183,0.01968,98489699.2,1607212799999,1877700.972935,7243,47556664.9,908876.836218,0
2020-12-06,0.01967,0.02013,0.01891,0.01956,122151296.6,1607299199999,2380290.302885,8750,57099027.6,1113166.897991,0
2020-12-07,0.01952,0.01958,0.01892,0.01915,63689400.7,1607385599999,1227608.533052,4426,28260856.2,544758.158377,0
2020-12-08,0.01916,0.01916,0.01736,0.0176,129482810.3,1607471999999,2371491.008029,9124,61171122.1,1120092.184259,0
2020-12-09,0.01761,0.01818,0.01655,0.01808,129518712.6,1607558399999,2271687.950113,9254,58862802.8,1032921.264503,0
2020-12-10,0.01809,0.0184,0.01722,0.0177,72450025.1,1607644799999,1287869.323495,5877,37955950.5,675199.027327,0
2020-12-11,0.01772,0.01799,0.01696,0.01744,88550307.9,1607731199999,1548357.338217,6706,41051182.0,718631.098647,0
2020-12-12,0.01744,0.0181,0.01736,0.01785,74414909.9,1607817599999,1325440.523416,5755,37432036.4,667421.018701,0
2020-12-13,0.01788,0.01843,0.01783,0.01817,72571353.0,1607903999999,1320293.405817,5977,36020516.3,655738.454958,0
2020-12-14,0.01816,0.0186,0.01793,0.01839,82934693.9,1607990399999,1512981.285262,6650,41055659.5,750103.817756,0
2020-12-15,0.01838,0.01987,0.0183,0.01945,251760172.8,1608076799999,4851163.866333,17631,127007206.6,2449020.947163,0
2020-12-16,0.01945,0.01986,0.01872,0.0195,193156092.7,1608163199999,3743993.509594,13640,85302412.6,1656429.517279,0
2020-12-17,0.01951,0.0198,0.01825,0.01896,318097005.4,1608249599999,6135503.52764,23522,157265246.8,3037809.752613,0
2020-12-18,0.01896,0.0208,0.01864,0.02055,213542460.2,1608335999999,4261298.392222,16147,106403429.7,2120827.660097,0
2020-12-19,0.02056,0.02083,0.01967,0.0199,190882341.2,1608422399999,3885516.408097,14713,94020666.4,1914366.394187,0
2020-12-20,0.01989,0.02013,0.01871,0.01918,145723013.6,1608508799999,2853501.591344,10883,69594433.4,1363238.085113,0
2020-12-21,0.01921,0.0198,0.01782,0.01808,160038180.6,1608595199999,3007220.171186,13104,72000809.2,1356395.218433,0
2020-12-22,0.01809,0.01882,0.0174,0.01861,101817183.6,1608681599999,1849887.780901,8524,52717807.9,959892.299417,0
2020-12-23,0.01861,0.01874,0.0144,0.01522,219098696.6,1608767999999,3629722.499618,17803,98842884.7,1633200.983464,0
2020-12-24,0.01521,0.0166,0.01468,0.01641,168625948.2,1608854399999,2655690.010468,14204,86032686.2,1356110.029412,0
2020-12-25,0.01643,0.01715,0.01578,0.01662,163846236.1,1608940799999,2686959.538418,15442,86787481.8,1424527.296215,0
2020-12-26,0.0166,0.01981,0.01626,0.01926,255508230.0,1609027199999,4614401.067014,25227,136234815.2,2465224.378199,0
2020-12-27,0.01933,0.02068,0.01765,0.01832,359122033.9,1609113599999,6799466.077013,31399,178522193.0,3386727.143767,0
2020-12-28,0.01833,0.01963,0.01803,0.01887,210510501.1,1609199999999,4004429.591297,17120,104591693.9,1990389.599561,0
2020-12-29,0.01885,0.01912,0.01775,0.01845,156872095.8,1609286399999,2871227.449107,15368,74050867.6,1355885.081468,0
2020-12-30,0.01845,0.019,0.01779,0.01808,125993421.7,1609372799999,2305683.744359,11077,63033615.4,1155500.495121,0
2020-12-31,0.01808,0.01809,0.01685,0.01758,151281694.0,1609459199999,2640940.979216,12126,76156972.5,1330243.884263,0
2021-01-01,0.01758,0.01873,0.0173,0.01777,138747556.5,1609545599999,2491923.138648,16996,73078295.8,1313992.887368,0
2021-01-02,0.01776,0.0196,0.01715,0.01904,271358492.5,1609631999999,5022307.06244,26979,141351937.3,2619083.09295,0
2021-01-03,0.01906,0.0207,0.01878,0.01997,285691847.8,1609718399999,5591426.969304,28109,152224908.5,2985246.491666,0
2021-01-04,0.01997,0.02499,0.01951,0.02468,660725286.7,1609804799999,14533136.559447,60902,348514950.7,7679096.602345,0
2021-01-05,0.02468,0.02708,0.02351,0.0244,915763524.6,1609891199999,22784374.650383,75159,479549746.4,11939649.85338,0
2021-01-06,0.02439,0.03673,0.02385,0.03555,1814721042.2,1609977599999,54685668.188428,147502,968007175.4,29202332.50587,0
2021-01-07,0.03553,0.04033,0.0299,0.03297,1144840735.8,1610063999999,40186264.729131,118224,597698115.0,21079072.249287,0
2021-01-08,0.03297,0.035,0.02738,0.03159,691258052.7,1610150399999,22057658.900865,69021,340280542.2,10885321.848379,0
2021-01-09,0.03154,0.0347,0.03052,0.03346,357758188.9,1610236799999,11556014.341383,37045,182702482.1,5899691.270065,0
2021-01-10,0.03343,0.03449,0.02732,0.03024,555898080.6,1610323199999,17518575.537691,52073,273581234.8,8633606.76418,0
2021-01-11,0.0302,0.03033,0.02281,0.02593,521443324.7,1610409599999,13489660.970132,45393,247181455.3,6404355.377871,0
2021-01-12,0.02593,0.0289,0.02501,0.02609,306107664.2,1610495999999,8140350.314385,29646,151983008.7,4048323.902264,0
2021-01-13,0.02608,0.03059,0.02467,0.02992,319369040.2,1610582399999,8879113.08919,30984,161679387.3,4498461.392911,0
2021-01-14,0.02992,0.033,0.029,0.03286,335461457.5,1610668799999,10351766.707561,33583,179420792.2,5539158.582801,0
2021-01-15,0.03278,0.03685,0.02912,0.03402,507871186.6,1610755199999,16806136.071601,58014,271408781.6,9008001.283438,0
2021-01-16,0.03401,0.03637,0.03161,0.03271,404737101.8,1610841599999,13976062.032026,48017,213405757.7,7380926.92628,0
2021-01-17,0.03269,0.0348,0.03058,0.03416,352925246.0,1610927999999,11630350.075062,35277,187115651.9,6173334.441552,0
2021-01-18,0.03413,0.038,0.03333,0.03612,381138242.3,1611014399999,13656846.234094,41546,188839755.0,6774195.098924,0
2021-01-19,0.03614,0.03624,0.03188,0.03229,342406920.5,1611100799999,11789349.390855,33710,174448175.7,6019820.642425,0
2021-01-20,0.03234,0.0348,0.03021,0.03443,390493898.9,1611187199999,12710366.58819,38439,186249478.2,6041891.097621,0
2021-01-21,0.03444,0.03502,0.02813,0.0286,414400685.1,1611273599999,12954629.0009,41323,210648988.8,6631093.93177,0
2021-01-22,0.02867,0.03295,0.02635,0.03119,311314570.0,1611359999999,9358892.639548,35009,159400715.6,4809400.406194,0
2021-01-23,0.03118,0.03521,0.03054,0.03403,455653448.8,1611446399999,15099357.521527,49916,214744898.1,7118680.238205,0
2021-01-24,0.03403,0.0352,0.03215,0.0331,258100225.8,1611532799999,8761032.869801,28447,130966364.7,4443890.831215,0
2021-01-25,0.03307,0.03685,0.03272,0.03273,333194082.4,1611619199999,11620254.232355,37990,173471274.2,6056360.804046,0
2021-01-26,0.03278,0.04478,0.0318,0.0433,1428010609.7,1611705599999,56009138.750055,126243,753576698.6,29642466.897458,0
2021-01-27,0.04335,0.04833,0.03748,0.04175,1282626953.0,1611791999999,54881319.183616,120568,656749127.1,28122615.077888,0
2021-01-28,0.04175,0.04459,0.03823,0.03856,595524671.2,1611878399999,24939338.432058,62186,292903361.1,12299065.863724,0
2021-01-29,0.03858,0.0435,0.0373,0.04016,675782317.9,1611964799999,26921724.13742,80965,340994282.3,13589401.00553,0
2021-01-30,0.04025,0.04689,0.039,0.03999,632562406.3,1612051199999,26574756.526833,67211,303519923.5,12760454.335741,0
2021-01-31,0.03996,0.04038,0.03598,0.03831,325374028.9,1612137599999,12394924.608023,40302,151637715.5,5788660.129094,0
2021-02-01,0.03828,0.04138,0.0362,0.0409,348324105.6,1612223999999,13431616.920381,41041,175070455.6,6759914.214623,0
2021-02-02,0.04092,0.04139,0.03916,0.04105,216963135.8,1612310399999,8710366.730486,27979,109328196.5,4391220.313149,0
2021-02-03,0.04107,0.04439,0.03975,0.04382,293807439.7,1612396799999,12329564.075968,39304,150028016.5,6310577.494198,0
2021-02-04,0.0438,0.0498,0.039,0.04737,538428959.8,1612483199999,23747384.456797,76392,284963383.6,12612680.67541,0
2021-02-05,0.04738,0.05642,0.04571,0.05481,651052079.1,1612569599999,32663607.90696,97532,319702719.0,16062785.880378,0
2021-02-06,0.05487,0.05572,0.04646,0.0525,490949915.7,1612655999999,24931191.247154,73458,230755697.9,11719876.781241,0
2021-02-07,0.05255,0.069,0.04783,0.06646,750740437.7,1612742399999,43586298.723382,109112,387524850.4,22579674.330414,0
2021-02-08,0.06645,0.08,0.06,0.07118,974652510.9,1612828799999,70007982.489593,174721,498221957.9,35868393.854812,0
2021-02-09,0.07115,0.108,0.069,0.09864,1076998438.3,1612915199999,97273744.242395,225694,562054094.8,50893498.774445,0
2021-02-10,0.09863,0.1469,0.09635,0.11585,1888825126.6,1613001599999,227908122.540705,507840,974636731.3,117625485.500882,0
2021-02-11,0.11587,0.13845,0.112,0.12333,679724272.5,1613087999999,86832273.614364,207425,347383720.7,44404395.541349,0
2021-02-12,0.12332,0.1298,0.11354,0.12071,458722829.4,1613174399999,55895187.62876,133756,240500927.0,29331278.808819,0
2021-02-13,0.12069,0.1259,0.10476,0.1115,443818680.2,1613260799999,51314618.898415,133925,221042245.2,25596173.804125,0
2021-02-14,0.11155,0.11597,0.09422,0.10002,435675175.3,1613347199999,45667668.790241,116468,214751525.0,22523990.536705,0
2021-02-15,0.10055,0.11977,0.08149,0.10717,795291029.1,1613433599999,82506590.795423,198032,390771584.1,40633580.505466,0
2021-02-16,0.10749,0.11588,0.10069,0.10899,464345137.3,1613519999999,49852533.026016,121346,239617318.0,25751010.811492,0
2021-02-17,0.10864,0.1195,0.09529,0.11213,514912629.2,1613606399999,55580969.615358,136015,255168889.6,27565503.584339,0
2021-02-18,0.11215,0.13395,0.11212,0.12214,582538582.7,1613692799999,72899482.38134,173743,306687642.8,38393147.823101,0
2021-02-19,0.12237,0.16539,0.1172,0.15327,747308914.1,1613779199999,100661952.60314,207315,384738503.8,51799418.595391,0
2021-02-20,0.15339,0.201,0.13,0.14443,1518699825.9,1613865599999,260674198.813026,501592,769168228.5,131984001.704604,0
2021-02-21,0.14402,0.18471,0.13879,0.16231,788793761.8,1613951999999,130498648.788733,254805,401476798.8,66418857.24137,0
2021-02-22,0.16233,0.16757,0.11996,0.15217,794306581.2,1614038399999,119623098.647653,256004,405834213.2,61255333.012993,0
2021-02-23,0.15214,0.15296,0.099,0.13672,872448639.9,1614124799999,111437491.102894,244406,440344991.7,56388358.003076,0
2021-02-24,0.13673,0.17151,0.12724,0.1602,760692851.5,1614211199999,117288403.028254,265234,393265522.8,60659691.248631,0
2021-02-25,0.16021,0.2218,0.15858,0.17564,1277626457.3,1614297599999,242639835.753785,421465,649060557.4,123319521.17524,0
2021-02-26,0.17564,0.20337,0.15942,0.19036,1129911803.3,1614383999999,202067225.498042,340874,577746606.5,103464145.440949,0
2021-02-27,0.19067,0.23171,0.18833,0.1971,988975732.9,1614470399999,208931402.462902,365609,500243460.6,105833684.897777,0
2021-02-28,0.19717,0.23399,0.1716,0.2329,1048606178.3,1614556799999,210981964.835501,360508,533285293.6,107368752.59241,0
2021-03-01,0.23291,0.25402,0.21607,0.2501,923912729.7,1614643199999,215985392.639073,383171,473014038.8,110525787.39847,0
2021-03-02,0.24928,0.2505,0.21026,0.23264,498124592.5,1614729599999,114357176.045126,232165,248273944.9,57009282.798039,0
2021-03-03,0.23227,0.238,0.21846,0.22302,331005470.7,1614815999999,75490900.235816,151391,167589264.0,38238997.960091,0
2021-03-04,0.22278,0.23625,0.19251,0.19877,400721256.0,1614902399999,84972595.814114,184842,202121924.7,42918205.390113,0
2021-03-05,0.19884,0.224,0.18288,0.21233,395489429.1,1614988799999,81395835.766771,173802,204360816.0,42046760.707102,0
2021-03-06,0.21236,0.22919,0.20526,0.21215,223410617.2,1615075199999,48647334.271694,108467,112115199.1,24431330.678241,0
2021-03-07,0.21229,0.22249,0.20707,0.21235,159554655.2,1615161599999,34473453.710397,76641,80688222.6,17449194.709973,0
2021-03-08,0.21209,0.22148,0.20472,0.21746,182254757.4,1615247999999,38718700.156949,81474,95116779.3,20216755.808025,0
2021-03-09,0.21747,0.308,0.21544,0.299,899319214.8,1615334399999,239121021.413724,369584,464311445.1,123640897.94834,0
2021-03-10,0.29921,0.3405,0.28,0.28678,859362194.3,1615420799999,268081812.897381,459628,425634413.1,132919864.834433,0
2021-03-11,0.28671,0.54344,0.27912,0.40884,1398092193.4,1615507199999,533201917.570428,726022,726227696.5,277647245.672649,0
2021-03-12,0.40916,0.505,0.39591,0.41354,1098461833.7,1615593599999,493355769.68306094,722152,545796400.1,245450465.284083,0
2021-03-13,0.41356,0.47,0.41057,0.42474,539596767.1,1615679999999,232342988.170044,382276,267377325.6,115225511.546977,0
2021-03-14,0.42526,0.44049,0.37486,0.38043,381854830.2,1615766399999,150295334.369009,260335,184618094.5,72727321.175534,0
2021-03-15,0.38041,0.43098,0.37823,0.3911,412939725.4,1615852799999,168502735.105084,311338,206133251.9,84231499.61021,0
2021-03-16,0.39101,0.396,0.34452,0.37275,311878310.7,1615939199999,115546473.16643,207191,148632036.8,55135168.338852,0
2021-03-17,0.37275,0.42676,0.37141,0.40081,418128933.4,1616025599999,168482060.243385,290386,213167668.5,85911929.556912,0
2021-03-18,0.40132,0.43701,0.385,0.38919,221617738.5,1616111999999,90677544.41281,177079,114355222.2,46809826.384376,0
2021-03-19,0.38919,0.4235,0.375,0.40991,177038122.9,1616198399999,71614401.323021,155344,88912197.8,35983994.453048,0
2021-03-20,0.40992,0.42,0.38263,0.38276,148386219.5,1616284799999,60078732.714238,106128,76414726.4,30967808.28945,0
2021-03-21,0.38276,0.4095,0.36402,0.38016,152444599.4,1616371199999,58216415.402444,115634,74673483.1,28543936.784284,0
2021-03-22,0.38044,0.38422,0.321,0.34594,152178072.5,1616457599999,55067401.561853,116166,73233945.7,26531765.126907,0
2021-03-23,0.34594,0.36456,0.32557,0.32987,146387420.6,1616543999999,50404678.165545,105919,74500451.6,25663658.822099,0
2021-03-24,0.32977,0.37883,0.30136,0.32213,268467295.7,1616630399999,93400578.871538,190197,134119258.7,46750051.183969,0
2021-03-25,0.32151,0.33769,0.29743,0.30078,193177201.1,1616716799999,61082646.760989,136964,97801884.0,30914760.14154,0
2021-03-26,0.3004,0.34168,0.30017,0.33668,166637476.1,1616803199999,54093432.559062,130915,90607993.9,29371402.209239,0
2021-03-27,0.3361,0.35676,0.331,0.33195,159556262.8,1616889599999,54486127.878409,116051,79671062.2,27222899.301727,0
2021-03-28,0.33195,0.35561,0.32837,0.34624,163937153.1,1616975999999,56015701.584316,117425,83020827.6,28369882.69081,0
2021-03-29,0.34591,0.42396,0.33719,0.38456,395274991.0,1617062399999,151259038.504771,279679,200568699.8,76795180.771914,0
2021-03-30,0.38445,0.38869,0.36023,0.37122,178760273.1,1617148799999,66670896.704591,135576,91252961.3,34040064.493797,0
2021-03-31,0.37118,0.38267,0.33637,0.35995,205426687.5,1617235199999,73761868.123961,157792,102890452.3,36979297.954051,0
2021-04-01,0.36039,0.38,0.35205,0.36343,144495789.5,1617321599999,52873299.252086,117581,71320332.5,26122151.607366,0
2021-04-02,0.36302,0.39545,0.35717,0.38249,190017129.9,1617407999999,71824617.87172,144682,93125757.4,35217234.42231,0
2021-04-03,0.38274,0.3986,0.34976,0.35134,177150608.5,1617494399999,66337241.195877,128948,83044767.0,31122727.660103,0
2021-04-04,0.35158,0.37216,0.34359,0.36072,112252653.5,1617580799999,40586882.110284,85988,55870692.7,20211864.397599,0
2021-04-05,0.36085,0.37094,0.34784,0.37011,151891139.4,1617667199999,54559227.117741,108048,74353035.5,26715892.962261,0
2021-04-06,0.37006,0.38979,0.36039,0.37426,223782074.9,1617753599999,84080749.367903,185842,114550702.8,43044525.780608,0
2021-04-07,0.3743,0.37609,0.30871,0.33755,226550572.8,1617839999999,78189962.693083,179423,105506183.2,36403979.304532,0
2021-04-08,0.33754,0.361,0.33558,0.3559,119886556.4,1617926399999,41918163.609137,90751,60321977.0,21092301.448381,0
2021-04-09,0.35576,0.3836,0.34968,0.36713,134530015.2,1618012799999,49068865.869543,110825,67344615.6,24573751.891897,0
2021-04-10,0.36713,0.37567,0.34751,0.35775,115544460.3,1618099199999,42074723.264013,90750,54415744.0,19826113.964639,0
2021-04-11,0.35775,0.37,0.35,0.3692,84046681.9,1618185599999,30310043.852138,70806,40622819.3,14652783.913867,0
2021-04-12,0.36939,0.373,0.34952,0.35732,89960763.5,1618271999999,32170940.70465,72327,44261377.9,15835323.823767,0
2021-04-13,0.35733,0.424,0.35722,0.42281,438845709.0,1618358399999,174372691.167538,360767,226487708.8,89963423.868847,0
2021-04-14,0.42281,0.44972,0.36925,0.41376,327156476.6,1618444799999,134288182.172504,274116,158017929.8,64873661.701333,0
2021-04-15,0.41381,0.459,0.40093,0.43962,296099371.1,1618531199999,127668337.614414,263303,149309730.1,64464766.25254,0
2021-04-16,0.44,0.46738,0.40725,0.43532,260226545.0,1618617599999,111667043.303997,219007,126786996.9,54500254.952859,0
2021-04-17,0.4349,0.43906,0.39914,0.40185,144189818.4,1618703999999,60678769.629167,136343,69655241.1,29357721.974772,0
2021-04-18,0.40224,0.40609,0.26055,0.36329,292296111.5,1618790399999,102486988.699933,241931,145513132.3,50979854.976906,0
2021-04-19,0.36328,0.38686,0.32452,0.3254,168553438.0,1618876799999,59250526.460781,132434,83558254.9,29401173.669107,0
2021-04-20,0.32564,0.35166,0.2963,0.34227,171372502.2,1618963199999,55779753.863007,131469,85757688.5,27942723.077627,0
2021-04-21,0.34226,0.38287,0.32767,0.35664,183698864.1,1619049599999,65265465.20459,151774,90954777.6,32321244.26319,0
2021-04-22,0.35702,0.42159,0.3434,0.34929,534467505.2,1619135999999,209307361.484824,403211,265761261.0,104232169.192035,0
2021-04-23,0.34929,0.4,0.29501,0.3815,354781884.5,1619222399999,118939081.181886,263133,179195447.0,60281753.624795,0
2021-04-24,0.38151,0.39115,0.33717,0.35421,148419267.3,1619308799999,53793281.880263,142938,71719131.0,26022598.21363,0
2021-04-25,0.35421,0.405,0.344,0.38426,226117229.0,1619395199999,85616788.030193,185350,112667982.2,42691352.728386,0
2021-04-26,0.38435,0.57554,0.37871,0.53696,1095815368.4,1619481599999,548932921.347604,952475,557246220.2,279206371.974875,0
2021-04-27,0.53654,0.849,0.53429,0.8284,1169955529.2,1619567999999,766562647.533626,1109075,584959340.7,383506384.474965,0
2021-04-28,0.8284,0.8972,0.674,0.777,1837511227.6,1619654399999,1428474910.628828,1800654,907878221.5,706952074.650432,0
2021-04-29,0.77708,0.93,0.74182,0.89196,1177393781.1,1619740799999,992801635.232483,1311925,590243941.6,498316324.07595104,0
2021-04-30,0.89191,0.94707,0.78128,0.82066,799217157.7,1619827199999,691289176.851946,908401,393227737.8,340334294.705582,0
2021-05-01,0.82044,0.84,0.769,0.78531,392955117.3,1619913599999,316836886.639121,615423,199262532.5,160715426.247686,0
2021-05-02,0.78531,0.82795,0.74,0.82132,312057554.6,1619999999999,246364794.022941,471706,149878591.8,118356566.499632,0
2021-05-03,0.82208,0.87,0.77638,0.79482,300583192.7,1620086399999,246841596.289448,448711,147889598.9,121476840.074126,0
2021-05-04,0.79469,0.79891,0.6872,0.70375,305417946.1,1620172799999,227601691.018459,471523,143312833.1,106731430.105601,0
2021-05-05,0.70343,0.83655,0.7005,0.80978,313079558.6,1620259199999,244279433.824899,500569,159280633.6,124392642.448432,0
2021-05-06,0.80977,0.814,0.72166,0.76126,192688668.2,1620345599999,149708884.960686,329825,95191241.2,73996726.452803,0
2021-05-07,0.76126,0.81004,0.73022,0.75002,199810386.9,1620431999999,153679715.344084,314501,101760101.6,78263854.995363,0
2021-05-08,0.75017,0.84988,0.73003,0.84888,251853040.2,1620518399999,200159153.427493,391530,129253069.0,102900615.623367,0
2021-05-09,0.84888,1.05798,0.78762,0.96945,1049416756.0,1620604799999,998767265.694542,1461911,533907134.2,508016912.541994,0
2021-05-10,0.96966,1.00709,0.77142,0.8747,431120037.3,1620691199999,396494423.128792,720697,208011677.3,191589754.200452,0
2021-05-11,0.87522,1.09,0.8,1.06343,493680497.0,1620777599999,465286524.449199,745029,251704319.3,237714912.090417,0
2021-05-12,1.06373,1.22855,1.0,1.05098,743670529.2,1620863999999,850914561.8011299,1245599,365593527.4,418910024.92494,0
2021-05-13,1.04911,1.18462,0.95,1.05366,576024615.3,1620950399999,620445585.291959,888130,289070884.2,311638686.120524,0
2021-05-14,1.05352,1.51716,1.04242,1.47376,721329895.7,1621036799999,957643476.962281,1278668,364475671.7,483559649.80084705,0
2021-05-15,1.47357,1.89,1.46509,1.59501,1050153449.4,1621123199999,1805661855.713384,2043895,524694242.8,902124383.762525,0
2021-05-16,1.59501,1.833,1.46,1.72443,578181529.5,1621209599999,952283376.643364,1158117,292016496.2,481630904.860844,0
2021-05-17,1.72424,1.788,1.48,1.72678,569061849.6,1621295999999,943962279.0130141,1127314,286542628.9,476178956.08908707,0
2021-05-18,1.72899,2.7,1.705,2.44124,1185132477.7,1621382399999,2664490309.45739,3308443,606869367.1,1362825813.332699,0
2021-05-19,2.44124,2.64718,1.03447,1.61982,1984362819.0,1621468799999,4105367894.924448,5339444,980586595.5,2033661568.617617,0
2021-05-20,1.62,2.19999,1.33,1.83289,1123879996.6,1621555199999,2083222195.675188,3102412,557724580.7,1035250564.569878,0
2021-05-21,1.82785,1.97,1.19222,1.4835,925730809.1,1621641599999,1464737369.523771,2086897,451020215.4,714984033.929631,0
2021-05-22,1.48351,1.62,1.12521,1.1907,772835088.6,1621727999999,1028112531.189989,1596448,377198550.5,502610578.10307103,0
2021-05-23,1.19293,1.25777,0.74503,1.0731,1361857121.2,1621814399999,1317216041.19759,2049489,668006007.1,646760078.991104,0
2021-05-24,1.07306,1.98152,1.06163,1.74861,2248051319.4,1621900799999,3470132411.7528353,5095166,1137917264.6,1759531049.494604,0
2021-05-25,1.7473,1.948,1.511,1.93463,1411469800.1,1621987199999,2416797573.396687,3638992,704415967.3,1208433228.195097,0
2021-05-26,1.93365,2.43832,1.83352,2.20646,1479019507.4,1622073599999,3265620613.962228,4262423,743552791.8,1641006829.27846,0
2021-05-27,2.20664,2.26826,1.85605,2.03704,1042765236.9,1622159999999,2182273654.7243366,2932722,521552981.3,1092314197.51184,0
2021-05-28,2.03874,2.061,1.6633,1.81759,1169728147.4,1622246399999,2186737197.198832,3255174,577000370.9,1079368218.336189,0
2021-05-29,1.81705,1.90715,1.51495,1.69553,855389320.8,1622332799999,1462828045.742309,2162075,433264431.7,741727785.257996,0
2021-05-30,1.69563,1.9721,1.54815,1.86437,915474203.3,1622419199999,1681369847.653429,2481977,461438998.8,847783324.3136591,0
2021-05-31,1.86425,1.93565,1.744,1.87126,678672722.8,1622505599999,1251737183.074129,1705196,329413448.7,607863905.6113911,0
2021-06-01,1.87147,1.9852,1.7614,1.82485,490146867.5,1622591999999,917419378.9044249,1306142,238870608.9,447532355.61248493,0
2021-06-02,1.82492,1.89,1.7496,1.7996,363997932.6,1622678399999,661190025.874512,893471,183290035.3,333115805.920687,0
2021-06-03,1.79913,1.885,1.761,1.82434,311112075.6,1622764799999,566256409.4035089,783839,155370734.3,282942503.310269,0
2021-06-04,1.82434,1.825,1.55009,1.63024,533838609.6,1622851199999,879582801.76937,1469011,265011708.4,436255575.98555505,0
2021-06-05,1.63126,1.697,1.44138,1.52665,335352372.9,1622937599999,534660529.951726,866649,158856661.4,253483454.300784,0
2021-06-06,1.52723,1.59126,1.5109,1.58189,218352782.3,1623023999999,339396584.350743,541268,108572368.5,168799778.041925,0
2021-06-07,1.58158,1.728,1.456,1.48478,450188736.9,1623110399999,731758626.1529169,1113809,217776293.8,354502596.827485,0
2021-06-08,1.48529,1.52408,1.27644,1.47931,627472738.4,1623196799999,890528552.0757779,1367034,310616185.8,441324484.19588304,0
2021-06-09,1.47934,1.53379,1.35222,1.49033,452418224.8,1623283199999,656302943.482614,997131,224815065.9,326199789.525089,0
2021-06-10,1.49032,1.4999,1.35222,1.36286,274048314.8,1623369599999,390200965.85960495,596988,133887131.6,190728103.085146,0
2021-06-11,1.36259,1.38304,1.23,1.2507,246762987.0,1623455999999,327808008.03108,561961,120455000.2,160223831.904295,0
2021-06-12,1.2502,1.39878,1.16,1.33727,426962681.6,1623542399999,543244708.32438,888635,212832048.3,270909346.937696,0
2021-06-13,1.33717,1.4935,1.31132,1.46641,390005058.6,1623628799999,541894864.815185,902292,197856988.7,275241469.312587,0
2021-06-14,1.46641,1.6,1.41349,1.54737,372135319.2,1623715199999,560866632.355649,956291,188156719.3,283678836.584033,0
2021-06-15,1.54793,1.71,1.533,1.62868,504587100.8,1623801599999,832822413.4208729,1228289,252517062.9,416831548.674268,0
2021-06-16,1.62787,1.63989,1.44764,1.4786,356518743.6,1623887999999,552349414.871631,812098,169193381.5,262345993.219618,0
2021-06-17,1.47892,1.55824,1.45331,1.50324,265325604.4,1623974399999,399639419.11707693,577483,134769136.0,203020639.145238,0
2021-06-18,1.50324,1.514,1.30302,1.38,320044401.6,1624060799999,446876439.29772305,621831,159440564.7,222521541.356639,0
2021-06-19,1.37972,1.43257,1.34835,1.35812,231250441.0,1624147199999,321715645.717635,498047,115498516.2,160725258.312583,0
2021-06-20,1.35858,1.43821,1.28055,1.39814,258404841.6,1624233599999,350484314.246745,539544,127531446.3,173152278.062433,0
2021-06-21,1.39858,1.41083,1.08266,1.09807,477073488.0,1624319999999,598733158.805734,951970,229714289.0,288435208.583848,0
2021-06-22,1.09802,1.23821,0.928,1.07596,871420354.0,1624406399999,948027311.378355,1713251,433616357.0,471832176.72689295,0
2021-06-23,1.07503,1.25,1.0271,1.17646,436699313.8,1624492799999,511881736.98698896,822577,223525010.8,262061545.51352,0
2021-06-24,1.17707,1.24,1.1341,1.20227,263877652.0,1624579199999,314338960.076603,502993,135790103.0,161716094.163816,0
2021-06-25,1.20241,1.2345,1.0368,1.03904,308460097.3,1624665599999,346860646.227411,552581,148429820.6,166861265.043614,0
2021-06-26,1.03981,1.1037,1.00531,1.07699,236630568.2,1624751999999,247698708.128032,426525,117671076.9,123174859.453071,0
2021-06-27,1.07699,1.11438,1.03411,1.11376,210798965.7,1624838399999,226265377.719375,353972,104704457.4,112430982.689366,0
2021-06-28,1.11408,1.16518,1.08637,1.12095,218281146.4,1624924799999,244609639.142226,408255,107650382.6,120658467.775899,0
2021-06-29,1.12095,1.24985,1.115,1.17193,284862170.4,1625011199999,338261720.957593,555464,143775188.5,170692942.803195,0
2021-06-30,1.17223,1.18157,1.07933,1.16878,217466755.0,1625097599999,246053084.046302,388931,106796424.8,120881689.172599,0
2021-07-01,1.16874,1.16941,1.05987,1.07275,151549036.0,1625183999999,166424367.136101,283665,75130941.4,82535642.229715,0
2021-07-02,1.07275,1.10984,1.04264,1.10263,126537636.7,1625270399999,135665688.658316,235063,62726280.6,67254747.238718,0
2021-07-03,1.10201,1.1465,1.0793,1.11802,118486894.7,1625356799999,132981490.535612,244358,56698624.5,63627011.181737,0
2021-07-04,1.11819,1.17947,1.09466,1.14733,132086411.3,1625443199999,151639385.310263,284987,67653352.1,77665838.005884,0
2021-07-05,1.14769,1.14999,1.08,1.10063,126985673.8,1625529599999,142075938.692416,240089,60300121.9,67496143.084494,0
2021-07-06,1.10051,1.1648,1.1,1.13028,139315705.9,1625615999999,157510951.291124,262702,70747240.1,79998221.120901,0
2021-07-07,1.13028,1.17756,1.12503,1.128,153052469.5,1625702399999,175910436.292245,269911,76807485.1,88304054.148695,0
2021-07-08,1.12801,1.13287,1.0164,1.04172,147649631.4,1625788799999,158860224.953164,273094,71209164.0,76581068.834882,0
2021-07-09,1.04142,1.0695,1.00265,1.052,111501986.4,1625875199999,116076124.720871,192411,56573841.6,58905607.022927,0
2021-07-10,1.05151,1.07165,1.01905,1.0302,77935874.2,1625961599999,81069098.487718,138732,38795972.2,40364590.237959,0
2021-07-11,1.03009,1.05989,1.0202,1.04231,57655857.3,1626047999999,59905739.658277,104448,29118366.6,30257689.372463,0
2021-07-12,1.04324,1.0495,0.96198,0.99456,115406267.9,1626134399999,116052061.888856,215799,53681011.8,54000764.960703,0
2021-07-13,0.99486,0.99573,0.93666,0.94572,104117684.5,1626220799999,100530233.195813,184541,51500540.8,49730441.936615,0
2021-07-14,0.94589,0.96594,0.86824,0.92959,157306893.1,1626307199999,144438285.44402,270424,75622069.1,69431894.44777,0
2021-07-15,0.92939,0.94568,0.85725,0.87913,116311869.3,1626393599999,104285386.30865,206121,57454113.3,51529207.603244,0
2021-07-16,0.87896,0.89741,0.81,0.81149,122539550.4,1626479999999,103741690.114592,195407,56683186.7,47987272.625443,0
2021-07-17,0.81164,0.82219,0.7829,0.80126,128200443.6,1626566399999,102574059.228671,189155,61445872.6,49172384.702034,0
2021-07-18,0.80124,0.85998,0.789,0.7937,116539208.3,1626652799999,96094385.153279,178970,58354722.8,48084838.755727,0
2021-07-19,0.79337,0.8,0.72836,0.73285,120374943.1,1626739199999,91786560.555926,188029,56910649.4,43417911.39249,0
2021-07-20,0.73322,0.7385,0.621,0.68892,370871474.8,1626825599999,251912832.441204,459521,180425586.0,122513844.471125,0
2021-07-21,0.68901,0.945,0.66838,0.88833,713823532.4,1626911999999,596767632.642652,1082702,360038441.9,300786162.360001,0
2021-07-22,0.88886,0.93333,0.84266,0.88062,424463228.6,1626998399999,378446517.002879,615243,212930820.8,189923860.428899,0
2021-07-23,0.88044,0.95771,0.85917,0.94856,310882779.9,1627084799999,283502201.731753,523378,158398203.7,144573404.107389,0
2021-07-24,0.94858,0.98676,0.91023,0.94834,239737503.7,1627171199999,225196971.48729,419089,118338177.2,111193221.061405,0
2021-07-25,0.94795,0.9649,0.8859,0.9391,178160974.0,1627257599999,165129030.914048,308105,88889759.4,82390866.184693,0
2021-07-26,0.9391,1.13499,0.93057,1.01403,606612371.0,1627343999999,639487836.9704809,1132883,301412508.4,317809936.012636,0
2021-07-27,1.01413,1.06346,0.93775,1.04,349544062.7,1627430399999,349673382.346558,576590,175728450.8,175862764.833989,0
2021-07-28,1.04059,1.0586,0.9911,1.01803,200269460.6,1627516799999,205031768.368253,356146,98376796.1,100773299.447661,0
2021-07-29,1.01803,1.04341,0.98915,1.02794,114617282.3,1627603199999,115976347.013318,207207,57862885.1,58562346.949143,0
2021-07-30,1.02787,1.07133,0.99496,1.06595,176127462.8,1627689599999,181626803.458638,323026,87218045.1,89983567.043458,0
2021-07-31,1.06612,1.1,1.02445,1.08246,149055600.3,1627775999999,157064863.485129,278234,76524171.8,80701874.162753,0
2021-08-01,1.08248,1.135,1.04118,1.04943,217134999.5,1627862399999,236668490.052593,411985,107068476.1,116795275.996444,0
2021-08-02,1.04963,1.07994,1.02,1.0454,134379932.5,1627948799999,141557097.014515,233101,67295232.1,70909313.249538,0
2021-08-03,1.04553,1.06,1.005,1.02249,109219073.2,1628035199999,111880968.026429,193165,52641855.9,53933081.166483,0
2021-08-04,1.02249,1.07096,1.00844,1.05387,112676829.2,1628121599999,117364997.166172,202657,58979373.6,61458332.158467,0
2021-08-05,1.05341,1.07453,1.011,1.06558,138199453.0,1628207999999,144707902.609999,254041,65696586.0,68827838.039235,0
2021-08-06,1.06561,1.09797,1.03515,1.08093,119365962.6,1628294399999,127347294.338209,246517,60887916.5,64978471.180063,0
2021-08-07,1.08096,1.19662,1.06858,1.16618,276589477.7,1628380799999,317024563.896899,590549,140640797.6,161155518.463205,0
2021-08-08,1.16647,1.1796,1.06844,1.08129,165071670.0,1628467199999,186372988.746331,330580,78575021.1,88787756.345803,0
2021-08-09,1.08142,1.15861,1.03802,1.12629,171591288.4,1628553599999,190295205.664906,358290,86483684.2,95859183.883227,0
2021-08-10,1.12626,1.17888,1.10852,1.15611,198586008.1,1628639999999,226869072.349308,410525,99797158.6,114066383.140758,0
2021-08-11,1.15642,1.42709,1.15256,1.37115,489110484.5,1628726399999,644861436.8522489,1191571,245815127.9,323857399.387716,0
2021-08-12,1.37148,1.47929,1.25,1.32175,367785059.4,1628812799999,497628515.354106,856301,179348193.3,242799977.164063,0
2021-08-13,1.32168,1.51597,1.31454,1.51075,293333695.2,1628899199999,420668682.510064,717990,146997176.9,210830328.862648,0
2021-08-14,1.511,1.51249,1.40301,1.4416,206977533.2,1628985599999,300710949.238061,464497,104556476.2,151886669.608247,0
2021-08-15,1.44134,1.486,1.36739,1.46666,165026629.9,1629071999999,235544572.499776,418776,81051807.8,115700293.965584,0
2021-08-16,1.46666,1.56,1.4135,1.41963,250983686.7,1629158399999,375336418.621882,650355,125630938.0,187907575.807004,0
2021-08-17,1.41924,1.533,1.33,1.34998,248378838.6,1629244799999,356880741.124994,626779,122897401.8,176628749.699808,0
2021-08-18,1.34998,1.40949,1.27189,1.33364,207837866.4,1629331199999,279317102.970451,472457,102958761.6,138334931.171368,0
2021-08-19,1.33419,1.4707,1.3004,1.47056,167895431.9,1629417599999,229015151.778672,462843,83349181.8,113762609.827628,0
2021-08-20,1.47055,1.56893,1.45067,1.54956,232074045.3,1629503999999,351271525.031377,701283,117093126.3,177282761.900412,0
2021-08-21,1.54942,1.7,1.51182,1.58324,260862252.0,1629590399999,426229904.507578,939213,128095142.7,209365218.021232,0
2021-08-22,1.583,1.6686,1.55557,1.62299,163992144.0,1629676799999,264746854.613749,489880,80576495.4,130122337.768796,0
2021-08-23,1.62299,1.68612,1.59006,1.62482,149791238.6,1629763199999,245022116.983697,455939,72901976.8,119303566.828477,0
2021-08-24,1.62367,1.63,1.43515,1.47371,168472769.1,1629849599999,258650411.211406,471419,83345693.4,127890317.435267,0
2021-08-25,1.47434,1.55352,1.41934,1.52737,130368043.8,1629935999999,194773893.518112,362409,63301048.9,94570308.268939,0
2021-08-26,1.52701,1.54773,1.362,1.372,143533351.4,1630022399999,204490387.631408,330417,70624300.7,100662727.061791,0
2021-08-27,1.372,1.52,1.35,1.518,142531594.6,1630108799999,205121627.972264,285307,71760090.5,103264183.002513,0
2021-08-28,1.519,1.53,1.441,1.458,78274762.8,1630195199999,115379983.933195,172141,37175322.6,54809004.058795,0
2021-08-29,1.458,1.483,1.394,1.418,85334115.2,1630281599999,121836813.1203,186603,39635615.8,56625937.9305,0
2021-08-30,1.419,1.421,1.304,1.319,146994160.6,1630367999999,201980400.918678,293920,67594230.7,92904219.2472,0
2021-08-31,1.318,1.417,1.301,1.336,179349793.5,1630454399999,242763590.652773,323433,83824391.9,113514193.9718,0
2021-09-01,1.337,1.5,1.31,1.47,262482700.2,1630540799999,373057183.4063,533910,128022742.5,182090858.4401,0
2021-09-02,1.47,1.52,1.428,1.445,143859302.6,1630627199999,212141996.6134,336157,72438777.7,106879449.673,0
2021-09-03,1.445,1.502,1.403,1.457,122433630.3,1630713599999,178556357.6324,295022,60444625.5,88185925.2788,0
2021-09-04,1.457,1.744,1.446,1.739,321325026.8,1630799999999,518306903.65958893,1072844,165574325.9,267250867.187689,0
2021-09-05,1.738,1.798,1.634,1.68,277681074.8,1630886399999,475826953.562746,758443,135465396.4,232299244.547646,0
2021-09-06,1.68,1.718,1.561,1.643,186068467.4,1630972799999,306754165.4607,440979,94156678.6,155233412.7938,0
2021-09-07,1.643,1.698,1.111,1.362,561949825.6,1631059199999,795011093.07806,1074182,274525446.1,388539245.533152,0
2021-09-08,1.361,1.382,1.183,1.334,281137276.4,1631145599999,364596628.2118,520945,140990359.2,182928559.5761,0
2021-09-09,1.334,1.455,1.282,1.367,209323000.1,1631231999999,288163497.7519,484583,104297070.3,143737886.6948,0
2021-09-10,1.367,1.5,1.266,1.304,206827240.3,1631318399999,282346976.6573,509199,100308793.6,137227808.2188,0
2021-09-11,1.304,1.372,1.276,1.316,105837460.3,1631404799999,140076036.7437,247552,51318461.2,67961053.7347,0
2021-09-12,1.316,1.373,1.222,1.328,109044545.6,1631491199999,145010065.5857,279043,53643853.8,71399139.4174,0
2021-09-13,1.328,1.35,1.196,1.248,146911214.7,1631577599999,183916187.595,374006,72899250.5,91281288.0514,0
2021-09-14,1.248,1.347,1.187,1.318,131588358.1,1631663999999,169886601.4442,332862,64046431.6,82807462.7309,0
2021-09-15,1.318,1.42,1.316,1.416,108101078.6,1631750399999,147169273.8688,315414,53530408.9,72909433.4707,0
2021-09-16,1.416,1.5,1.347,1.384,179037601.8,1631836799999,257494304.3211,482885,87084604.5,125278650.3036,0
2021-09-17,1.383,1.442,1.3,1.422,134936963.2,1631923199999,184880753.5514,328418,67545488.2,92683532.5019,0
2021-09-18,1.423,1.44,1.335,1.366,99338561.9,1632009599999,137838111.8751,238938,47065986.2,65316555.9022,0
2021-09-19,1.365,1.372,1.301,1.315,65396253.9,1632095999999,87654589.4652,154404,31440886.2,42143297.1068,0
2021-09-20,1.315,1.319,1.096,1.135,222246591.0,1632182399999,265361740.23609,457216,105034271.3,125377025.10294,0
2021-09-21,1.135,1.187,1.015,1.047,212680253.6,1632268799999,236478230.82555,370218,105060854.5,116940891.85497,0
2021-09-22,1.047,1.235,1.029,1.23,160509158.5,1632355199999,182396234.311466,307633,81604119.2,92672209.395566,0
2021-09-23,1.23,1.245,1.176,1.225,92389284.5,1632441599999,112258701.9265,199223,45125470.4,54838802.5344,0
2021-09-24,1.225,1.23,1.047,1.126,147894771.3,1632527999999,167224244.899,303967,71846216.5,81310915.4883,0
2021-09-25,1.127,1.145,1.082,1.121,73679011.0,1632614399999,82490068.4741,162466,35140507.7,39374501.793,0
2021-09-26,1.12,1.167,1.03,1.123,114121246.6,1632700799999,126041510.2062,229336,56424551.9,62343112.0852,0
2021-09-27,1.123,1.17,1.082,1.084,79992092.5,1632787199999,89978349.6711,160134,38738310.3,43600064.6008,0
2021-09-28,1.085,1.112,1.046,1.05,70008132.7,1632873599999,75322513.5707,125689,34451692.7,37075780.4323,0
2021-09-29,1.05,1.112,1.043,1.099,73483897.1,1632959999999,79857542.0506,132093,35954220.9,39077969.1305,0
2021-09-30,1.1,1.15,1.094,1.128,79629849.0,1633046399999,89433449.4661,175118,41464685.1,46571718.9047,0
2021-10-01,1.127,1.268,1.126,1.266,127648568.6,1633132799999,154822788.0628,336213,66017172.0,80053811.0014,0
2021-10-02,1.266,1.356,1.223,1.292,94079891.6,1633219199999,120546449.6849,305036,47274190.1,60573776.2482,0
2021-10-03,1.292,1.346,1.274,1.326,100812246.8,1633305599999,132611243.3565,250295,49719116.7,65409686.6333,0
2021-10-04,1.326,1.327,1.235,1.275,111714716.2,1633391999999,142395816.8824,259259,55368033.8,70601369.8246,0
2021-10-05,1.275,1.34,1.265,1.315,85020452.9,1633478399999,110906323.2568,218952,41816177.5,54570186.4889,0
2021-10-06,1.314,1.319,1.202,1.257,119351850.0,1633564799999,151244914.8309,298502,57006188.3,72293179.0497,0
2021-10-07,1.257,1.31,1.228,1.276,92713633.8,1633651199999,118118950.8899,283296,45917796.0,58530650.7849,0
2021-10-08,1.277,1.44,1.27,1.344,186129635.1,1633737599999,255219377.6575,597962,95228062.6,130594730.0592,0
2021-10-09,1.344,1.383,1.327,1.352,68478479.5,1633823999999,92604421.9149,168073,33372466.8,45149824.0729,0
2021-10-10,1.351,1.358,1.233,1.244,69972921.9,1633910399999,91499432.2894,198332,32095997.5,41990811.963,0
2021-10-11,1.243,1.309,1.213,1.242,64238057.1,1633996799999,81017466.3512,182825,31170928.4,39324097.9836,0
2021-10-12,1.243,1.243,1.152,1.223,82875206.1,1634083199999,99348685.4191,233692,39426560.4,47294690.7881,0
2021-10-13,1.223,1.263,1.188,1.241,70321411.8,1634169599999,86051816.6687,186003,34935858.1,42772161.3714,0
2021-10-14,1.241,1.29,1.228,1.264,67744720.0,1634255999999,85404464.8287,189495,34229718.8,43168275.2703,0
2021-10-15,1.264,1.634,1.234,1.594,726029359.1,1634342399999,1083600369.9929,2264577,372111384.2,555625956.3569,0
2021-10-16,1.594,1.605,1.488,1.507,195439941.9,1634428799999,300437549.2563,596504,97438898.1,149872416.39,0
2021-10-17,1.507,1.549,1.407,1.457,97437722.6,1634515199999,144072367.827,295486,48680085.0,71980622.7104,0
2021-10-18,1.457,1.618,1.442,1.479,196488722.5,1634601599999,298885258.5734,615440,97787979.5,148734522.1065,0
2021-10-19,1.48,1.525,1.435,1.472,82095015.5,1634687999999,121585757.1851,220048,39553887.2,58632812.5405,0
2021-10-20,1.471,1.549,1.445,1.534,104789299.4,1634774399999,157384364.5325,301399,53104933.9,79800249.6183,0
2021-10-21,1.534,1.631,1.479,1.505,136960924.8,1634860799999,211982684.5621,571030,67728725.4,104938702.9745,0
2021-10-22,1.504,1.578,1.491,1.517,105142554.4,1634947199999,161195953.9795,314880,50243858.3,77050136.6998,0
2021-10-23,1.518,1.677,1.497,1.641,167979804.6,1635033599999,270126168.5537,621278,85218685.2,137180231.5691,0
2021-10-24,1.64,1.645,1.525,1.571,110034818.5,1635119999999,173921260.2605,328445,52853262.5,83574476.251,0
2021-10-25,1.571,1.682,1.562,1.673,108512793.8,1635206399999,177675658.3712,431374,54364838.0,89004184.4791,0
2021-10-26,1.674,1.858,1.656,1.734,220852197.6,1635292799999,392702771.37995905,1147078,112092146.6,199352365.905259,0
2021-10-27,1.734,1.939,1.6,1.757,404527907.5,1635379199999,722796513.695992,1695519,196758900.2,351800450.760792,0
2021-10-28,1.755,2.178,1.755,2.134,411270337.7,1635465599999,802716879.662257,2191109,208755749.7,407909567.80955696,0
2021-10-29,2.134,2.22,1.919,2.022,266151399.6,1635551999999,543304288.842311,1135633,133521739.6,272515013.809111,0
2021-10-30,2.022,2.028,1.826,1.869,133509266.0,1635638399999,256254373.8247,435420,65291637.9,125312505.9803,0
2021-10-31,1.869,1.984,1.792,1.939,142641786.1,1635724799999,269536709.0784,620410,69823298.0,132078936.0472,0
2021-11-01,1.939,1.971,1.834,1.902,109597754.7,1635811199999,208308318.0244,429158,53596528.9,101876433.0399,0
2021-11-02,1.903,1.97,1.862,1.939,115942949.8,1635897599999,221899195.9839,387234,57510735.1,110085766.3002,0
2021-11-03,1.939,2.15,1.937,2.039,193807414.1,1635983999999,395129562.1172,1115874,97705205.1,199246860.3485,0
2021-11-04,2.038,2.04,1.862,1.916,100166794.9,1636070399999,195294608.5077,395231,48104243.0,93731945.0165,0
2021-11-05,1.915,1.95,1.865,1.896,62769656.5,1636156799999,119482290.2178,252128,30780109.3,58595817.2591,0
2021-11-06,1.896,1.926,1.809,1.883,52407084.3,1636243199999,98013811.8371,231829,25751585.6,48175715.8302,0
2021-11-07,1.884,1.915,1.851,1.886,50189890.7,1636329599999,94628102.7517,204441,22188113.6,41839313.5484,0
2021-11-08,1.885,1.942,1.861,1.893,105927582.7,1636415999999,200532590.5436,389265,46200569.5,87471491.0385,0
2021-11-09,1.892,1.895,1.754,1.775,182663697.5,1636502399999,335535563.8987,546828,76665976.5,140907295.9394,0
2021-11-10,1.775,1.893,1.527,1.7,187475989.5,1636588799999,328663728.4074,841276,90256749.3,158428514.9592,0
2021-11-11,1.699,1.79,1.664,1.754,83483387.3,1636675199999,144467440.8244,356707,41071582.0,71098450.5813,0
2021-11-12,1.754,1.777,1.636,1.715,75687048.3,1636761599999,129212603.5839,312016,36687484.1,62624096.9935,0
2021-11-13,1.716,1.771,1.698,1.75,45150953.8,1636847999999,78230848.5643,191860,23227777.4,40266819.0499,0
2021-11-14,1.751,1.775,1.686,1.728,43426724.1,1636934399999,74985472.1374,159737,20353234.0,35148278.1655,0
2021-11-15,1.728,1.767,1.688,1.694,49314398.2,1637020799999,85300702.9869,205453,24934879.1,43157102.9564,0
2021-11-16,1.694,1.694,1.463,1.559,133099353.4,1637107199999,209794910.3364,473352,65291094.2,103008839.431,0
2021-11-17,1.559,1.674,1.488,1.637,85437294.7,1637193599999,134232670.1524,355269,42525339.4,66831236.1851,0
2021-11-18,1.636,1.702,1.443,1.494,99523642.4,1637279999999,154771929.1308,360596,47378688.2,73727110.2294,0
2021-11-19,1.495,1.625,1.478,1.622,63171530.6,1637366399999,98694099.5225,257377,32776305.0,51226873.4175,0
2021-11-20,1.622,1.679,1.559,1.664,57718268.7,1637452799999,93467078.2554,246068,27892731.4,45196837.0294,0
2021-11-21,1.663,1.667,1.594,1.598,40091995.6,1637539199999,65256005.1371,169142,19272832.0,31381557.6719,0
2021-11-22,1.598,1.621,1.525,1.559,59193702.9,1637625599999,92759160.5734,263060,29242812.7,45837636.3239,0
2021-11-23,1.559,1.763,1.542,1.751,104048764.3,1637711999999,172050269.7271,571491,50916230.1,84227572.1748,0
2021-11-24,1.75,1.838,1.648,1.686,128867765.0,1637798399999,222609344.8792,768143,62474027.1,108006580.142,0
2021-11-25,1.685,1.94,1.67,1.925,151610100.3,1637884799999,277077661.1614,1171532,77699597.4,142133521.5073,0
2021-11-26,1.926,1.967,1.589,1.64,179444731.6,1637971199999,308904748.5787,944494,87050548.6,149741912.0335,0
2021-11-27,1.639,1.726,1.587,1.613,56978913.2,1638057599999,94961596.6272,256584,27735077.4,46238004.2421,0
2021-11-28,1.612,1.665,1.492,1.652,75447073.9,1638143999999,118934403.9194,311126,36250833.7,57193509.6989,0
2021-11-29,1.652,1.834,1.629,1.816,84572444.8,1638230399999,145436066.3733,415230,42031798.1,72289867.3691,0
2021-11-30,1.817,1.88,1.696,1.785,125119085.1,1638316799999,223987169.6737,701347,61353972.4,109827526.3599,0
2021-12-01,1.784,2.094,1.77,2.005,236434812.7,1638403199999,465389291.3717,1649355,117842826.9,231726774.3131,0
2021-12-02,2.006,2.202,1.948,2.123,337936048.8,1638489599999,706092806.1073,2354531,166439249.4,347914836.5539,0
2021-12-03,2.122,2.4,2.069,2.27,403426374.8,1638575999999,902987473.791217,3153682,201715447.6,451962811.45411694,0
2021-12-04,2.269,2.317,1.547,1.975,482545184.2,1638662399999,928601762.9987,1823414,237555520.3,457300956.484,0
2021-12-05,1.974,2.199,1.882,2.051,310626335.9,1638748799999,634901759.8574,1254071,154765767.2,316654321.2042,0
2021-12-06,2.05,2.32,1.7,2.277,420599480.7,1638835199999,834055923.97,1644597,211335929.1,420152437.319,0
2021-12-07,2.277,2.521,2.234,2.344,441159675.4,1638921599999,1040290904.951902,2784376,221857443.4,523528002.640802,0
2021-12-08,2.346,2.579,2.222,2.421,392870710.7,1639007999999,950361031.385511,2382382,194126164.4,469899827.65711105,0
2021-12-09,2.422,2.439,2.06,2.085,332563226.0,1639094399999,742699346.3629,1316855,161986481.4,362061258.8864,0
2021-12-10,2.084,2.291,2.038,2.092,337275662.1,1639180799999,730950303.683,1210963,165514928.2,359142018.5792,0
2021-12-11,2.092,2.165,2.008,2.139,165319153.3,1639267199999,346281759.5097,590767,80757814.4,169238766.5704,0
2021-12-12,2.14,2.142,2.026,2.084,95119674.7,1639353599999,198000563.7872,353210,47352938.4,98572718.5983,0
2021-12-13,2.083,2.094,1.75,1.817,207420092.9,1639439999999,390487512.2889,637366,98219159.2,184604550.6454,0
2021-12-14,1.817,1.947,1.735,1.94,162227967.4,1639526399999,298115836.4671,551669,79941259.0,147015028.0654,0
2021-12-15,1.941,2.226,1.829,2.129,258170340.2,1639612799999,520674345.9897,1049476,130201170.5,262611126.9526,0
2021-12-16,2.13,2.208,2.063,2.07,160540603.7,1639699199999,343689148.2742,652885,79009148.1,169214422.0771,0
2021-12-17,2.07,2.161,1.936,2.127,149995578.1,1639785599999,309648301.8316,594354,73141382.4,151099733.5712,0
2021-12-18,2.128,2.26,2.054,2.234,123331491.5,1639871999999,268682933.3096,565637,62286994.2,135776940.5261,0
2021-12-19,2.234,2.291,2.162,2.222,104595349.9,1639958399999,233305171.9399,464964,51788322.4,115579623.0174,0
2021-12-20,2.221,2.249,2.046,2.13,123178008.1,1640044799999,262248592.8137,517956,59855830.2,127441509.3986,0
2021-12-21,2.13,2.412,2.107,2.372,148482305.1,1640131199999,340736398.9218,769245,75350973.6,172817225.0436,0
2021-12-22,2.372,2.653,2.367,2.501,215598006.7,1640217599999,547865077.357542,1902897,108704134.5,276261282.828442,0
2021-12-23,2.501,2.734,2.462,2.683,225055521.6,1640303999999,588009016.072682,1836923,112652355.1,294499063.239582,0
2021-12-24,2.684,2.685,2.424,2.467,113433896.5,1640390399999,291782164.8753,724205,55397008.5,142504984.3303,0
2021-12-25,2.468,2.69,2.429,2.639,86664472.0,1640476799999,222754838.8067,593369,44424773.7,114245264.871,0
2021-12-26,2.638,2.888,2.611,2.876,176197638.9,1640563199999,488095314.51976496,1716291,90993124.0,252093096.442965,0
2021-12-27,2.876,2.923,2.711,2.728,104338949.1,1640649599999,294599767.797897,845858,50657380.8,143108602.947097,0
2021-12-28,2.728,2.733,2.443,2.492,160784463.4,1640735999999,416763807.3861,905704,77148579.6,200019761.8913,0
2021-12-29,2.492,2.618,2.406,2.474,141095031.4,1640822399999,356632381.958,725861,68869291.9,174108688.7657,0
2021-12-30,2.475,2.597,2.414,2.553,108588043.0,1640908799999,272597718.1935,515375,54341800.3,136528350.7732,0
2021-12-31,2.554,2.673,2.44,2.524,103470702.5,1640995199999,264754055.8207,544823,50839704.0,130084840.455,0
2022-01-01,2.524,2.605,2.502,2.572,51305956.1,1641081599999,131097147.8654,280260,25630199.3,65505994.1565,0
2022-01-02,2.572,2.59,2.496,2.55,49037033.7,1641167999999,124377674.5418,207816,23816099.2,60443631.9407,0
2022-01-03,2.55,2.552,2.361,2.432,65676503.5,1641254399999,161778141.9744,306028,31452426.5,77478612.4332,0
2022-01-04,2.434,2.508,2.352,2.365,75096431.9,1641340799999,182892650.0835,369192,35574132.2,86700016.6312,0
2022-01-05,2.366,2.452,2.02,2.182,116397377.1,1641427199999,264804541.4657,561202,53031589.5,120824976.1567,0
2022-01-06,2.182,2.3,2.068,2.251,119331816.3,1641513599999,259085533.8823,544706,58068257.5,126152799.2161,0
2022-01-07,2.251,2.266,2.042,2.053,119757574.2,1641599999999,254895011.6821,541861,57477696.6,122335957.9469,0
2022-01-08,2.054,2.145,1.9,1.985,82923797.9,1641686399999,167644714.8186,359121,39840166.0,80560129.2391,0
2022-01-09,1.984,2.169,1.96,2.114,65727897.0,1641772799999,135305006.166,286950,31543460.8,64953031.5825,0
2022-01-10,2.114,2.149,1.919,2.071,105243094.3,1641859199999,214051182.3974,447916,51459209.4,104671415.7785,0
2022-01-11,2.072,2.373,2.046,2.36,133945252.3,1641945599999,299455676.8309,614124,68295546.2,152677046.2514,0
2022-01-12,2.361,2.449,2.305,2.398,105446906.5,1642031999999,249034763.2087,544906,54836836.6,129613740.891,0
2022-01-13,2.397,2.441,2.24,2.265,96342184.4,1642118399999,226402907.2935,504164,46782539.0,110055630.8577,0
2022-01-14,2.264,2.351,2.168,2.334,81154863.5,1642204799999,184074507.9739,368529,39466820.6,89575056.9331,0
2022-01-15,2.334,2.398,2.295,2.346,54115900.4,1642291199999,127414017.3063,289132,27747514.2,65347955.7536,0
2022-01-16,2.346,2.373,2.282,2.332,49800594.2,1642377599999,115869595.8344,239436,24485449.3,56995151.7676,0
2022-01-17,2.332,2.452,2.163,2.219,114289288.7,1642463999999,265763269.9908,592925,57904465.4,134764868.4228,0
2022-01-18,2.219,2.245,2.056,2.121,110374557.1,1642550399999,236804044.2324,413640,52844081.2,113578199.4807,0
2022-01-19,2.121,2.143,2.013,2.03,92522186.7,1642636799999,192206020.097,348139,44937609.6,93423585.8956,0
2022-01-20,2.03,2.194,1.951,1.96,91995626.7,1642723199999,192004602.5625,366706,45318160.0,94622739.2778,0
2022-01-21,1.959,2.026,1.64,1.699,203319818.1,1642809599999,373938339.6528,702240,100088538.3,184348699.1998,0
2022-01-22,1.698,1.756,1.396,1.536,257211366.6,1642895999999,400754989.567,651068,125317500.3,195268013.1144,0
2022-01-23,1.537,1.67,1.509,1.617,124415371.7,1642982399999,197308890.4989,348627,62651948.5,99356802.7159,0
2022-01-24,1.617,1.617,1.306,1.506,226249382.0,1643068799999,320777352.3694,539349,111306769.6,157456960.3446,0
2022-01-25,1.506,1.611,1.41,1.559,134168952.6,1643155199999,200816467.3062,384960,66075609.6,98920364.9328,0
2022-01-26,1.558,1.822,1.525,1.59,207512832.0,1643241599999,343969788.0074,662240,102255831.8,169143437.0495,0
2022-01-27,1.589,1.668,1.496,1.589,135671959.5,1643327999999,214492059.1195,415751,67550287.4,106780547.0665,0
2022-01-28,1.589,1.702,1.563,1.673,113781512.2,1643414399999,186260518.7519,382391,57170402.6,93610028.5977,0
2022-01-29,1.673,1.74,1.649,1.696,59414339.5,1643500799999,101047242.7168,240072,28546145.8,48567869.5924,0
2022-01-30,1.697,1.709,1.576,1.604,60973806.8,1643587199999,99978189.4367,213529,30100260.8,49407661.4959,0
2022-01-31,1.604,1.652,1.523,1.641,67978844.0,1643673599999,107807686.4361,227972,34521057.5,54775351.7178,0
2022-02-01,1.642,1.679,1.613,1.647,65117122.0,1643759999999,107209047.1717,250932,33452574.4,55065273.2728,0
2022-02-02,1.647,1.665,1.521,1.538,59423987.6,1643846399999,94785223.3568,226406,28628541.8,45686903.3545,0
2022-02-03,1.539,1.562,1.475,1.556,62800626.4,1643932799999,95206576.1674,208880,30305223.1,45955400.5025,0
2022-02-04,1.556,1.696,1.535,1.694,72339034.2,1644019199999,116747423.8831,259124,37251133.0,60130280.1721,0
2022-02-05,1.694,1.758,1.673,1.711,64562494.1,1644105599999,111044679.6526,271875,32697070.9,56238967.8455,0
2022-02-06,1.711,1.754,1.666,1.738,46183793.8,1644191999999,79126698.5035,191708,23309094.3,39968540.2716,0
2022-02-07,1.738,2.1,1.698,2.018,171047453.1,1644278399999,327696751.0774,791275,87442193.2,167627376.4538,0
2022-02-08,2.018,2.048,1.859,1.941,132565496.2,1644364799999,258391627.7998,551598,64630531.4,125955800.6087,0
2022-02-09,1.942,2.06,1.889,2.037,92733530.6,1644451199999,183681820.1451,368224,45595722.1,90301636.6256,0
2022-02-10,2.037,2.101,1.87,1.896,127157847.1,1644537599999,250743109.1648,540875,62904818.8,124180280.0424,0
2022-02-11,1.895,1.899,1.675,1.716,116727590.6,1644623999999,211277231.4098,367080,57068136.2,103434050.7898,0
2022-02-12,1.715,1.765,1.641,1.701,66680406.3,1644710399999,113239383.8018,226075,34136287.4,58010840.6191,0
2022-02-13,1.702,1.724,1.643,1.659,39312030.0,1644796799999,66443749.3079,130943,19019663.8,32167646.7276,0
2022-02-14,1.659,1.679,1.594,1.656,68720224.6,1644883199999,112205537.6222,209721,33752771.6,55148765.0721,0
2022-02-15,1.656,1.879,1.652,1.871,79165758.4,1644969599999,140546416.1564,309088,40838858.1,72447380.9552,0
2022-02-16,1.871,1.878,1.731,1.836,79187974.4,1645055999999,143526425.8652,305550,37427925.8,67881281.9101,0
2022-02-17,1.836,1.864,1.646,1.661,77223017.1,1645142399999,135097933.0461,326340,35750664.0,62562554.8249,0
2022-02-18,1.661,1.713,1.581,1.593,72127998.5,1645228799999,118592270.091,225736,35139373.0,57789759.6943,0
2022-02-19,1.592,1.643,1.558,1.632,43942448.1,1645315199999,70575805.5566,159313,22934055.2,36853373.6159,0
2022-02-20,1.633,1.636,1.492,1.512,69747934.7,1645401599999,107741186.9308,186872,29920789.7,46078869.0706,0
2022-02-21,1.511,1.615,1.4,1.405,135844993.9,1645487999999,205801397.4814,304334,67012350.6,101591214.5109,0
2022-02-22,1.404,1.475,1.345,1.462,114722815.6,1645574399999,162179882.8648,235769,58320266.4,82523105.113,0
2022-02-23,1.462,1.595,1.432,1.436,117998438.6,1645660799999,179395820.8372,273132,57194670.6,86964856.0665,0
2022-02-24,1.436,1.515,1.245,1.441,272876939.5,1645747199999,367906659.5139,510363,136494189.3,184024425.337,0
2022-02-25,1.44,1.575,1.403,1.551,124723235.9,1645833599999,184584973.9512,280329,65156669.8,96470685.8467,0
2022-02-26,1.55,1.595,1.503,1.516,70500809.8,1645919999999,108699862.0571,165130,35586317.7,54885631.3752,0
2022-02-27,1.517,1.547,1.422,1.453,84362806.0,1646006399999,124895915.2868,200801,41633677.0,61683280.8732,0
2022-02-28,1.453,1.618,1.422,1.614,89337683.7,1646092799999,135244621.7815,251249,47001691.4,71182862.1551,0
2022-03-01,1.613,1.664,1.554,1.621,112875726.8,1646179199999,181565593.3901,302963,56721488.8,91288142.6016,0
2022-03-02,1.621,1.699,1.582,1.637,106926527.0,1646265599999,175620449.2354,307594,53788649.8,88412583.6382,0
2022-03-03,1.636,1.652,1.544,1.586,75342727.8,1646351999999,120342787.4757,198155,37413451.7,59785057.7287,0
2022-03-04,1.585,1.587,1.452,1.478,77638012.4,1646438399999,118152251.5778,201426,37516386.9,57120970.3015,0
2022-03-05,1.477,1.516,1.448,1.508,41939605.6,1646524799999,62302818.6671,107629,20423138.4,30357882.1104,0
2022-03-06,1.508,1.519,1.431,1.435,44816887.7,1646611199999,66014445.713,113735,21649809.1,31905686.2409,0
2022-03-07,1.435,1.496,1.369,1.411,85656899.3,1646697599999,122316853.0312,205694,43269000.9,61809961.9177,0
2022-03-08,1.41,1.475,1.403,1.447,67592015.3,1646783999999,97801065.1481,161319,34460313.4,49872045.4073,0
2022-03-09,1.446,1.545,1.444,1.505,76279564.0,1646870399999,115180647.1103,187631,39031978.7,58938645.5456,0
2022-03-10,1.505,1.511,1.4,1.437,76047008.1,1646956799999,109256272.6365,192962,37998259.8,54590155.0537,0
2022-03-11,1.436,1.473,1.403,1.404,64984054.5,1647043199999,93035431.9854,145362,32752266.7,46899663.5643,0
2022-03-12,1.405,1.435,1.394,1.396,33504349.3,1647129599999,47381803.6254,76970,16761917.3,23704154.4305,0
2022-03-13,1.397,1.421,1.352,1.36,30337041.0,1647215999999,42303197.6572,84571,14581580.7,20342829.5022,0
2022-03-14,1.361,1.394,1.329,1.379,52468420.4,1647302399999,71481919.3487,134769,25841537.7,35217559.8024,0
2022-03-15,1.379,1.41,1.33,1.378,40716252.8,1647388799999,55685294.7183,114810,20524736.3,28085705.5146,0
2022-03-16,1.378,1.471,1.355,1.467,68598098.2,1647475199999,96302335.8127,180772,34995277.7,49172919.0434,0
2022-03-17,1.468,1.499,1.437,1.446,47442509.1,1647561599999,69308064.0111,125926,22978262.2,33574338.9411,0
2022-03-18,1.447,1.51,1.417,1.497,47850822.3,1647647999999,69551652.9262,133593,23992567.8,34923672.1862,0
2022-03-19,1.497,1.542,1.497,1.529,39958797.6,1647734399999,60761493.6104,129563,19559164.8,29753894.7684,0
2022-03-20,1.53,1.537,1.458,1.465,30710783.6,1647820799999,45773851.0884,97352,14309205.8,21337889.0828,0
2022-03-21,1.466,1.498,1.442,1.465,39193447.1,1647907199999,57580052.0502,103702,19136385.8,28125026.5174,0
2022-03-22,1.465,1.534,1.458,1.506,49106145.2,1647993599999,73992373.5187,131261,25012345.8,37689848.7995,0
2022-03-23,1.507,1.559,1.492,1.556,44521965.5,1648079999999,67874143.6481,138352,23088345.6,35221779.5133,0
2022-03-24,1.556,1.637,1.544,1.629,63085734.6,1648166399999,100684756.3115,210920,32407739.8,51710625.1573,0
2022-03-25,1.63,1.664,1.563,1.578,56585178.3,1648252799999,91717943.6236,191719,27091351.6,43953177.7021,0
2022-03-26,1.579,1.616,1.567,1.611,22458476.1,1648339199999,35767475.4433,72648,11620084.5,18515647.1838,0
2022-03-27,1.612,1.695,1.602,1.695,38088458.8,1648425599999,62647759.3517,147266,20267535.6,33351835.6869,0
2022-03-28,1.695,1.745,1.649,1.657,60874912.8,1648511999999,103893773.1644,249355,33116052.0,56523945.4994,0
2022-03-29,1.657,1.737,1.634,1.675,55407333.3,1648598399999,93975549.7553,191342,26260634.6,44546767.2415,0
2022-03-30,1.675,1.727,1.627,1.682,59119929.3,1648684799999,99503275.1437,194421,30433149.7,51259633.8045,0
2022-03-31,1.682,1.75,1.608,1.618,70232470.8,1648771199999,118169847.2491,245390,35166162.7,59218583.6755,0
2022-04-01,1.617,1.712,1.559,1.695,63365270.9,1648857599999,104102060.0079,207367,33223705.9,54599644.8833,0
2022-04-02,1.695,1.729,1.646,1.653,55583003.2,1648943999999,94277846.0615,181492,26378320.2,44735649.1795,0
2022-04-03,1.653,1.713,1.632,1.688,36786552.8,1649030399999,61728276.6938,136241,18745211.2,31462646.7194,0
2022-04-04,1.687,1.689,1.606,1.648,43208078.2,1649116799999,71340229.3073,148960,20988650.0,34662747.2375,0
2022-04-05,1.647,1.676,1.587,1.592,37581796.0,1649203199999,61227667.9351,126787,18328592.6,29879985.6325,0
2022-04-06,1.593,1.593,1.453,1.457,70018240.2,1649289599999,107004048.0287,230473,34476855.1,52687318.1648,0
2022-04-07,1.458,1.52,1.437,1.511,46712069.4,1649375999999,69178264.052,135766,22718103.6,33635434.3504,0
2022-04-08,1.511,1.527,1.423,1.434,41686592.7,1649462399999,62065759.7553,120355,19586018.0,29169668.1634,0
2022-04-09,1.434,1.468,1.426,1.463,21720943.1,1649548799999,31467937.4368,64074,11646692.1,16879440.6185,0
2022-04-10,1.463,1.49,1.419,1.427,19402659.4,1649635199999,28313425.1674,69332,9456536.1,13809188.7944,0
2022-04-11,1.427,1.44,1.313,1.334,51505755.2,1649721599999,70694203.2178,154234,25261624.4,34667261.8607,0
2022-04-12,1.334,1.475,1.326,1.394,64754216.8,1649807999999,90793144.1795,181824,32571390.0,45643736.0475,0
2022-04-13,1.394,1.438,1.365,1.42,42580666.7,1649894399999,60077054.3713,120024,21866097.1,30856860.5644,0
2022-04-14,1.42,1.444,1.352,1.374,36971813.3,1649980799999,51521315.921,101742,18106356.8,25248682.071,0
2022-04-15,1.374,1.399,1.366,1.398,20365967.4,1650067199999,28239956.3968,61179,10640599.1,14756680.2167,0
2022-04-16,1.398,1.403,1.365,1.388,15800872.8,1650153599999,21902116.6498,50852,7982522.3,11065872.63,0
2022-04-17,1.388,1.39,1.332,1.337,20188054.4,1650239999999,27665464.0913,61509,9964590.8,13657668.2399,0
2022-04-18,1.336,1.426,1.293,1.418,62938926.6,1650326399999,85279697.0123,164800,31789870.7,43137529.3567,0
2022-04-19,1.418,1.45,1.393,1.427,45777866.8,1650412799999,65011396.4748,125666,22990043.1,32652819.3544,0
2022-04-20,1.427,1.466,1.396,1.417,50063787.8,1650499199999,71783547.7646,128363,24522066.9,35172108.3712,0
2022-04-21,1.417,1.468,1.358,1.378,52021660.2,1650585599999,74154515.1651,138974,25938164.0,36971892.2815,0
2022-04-22,1.377,1.506,1.371,1.398,130745946.0,1650671999999,189115931.4101,304808,64788934.0,93768279.7303,0
2022-04-23,1.397,1.412,1.343,1.362,42684882.1,1650758399999,58770038.4596,107764,19370012.6,26681677.705,0
2022-04-24,1.363,1.375,1.332,1.343,27580279.1,1650844799999,37286208.49,68763,13613459.6,18399700.8779,0
2022-04-25,1.343,1.356,1.263,1.353,61468472.3,1650931199999,80180660.8861,146221,29716464.6,38777664.9364,0
2022-04-26,1.353,1.362,1.224,1.244,51779339.1,1651017599999,66810539.4127,131555,24771570.7,31957596.7814,0
2022-04-27,1.244,1.292,1.235,1.257,40904675.4,1651103999999,51622614.8362,91003,20343985.6,25673897.694,0
2022-04-28,1.257,1.28,1.226,1.237,45259868.3,1651190399999,56660663.9847,100505,22709482.6,28432318.3646,0
2022-04-29,1.238,1.246,1.127,1.14,73403513.3,1651276799999,86724659.5493,133082,36955499.9,43620884.4103,0
2022-04-30,1.141,1.166,1.011,1.032,67942141.7,1651363199999,74539161.394068,132767,33426074.1,36693260.3865,0
2022-05-01,1.033,1.124,1.014,1.099,83369235.4,1651449599999,89760871.3249,162378,42333793.3,45643333.7428,0
2022-05-02,1.099,1.121,1.036,1.077,73093982.3,1651535999999,79121152.6797,139994,37180062.6,40258323.7226,0
2022-05-03,1.077,1.117,1.054,1.076,53733584.2,1651622399999,58565136.1942,87943,27885605.4,30408255.5182,0
2022-05-04,1.077,1.174,1.07,1.173,77380068.2,1651708799999,86537431.8118,122605,39970979.2,44698311.5343,0
2022-05-05,1.173,1.187,1.029,1.064,86554618.8,1651795199999,95327757.3036,153343,41165556.0,45367211.2708,0
2022-05-06,1.065,1.077,1.011,1.043,88663343.3,1651881599999,92812372.7427,130418,42567223.1,44549623.9313,0
2022-05-07,1.043,1.067,0.992,1.019,66643246.5,1651967999999,69038334.669904,102190,32447703.4,33634049.4359,0
2022-05-08,1.02,1.03,0.96,0.977,61694844.0,1652054399999,60980198.940414,113736,28735354.0,28415761.136,0
2022-05-09,0.977,0.992,0.788,0.81,142192703.4,1652140799999,124714130.677373,224379,69950810.4,61287789.746816,0
2022-05-10,0.81,0.99,0.79,0.889,272210112.0,1652227199999,246387187.9669,373612,138146993.9,125161697.8774,0
2022-05-11,0.889,0.912,0.602,0.675,401657138.8,1652313599999,311074858.843609,590504,189505497.0,146579711.5846,0
2022-05-12,0.676,0.718,0.501,0.6,330454002.9,1652399999999,196071124.370607,424753,160165120.4,95064701.5223,0
2022-05-13,0.601,0.753,0.59,0.667,231738849.1,1652486399999,160157111.4968,272209,116670912.1,80589938.5842,0
2022-05-14,0.667,0.712,0.615,0.686,131101411.8,1652572799999,86686991.5334,156804,66356429.0,43877238.8421,0
2022-05-15,0.685,0.744,0.656,0.742,101688983.5,1652659199999,70178363.7259,129381,51479023.7,35553587.608,0
2022-05-16,0.743,0.743,0.658,0.677,133481571.8,1652745599999,91808945.6781,154335,66218703.6,45546979.0674,0
2022-05-17,0.678,0.736,0.674,0.726,114713520.1,1652831999999,80824456.39,137882,57735718.4,40683686.3324,0
2022-05-18,0.727,0.738,0.623,0.626,100406529.9,1652918399999,67356669.3625,125846,49098410.4,32908592.5817,0
2022-05-19,0.626,0.674,0.609,0.659,107205341.4,1653004799999,68573350.0552,122352,53317084.4,34102833.5161,0
2022-05-20,0.659,0.68,0.617,0.634,76951665.1,1653091199999,49890493.3654,93338,38024527.0,24687673.0127,0
2022-05-21,0.634,0.66,0.621,0.65,35782020.1,1653177599999,22984384.2677,53578,17805517.9,11439331.0409,0
2022-05-22,0.65,0.683,0.64,0.676,45693696.3,1653263999999,30263396.7093,59706,23574320.2,15619370.0855,0
2022-05-23,0.676,0.701,0.635,0.641,87343768.4,1653350399999,59127785.8404,104005,43471856.2,29481415.4673,0
2022-05-24,0.642,0.669,0.611,0.663,75641116.0,1653436799999,48328186.54,87041,36555106.1,23371806.1017,0
2022-05-25,0.664,0.674,0.628,0.646,67784409.4,1653523199999,43923726.2168,78224,31184121.2,20216186.1297,0
2022-05-26,0.645,0.661,0.576,0.598,121100003.7,1653609599999,74551441.0543,129737,58188351.1,35853962.9956,0
2022-05-27,0.598,0.611,0.564,0.574,97233765.3,1653695999999,56892613.8977,114782,47978379.2,28087321.22,0
2022-05-28,0.574,0.597,0.568,0.588,46464580.8,1653782399999,27136842.2494,52602,22742277.0,13282990.662,0
2022-05-29,0.588,0.602,0.574,0.6,45902271.0,1653868799999,27024438.3395,49649,22144937.7,13041823.748,0
2022-05-30,0.599,0.661,0.595,0.658,86675025.6,1653955199999,54923779.9093,95848,41162117.3,26090649.0429,0
2022-05-31,0.657,0.684,0.643,0.663,96486653.0,1654041599999,63868709.5746,114486,49665854.6,32886388.7218,0
2022-06-01,0.662,0.671,0.585,0.6,92155393.9,1654127999999,58036692.6676,102364,43707836.7,27506920.8504,0
2022-06-02,0.6,0.622,0.591,0.62,55084190.6,1654214399999,33294187.4856,65391,27563410.9,16665882.7704,0
2022-06-03,0.62,0.621,0.576,0.589,38172169.4,1654300799999,22653419.3494,52061,18340028.5,10885898.0639,0
2022-06-04,0.589,0.601,0.576,0.596,22906167.9,1654387199999,13534544.8721,35125,12219460.3,7220762.5457,0
2022-06-05,0.596,0.607,0.584,0.598,24801520.7,1654473599999,14745185.0236,33077,12943020.1,7701394.0395,0
2022-06-06,0.598,0.656,0.595,0.633,72763913.4,1654559999999,46291459.065,88415,39256053.2,24982436.8316,0
2022-06-07,0.632,0.634,0.583,0.617,61113363.7,1654646399999,36929254.3587,76962,29934181.2,18089986.5956,0
2022-06-08,0.618,0.633,0.601,0.606,52731186.4,1654732799999,32355851.153,66320,25764487.7,15817364.0514,0
2022-06-09,0.607,0.652,0.602,0.634,47864999.0,1654819199999,30095235.2572,65718,23249030.0,14622169.6827,0
2022-06-10,0.634,0.663,0.59,0.594,84427247.7,1654905599999,52795041.731,102926,42201683.6,26428108.8097,0
2022-06-11,0.594,0.607,0.531,0.54,66207911.0,1654991999999,37383833.643,86128,31447384.5,17769408.5529,0
2022-06-12,0.541,0.547,0.496,0.497,86742685.9,1655078399999,45119047.752376,99373,40837440.8,21246169.9282,0
2022-06-13,0.496,0.504,0.404,0.43,197124489.8,1655164799999,86655354.787753,195527,95873381.8,42147037.4128,0
2022-06-14,0.431,0.454,0.396,0.415,158226148.4,1655251199999,67277439.562099,160756,75580693.0,32173840.2493,0
2022-06-15,0.415,0.441,0.363,0.44,176633425.2,1655337599999,69159792.652746,182684,82995162.2,32669508.0244,0
2022-06-16,0.439,0.446,0.375,0.384,97621973.2,1655423999999,39353203.4737,96223,48404625.5,19522698.9852,0
2022-06-17,0.383,0.409,0.378,0.399,55750718.0,1655510399999,22093052.2978,57913,28539581.9,11312114.8311,0
2022-06-18,0.4,0.408,0.316,0.346,138954523.7,1655596799999,49525769.420384,119658,65338715.1,23271740.7096,0
2022-06-19,0.346,0.385,0.327,0.384,112312742.8,1655683199999,39550390.2744,99575,57517243.9,20267240.5848,0
2022-06-20,0.384,0.411,0.359,0.4,114184332.3,1655769599999,44466812.3621,104544,58984990.3,22991487.6863,0
2022-06-21,0.4,0.455,0.392,0.42,150058307.5,1655855999999,64570144.5278,128693,72266989.3,31091502.9875,0
2022-06-22,0.42,0.472,0.394,0.455,156352169.3,1655942399999,67666970.4848,151358,78859264.1,34143344.1963,0
2022-06-23,0.456,0.574,0.455,0.562,334375172.2,1656028799999,171316930.8414,336961,172692053.6,88268540.1986,0
2022-06-24,0.562,0.631,0.562,0.607,247314217.9,1656115199999,147654377.5611,283826,123853830.1,74003593.3618,0
2022-06-25,0.607,0.627,0.566,0.601,130443259.3,1656201599999,77921716.4726,174410,64049291.9,38291373.9573,0
2022-06-26,0.601,0.627,0.556,0.559,99737778.1,1656287999999,59186344.4163,134298,49382222.7,29327602.5133,0
2022-06-27,0.559,0.597,0.52,0.532,146468480.2,1656374399999,81487665.7357,142966,73638975.2,40994404.3946,0
2022-06-28,0.532,0.575,0.504,0.5107,227581109.8,1656460799999,120823795.51794,259299,112036717.9,59454442.87855,0
2022-06-29,0.5108,0.5465,0.4851,0.4974,372676557.3,1656547199999,192177708.71653,423546,184456125.0,95140852.9356,0
2022-06-30,0.4975,0.4978,0.418,0.4808,412893672.1,1656633599999,187518199.76218,431976,205162473.7,93154097.00649,0
2022-07-01,0.4808,0.4982,0.4496,0.4621,296499618.2,1656719999999,140719600.79108,328379,148686339.4,70549965.01971,0
2022-07-02,0.4621,0.4963,0.4486,0.493,183222500.6,1656806399999,85850458.48002,180390,91563323.0,42909116.66424,0
2022-07-03,0.4931,0.4942,0.4491,0.4621,170900076.3,1656892799999,80454806.79457,200466,85517929.3,40267711.22111,0
2022-07-04,0.4621,0.4953,0.4513,0.4918,166121678.0,1656979199999,78184587.05269,189049,83822802.5,39470732.05046,0
2022-07-05,0.4917,0.5355,0.4857,0.5127,335931980.8,1657065599999,171920866.82535,412806,170009772.2,87022890.04288,0
2022-07-06,0.5127,0.5308,0.4929,0.5257,242883092.8,1657151999999,124897854.23826,303334,119640573.9,61538924.80419,0
2022-07-07,0.5256,0.573,0.5113,0.5628,185981194.0,1657238399999,100966097.79446,249378,92324228.6,50108033.2082,0
2022-07-08,0.563,0.6199,0.5554,0.6059,273623248.2,1657324799999,159227520.28273,432974,137913810.6,80245089.26465,0
2022-07-09,0.6058,0.6119,0.5822,0.5899,100052940.6,1657411199999,59471019.92621,178698,49044083.4,29150538.96387,0
2022-07-10,0.5899,0.5902,0.5526,0.5717,85080378.2,1657497599999,48608939.47257,154374,41388144.3,23652199.95135,0
2022-07-11,0.5717,0.5984,0.5363,0.563,168479902.2,1657583999999,95385324.26201,312769,81462759.9,46180690.69085,0
2022-07-12,0.563,0.5934,0.5345,0.5362,183829595.0,1657670399999,104807125.86082,342561,92139510.2,52561041.17255,0
2022-07-13,0.5362,0.6454,0.5203,0.6389,254696666.1,1657756799999,144699512.72263,444235,126338901.8,71873682.00468,0
2022-07-14,0.6391,0.719,0.6129,0.7096,371814316.7,1657843199999,243456273.48287,709188,189292657.6,124081231.52945,0
2022-07-15,0.7096,0.735,0.677,0.7037,231240627.9,1657929599999,162301427.67107,453950,111295983.4,78152174.82603,0
2022-07-16,0.7034,0.7443,0.6825,0.7292,129325811.6,1658015999999,92480110.23415,249207,64411603.9,46098525.20898,0
2022-07-17,0.7292,0.79,0.7187,0.7529,155085808.8,1658102399999,118077971.39904,315931,77514414.4,59012044.4038,0
2022-07-18,0.7529,0.9849,0.745,0.9583,385575448.9,1658188799999,345839133.03676,883684,196662770.9,176406317.75366,0
2022-07-19,0.9587,0.98,0.8832,0.9255,259104558.4,1658275199999,238807081.12739,627631,126943653.9,117095263.25846,0
2022-07-20,0.9254,0.9534,0.8108,0.8318,238403566.3,1658361599999,212017695.41889,552301,115602009.3,102832659.66977,0
2022-07-21,0.8318,0.9289,0.7966,0.9057,242710579.0,1658447999999,210937746.819,538109,120513980.9,104853638.64148,0
2022-07-22,0.9057,0.935,0.845,0.8508,161751526.1,1658534399999,144230596.90405,394096,79085601.2,70595523.45884,0
2022-07-23,0.8507,0.8891,0.814,0.8712,100257262.1,1658620799999,85093060.63921,241681,48621583.9,41273755.3023,0
2022-07-24,0.8712,0.9092,0.8459,0.8795,102480809.3,1658707199999,89912586.23383,249876,51313768.1,45023022.93742,0
2022-07-25,0.8794,0.8849,0.7677,0.7703,145057895.3,1658793599999,119903483.45084,330730,72092445.3,59597965.55162,0
2022-07-26,0.7703,0.7849,0.7221,0.7833,154988735.0,1658879999999,116698567.22685,327371,77333820.9,58222558.79848,0
2022-07-27,0.7833,0.8987,0.762,0.8968,199984258.7,1658966399999,165866260.96866,455367,103381484.6,85719647.651,0
2022-07-28,0.8966,0.975,0.8448,0.9339,236707802.1,1659052799999,214645558.55582,543258,116714712.7,105916524.86024,0
2022-07-29,0.934,0.9931,0.9045,0.9387,183513393.1,1659139199999,174367921.46818,464552,91585665.3,87068391.34761,0
2022-07-30,0.9388,0.9838,0.9133,0.9309,106413447.5,1659225599999,100833072.77511,275994,53266000.5,50484963.17297,0
2022-07-31,0.931,1.0197,0.9107,0.9279,139366466.4,1659311999999,133495719.11202,362912,69234309.9,66365061.38294,0
2022-08-01,0.9277,0.9468,0.8777,0.8914,102473447.0,1659398399999,93332676.55915,265266,50921688.0,46396441.59771,0
2022-08-02,0.8914,0.9064,0.848,0.8768,107527361.2,1659484799999,94019856.63419,269258,51880718.2,45397170.7199,0
2022-08-03,0.8767,0.926,0.8564,0.8883,76434171.5,1659571199999,68742559.84679,225139,37748828.6,33957910.38285,0
2022-08-04,0.8883,0.9121,0.8753,0.8915,56731489.7,1659657599999,50662343.20831,177767,26935717.1,24053684.62293,0
2022-08-05,0.8915,0.9379,0.889,0.928,70273119.4,1659743999999,64398405.74391,202894,35253754.1,32316576.37975,0
2022-08-06,0.9278,0.9417,0.9024,0.9076,43833487.9,1659830399999,40507609.21789,128460,20834408.8,19266942.27817,0
2022-08-07,0.9078,0.925,0.8923,0.907,33628213.0,1659916799999,30604731.17666,97152,16286062.8,14821649.11655,0
2022-08-08,0.907,0.9519,0.9047,0.9218,71561793.0,1660003199999,66594130.53479,187416,36747095.6,34196282.64688,0
2022-08-09,0.9219,0.9311,0.8688,0.8908,54242401.2,1660089599999,48864331.11455,146832,26063350.0,23499437.69351,0
2022-08-10,0.8908,0.941,0.8706,0.9381,72354681.1,1660175999999,66248369.54975,206751,37542019.2,34397210.2797,0
2022-08-11,0.9382,0.9562,0.9154,0.9211,61842165.8,1660262399999,57990414.38113,189581,31451971.4,29501029.71051,0
2022-08-12,0.921,0.9352,0.9056,0.9344,37271224.2,1660348799999,34333855.82704,115088,17438482.4,16073640.35554,0
2022-08-13,0.9345,1.0342,0.9291,1.0256,141368074.5,1660435199999,140972717.14597,396064,73256934.9,73040204.17019,0
2022-08-14,1.0256,1.0545,0.9856,1.0005,78877164.7,1660521599999,80430512.12108,282602,38664251.6,39442997.79612,0
2022-08-15,1.0004,1.0343,0.9315,0.9505,83213360.7,1660607999999,80951849.18403,252055,42471053.5,41332226.76471,0
2022-08-16,0.9505,0.9681,0.9239,0.9343,57048653.0,1660694399999,53926224.99189,168512,27410604.4,25915342.84511,0
2022-08-17,0.9344,0.9642,0.8771,0.8848,77598129.4,1660780799999,71142548.08048,225096,36682528.5,33597946.77754,0
2022-08-18,0.8848,0.9101,0.8545,0.857,68345203.7,1660867199999,60800111.71691,174054,35190212.7,31304699.86,0
2022-08-19,0.8571,0.8581,0.7634,0.7695,137111673.1,1660953599999,109513746.6255,347556,66641372.8,53238952.73052,0
2022-08-20,0.7696,0.8169,0.7582,0.7863,84249101.2,1661039999999,66504388.3069,215501,41355262.1,32653267.27918,0
2022-08-21,0.7862,0.83,0.7784,0.8205,64321326.0,1661126399999,51783650.46859,169093,33219133.8,26751338.21228,0
2022-08-22,0.8206,0.8229,0.7685,0.8099,67647891.8,1661212799999,53671558.01167,193056,32978897.2,26168616.73382,0
2022-08-23,0.81,0.8369,0.7912,0.8322,62552984.7,1661299199999,51090466.5037,163612,32819124.3,26813011.96511,0
2022-08-24,0.8322,0.84,0.8022,0.8136,52393901.7,1661385599999,42949526.77086,144850,25848466.2,21190932.95699,0
2022-08-25,0.8136,0.8323,0.8048,0.8183,43571146.1,1661471999999,35684531.51941,129902,20370424.4,16689074.00628,0
2022-08-26,0.8182,0.8471,0.7535,0.7651,119906082.3,1661558399999,96001351.42714,281406,58661775.0,46954991.67899,0
2022-08-27,0.765,0.815,0.7556,0.8049,88047062.7,1661644799999,69473746.98244,219475,44638646.6,35215132.78737,0
2022-08-28,0.8049,0.834,0.7771,0.7824,76338584.1,1661731199999,62018176.19172,200269,37627727.0,30559023.35771,0
2022-08-29,0.7827,0.8211,0.7617,0.8168,102998979.9,1661817599999,81763154.68603,253410,48681732.7,38599191.58344,0
2022-08-30,0.8165,0.8441,0.7827,0.8153,85386455.6,1661903999999,69640191.08685,204794,43733889.7,35681588.36105,0
2022-08-31,0.8153,0.8567,0.8153,0.8323,80353318.7,1661990399999,66928748.85478,214619,42434665.4,35337595.64522,0
2022-09-01,0.8322,0.8956,0.8218,0.8844,108922083.8,1662076799999,92848142.79035,269589,55467217.3,47326002.10346,0
2022-09-02,0.8844,0.9136,0.8627,0.8719,91872437.5,1662163199999,81541758.70542,225002,45593720.5,40466356.55676,0
2022-09-03,0.872,0.8903,0.8665,0.889,42944128.2,1662249599999,37707804.64416,111468,20256756.3,17787633.86465,0
2022-09-04,0.8889,0.8989,0.8718,0.8951,38935337.9,1662335999999,34451560.19908,109200,19747122.5,17474854.45933,0
2022-09-05,0.895,0.9034,0.862,0.8819,44151340.3,1662422399999,38781040.01225,109307,21415320.6,18810597.2355,0
2022-09-06,0.882,0.924,0.8112,0.8157,118115918.3,1662508799999,102927279.72122,253106,58092824.4,50654342.14682,0
2022-09-07,0.8156,0.8513,0.7913,0.8404,74934469.5,1662595199999,61253641.83122,168654,36734468.8,30033458.0709,0
2022-09-08,0.8405,0.8499,0.8157,0.8448,55903954.3,1662681599999,46657445.60446,136224,27628254.0,23063312.28451,0
2022-09-09,0.8449,0.901,0.8421,0.8905,71296589.8,1662767999999,62738367.78249,175307,36061155.0,31726655.315,0
2022-09-10,0.8905,0.912,0.8779,0.906,58175444.0,1662854399999,51994210.08095,151895,29575900.5,26436160.34164,0
2022-09-11,0.9057,0.9179,0.8757,0.8934,36101767.7,1662940799999,32341304.47381,103177,18219563.8,16329748.89225,0
2022-09-12,0.8934,0.9404,0.8717,0.9301,102118481.7,1663027199999,93200538.44075,271807,52053632.9,47491403.49623,0
2022-09-13,0.9301,0.9436,0.8389,0.8461,120684228.2,1663113599999,107593345.62798,305391,60595270.7,54067640.57377,0
2022-09-14,0.846,0.8682,0.8302,0.8645,59338753.1,1663199999999,50573516.80836,149172,28846586.8,24582616.85117,0
2022-09-15,0.8646,0.8761,0.8175,0.8251,72521132.7,1663286399999,61277913.72155,186030,36301039.7,30672596.97453,0
2022-09-16,0.8252,0.8313,0.7873,0.8069,52889683.6,1663372799999,42776715.43352,142528,26695955.0,21594388.38406,0
2022-09-17,0.8068,0.8311,0.8049,0.8279,27039758.3,1663459199999,22105313.19655,66821,12831834.1,10492694.27839,0
2022-09-18,0.828,0.8367,0.75,0.7533,64802222.7,1663545599999,51932252.56498,145785,30334802.0,24295611.72547,0
2022-09-19,0.7533,0.7754,0.7248,0.7655,73085404.0,1663631999999,54821951.52659,179668,35556547.6,26653485.99955,0
2022-09-20,0.7653,0.7692,0.73,0.7333,48949348.2,1663718399999,36651726.31034,109759,23937384.9,17923152.97857,0
2022-09-21,0.7333,0.778,0.6901,0.7007,95101361.4,1663804799999,69705588.86644,218083,47305254.3,34686660.18394,0
2022-09-22,0.7006,0.7628,0.7003,0.7521,70671776.6,1663891199999,52268747.86924,146806,35784843.5,26483786.54961,0
2022-09-23,0.7523,0.7855,0.7228,0.7784,84151419.4,1663977599999,63177624.97537,173950,41718496.5,31336156.90686,0
2022-09-24,0.7784,0.7824,0.75,0.7527,42348151.6,1664063999999,32588484.5922,92391,20728374.9,15950780.12148,0
2022-09-25,0.7528,0.7671,0.731,0.7397,37385050.3,1664150399999,28122616.59885,82484,18771084.4,14122445.20901,0
2022-09-26,0.7395,0.7616,0.7262,0.7557,66516406.6,1664236799999,49571658.45858,140893,33195156.0,24741297.97749,0
2022-09-27,0.7557,0.7937,0.7261,0.7389,99429969.0,1664323199999,76024934.68091,181056,49559198.8,37836012.73073,0
2022-09-28,0.739,0.7549,0.712,0.7473,55942554.1,1664409599999,41115362.67441,117617,27116867.4,19937792.39415,0
2022-09-29,0.7473,0.7648,0.7311,0.7631,59553845.5,1664495999999,44545926.96782,110870,28662161.3,21442820.00171,0
2022-09-30,0.7635,0.7897,0.7605,0.7778,74769580.5,1664582399999,57971958.08167,142495,36871302.4,28592717.28624,0
2022-10-01,0.7781,0.7813,0.7593,0.767,25219685.5,1664668799999,19442983.89553,53974,11494550.0,8862082.69043,0
2022-10-02,0.7669,0.7838,0.7611,0.7631,36168037.1,1664755199999,27919950.85221,70344,17358916.6,13400951.05207,0
2022-10-03,0.7632,0.8073,0.7544,0.8002,64369980.3,1664841599999,50463164.61171,117450,32531446.8,25502661.92986,0
2022-10-04,0.8002,0.8437,0.7999,0.8351,69927621.7,1664927999999,57871672.90308,130581,36946174.7,30585841.27049,0
2022-10-05,0.8351,0.8607,0.8209,0.8512,71309080.5,1665014399999,59855646.51876,132095,35659481.9,29933215.52097,0
2022-10-06,0.8512,0.8596,0.8303,0.8336,56063871.0,1665100799999,47326051.97601,101241,27972891.7,23610731.18,0
2022-10-07,0.8335,0.8482,0.8186,0.8315,43204613.6,1665187199999,36126776.05471,88529,22089308.3,18473959.6919,0
2022-10-08,0.8314,0.835,0.8081,0.8144,22349110.0,1665273599999,18336713.47901,47179,10690499.9,8772179.34438,0
2022-10-09,0.8144,0.8299,0.808,0.8255,22036160.2,1665359999999,18092252.52006,43695,10892594.7,8941656.21952,0
2022-10-10,0.8255,0.8431,0.8116,0.8136,52677506.3,1665446399999,43767935.13103,98118,27057905.5,22489985.41504,0
2022-10-11,0.8136,0.8136,0.7845,0.7909,47553455.4,1665532799999,38034777.67489,93930,23594702.2,18871907.43251,0
2022-10-12,0.7909,0.8018,0.7819,0.7829,25450425.7,1665619199999,20160912.25043,59487,12578354.7,9964751.38866,0
2022-10-13,0.7827,0.7875,0.7156,0.775,70217913.9,1665705599999,52764022.02755,168725,34011542.0,25555938.5556,0
2022-10-14,0.7748,0.8228,0.7747,0.7933,56700990.9,1665791999999,45514763.05958,138600,28764185.4,23087463.12235,0
2022-10-15,0.7933,0.81,0.7859,0.7892,27921576.1,1665878399999,22271252.08863,80660,13296315.8,10608672.15334,0
2022-10-16,0.7892,0.8099,0.7881,0.7984,21642765.8,1665964799999,17273966.70842,60394,11282071.7,9004281.98599,0
2022-10-17,0.7983,0.85,0.7958,0.8482,49566523.7,1666051199999,41055443.32148,125170,25192956.4,20878144.01655,0
2022-10-18,0.8483,0.8814,0.8357,0.8642,98636927.7,1666137599999,84786951.97127,221246,50623168.3,43474503.81203,0
2022-10-19,0.864,0.8812,0.8398,0.8445,69116601.3,1666223999999,59716273.42669,178729,34211424.7,29556106.59722,0
2022-10-20,0.8445,0.8483,0.8054,0.8094,71430587.0,1666310399999,59315490.42902,170248,35262943.8,29249294.41504,0
2022-10-21,0.8094,0.8336,0.7747,0.832,74134213.3,1666396799999,59664873.0068,165226,35310699.9,28403396.85809,0
2022-10-22,0.8321,0.8407,0.8127,0.8319,37710089.0,1666483199999,31214389.25404,77096,17887648.4,14805607.14057,0
2022-10-23,0.8319,0.9047,0.8204,0.8986,69369080.0,1666569599999,59403999.41001,147240,36626353.6,31389801.38705,0
2022-10-24,0.8986,0.9088,0.8719,0.8931,92087558.5,1666655999999,82089448.80911,212540,46804200.4,41718760.23884,0
2022-10-25,0.8932,0.9487,0.8747,0.9176,98785228.7,1666742399999,89878448.57472,249750,50635187.6,46067992.80258,0
2022-10-26,0.9176,0.968,0.9176,0.9373,104834000.1,1666828799999,98876903.22136,229922,53073435.1,50053457.9947,0
2022-10-27,0.9372,0.948,0.8936,0.9036,97730707.3,1666915199999,90484632.0595,213259,49920591.6,46227451.47661,0
2022-10-28,0.9036,0.9469,0.8942,0.9444,69963617.8,1667001599999,64301555.616,154968,35873801.1,32964994.81138,0
2022-10-29,0.9443,0.9593,0.9257,0.9336,65433748.5,1667087999999,61531901.88421,148630,33829938.5,31811284.55892,0
2022-10-30,0.9335,0.9488,0.8986,0.9084,64416028.0,1667174399999,59478237.58939,145441,30465627.9,28117794.65631,0
2022-10-31,0.9084,0.9298,0.8931,0.9026,59360219.5,1667260799999,54011618.4496,133600,29980626.8,27275392.52023,0
2022-11-01,0.9026,0.9094,0.8724,0.8739,47627967.5,1667347199999,42535770.50381,116156,23475639.4,20980448.81795,0
2022-11-02,0.8739,0.8915,0.837,0.8734,110965532.1,1667433599999,95616698.73952,266551,54865206.1,47264635.48791,0
2022-11-03,0.8733,0.9843,0.8684,0.9512,174644970.2,1667519999999,165610833.17746,425593,86982541.8,82418677.88167,0
2022-11-04,0.9512,1.199,0.9505,1.1692,300277375.5,1667606399999,333583998.29469,1053988,152717012.3,169518566.84869,0
2022-11-05,1.1691,1.3071,1.1531,1.1846,189393717.4,1667692799999,229520531.60225,604349,95002561.0,115232007.49623,0
2022-11-06,1.1849,1.215,1.1326,1.135,108660119.2,1667779199999,126637668.85627,338156,53273491.3,62114161.16534,0
2022-11-07,1.1348,1.291,1.1291,1.2574,240665299.2,1667865599999,294128622.1443,749780,117790053.2,143856192.13611,0
2022-11-08,1.2574,1.275,0.9,1.044,429018153.6,1667951999999,476943590.18661,1332502,211303263.9,235279483.19184,0
2022-11-09,1.0442,1.0708,0.7624,0.8165,380019927.5,1668038399999,344263814.56267,1127566,182815348.2,165831396.38404,0
2022-11-10,0.8165,1.1621,0.8004,1.1245,439582528.4,1668124799999,441008190.0146,1270612,219876750.7,220373165.21524,0
2022-11-11,1.1245,1.1608,0.9663,1.0643,252229352.6,1668211199999,266262995.78373,773998,124653754.2,131620246.26084,0
2022-11-12,1.0645,1.068,0.9263,0.9396,168096609.6,1668297599999,163354807.87907,557169,83254876.9,80935752.82778,0
2022-11-13,0.9396,0.9686,0.8648,0.8894,123531551.9,1668383999999,112373833.89994,424702,60602816.6,55140995.52211,0
2022-11-14,0.8894,0.9631,0.8318,0.9177,229867545.8,1668470399999,209006671.9448,681630,110686823.9,100731309.83181,0
2022-11-15,0.9177,0.9735,0.9067,0.9417,138509381.4,1668556799999,130636205.43733,413893,72204436.5,68106087.47786,0
2022-11-16,0.9418,0.9565,0.8788,0.8981,101978756.0,1668643199999,92817749.67376,293974,54382143.0,49467317.15508,0
2022-11-17,0.8981,0.9123,0.8626,0.8743,101835293.2,1668729599999,89998051.19366,252240,50854505.9,44921855.0439,0
2022-11-18,0.8743,0.8997,0.8682,0.8795,67124443.7,1668815999999,59437822.78536,166500,34774117.7,30785723.57775,0
2022-11-19,0.8795,0.8834,0.8497,0.8762,48707549.2,1668902399999,42177338.56298,119656,23296638.9,20172706.04648,0
2022-11-20,0.8761,0.8817,0.799,0.8069,103107522.1,1668988799999,86193444.43571,228006,48796025.8,40799602.01976,0
2022-11-21,0.8069,0.821,0.764,0.796,160051447.3,1669075199999,127219052.33744,362044,80051510.7,63624958.77086,0
2022-11-22,0.7961,0.8668,0.7784,0.8513,175588937.2,1669161599999,145661370.73012,376967,89007306.2,73872243.20403,0
2022-11-23,0.8514,0.8732,0.8363,0.8614,110245680.9,1669247999999,94330703.9727,244970,55949777.2,47867291.41088,0
2022-11-24,0.8614,0.8914,0.8421,0.8489,83489471.7,1669334399999,71933486.97543,185013,41191023.4,35506441.12264,0
2022-11-25,0.8489,0.8496,0.8196,0.8442,51619516.3,1669420799999,43218765.79239,127325,25110932.5,21027729.29828,0
2022-11-26,0.8442,0.8718,0.8385,0.8464,50094639.3,1669507199999,42924500.52187,125729,25219989.1,21612683.63112,0
2022-11-27,0.8464,0.8662,0.8406,0.844,40179484.6,1669593599999,34378233.13948,94835,19752324.2,16897915.8336,0
2022-11-28,0.8438,0.8491,0.8042,0.8213,67820385.3,1669679999999,55704715.11197,158116,32580361.4,26757869.24221,0
2022-11-29,0.8212,0.8469,0.8133,0.8384,46886705.5,1669766399999,39158223.70357,116164,24432413.9,20405483.80741,0
2022-11-30,0.8385,0.9444,0.837,0.933,105463856.6,1669852799999,93468625.63814,249032,53600372.4,47531877.10047,0
2022-12-01,0.933,0.9452,0.9057,0.9089,95499520.3,1669939199999,88168489.0016,234985,47092340.1,43486228.32763,0
2022-12-02,0.9089,0.949,0.8977,0.9488,75021481.8,1670025599999,69007443.53004,160435,37382284.0,34387112.63692,0
2022-12-03,0.9485,0.9502,0.8997,0.9029,46360672.4,1670111999999,42822462.85727,103572,21261314.7,19635149.18435,0
2022-12-04,0.9031,0.9233,0.9011,0.9212,32103473.7,1670198399999,29356707.64993,74187,15832946.9,14479358.8352,0
2022-12-05,0.9211,0.9452,0.8998,0.9116,70042641.7,1670284799999,64542421.86749,142462,36238029.3,33364250.25827,0
2022-12-06,0.9117,0.9212,0.894,0.9176,50335479.4,1670371199999,45816001.18293,98233,24824364.8,22597984.48574,0
2022-12-07,0.9178,0.9199,0.8708,0.8973,73597178.6,1670457599999,65421084.6981,140761,34520323.1,30682661.91052,0
2022-12-08,0.8973,0.9315,0.8874,0.9276,56439864.5,1670543999999,51263906.98583,117995,28585769.4,25968198.67478,0
2022-12-09,0.9276,0.9347,0.9081,0.9097,46265511.1,1670630399999,42629091.53356,94917,22719960.0,20935596.92191,0
2022-12-10,0.9098,0.9167,0.9004,0.9082,28182643.9,1670716799999,25564028.28951,56963,15018897.6,13621189.95082,0
2022-12-11,0.9082,0.915,0.8888,0.8922,25372990.4,1670803199999,22939861.87814,56067,12029867.8,10877602.72118,0
2022-12-12,0.8921,0.9128,0.87,0.9107,53203041.9,1670889599999,47274002.32296,107075,26404467.3,23473479.05671,0
2022-12-13,0.9107,0.9419,0.8789,0.9244,102623490.4,1670975999999,93676118.41158,196244,49341930.4,45045948.56841,0
2022-12-14,0.9244,0.9383,0.8936,0.9026,72757384.5,1671062399999,66826851.56437,137799,34956138.3,32121582.24101,0
2022-12-15,0.9029,0.9062,0.8721,0.8787,50583863.6,1671148799999,45010226.88415,98715,23620283.2,21005694.09242,0
2022-12-16,0.8787,0.891,0.7813,0.7953,101403720.7,1671235199999,84944651.10726,205947,47089450.1,39488276.34976,0
2022-12-17,0.7953,0.8188,0.7816,0.8156,59801878.4,1671321599999,48035418.84564,109204,28523361.4,22910811.19494,0
2022-12-18,0.8156,0.8264,0.8026,0.8126,35962632.2,1671407999999,29278435.66487,66379,17562771.4,14298401.51897,0
2022-12-19,0.8127,0.8218,0.757,0.7737,82625037.1,1671494399999,65210500.02081,151058,42474766.6,33549593.8113,0
2022-12-20,0.7736,0.8088,0.7678,0.8012,75702229.4,1671580799999,60226813.83826,124900,40673078.2,32357357.15594,0
2022-12-21,0.8012,0.8036,0.7857,0.7938,37724415.8,1671667199999,29938651.61776,65627,18521330.2,14696522.2134,0
2022-12-22,0.7939,0.7976,0.7698,0.7966,47522907.2,1671753599999,37389458.4831,77652,23617613.6,18582168.41496,0
2022-12-23,0.7966,0.8072,0.7906,0.7991,37371721.9,1671839999999,29879025.8964,70475,18547183.6,14827672.35293,0
2022-12-24,0.7992,0.8011,0.793,0.7958,16152930.6,1671926399999,12878966.91154,32994,7572414.3,6037574.74593,0
2022-12-25,0.7956,0.7991,0.7853,0.795,21488619.9,1672012799999,17021958.3634,40931,10388317.1,8229074.67818,0
2022-12-26,0.7952,0.8168,0.7936,0.8154,27562698.7,1672099199999,22150194.31359,52842,13989556.1,11244757.72016,0
2022-12-27,0.8154,0.8196,0.7973,0.8063,36924059.6,1672185599999,29914021.35104,67763,17825325.1,14441392.89235,0
2022-12-28,0.8064,0.8085,0.775,0.7827,50667384.9,1672271999999,39901871.86158,92184,25121137.2,19782087.06242,0
2022-12-29,0.7827,0.7867,0.7688,0.7769,38877378.9,1672358399999,30284115.7237,68394,19212670.2,14964791.07656,0
2022-12-30,0.7769,0.7811,0.7472,0.7612,48066470.6,1672444799999,36526193.79245,83654,23225697.3,17650241.59705,0
2022-12-31,0.7613,0.7718,0.7536,0.7583,20701094.3,1672531199999,15774818.38546,41021,10419657.5,7940746.3517,0
2023-01-01,0.7584,0.7627,0.7477,0.7603,18521544.5,1672617599999,13994531.99958,37980,9124110.9,6893625.16384,0
2023-01-02,0.7601,0.7907,0.7493,0.7809,43701826.2,1672703999999,33775027.48109,75600,22684390.2,17538317.24317,0
2023-01-03,0.7809,0.7885,0.7714,0.7798,34773381.3,1672790399999,27111537.59607,65043,16520849.3,12880003.93751,0
2023-01-04,0.7797,0.8143,0.7772,0.8068,68453752.5,1672876799999,54886910.69803,113266,34587857.3,27730489.70706,0
2023-01-05,0.8069,0.8108,0.785,0.789,37847137.9,1672963199999,30127394.78258,66687,18780334.5,14952057.29589,0
2023-01-06,0.7891,0.8003,0.7711,0.7992,46408010.4,1673049599999,36421400.26211,82315,23922045.2,18768896.44909,0
2023-01-07,0.7993,0.8113,0.7981,0.8063,30097362.3,1673135999999,24211717.473,53099,14674999.3,11805067.53351,0
2023-01-08,0.8064,0.845,0.7965,0.8407,49373795.7,1673222399999,40234353.77661,90546,25064382.5,20434241.72161,0
2023-01-09,0.8405,0.877,0.8348,0.8426,109575625.5,1673308799999,93856846.08322,183500,53795226.8,46094992.09591,0
2023-01-10,0.8426,0.8609,0.8319,0.8585,52018558.7,1673395199999,44120488.02986,97666,25740147.6,21829940.62746,0
2023-01-11,0.8585,0.9012,0.8443,0.8914,63992519.9,1673481599999,55312637.60111,131660,32183201.9,27834766.74001,0
2023-01-12,0.8914,0.924,0.854,0.9152,128894981.8,1673567999999,115095514.67716,222998,64431801.8,57555052.09744,0
2023-01-13,0.9152,0.9394,0.8955,0.9304,72814357.7,1673654399999,66565801.81007,145144,36684373.6,33529261.1558,0
2023-01-14,0.9305,1.0551,0.9292,0.9981,185014275.6,1673740799999,182802572.68735,421446,92882680.5,91839731.06524,0
2023-01-15,0.9978,1.003,0.954,0.9831,69071343.0,1673827199999,67441861.11335,152097,33759237.2,32958165.61787,0
2023-01-16,0.9831,1.0477,0.9666,1.0195,134817061.5,1673913599999,135757779.82523,299456,67125057.3,67630260.65622,0
2023-01-17,1.0195,1.0384,0.9912,0.9941,71496887.3,1673999999999,72448132.77248,189005,35041804.6,35509733.30533,0
2023-01-18,0.9941,1.0198,0.925,0.938,100446124.1,1674086399999,98065066.56774,263012,48212844.2,47034025.07267,0
2023-01-19,0.938,0.957,0.9167,0.9528,59956833.0,1674172799999,56370186.48508,126541,29285091.2,27540886.57598,0
2023-01-20,0.9529,1.0278,0.9372,1.026,73706577.5,1674259199999,72049919.25793,168465,36674888.7,35846252.83806,0
2023-01-21,1.0259,1.0409,0.986,0.9897,96255117.8,1674345599999,97900403.76265,223707,45491186.0,46285171.46621,0
2023-01-22,0.9898,1.0313,0.975,0.9939,80600603.1,1674431999999,80716714.78441,199665,38069949.0,38107531.00392,0
2023-01-23,0.994,1.014,0.9692,0.9936,72198083.5,1674518399999,72026764.79697,167065,35061106.4,34967293.44972,0
2023-01-24,0.9936,1.0422,0.9401,0.9555,90862812.8,1674604799999,90757674.2766,237642,45213044.3,45192478.11077,0
2023-01-25,0.9555,1.0185,0.9318,0.992,87320934.8,1674691199999,84318519.60528,209236,41043899.8,39640835.62376,0
2023-01-26,0.9922,1.128,0.9862,1.124,154935443.1,1674777599999,164248988.28374,437364,75907769.3,80461778.1711,0
2023-01-27,1.124,1.19,1.0622,1.1588,161355791.9,1674863999999,180539910.3613,453730,79964774.3,89515339.50031,0
2023-01-28,1.1583,1.1694,1.091,1.1442,104492642.8,1674950399999,118625062.25957,287381,50481487.1,57289653.41311,0
2023-01-29,1.1442,1.2,1.1284,1.178,103374340.4,1675036799999,120614963.96358,282338,49554743.6,57834620.36268,0
2023-01-30,1.1782,1.18,1.065,1.0875,105616115.3,1675123199999,117923312.61559,293227,50557531.1,56371621.96486,0
2023-01-31,1.0874,1.1232,1.0774,1.1094,63558466.3,1675209599999,69992359.82299,187892,31921680.4,35164895.23452,0
2023-02-01,1.1095,1.2056,1.0677,1.1937,104083715.1,1675295999999,117093317.60658,312184,52970455.4,59675868.88972,0
2023-02-02,1.1937,1.2571,1.1745,1.181,133565522.1,1675382399999,163775460.97889,393303,67553278.2,82855336.80038,0
2023-02-03,1.1813,1.2538,1.1662,1.246,111965351.4,1675468799999,135208372.3757,301752,54828517.6,66196924.48309,0
2023-02-04,1.2458,1.2841,1.2155,1.2545,78517005.3,1675555199999,98043696.71857,240939,37767834.5,47155753.11404,0
2023-02-05,1.2545,1.2599,1.1836,1.2028,85406278.8,1675641599999,103813397.76986,238999,39249735.6,47705736.99096,0
2023-02-06,1.2028,1.2378,1.1726,1.191,59505122.9,1675727999999,71782201.41916,185251,28658161.9,34579320.73198,0
2023-02-07,1.1912,1.2717,1.1877,1.2699,78250257.8,1675814399999,96584445.5175,235354,39075446.8,48239799.43326,0
2023-02-08,1.2698,1.3522,1.2544,1.3062,131414783.7,1675900799999,170679068.05999,420139,65894944.8,85601464.63065,0
2023-02-09,1.3063,1.349,1.2015,1.2297,175003437.3,1675987199999,224889150.58804,549639,86680432.4,111402533.25281,0
2023-02-10,1.2295,1.3136,1.2106,1.2298,146245466.1,1676073599999,185373557.84733,458925,70398989.0,89261945.68433,0
2023-02-11,1.2297,1.2576,1.213,1.2493,67441924.3,1676159999999,83404956.94864,208467,32087354.2,39687404.09148,0
2023-02-12,1.2493,1.3032,1.2211,1.236,78834152.5,1676246399999,100135555.08716,244222,38873880.6,49399469.86738,0
2023-02-13,1.236,1.2438,1.1365,1.1851,119907523.0,1676332799999,141872464.92248,336661,56801148.1,67194950.07397,0
2023-02-14,1.1849,1.2602,1.156,1.2579,123684987.3,1676419199999,149598971.18264,323260,62828893.3,76092362.84671,0
2023-02-15,1.258,1.333,1.2325,1.3283,87915959.8,1676505599999,112401469.73247,265640,45536505.5,58236537.17626,0
2023-02-16,1.3282,1.4669,1.3191,1.3711,182353199.1,1676591999999,253546744.05445,586293,91292364.5,126839335.03942,0
2023-02-17,1.3712,1.5496,1.3693,1.5239,183569259.1,1676678399999,267801660.84646,603162,93252147.5,135991078.29668,0
2023-02-18,1.5238,1.5681,1.4734,1.4847,96263833.5,1676764799999,146575287.20971,328051,48230884.7,73451839.87792,0
2023-02-19,1.4848,1.5363,1.4613,1.4785,100615653.5,1676851199999,151485974.06537,318329,49009779.6,73788226.55282,0
2023-02-20,1.4785,1.5073,1.4311,1.4753,86154559.2,1676937599999,127205685.17376,272162,41692713.8,61566679.69401,0
2023-02-21,1.4753,1.5024,1.3621,1.3867,114835224.2,1677023999999,163472280.56921,328343,55373044.7,78826399.39672,0
2023-02-22,1.3866,1.4018,1.3195,1.3956,109389336.3,1677110399999,148506874.2704,317485,54240609.9,73660363.44208,0
2023-02-23,1.3959,1.4188,1.3331,1.3533,76204290.9,1677196799999,104897302.66578,234850,36600327.8,50422930.29562,0
2023-02-24,1.3534,1.3637,1.2435,1.265,96442453.8,1677283199999,125315027.2993,271364,44979438.4,58441862.95301,0
2023-02-25,1.2649,1.2783,1.1939,1.247,73023179.5,1677369599999,90836816.75979,235620,35991890.4,44776610.92085,0
2023-02-26,1.2469,1.3,1.2373,1.2817,60693640.5,1677455999999,77133728.89766,191777,30563986.6,38848861.22706,0
2023-02-27,1.2817,1.2874,1.2135,1.2345,91008779.1,1677542399999,114017060.17606,249946,44134925.2,55263261.58222,0
2023-02-28,1.2346,1.244,1.1803,1.1964,85501607.8,1677628799999,104302921.18187,192867,40798850.2,49811383.38007,0
2023-03-01,1.1963,1.264,1.1903,1.2489,73272414.3,1677715199999,90681614.95752,186482,35922596.0,44448437.80745,0
2023-03-02,1.2489,1.2538,1.1917,1.2274,56731954.3,1677801599999,68897671.29193,140645,27423878.8,33300466.23169,0
2023-03-03,1.2273,1.2286,1.1224,1.169,101223835.4,1677887999999,117825916.09799,246062,48396217.5,56342112.28349,0
2023-03-04,1.1689,1.1771,1.092,1.1277,54449243.5,1677974399999,61624175.16538,162062,26130209.5,29584146.82384,0
2023-03-05,1.1277,1.1598,1.118,1.136,50311053.7,1678060799999,57491719.70744,132097,24691871.4,28211893.28984,0
2023-03-06,1.136,1.1474,1.1144,1.1309,47628646.6,1678147199999,53798102.13044,118097,24208094.6,27344553.97261,0
2023-03-07,1.131,1.169,1.112,1.1501,83913518.0,1678233599999,95757138.35002,206737,41395963.6,47243502.27788,0
2023-03-08,1.1502,1.1576,1.0385,1.0507,99004188.9,1678319999999,108654492.60863,231822,47854313.8,52546339.95088,0
2023-03-09,1.0507,1.0943,0.97,1.0172,134098922.3,1678406399999,139960169.54125,296300,65293784.0,68198105.86788,0
2023-03-10,1.0172,1.069,0.9426,1.0575,158147999.3,1678492799999,159895387.66405,387461,79625463.8,80541110.77697,0
2023-03-11,1.0576,1.0878,0.9866,1.0563,128442596.1,1678579199999,133157567.8996,382010,61972335.6,64210090.61913,0
2023-03-12,1.0563,1.154,1.038,1.1491,130111687.8,1678665599999,141499735.97052,376412,66563215.6,72420202.50533,0
2023-03-13,1.1492,1.1995,1.0916,1.1929,161189815.4,1678751999999,185691879.30558,454898,78928188.2,90908127.83669,0
2023-03-14,1.1928,1.2443,1.1415,1.1962,167054860.5,1678838399999,199676209.65274,467102,83257773.1,99507984.46174,0
2023-03-15,1.196,1.228,1.0748,1.1115,139105773.6,1678924799999,160548015.4108,417084,66990471.9,77307989.54188,0
2023-03-16,1.1118,1.1568,1.0971,1.1478,92359555.3,1679011199999,104288377.18052,252034,44676338.4,50437975.42357,0
2023-03-17,1.1478,1.2283,1.1348,1.2225,97688607.8,1679097599999,115995716.85718,307231,51259400.7,60857960.74482,0
2023-03-18,1.2225,1.2499,1.1641,1.1704,98060311.7,1679183999999,119189608.80283,309762,48192662.4,58609834.98601,0
2023-03-19,1.1704,1.2175,1.1563,1.1662,74870824.9,1679270399999,89029319.27536,237171,39413934.4,46872489.13595,0
2023-03-20,1.1663,1.1717,1.0972,1.1027,137013592.3,1679356799999,155930013.89475,360302,67866825.5,77227529.70765,0
2023-03-21,1.1027,1.1696,1.0788,1.1526,106479343.2,1679443199999,120198260.28459,310714,54592481.9,61644738.75183,0
2023-03-22,1.1528,1.16,1.086,1.1077,105165344.9,1679529599999,119057006.63619,319942,52852275.6,59860798.32857,0
2023-03-23,1.1078,1.1579,1.0991,1.136,72673660.7,1679615999999,81671217.89253,238497,36755905.6,41312403.53681,0
2023-03-24,1.1361,1.148,1.0632,1.0968,86209117.2,1679702399999,95184897.70735,268340,42913674.7,47395399.3437,0
2023-03-25,1.0969,1.1129,1.0619,1.0786,57706854.3,1679788799999,62900091.3274,172784,30145128.1,32838395.58359,0
2023-03-26,1.0786,1.1196,1.0725,1.104,47511889.4,1679875199999,52135288.02101,147355,23559470.7,25852420.99671,0
2023-03-27,1.1039,1.1086,1.0255,1.0455,82884293.3,1679961599999,87985608.30705,222090,39822365.0,42262331.4562,0
2023-03-28,1.0454,1.1056,1.0327,1.086,65145868.6,1680047999999,69239379.54968,191757,32070966.3,34083150.00094,0
2023-03-29,1.0859,1.1464,1.0842,1.1223,73571360.4,1680134399999,82689733.28039,226021,40184169.5,45137504.32589,0
2023-03-30,1.1222,1.1425,1.079,1.093,69415954.4,1680220799999,76826796.26059,210887,33522685.2,37118609.3715,0
2023-03-31,1.093,1.1235,1.0732,1.1176,56752022.7,1680307199999,62448974.79156,154106,28147043.1,30968332.50314,0
2023-04-01,1.1176,1.1284,1.0971,1.112,33675594.5,1680393599999,37390504.62712,112222,16702138.4,18549111.25085,0
2023-04-02,1.112,1.122,1.0809,1.0953,32275091.5,1680479999999,35585418.93036,132127,15548910.3,17149938.48792,0
2023-04-03,1.0953,1.1192,1.0687,1.0969,65527596.1,1680566399999,71946264.98267,224351,32560997.4,35749852.11745,0
2023-04-04,1.0969,1.155,1.0922,1.1388,62782815.3,1680652799999,70575385.91913,199419,33278576.1,37407904.13703,0
2023-04-05,1.1387,1.1693,1.1212,1.1403,55452938.5,1680739199999,63499895.96101,188239,27598344.8,31614116.00527,0
2023-04-06,1.1402,1.1417,1.1068,1.1148,34323644.4,1680825599999,38451542.47932,123520,16986641.2,19030818.30473,0
2023-04-07,1.1147,1.1202,1.0957,1.1069,29905601.1,1680911999999,33098380.17316,101597,15023468.8,16627108.47711,0
2023-04-08,1.1069,1.1176,1.0995,1.102,18119817.9,1680998399999,20110832.53351,69864,8875906.1,9851197.08328,0
2023-04-09,1.1019,1.1099,1.0834,1.1008,29136430.2,1681084799999,31932495.33957,96394,14370449.4,15754754.65277,0
2023-04-10,1.1008,1.1241,1.0864,1.1207,36381653.1,1681171199999,40233727.07133,107178,18514929.8,20485557.30227,0
2023-04-11,1.1208,1.1314,1.1086,1.112,41221811.9,1681257599999,46248413.51252,116790,20454054.2,22943740.43451,0
2023-04-12,1.1121,1.117,1.0809,1.1037,49608152.8,1681343999999,54504142.17403,153157,25256456.3,27750097.91535,0
2023-04-13,1.1037,1.139,1.0959,1.1334,47157902.6,1681430399999,53112007.79602,132934,25145874.4,28322669.21942,0
2023-04-14,1.1335,1.19,1.1333,1.1599,103734364.4,1681516799999,121086297.95876,280035,55581550.7,64873200.62302,0
2023-04-15,1.1598,1.1847,1.1426,1.1702,56850756.6,1681603199999,66353375.69767,148953,26005396.9,30345616.67133,0
2023-04-16,1.1703,1.1885,1.1505,1.1828,39211719.3,1681689599999,45770219.46987,116798,18628857.0,21743789.43664,0
2023-04-17,1.1829,1.1845,1.1462,1.1529,57261192.6,1681775999999,66703699.83702,153231,25749388.2,29986519.67742,0
2023-04-18,1.153,1.184,1.1422,1.1718,50427246.3,1681862399999,58894862.89527,127728,25455039.2,29732362.90974,0
2023-04-19,1.1718,1.1776,1.055,1.0843,87360572.0,1681948799999,97555598.31569,265407,42147561.3,47057333.81044,0
2023-04-20,1.084,1.0983,1.0369,1.0458,76321479.2,1682035199999,81569604.09185,196765,39777038.6,42539296.27021,0
2023-04-21,1.0458,1.0575,1.0,1.0115,59168608.7,1682121599999,61087328.1031,174287,28663081.8,29615479.56674,0
2023-04-22,1.0116,1.0284,1.0055,1.0245,31886638.1,1682207999999,32452445.21799,89593,16062925.4,16345224.18315,0
2023-04-23,1.0248,1.0325,0.9785,1.0037,46620740.2,1682294399999,46899417.5699,132675,22801089.4,22935691.89936,0
2023-04-24,1.0037,1.0249,0.9726,0.9889,60968224.4,1682380799999,60663980.45072,159631,30937507.1,30787624.55626,0
2023-04-25,0.989,1.0168,0.9495,1.0043,68309773.1,1682467199999,66488474.92775,167761,33892359.8,32995157.72853,0
2023-04-26,1.0044,1.0595,0.9435,0.9859,112722354.7,1682553599999,113448261.72856,281061,55524825.7,55941158.46041,0
2023-04-27,0.9858,1.031,0.9787,1.0122,78910649.1,1682639999999,79303895.63454,202389,41411448.7,41629794.72214,0
2023-04-28,1.0122,1.0161,0.9797,0.9984,51748452.1,1682726399999,51685368.338,121645,27722736.7,27699418.94706,0
2023-04-29,0.9983,1.0233,0.9922,1.0032,36255695.0,1682812799999,36555214.50665,99017,19584080.4,19747852.59142,0
2023-04-30,1.0032,1.0159,0.9742,0.9807,43418304.3,1682899199999,43282433.35464,116211,21897010.2,21847018.12218,0
2023-05-01,0.9807,0.9881,0.945,0.9594,50236668.5,1682985599999,48746382.18221,133059,24120103.5,23419311.08176,0
2023-05-02,0.9592,0.9807,0.9517,0.9768,40560596.1,1683071999999,39146088.8441,91735,20631065.5,19915804.99982,0
2023-05-03,0.9768,1.0179,0.9625,1.0059,70885685.7,1683158399999,70005925.27556,181492,37278471.0,36810699.27303,0
2023-05-04,1.0059,1.008,0.9788,0.9826,36523489.4,1683244799999,36267134.72341,100838,18601386.9,18471888.76428,0
2023-05-05,0.9826,1.0085,0.975,0.9979,44738112.9,1683331199999,44481643.54626,108347,22885536.6,22756085.22428,0
2023-05-06,0.9978,1.005,0.95,0.9753,51505951.9,1683417599999,50132119.61061,126549,25558356.0,24902019.99663,0
2023-05-07,0.9753,0.9852,0.9607,0.9636,32707806.1,1683503999999,31887058.1814,78213,17101570.3,16672869.63567,0
2023-05-08,0.9633,0.9672,0.875,0.9005,80695793.6,1683590399999,74302432.97075,203974,37083876.5,34173866.0393,0
2023-05-09,0.9005,0.9076,0.8666,0.8763,63629210.3,1683676799999,56295771.0111,128359,30908682.9,27355413.87375,0
2023-05-10,0.8763,0.9046,0.8335,0.8764,80206751.6,1683763199999,70146628.21,178308,39337965.8,34402911.72335,0
2023-05-11,0.8764,0.877,0.8286,0.8409,59096376.4,1683849599999,50253297.8844,120557,29563095.8,25133916.27563,0
2023-05-12,0.8409,0.874,0.8177,0.8648,82246344.9,1683935999999,69326092.22294,166020,42132827.3,35521162.62884,0
2023-05-13,0.8648,0.8664,0.8474,0.8487,36767487.2,1684022399999,31502276.22767,69086,18154101.4,15550187.43033,0
2023-05-14,0.8487,0.8691,0.8392,0.8593,29610706.3,1684108799999,25298802.71133,63927,15188482.2,12979755.87004,0
2023-05-15,0.8591,0.8778,0.8465,0.8592,37803653.2,1684195199999,32735408.82443,93781,20072035.7,17380453.41674,0
2023-05-16,0.8591,0.8652,0.8345,0.8455,46773426.1,1684281599999,39666897.86269,105806,22283454.4,18906357.0232,0
2023-05-17,0.8455,0.9017,0.8399,0.8868,70737812.2,1684367999999,61450520.73947,159405,36329668.8,31593643.01729,0
2023-05-18,0.8868,0.894,0.8421,0.8722,64684528.2,1684454399999,56257349.07308,142724,32362692.6,28148536.08534,0
2023-05-19,0.8722,0.8809,0.8629,0.8716,40340967.6,1684540799999,35138952.13389,78240,20735030.7,18061074.04742,0
2023-05-20,0.8716,0.8794,0.864,0.8768,23244447.5,1684627199999,20246879.85885,51068,11903465.6,10367681.96844,0
2023-05-21,0.8768,0.88,0.8528,0.8565,22006913.9,1684713599999,19095946.16967,53725,11155853.7,9681222.92869,0
2023-05-22,0.8566,0.8765,0.8438,0.8718,35669947.8,1684799999999,30770015.35772,87946,18826321.6,16245601.61237,0
2023-05-23,0.8718,0.8935,0.8692,0.8893,38948769.9,1684886399999,34420962.10068,75791,20167096.4,17820823.14395,0
2023-05-24,0.8893,0.8906,0.8551,0.873,49021661.2,1684972799999,42639835.10696,93205,24937413.6,21691998.11198,0
2023-05-25,0.8731,0.9013,0.8544,0.889,60386476.8,1685059199999,53189912.36081,113359,30427638.3,26811005.38938,0
2023-05-26,0.8891,0.9713,0.8874,0.9107,101620588.7,1685145599999,93678635.91419,225138,51196080.0,47194296.69672,0
2023-05-27,0.9106,0.9257,0.9067,0.9203,27898128.7,1685231999999,25609808.80955,67244,13760103.5,12630426.34913,0
2023-05-28,0.9202,0.9553,0.9176,0.9406,37512694.8,1685318399999,34966871.38046,90264,17225588.3,16055596.15805,0
2023-05-29,0.9407,0.95,0.9036,0.9084,53855298.0,1685404799999,49780117.9731,99798,24473737.8,22626683.78672,0
2023-05-30,0.9083,0.9159,0.8833,0.9011,58951166.0,1685491199999,53317348.93088,111744,28592440.0,25864136.3018,0
2023-05-31,0.9009,0.9054,0.8786,0.8921,35748529.2,1685577599999,31758841.00212,79089,16889939.7,15004310.17934,0
2023-06-01,0.892,0.8997,0.8763,0.8889,30287189.1,1685663999999,26984835.33423,66564,14592947.9,13002368.51348,0
2023-06-02,0.889,0.9089,0.8816,0.8994,31846938.8,1685750399999,28630949.64514,68056,15762228.8,14169597.24438,0
2023-06-03,0.8994,0.9066,0.8924,0.8995,17283126.8,1685836799999,15554056.10178,39219,8597366.1,7736006.24865,0
2023-06-04,0.8996,0.9072,0.8897,0.8924,22627518.8,1685923199999,20391460.95814,45019,10590178.1,9542967.15605,0
2023-06-05,0.8923,0.8927,0.8245,0.8354,64307973.8,1686009599999,55322187.24722,138260,30820070.3,26503363.3554,0
2023-06-06,0.8355,0.8367,0.7896,0.8226,89918988.8,1686095999999,73377398.63206,182700,46277456.5,37777636.55892,0
2023-06-07,0.8226,0.8241,0.7603,0.7651,79826685.0,1686182399999,62802105.44472,157332,42224075.8,33225673.50636,0
2023-06-08,0.7652,0.7856,0.755,0.7813,44660286.1,1686268799999,34536306.312,92227,22829310.1,17650971.01602,0
2023-06-09,0.7812,0.7893,0.7201,0.7261,95190171.3,1686355199999,72198023.14447,176057,50421519.0,38289301.25516,0
2023-06-10,0.7261,0.7263,0.5089,0.6092,363863030.6,1686441599999,218601226.40063,822864,171228488.8,102945095.54635,0
2023-06-11,0.6091,0.66,0.5909,0.6348,156063187.3,1686527999999,97504649.85656,274626,77745051.3,48621473.85429,0
2023-06-12,0.6349,0.6567,0.6158,0.6432,114944938.7,1686614399999,73176687.93357,197941,56167363.2,35747390.09564,0
2023-06-13,0.6432,0.6779,0.6242,0.6451,109782265.6,1686700799999,71137621.40404,181870,56422413.7,36572805.81473,0
2023-06-14,0.6449,0.6621,0.6075,0.6193,82033029.1,1686787199999,52528883.57276,142482,41297669.7,26438104.72295,0
2023-06-15,0.6193,0.6271,0.5595,0.5907,191591607.4,1686873599999,113803687.18476,278108,88206616.8,52372314.18624,0
2023-06-16,0.5908,0.5998,0.5578,0.5903,154169874.2,1686959999999,89721878.46269,224184,73915368.3,43029584.43897,0
2023-06-17,0.5904,0.6355,0.585,0.6135,110877305.0,1687046399999,68176742.89972,176542,54715387.2,33629438.8822,0
2023-06-18,0.6135,0.6195,0.5935,0.5971,62173323.9,1687132799999,37773102.14955,107336,30560950.4,18576529.50067,0
2023-06-19,0.5971,0.624,0.5903,0.6147,60302670.9,1687219199999,36473956.6336,93384,32391422.4,19596839.41938,0
2023-06-20,0.6148,0.633,0.5917,0.6314,68435890.6,1687305599999,41828572.49219,115263,34898874.0,21325623.2678,0
2023-06-21,0.6314,0.6775,0.6274,0.6683,118557715.0,1687391999999,77551370.80242,217788,60006069.5,39257154.85604,0
2023-06-22,0.6682,0.7108,0.6531,0.6558,113751537.2,1687478399999,77390748.84038,214078,56976250.8,38753814.06762,0
2023-06-23,0.6557,0.6975,0.6552,0.6758,88045879.1,1687564799999,59372800.71364,164325,42346671.8,28557319.11961,0
2023-06-24,0.6758,0.6888,0.6437,0.6541,64981458.0,1687651199999,43350707.43391,129343,32643631.1,21776931.85342,0
2023-06-25,0.6542,0.6799,0.6483,0.6663,63458535.7,1687737599999,42387216.05382,130882,31533207.1,21063754.28577,0
2023-06-26,0.6664,0.6711,0.636,0.6456,64736820.8,1687823999999,42374867.19982,135340,31858944.2,20847476.33128,0
2023-06-27,0.6455,0.6723,0.6425,0.6621,57801362.8,1687910399999,38285758.71069,114570,28383164.8,18800380.26728,0
2023-06-28,0.6621,0.663,0.6,0.6131,96981095.2,1687996799999,61305337.63221,175346,47792827.9,30227193.93569,0
2023-06-29,0.6131,0.644,0.6108,0.6239,56212251.9,1688083199999,35208221.19972,93803,28228084.6,17675419.97254,0
2023-06-30,0.624,0.67,0.6084,0.6614,133986604.5,1688169599999,86676414.73923,250338,66848685.9,43226230.40575,0
2023-07-01,0.6615,0.6773,0.6484,0.6768,48995556.3,1688255999999,32602022.91632,103049,24379065.3,16228820.71716,0
2023-07-02,0.6768,0.689,0.6607,0.6819,48644922.7,1688342399999,32686462.1546,103917,23494880.4,15788838.86057,0
2023-07-03,0.6818,0.7205,0.6781,0.7148,76760755.2,1688428799999,53518939.0009,149976,37308092.2,26008279.21652,0
2023-07-04,0.7147,0.7189,0.6904,0.6958,55330155.2,1688515199999,38894697.23999,116094,26140655.3,18386450.98346,0
2023-07-05,0.6956,0.7057,0.6601,0.6706,62689869.7,1688601599999,42665699.15315,130557,31341215.6,21309239.32669,0
2023-07-06,0.6706,0.7003,0.6472,0.6604,97144803.7,1688687999999,65619844.20168,181832,48486087.2,32754193.51571,0
2023-07-07,0.6604,0.6805,0.6521,0.6765,52918366.6,1688774399999,35386343.63102,99406,25709330.2,17193617.18642,0
2023-07-08,0.6765,0.6868,0.6707,0.6797,38187226.0,1688860799999,25939533.15665,76821,19518817.7,13258839.98523,0
2023-07-09,0.6798,0.701,0.678,0.6884,51664875.6,1688947199999,35728780.00636,101928,26694115.4,18462500.97776,0
2023-07-10,0.6884,0.7489,0.671,0.7351,132699133.7,1689033599999,94577366.48709,252196,69658717.5,49667340.5891,0
2023-07-11,0.7351,0.7497,0.7319,0.7427,75472592.4,1689119999999,55861049.97127,160926,40928212.9,30298213.889,0
2023-07-12,0.7426,0.7598,0.7151,0.7234,67772831.9,1689206399999,49935306.57582,138638,34733848.2,25604884.25232,0
2023-07-13,0.7234,0.8916,0.7125,0.8502,236690682.6,1689292799999,189382466.53653,509627,122730443.4,98171293.16489,0
2023-07-14,0.8503,0.88,0.7777,0.8077,130675279.5,1689379199999,109332177.40721,308668,62411440.4,52165267.69116,0
2023-07-15,0.8076,0.8257,0.7945,0.7997,44281166.3,1689465599999,35814608.39042,98006,22497156.9,18193073.56408,0
2023-07-16,0.7997,0.8028,0.7634,0.7676,47927052.0,1689551999999,37595628.8862,117096,20363824.8,15990249.88976,0
2023-07-17,0.7675,0.7899,0.7505,0.7775,74862110.0,1689638399999,57836216.63528,173730,34619587.8,26746990.43593,0
2023-07-18,0.7775,0.784,0.7303,0.7383,85709755.5,1689724799999,64593576.29008,144611,38635971.6,29137774.32207,0
2023-07-19,0.7383,0.7575,0.728,0.7436,65863803.7,1689811199999,49092287.00842,123123,28902245.9,21545438.87956,0
2023-07-20,0.7437,0.802,0.7422,0.768,95828528.8,1689897599999,74185397.31561,170436,47868367.5,37076412.08441,0
2023-07-21,0.7679,0.7822,0.758,0.7693,44630628.5,1689983999999,34319931.20784,90362,21189665.0,16296677.97389,0
2023-07-22,0.7692,0.7758,0.74,0.7461,34001635.6,1690070399999,25908894.57758,70269,16449512.0,12531492.43686,0
2023-07-23,0.7461,0.7681,0.7388,0.757,28133080.2,1690156799999,21213020.95968,61782,13647991.6,10290167.40847,0
2023-07-24,0.757,0.762,0.7111,0.728,61362447.4,1690243199999,44847459.49964,111635,30435563.7,22245684.89082,0
2023-07-25,0.7281,0.7293,0.7019,0.708,45690199.3,1690329599999,32779997.90688,82524,21314087.2,15294360.71234,0
2023-07-26,0.708,0.7312,0.696,0.7223,74266049.5,1690415999999,53102023.79943,130425,35938275.2,25705784.28082,0
2023-07-27,0.7223,0.7364,0.7117,0.7171,36405510.1,1690502399999,26371725.52158,71984,17045609.9,12351597.14288,0
2023-07-28,0.717,0.7216,0.7047,0.7091,31125508.2,1690588799999,22169285.28199,60579,15394905.2,10964699.59732,0
2023-07-29,0.7092,0.7248,0.7074,0.7185,21235396.2,1690675199999,15185533.55931,44183,10657614.0,7622763.57569,0
2023-07-30,0.7184,0.7195,0.6802,0.6974,42598609.5,1690761599999,29911780.4633,82388,19228760.9,13502599.60152,0
2023-07-31,0.6974,0.7081,0.6805,0.6877,39794866.2,1690847999999,27685195.9452,73610,19419172.5,13515327.872,0
2023-08-01,0.6877,0.7042,0.6615,0.7021,69819569.5,1690934399999,47493554.86844,109691,34464724.0,23450559.52001,0
2023-08-02,0.7021,0.7035,0.675,0.6804,47743636.1,1691020799999,32888000.7632,76197,22495126.5,15494727.58045,0
2023-08-03,0.6803,0.6852,0.6621,0.6677,44048602.6,1691107199999,29696304.78978,70649,21829612.3,14719858.53116,0
2023-08-04,0.6676,0.6782,0.658,0.6643,34070063.8,1691193599999,22749906.98693,59124,15910093.6,10628048.08848,0
2023-08-05,0.6642,0.669,0.6577,0.6674,24711042.3,1691279999999,16410457.23636,44113,12113013.1,8045216.22322,0
2023-08-06,0.6674,0.6762,0.6629,0.6673,29006693.3,1691366399999,19418633.98581,45757,14535115.2,9730706.56248,0
2023-08-07,0.6673,0.6843,0.6475,0.6665,57071535.8,1691452799999,37990813.48794,88098,28649872.0,19076570.84688,0
2023-08-08,0.6664,0.6984,0.6622,0.6854,70788928.9,1691539199999,48125031.31076,93106,37388060.7,25419099.23212,0
2023-08-09,0.6855,0.6998,0.6805,0.6902,47136686.1,1691625599999,32516777.80034,66924,23207080.5,16014605.63899,0
2023-08-10,0.6902,0.7028,0.6837,0.6854,47601541.1,1691711999999,32920109.52805,65352,23850347.3,16500992.59036,0
2023-08-11,0.6855,0.698,0.6749,0.6811,31381430.8,1691798399999,21461929.85056,46473,16684785.2,11418128.22428,0
2023-08-12,0.6811,0.6839,0.6771,0.6822,16962130.5,1691884799999,11538849.7488,31017,8679881.5,5905874.53236,0
2023-08-13,0.6823,0.6914,0.6737,0.6773,26301984.1,1691971199999,17909090.23103,44310,13817693.5,9410144.03809,0
2023-08-14,0.6772,0.6857,0.6715,0.6796,38491209.6,1692057599999,26181185.23989,54662,20996020.8,14284895.32929,0
2023-08-15,0.6796,0.6798,0.6219,0.6389,76827425.5,1692143999999,50072627.5151,113845,33686625.9,21937966.55299,0
2023-08-16,0.6389,0.639,0.6042,0.6238,101523769.3,1692230399999,63277810.85627,136407,47258616.3,29441495.77361,0
2023-08-17,0.6239,0.6282,0.53,0.5718,134808455.5,1692316799999,80208924.59022,222698,62040527.9,36859469.3811,0
2023-08-18,0.5717,0.5848,0.5625,0.5776,82485698.0,1692403199999,47377434.91191,111407,41589207.1,23889718.75729,0
2023-08-19,0.5776,0.5883,0.5705,0.577,38414413.0,1692489599999,22257024.00088,54635,18442575.2,10687568.54775,0
2023-08-20,0.577,0.5816,0.5702,0.5801,29197710.1,1692575999999,16820478.69923,43870,14003370.4,8067572.75784,0
2023-08-21,0.58,0.5807,0.5485,0.5571,57738931.8,1692662399999,32604520.90023,72465,28993030.3,16374641.0377,0
2023-08-22,0.557,0.5583,0.5289,0.5489,104382635.3,1692748799999,56625758.17224,116353,48355310.1,26246752.81962,0
2023-08-23,0.5491,0.5709,0.5441,0.5571,78871098.8,1692835199999,43814418.40196,87294,39495259.7,21937227.80369,0
2023-08-24,0.5572,0.5604,0.5372,0.5471,45921173.7,1692921599999,25235784.99162,58992,23365750.8,12843676.45251,0
2023-08-25,0.5472,0.5563,0.5352,0.5463,65372845.9,1693007999999,35586469.80126,80591,32387249.3,17635023.84969,0
2023-08-26,0.5464,0.549,0.5439,0.5484,17575139.1,1693094399999,9611004.50354,27113,8874710.5,4853001.55157,0
2023-08-27,0.5485,0.5693,0.5451,0.5559,31257095.6,1693180799999,17343623.43647,48047,16252786.4,9014892.40324,0
2023-08-28,0.5559,0.5675,0.545,0.5622,59931681.7,1693267199999,33402796.27227,68489,29464109.6,16425249.95964,0
2023-08-29,0.5621,0.6372,0.5518,0.5936,118577346.3,1693353599999,69645738.58552,185234,58508468.0,34343633.37001,0
2023-08-30,0.5936,0.5949,0.5668,0.575,48279318.9,1693439999999,27853015.76756,67460,23607034.4,13616093.99624,0
2023-08-31,0.5748,0.5884,0.5426,0.5496,71197984.7,1693526399999,40215646.42217,98540,35856742.5,20267195.73619,0
2023-09-01,0.5496,0.5538,0.5313,0.5405,46988167.3,1693612799999,25549646.04399,70842,22394516.2,12176038.70022,0
2023-09-02,0.5404,0.5474,0.5358,0.5409,21357037.9,1693699199999,11571474.54206,35735,10814171.2,5859088.13925,0
2023-09-03,0.541,0.5463,0.5371,0.5422,21188710.5,1693785599999,11485493.39501,34726,10729884.9,5816933.4516,0
2023-09-04,0.5422,0.5551,0.54,0.5545,53204948.4,1693871999999,29136138.76673,64405,26929956.4,14750489.19322,0
2023-09-05,0.5545,0.5673,0.55,0.5585,59573035.6,1693958399999,33247669.52501,69038,30527375.4,17040489.52873,0
2023-09-06,0.5585,0.5698,0.5424,0.5586,65483129.5,1694044799999,36404494.19395,82568,31618669.4,17577083.065,0
2023-09-07,0.5586,0.5657,0.55,0.5553,39451427.6,1694131199999,21966761.67769,53385,19350151.2,10775539.72881,0
2023-09-08,0.5553,0.5589,0.5331,0.5439,50029285.8,1694217599999,27295484.65535,60577,25016334.4,13650249.57585,0
2023-09-09,0.5439,0.5439,0.5391,0.5395,12271911.5,1694303999999,6643612.03658,21592,5665974.1,3067702.12154,0
2023-09-10,0.5396,0.5396,0.5129,0.5233,52093750.5,1694390399999,27314254.21597,75876,25376138.7,13306834.39439,0
2023-09-11,0.5233,0.5246,0.4924,0.5035,65958216.2,1694476799999,33410315.45307,92749,31179096.6,15798121.04984,0
2023-09-12,0.5035,0.5191,0.5,0.5065,58488643.6,1694563199999,29770758.81048,81579,29605675.4,15070494.84833,0
2023-09-13,0.5064,0.5237,0.5051,0.5134,47378918.4,1694649599999,24311668.52484,59772,24058222.0,12346072.85866,0
2023-09-14,0.5134,0.528,0.5133,0.5223,45265115.3,1694735999999,23609816.87886,49471,23284875.1,12148163.93611,0
2023-09-15,0.5223,0.5348,0.515,0.53,40435261.4,1694822399999,21200360.40378,48415,20680821.7,10840984.96698,0
2023-09-16,0.53,0.536,0.524,0.5285,27645721.0,1694908799999,14629706.51029,34739,13388321.6,7085687.99415,0
2023-09-17,0.5284,0.5286,0.5123,0.5172,29122722.4,1694995199999,15137978.0662,35090,13859935.3,7203780.56914,0
2023-09-18,0.5174,0.5352,0.5111,0.5263,51504482.5,1695081599999,27081664.9482,55698,25351958.5,13338589.00126,0
2023-09-19,0.5261,0.5461,0.5244,0.5448,43719395.0,1695167999999,23520951.6782,55246,22740951.6,12233808.31904,0
2023-09-20,0.5448,0.5496,0.5347,0.5409,41034410.6,1695254399999,22223715.91889,55998,19718666.5,10681913.54322,0
2023-09-21,0.5409,0.5437,0.5181,0.5196,47572278.8,1695340799999,25129324.52117,53811,24504789.7,12934488.20848,0
2023-09-22,0.5195,0.5246,0.5147,0.5211,25713656.3,1695427199999,13380947.54019,37737,13465386.1,7010595.08324,0
2023-09-23,0.5211,0.5237,0.5188,0.5207,13288532.5,1695513599999,6924507.46636,22016,6836658.7,3562970.57793,0
2023-09-24,0.5207,0.5265,0.5106,0.5136,21085997.3,1695599999999,10951765.22158,32968,10386014.7,5397383.52755,0
2023-09-25,0.5136,0.5203,0.5062,0.5196,30770135.5,1695686399999,15820584.56904,39572,15416629.9,7927019.83157,0
2023-09-26,0.5196,0.526,0.5055,0.5099,26849903.4,1695772799999,13886505.5183,36316,13688149.7,7084117.5862,0
2023-09-27,0.5099,0.5167,0.5006,0.5037,41328279.0,1695859199999,21000011.16992,51978,22494195.0,11438491.10367,0
2023-09-28,0.5038,0.5234,0.5028,0.5197,44294898.5,1695945599999,22811141.1966,55301,24632943.2,12682861.56716,0
2023-09-29,0.5198,0.5278,0.5163,0.5258,35440855.6,1696031999999,18517460.56444,43787,19504215.7,10195050.26789,0
2023-09-30,0.5257,0.5375,0.5241,0.5327,39480594.7,1696118399999,20974602.5793,49778,22849369.5,12137593.76072,0
2023-10-01,0.5326,0.578,0.5323,0.5691,93972420.2,1696204799999,52026928.42239,129034,51870301.6,28695814.57649,0
2023-10-02,0.5691,0.5711,0.543,0.5472,63911330.4,1696291199999,35727075.64543,79968,30067280.9,16821404.12068,0
2023-10-03,0.5472,0.579,0.5466,0.5666,99348377.0,1696377599999,56313801.41722,121833,51482561.2,29179990.38938,0
2023-10-04,0.5665,0.5997,0.5492,0.5622,131180395.6,1696463999999,75131254.12424,171854,63985734.6,36664847.17461,0
2023-10-05,0.5622,0.5667,0.5441,0.5449,56709510.2,1696550399999,31538828.88364,74883,25773033.7,14346589.05171,0
2023-10-06,0.5449,0.5721,0.5448,0.5636,53508111.4,1696636799999,29916652.11566,61044,27201165.0,15203335.23337,0
2023-10-07,0.5636,0.5818,0.5626,0.5638,55588489.3,1696723199999,31784115.57282,67400,27184382.3,15547527.89831,0
2023-10-08,0.5639,0.5686,0.5562,0.5607,36518810.1,1696809599999,20511169.10471,46205,18303599.4,10282229.45948,0
2023-10-09,0.5608,0.5608,0.5191,0.5293,64016151.6,1696895999999,34368126.2733,99514,29245056.5,15705960.0068,0
2023-10-10,0.5293,0.5399,0.5112,0.5176,61550256.1,1696982399999,32219704.47225,80350,28752323.2,15052946.9069,0
2023-10-11,0.5176,0.5229,0.5066,0.5145,45375685.2,1697068799999,23322734.14948,64029,21644261.6,11127909.83225,0
2023-10-12,0.5145,0.5176,0.5006,0.5078,37208661.0,1697155199999,18918940.69986,53370,17892576.2,9098778.29436,0
2023-10-13,0.5078,0.5247,0.5068,0.5148,29202908.0,1697241599999,15007841.85188,40435,15405757.1,7916857.36526,0
2023-10-14,0.5149,0.5217,0.514,0.5174,15903606.0,1697327999999,8239350.40409,21321,8294615.0,4297958.44452,0
2023-10-15,0.5175,0.5206,0.5128,0.5153,19314852.9,1697414399999,9976779.10961,26813,9575475.7,4946195.22801,0
2023-10-16,0.5152,0.545,0.5141,0.5335,77890494.3,1697500799999,41141562.07142,85709,39610084.5,20922241.93076,0
2023-10-17,0.5334,0.5345,0.5153,0.5193,33429804.7,1697587199999,17537334.36551,43882,15804274.7,8289090.04346,0
2023-10-18,0.5192,0.525,0.5098,0.5106,28031301.5,1697673599999,14487834.2385,41077,13377170.5,6915647.43962,0
2023-10-19,0.5106,0.5202,0.5025,0.5172,33663268.3,1697759999999,17229360.74451,48029,16816846.9,8609531.10764,0
2023-10-20,0.5172,0.5468,0.5143,0.5356,58644821.1,1697846399999,31304654.48979,87008,30515747.2,16286105.9688,0
2023-10-21,0.5357,0.5769,0.5332,0.5726,77085952.3,1697932799999,43248284.10833,108224,40139804.3,22506080.74195,0
2023-10-22,0.5727,0.6116,0.5572,0.6093,105356535.1,1698019199999,61183780.28409,158394,52213279.8,30349133.39461,0
2023-10-23,0.6092,0.6499,0.5994,0.6369,151650931.0,1698105599999,93772882.16684,271036,74126629.3,45868019.08553,0
2023-10-24,0.637,0.6651,0.616,0.6245,159601944.1,1698191999999,102079975.35236,261073,76644614.3,49033574.86977,0
2023-10-25,0.6245,0.649,0.6141,0.6305,91638246.8,1698278399999,58037491.58293,164056,43588867.2,27622796.08727,0
2023-10-26,0.6305,0.6588,0.6153,0.6321,78361003.7,1698364799999,50020118.20252,152763,34633820.1,22104769.68831,0
2023-10-27,0.6322,0.6329,0.6008,0.6086,58109005.9,1698451199999,35910562.11583,106154,25826658.3,15955229.88279,0
2023-10-28,0.6087,0.627,0.6081,0.6201,30835763.9,1698537599999,19144200.54621,64017,15015882.2,9323200.55278,0
2023-10-29,0.62,0.6428,0.6116,0.6387,38618186.9,1698623999999,24408728.85793,76026,19250992.3,12172861.78027,0
2023-10-30,0.6387,0.6511,0.6263,0.6497,66640555.8,1698710399999,42716341.67586,105368,30479287.9,19547535.84721,0
2023-10-31,0.6497,0.6571,0.6187,0.6362,73540493.2,1698796799999,47077750.95697,133578,34881631.1,22319355.34741,0
2023-11-01,0.6362,0.6697,0.6167,0.6697,94379580.2,1698883199999,60305534.59463,169190,45412179.5,29059814.65415,0
2023-11-02,0.6697,0.6894,0.6433,0.6601,89298824.5,1698969599999,59536409.55225,170612,43225471.2,28836104.29553,0
2023-11-03,0.6604,0.6734,0.6421,0.6718,53510888.9,1699055999999,35256747.96454,134725,25561359.5,16849315.53339,0
2023-11-04,0.6718,0.682,0.6612,0.677,31242528.0,1699142399999,20932848.864,77236,15221117.2,10201445.51278,0
2023-11-05,0.6769,0.6989,0.6728,0.6918,54258132.0,1699228799999,37276222.51986,115646,27621777.8,18981954.98732,0
2023-11-06,0.6917,0.7365,0.6892,0.7362,65758590.0,1699315199999,46689410.92595,145485,33382902.7,23720517.22671,0
2023-11-07,0.7362,0.7474,0.6948,0.7403,93162353.2,1699401599999,67301653.65192,193332,46366865.7,33495019.67343,0
2023-11-08,0.7403,0.8098,0.7342,0.7874,127034926.5,1699487999999,98189948.56094,263337,61609426.3,47620215.47439,0
2023-11-09,0.7873,0.862,0.7652,0.8546,183091314.5,1699574399999,149662770.66532,441847,92643998.2,75734160.2648,0
2023-11-10,0.8546,0.8713,0.8123,0.8427,109558090.5,1699660799999,91886244.77712,249860,54251736.3,45509928.1866,0
2023-11-11,0.8426,0.8454,0.7945,0.8033,119945432.3,1699747199999,98099184.22086,226797,58918393.1,48190863.87185,0
2023-11-12,0.8033,0.9277,0.7719,0.8971,206649137.6,1699833599999,176042444.5355,435370,105012970.3,89564730.6907,0
2023-11-13,0.8971,0.955,0.8528,0.8821,210694309.4,1699919999999,188930952.50441,573251,105747058.7,94920217.3523,0
2023-11-14,0.8821,0.9831,0.8416,0.9176,318415040.9,1700006399999,291767719.77131,861692,162590837.3,148991454.58352,0
2023-11-15,0.9175,0.9619,0.8854,0.9191,227756275.9,1700092799999,210359801.10049,492346,112795636.6,104170392.07095,0
2023-11-16,0.9191,0.9441,0.8322,0.845,237396216.9,1700179199999,212280362.40835,505075,125557849.4,112310432.38199,0
2023-11-17,0.8449,0.8738,0.7863,0.8305,167396364.0,1700265599999,139584538.6921,300475,84731453.1,70702657.67796,0
2023-11-18,0.8305,0.8322,0.7764,0.8319,112710441.7,1700351999999,91330725.2636,181263,57105665.0,46281911.03253,0
2023-11-19,0.8319,0.8567,0.8112,0.8522,98645160.3,1700438399999,82443548.45737,169493,51647911.7,43163905.72163,0
2023-11-20,0.8525,0.8672,0.8053,0.8103,110351942.3,1700524799999,92314860.79989,195154,56766794.2,47502452.45039,0
2023-11-21,0.8103,0.8203,0.7206,0.728,193385678.5,1700611199999,148304331.12807,333332,93651465.9,71817822.69959,0
2023-11-22,0.7279,0.7859,0.726,0.7726,125337168.6,1700697599999,95138902.90178,178746,66139499.5,50218372.86979,0
2023-11-23,0.7726,0.7852,0.7642,0.7721,64574736.4,1700783999999,50063134.67467,91712,33514635.3,25983386.01945,0
2023-11-24,0.7722,0.7973,0.7525,0.7595,102620940.1,1700870399999,79554380.48069,163317,56440712.1,43737004.9394,0
2023-11-25,0.7595,0.7797,0.7552,0.7793,84180102.4,1700956799999,64766703.60342,113735,44867826.6,34518935.19693,0
2023-11-26,0.7793,0.7862,0.7418,0.7622,76493904.7,1701043199999,58861683.39974,118787,38503490.2,29655721.55502,0
2023-11-27,0.7622,0.7684,0.7284,0.7426,74699257.2,1701129599999,55663983.67803,110023,36995421.0,27546347.97298,0
2023-11-28,0.7426,0.764,0.7271,0.7486,93585439.6,1701215999999,69528004.53991,116619,49349943.6,36671319.15517,0
2023-11-29,0.7487,0.7715,0.7429,0.7575,72529151.8,1701302399999,54878526.85177,106101,37358216.5,28272972.5859,0
2023-11-30,0.7574,0.7816,0.7513,0.7627,83055917.2,1701388799999,63659177.10798,120645,41711639.6,31975179.41133,0
2023-12-01,0.7626,0.8,0.7548,0.7994,84032929.3,1701475199999,65772427.05225,118372,42470248.9,33226530.92674,0
2023-12-02,0.7993,0.8268,0.7963,0.8152,93384644.5,1701561599999,75676426.06342,147383,46807315.4,37924079.32022,0
2023-12-03,0.8151,0.8237,0.7987,0.8138,80668444.2,1701647999999,65420982.75934,125146,39998741.5,32440967.25799,0
2023-12-04,0.8138,0.8379,0.7764,0.8105,149616399.3,1701734399999,121720771.23705,240510,73103061.8,59441667.83525,0
2023-12-05,0.8106,0.8207,0.7841,0.8137,96214371.6,1701820799999,77190195.13641,169361,47491014.2,38118587.72761,0
2023-12-06,0.8137,0.8481,0.8006,0.8197,149307397.6,1701907199999,123432091.16773,244024,74197350.7,61349686.83475,0
2023-12-07,0.8197,0.8581,0.81,0.8424,125307001.4,1701993599999,104558369.62666,205201,62903255.7,52472809.75392,0
2023-12-08,0.8423,0.9108,0.8418,0.9058,154612228.4,1702079999999,135573278.30003,256471,77807825.5,68209343.74332,0
2023-12-09,0.9058,0.9453,0.8755,0.8836,183144157.1,1702166399999,167343922.95971,304640,89865094.6,82129945.16786,0
2023-12-10,0.8838,0.9313,0.8781,0.9232,97804509.9,1702252799999,88512493.92664,162744,47043406.0,42578737.87166,0
2023-12-11,0.9231,0.94,0.811,0.8421,201755860.2,1702339199999,173402378.6381,379465,99461700.8,85455419.7108,0
2023-12-12,0.842,0.9016,0.8401,0.8861,157218114.1,1702425599999,136537854.80917,256717,78858555.8,68477254.46927,0
2023-12-13,0.8862,0.8999,0.8268,0.8876,149452484.7,1702511999999,129515456.82468,274242,78988996.4,68533684.9884,0
2023-12-14,0.8876,0.9028,0.8586,0.8842,101593958.6,1702598399999,89417730.86751,193833,52348826.6,46062762.15193,0
2023-12-15,0.8842,0.8847,0.8359,0.8379,68246544.7,1702684799999,58766162.56476,137056,32219491.3,27745114.4046,0
2023-12-16,0.838,0.8667,0.8302,0.8513,50093471.3,1702771199999,42668233.54733,96174,25068923.0,21355048.43841,0
2023-12-17,0.8512,0.8534,0.8129,0.8175,45256931.3,1702857599999,37709136.54105,105800,21948995.2,18304724.79199,0
2023-12-18,0.8175,0.8259,0.7555,0.8011,111818527.0,1702943999999,87862223.619,202158,58233042.1,45734137.6174,0
2023-12-19,0.8011,0.8235,0.7505,0.7662,107199768.4,1703030399999,84007801.38057,190317,60555823.8,47401687.0346,0
2023-12-20,0.7663,0.7979,0.7536,0.7759,133348860.5,1703116799999,103861254.64351,206447,78578938.0,61206090.86117,0
2023-12-21,0.7758,0.8195,0.7698,0.8164,125599198.5,1703203199999,99338446.23308,201324,66990837.1,52981794.71766,0
2023-12-22,0.8164,0.8774,0.812,0.8773,178974846.1,1703289599999,150915769.55064,332106,95280284.1,80344775.80473,0
2023-12-23,0.8774,0.8817,0.8273,0.8577,95748478.6,1703375999999,81212514.08851,166939,45610265.7,38698747.39132,0
2023-12-24,0.8576,0.89,0.8307,0.8474,163945264.1,1703462399999,140143540.52738,281351,80967862.3,69249019.36414,0
2023-12-25,0.8474,0.9213,0.8354,0.9117,156671024.8,1703548799999,138271746.81771,306644,78524204.3,69320425.45702,0
2023-12-26,0.9118,1.0303,0.8589,1.0191,405110669.5,1703635199999,379542312.26531,967395,210314538.4,197259727.41433,0
2023-12-27,1.019,1.093,0.9847,1.0368,388820801.4,1703721599999,406608903.65498,1037409,191376295.9,200177542.37495,0
2023-12-28,1.0369,1.0697,0.9835,1.0021,226243754.2,1703807999999,231804609.65123,528744,110471889.3,113195749.10438,0
2023-12-29,1.0021,1.0187,0.94,0.9733,165887784.6,1703894399999,163548954.07324,356617,83787290.6,82635088.08783,0
2023-12-30,0.9733,0.9886,0.941,0.9509,66818362.3,1703980799999,64476925.4921,164438,33292731.6,32129985.548,0
2023-12-31,0.9509,1.0115,0.9432,0.9707,102886345.4,1704067199999,101338079.93737,270957,50227577.6,49466742.61106,0
2024-01-01,0.9708,1.019,0.9556,1.0157,78051831.3,1704153599999,77113606.28827,200690,37572131.9,37138156.91945,0
2024-01-02,1.0156,1.0333,0.9616,0.9691,108879456.5,1704239999999,108781673.55112,251100,54518296.9,54507333.25409,0
2024-01-03,0.969,0.9887,0.738,0.8539,243619558.7,1704326399999,214874301.49268,533759,125052626.7,110167470.87636,0
2024-01-04,0.8539,0.892,0.8372,0.883,110499881.0,1704412799999,95850906.51834,219219,60863627.1,52763366.09119,0
2024-01-05,0.883,0.887,0.816,0.8525,102615312.1,1704499199999,86999491.32705,231179,50209923.9,42563586.11637,0
2024-01-06,0.8525,0.8534,0.7958,0.8281,72391482.5,1704585599999,59424620.98594,165339,34491067.4,28306599.62551,0
2024-01-07,0.828,0.844,0.7926,0.8011,64191572.5,1704671999999,53082554.7936,131002,31309400.3,25896460.94466,0
2024-01-08,0.8011,0.8435,0.7362,0.8416,155436909.8,1704758399999,123156252.34785,305934,78528533.0,62288158.21699,0
2024-01-09,0.8414,0.8445,0.78,0.8066,132998421.3,1704844799999,107027542.56258,279239,66639002.6,53644595.02448,0
2024-01-10,0.8065,0.9127,0.8023,0.8992,177956181.9,1704931199999,151026418.88176,379974,89537094.2,76099010.01835,0
2024-01-11,0.8992,0.9582,0.8821,0.9263,196639003.4,1705017599999,181611823.68281,438415,97435583.5,89983141.99046,0
2024-01-12,0.9264,0.9453,0.8346,0.8635,139337057.7,1705103999999,125847146.27041,334327,68948158.8,62281135.99294,0
2024-01-13,0.8634,0.8882,0.8407,0.8818,55484241.9,1705190399999,48310110.95284,136160,27841015.3,24242416.66245,0
2024-01-14,0.8817,0.8833,0.8364,0.8374,57260390.4,1705276799999,49545798.80298,134687,27280135.2,23607885.65698,0
2024-01-15,0.8373,0.8674,0.8358,0.8447,59048773.9,1705363199999,50300023.80356,130482,27829332.5,23706177.56526,0
2024-01-16,0.8447,0.8586,0.828,0.845,56439559.2,1705449599999,47811188.42248,119112,28765573.3,24374675.61916,0
2024-01-17,0.8451,0.8529,0.8021,0.8103,110000599.3,1705535999999,90953181.78907,195841,50046911.8,41463072.72255,0
2024-01-18,0.8103,0.8209,0.7716,0.7861,95561549.7,1705622399999,76391762.72529,172246,43851761.6,35047857.7945,0
2024-01-19,0.7861,0.7974,0.743,0.7621,140317686.1,1705708799999,107311120.47959,228998,61981863.0,47473570.88145,0
2024-01-20,0.7622,0.788,0.751,0.7871,77484722.8,1705795199999,59654561.252,116617,36069002.8,27794682.57806,0
2024-01-21,0.7872,0.8073,0.7804,0.7835,55972411.5,1705881599999,44335401.21239,95056,29126183.3,23070721.72324,0
2024-01-22,0.7834,0.7917,0.7315,0.7473,110386392.6,1705967999999,83886839.26879,197442,52425800.2,39850978.22824,0
2024-01-23,0.7473,0.7652,0.6913,0.7255,126281447.9,1706054399999,90963161.88142,196460,62502593.4,44984756.78097,0
2024-01-24,0.7254,0.7466,0.7159,0.739,78275102.6,1706140799999,57167406.99422,118161,38282942.7,27952867.61332,0
2024-01-25,0.7391,0.7395,0.7167,0.7324,45742694.6,1706227199999,33324866.53103,83959,22028848.4,16048001.98389,0
2024-01-26,0.7325,0.7628,0.727,0.759,57081230.9,1706313599999,42636020.95952,107186,28096521.0,21001551.37527,0
2024-01-27,0.7589,0.7886,0.7553,0.7881,45814112.2,1706399999999,35424115.04292,90260,20819837.5,16090151.62902,0
2024-01-28,0.7881,0.8103,0.7811,0.789,66964879.8,1706486399999,53294727.02902,144309,32415125.6,25804419.46096,0
2024-01-29,0.789,0.8166,0.774,0.8131,67448892.2,1706572799999,53824660.28235,140036,34022374.7,27127518.27436,0
2024-01-30,0.813,0.8223,0.7956,0.7993,68652569.3,1706659199999,55559268.98263,144478,35653200.0,28848513.49645,0
2024-01-31,0.7993,0.8341,0.7788,0.7872,110646738.5,1706745599999,89240610.90746,230417,54896516.7,44273951.12076,0
2024-02-01,0.7873,0.8171,0.7654,0.8113,64474266.4,1706831999999,50956828.19224,137256,31514467.2,24912623.08061,0
2024-02-02,0.8113,0.8226,0.795,0.7998,46791466.5,1706918399999,37818366.44732,102839,23690264.5,19155992.89571,0
2024-02-03,0.7998,0.8062,0.7803,0.7849,40262711.8,1707004799999,31855285.25962,79453,19941351.9,15774269.71384,0
2024-02-04,0.785,0.7885,0.7704,0.7735,34509685.6,1707091199999,26912756.46573,76402,17008711.4,13266062.47895,0
2024-02-05,0.7735,0.7951,0.7625,0.7804,45336519.9,1707177599999,35371464.66506,92905,22136547.5,17276064.06401,0
2024-02-06,0.7804,0.8177,0.7776,0.8054,54782144.4,1707263999999,43646277.65717,104410,27266462.6,21730749.94891,0
2024-02-07,0.8054,0.838,0.7872,0.8343,56298466.8,1707350399999,45781445.3294,127958,29723190.0,24218938.98984,0
2024-02-08,0.8344,0.8485,0.8223,0.8337,70822542.2,1707436799999,59260013.19857,136529,35515156.8,29711298.27249,0
2024-02-09,0.8337,0.86,0.8314,0.8526,62975782.4,1707523199999,53222388.00527,132676,31977333.3,27027946.84424,0
2024-02-10,0.8529,0.8685,0.8372,0.8487,55474525.3,1707609599999,47230254.42785,116052,25950013.6,22104213.38828,0
2024-02-11,0.8488,0.8651,0.8311,0.8355,46475569.3,1707695999999,39455306.80917,107474,21542069.8,18291362.17542,0
2024-02-12,0.8354,0.8856,0.8183,0.8795,79337733.5,1707782399999,67409756.09653,178105,36244343.3,30791757.75945,0
2024-02-13,0.8795,0.8849,0.8432,0.8538,70604541.1,1707868799999,61048639.79956,156184,32839478.8,28394849.06508,0
2024-02-14,0.8538,0.8938,0.8438,0.8899,72792404.8,1707955199999,63878171.97496,148482,34605603.9,30365478.18407,0
2024-02-15,0.89,0.9102,0.8713,0.8896,81947188.8,1708041599999,73030899.89111,185539,39931001.2,35598976.64298,0
2024-02-16,0.8896,0.9566,0.8859,0.9512,142884236.4,1708127999999,132200716.29501,282424,70059273.9,64820864.12939,0
2024-02-17,0.9513,0.9587,0.9041,0.9281,85408017.7,1708214399999,79614984.65913,179032,39826432.7,37111201.79649,0
2024-02-18,0.928,1.0,0.9181,0.9992,88321719.8,1708300799999,84754376.81361,199471,44611980.1,42836228.87012,0
2024-02-19,0.9993,1.0112,0.9743,0.9969,112857434.8,1708387199999,112283000.12672,238349,56931221.0,56647929.57813,0
2024-02-20,0.9969,1.0334,0.942,1.0226,152012317.7,1708473599999,149915537.30159,364890,74381320.5,73420689.52514,0
2024-02-21,1.0226,1.0359,0.9073,0.9511,146855485.9,1708559999999,140391749.58843,342314,71772728.6,68533096.1445,0
2024-02-22,0.9511,1.0607,0.92,0.9926,186609855.0,1708646399999,183421744.05828,457996,94307813.5,92719485.13905,0
2024-02-23,0.9927,1.0102,0.9423,0.9867,130535939.6,1708732799999,128025166.53676,308201,66167423.7,64903685.68223,0
2024-02-24,0.9868,1.0313,0.9736,0.9939,80679556.0,1708819199999,80816682.60015,188073,42013956.2,42084913.70195,0
2024-02-25,0.994,1.0043,0.9635,0.9987,74141061.1,1708905599999,72662091.11034,169173,42060434.4,41211190.00686,0
2024-02-26,0.9987,1.0716,0.9717,1.059,177607916.1,1708991999999,182688533.45234,393289,85437501.1,87898974.54487,0
2024-02-27,1.059,1.0787,1.0149,1.0284,119214902.4,1709078399999,124609975.21053,297572,60815989.4,63572567.88271,0
2024-02-28,1.0285,1.0686,0.9587,1.009,193032459.4,1709164799999,196692455.60932,493556,96638996.2,98479257.74629,0
2024-02-29,1.009,1.0625,0.98,1.0014,164616597.3,1709251199999,169701138.60077,457588,83738694.3,86353754.8251,0
2024-03-01,1.0015,1.04,1.0013,1.0249,92001982.1,1709337599999,93590012.32889,237837,49317576.1,50180713.23448,0
2024-03-02,1.0248,1.1,1.0233,1.0946,169830105.4,1709423999999,181742837.84118,422875,88208045.7,94411551.59626,0
2024-03-03,1.0946,1.1184,1.03,1.0893,154485868.7,1709510399999,166713474.66982,421659,78410594.7,84649130.9993,0
2024-03-04,1.0894,1.15,1.0797,1.1445,248913502.6,1709596799999,277241341.99336,615020,124989310.1,139210384.75659,0
2024-03-05,1.1445,1.1474,0.9284,1.0333,344974807.6,1709683199999,374438633.44312,980982,174338555.5,189223498.88162,0
2024-03-06,1.0332,1.1186,0.9939,1.1182,189694934.7,1709769599999,201617957.13459,499226,95409110.4,101375383.75297,0
2024-03-07,1.1182,1.175,1.0985,1.1605,153782943.5,1709855999999,175315879.26557,419115,73643105.1,84017359.27017,0
2024-03-08,1.1606,1.1773,1.0956,1.1254,125698773.6,1709942399999,143109445.35016,319096,65278782.4,74310914.05603,0
2024-03-09,1.1255,1.1574,1.1172,1.1566,82027551.9,1710028799999,93133971.84236,185717,41626182.5,47256811.75841,0
2024-03-10,1.1566,1.2494,1.1431,1.2283,199163587.0,1710115199999,240414497.54616,494735,95768693.3,115615181.72853,0
2024-03-11,1.2282,1.2498,1.166,1.2403,159138254.6,1710201599999,192860806.81642,380757,81155205.6,98358453.54334,0
2024-03-12,1.2404,1.2464,1.1218,1.1818,139776035.4,1710287999999,165631909.77698,372947,71972067.7,85256230.23797,0
2024-03-13,1.1818,1.29,1.1761,1.2704,166397222.2,1710374399999,208501878.20558,412382,80450268.4,100748870.79292,0
2024-03-14,1.2704,1.2848,1.1621,1.2221,149535615.1,1710460799999,182991644.19821,392628,76592655.4,93787319.97276,0
2024-03-15,1.2223,1.2306,1.064,1.1414,182893763.8,1710547199999,207447403.99617,473833,89413249.9,101390236.68356,0
2024-03-16,1.1416,1.1685,1.0235,1.0424,152915122.5,1710633599999,168504259.43325,334412,75718865.6,83458030.2587,0
2024-03-17,1.0423,1.0996,1.0053,1.0886,114143759.4,1710719999999,120844655.65582,253877,56521098.2,59878306.7747,0
2024-03-18,1.0886,1.0899,1.0088,1.0304,93788498.7,1710806399999,98555193.31682,222750,47580932.8,50012277.55398,0
2024-03-19,1.0303,1.0367,0.9097,0.9319,183913203.1,1710892799999,175834962.43524,416208,91018852.7,87012196.57443,0
2024-03-20,0.9318,1.0177,0.9102,1.0081,145626334.3,1710979199999,139978842.0226,331523,73878526.7,71059750.00273,0
2024-03-21,1.0082,1.0134,0.9713,0.9956,85608187.6,1711065599999,85164442.952,204321,43102624.3,42889716.73419,0
2024-03-22,0.9956,1.0188,0.9504,0.9732,78649778.8,1711151999999,77276820.26946,193803,37068299.4,36440872.57949,0
2024-03-23,0.9731,1.003,0.9545,0.9792,56923498.3,1711238399999,56004065.53506,151547,29243646.7,28767403.9954,0
2024-03-24,0.9792,1.0151,0.975,1.0116,50465095.6,1711324799999,50331158.64099,119328,25919680.0,25860559.42366,0
2024-03-25,1.0117,1.0609,1.0021,1.0456,78305526.3,1711411199999,81006677.29316,199983,42074186.9,43554048.44205,0
2024-03-26,1.0456,1.0775,1.02,1.046,79224863.0,1711497599999,83425385.24957,189067,40686937.8,42856413.95056,0
2024-03-27,1.0461,1.087,1.0001,1.0087,121715630.2,1711583999999,126081197.53947,295024,61937958.2,64159812.83845,0
2024-03-28,1.0087,1.0261,0.9959,1.0021,68899691.8,1711670399999,69576443.62512,157294,37762065.2,38136126.47012,0
2024-03-29,1.0021,1.0063,0.9764,0.9907,59151973.5,1711756799999,58660571.0318,149559,30412489.3,30162138.76062,0
2024-03-30,0.9907,1.004,0.9751,0.9795,63231490.8,1711843199999,62772484.35936,135850,31513506.3,31291635.81746,0
2024-03-31,0.9796,1.004,0.9769,1.0033,31934439.2,1711929599999,31767816.45132,85105,16211946.9,16130723.19049,0
2024-04-01,1.0034,1.0076,0.926,0.9508,82372042.5,1712015999999,78957959.90373,188537,39652939.9,38003458.6946,0
2024-04-02,0.9509,0.9509,0.8852,0.9003,82613281.9,1712102399999,74920852.06361,215524,39498591.2,35812791.75472,0
2024-04-03,0.9004,0.9233,0.8738,0.895,64770559.7,1712188799999,58309366.03963,190428,30665280.1,27610624.52726,0
2024-04-04,0.895,0.9226,0.8726,0.9055,52144080.9,1712275199999,46893323.63511,133382,25937109.1,23332292.37626,0
2024-04-05,0.9055,0.9091,0.86,0.8839,51831356.1,1712361599999,45768030.31543,121946,24792078.7,21895868.33365,0
2024-04-06,0.8839,0.9065,0.8809,0.8973,37265198.6,1712447999999,33323963.45155,83036,17460773.5,15615525.47159,0
2024-04-07,0.8971,0.925,0.8938,0.9114,44548654.6,1712534399999,40497560.50849,89717,22392142.4,20353468.33493,0
2024-04-08,0.9113,0.9489,0.89,0.9473,66758841.5,1712620799999,62007519.11291,139276,33493659.6,31101333.15308,0
2024-04-09,0.9474,0.9502,0.8935,0.8974,72834676.0,1712707199999,67346556.9962,154223,33905262.5,31349284.31567,0
2024-04-10,0.8974,0.9028,0.8518,0.8873,80006737.6,1712793599999,70394935.88471,183069,40143297.1,35334811.00519,0
2024-04-11,0.8873,0.8961,0.861,0.878,55339192.0,1712879999999,48512914.94364,109049,27749597.3,24324007.04766,0
2024-04-12,0.878,0.8942,0.7231,0.7654,178317788.1,1712966399999,141113877.12051,354074,87222273.7,69087293.87982,0
2024-04-13,0.7654,0.7725,0.5885,0.653,292760089.2,1713052799999,200129049.30082,542857,140472735.8,95915427.98214,0
2024-04-14,0.653,0.7185,0.6308,0.7105,173332152.6,1713139199999,117253807.01179,321003,86876501.4,58753727.10371,0
2024-04-15,0.7106,0.7519,0.6834,0.7078,115096828.0,1713225599999,82664886.30816,219844,56116930.8,40315731.3079,0
2024-04-16,0.7078,0.7305,0.6726,0.703,86660006.1,1713311999999,60503517.48451,171038,42726530.8,29842767.48365,0
2024-04-17,0.703,0.7102,0.6553,0.6677,83481634.1,1713398399999,56761633.98292,164662,42304754.5,28743172.60536,0
2024-04-18,0.6677,0.6915,0.65,0.6757,84282892.0,1713484799999,56605695.7512,141398,44146192.4,29641476.75271,0
2024-04-19,0.6756,0.6907,0.6194,0.6728,124564347.6,1713571199999,82786661.99636,189871,62134963.6,41294442.60937,0
2024-04-20,0.6727,0.7404,0.6635,0.7382,59584298.6,1713657599999,41965789.30558,113516,30391861.0,21406528.94773,0
2024-04-21,0.7383,0.7449,0.7006,0.7135,53536758.2,1713743999999,38685881.83343,93746,26942393.6,19470902.89186,0
2024-04-22,0.7136,0.75,0.7088,0.7422,59432956.7,1713830399999,43646761.22744,100477,31228955.3,22931445.44936,0
2024-04-23,0.7423,0.7486,0.7224,0.7291,44834911.1,1713916799999,32874333.15875,77245,22429472.4,16449512.87876,0
2024-04-24,0.7291,0.7675,0.6979,0.7052,85567170.8,1714003199999,62585588.55794,149556,42420328.4,31054435.73657,0
2024-04-25,0.7053,0.7277,0.6912,0.7203,67757524.2,1714089599999,48086964.2856,109675,34339513.8,24376697.95564,0
2024-04-26,0.7203,0.7319,0.6995,0.7032,63996956.9,1714175999999,45762899.9255,103034,31824756.4,22757687.98754,0
2024-04-27,0.7032,0.7362,0.6807,0.7329,66307365.9,1714262399999,46958034.03007,101703,34062262.9,24128976.9689,0
2024-04-28,0.7329,0.7496,0.7184,0.7213,47262527.0,1714348799999,34779454.36163,77728,24890416.7,18317588.94322,0
2024-04-29,0.7214,0.7334,0.6889,0.7043,67606800.8,1714435199999,47681970.29143,112456,32368211.1,22825138.47555,0
2024-04-30,0.7043,0.7132,0.6467,0.6673,74374187.8,1714521599999,49951730.79712,132950,34907067.1,23468283.96435,0
2024-05-01,0.6672,0.6977,0.6322,0.6919,98967315.4,1714607999999,65706105.16269,156651,48131787.3,31969094.14035,0
2024-05-02,0.6919,0.7265,0.673,0.7205,47230499.6,1714694399999,33373524.4649,91106,23975824.1,16945084.21096,0
2024-05-03,0.7206,0.7416,0.7145,0.7322,42583547.0,1714780799999,30987439.03029,76969,21932980.9,15963059.38418,0
2024-05-04,0.7322,0.7421,0.7238,0.7293,28944136.3,1714867199999,21172360.55555,53071,14877522.5,10883523.73259,0
2024-05-05,0.7293,0.7411,0.7188,0.7336,29376382.6,1714953599999,21449445.59322,51692,14763337.1,10779238.76712,0
2024-05-06,0.7337,0.7778,0.7093,0.7099,78724740.4,1715039999999,58419367.00469,146368,38119706.7,28262721.89449,0
2024-05-07,0.7099,0.7188,0.6893,0.6929,56149399.1,1715126399999,39651951.15349,92458,26684598.6,18847319.50952,0
2024-05-08,0.6929,0.6953,0.6723,0.681,60057075.8,1715212799999,40933440.0367,91034,30664757.0,20898207.63161,0
2024-05-09,0.681,0.6989,0.6714,0.6944,37692106.1,1715299199999,25825257.72608,58421,19188426.2,13148860.41546,0
2024-05-10,0.6944,0.7019,0.6641,0.6721,48911980.0,1715385599999,33325664.03011,78090,23926941.2,16298571.74243,0
2024-05-11,0.6721,0.6882,0.6714,0.6758,30185133.3,1715471999999,20586860.31134,51245,15510290.6,10579340.99702,0
2024-05-12,0.6759,0.6843,0.668,0.6707,17529486.1,1715558399999,11862794.48437,32655,8655829.6,5857118.89505,0
2024-05-13,0.6707,0.6803,0.6469,0.6634,56643796.2,1715644799999,37736645.98987,88916,28583761.2,19047562.32332,0
2024-05-14,0.6634,0.6673,0.648,0.6497,59505893.9,1715731199999,39103119.31034,76816,28415316.7,18674653.23118,0
2024-05-15,0.6498,0.6887,0.642,0.686,54074138.2,1715817599999,36167796.28258,90835,27749839.4,18568434.74731,0
2024-05-16,0.686,0.6993,0.6666,0.6942,54729771.5,1715903999999,37475803.81065,91824,28271315.5,19359598.40914,0
2024-05-17,0.6942,0.7209,0.6901,0.7135,42952722.5,1715990399999,30396399.98029,79388,21937603.1,15528577.66355,0
2024-05-18,0.7136,0.722,0.7074,0.7091,23730669.6,1716076799999,16945382.12764,51620,11330552.8,8091448.52645,0
2024-05-19,0.7092,0.7128,0.6795,0.683,32272444.0,1716163199999,22449935.99717,60073,15475379.7,10769387.7957,0
2024-05-20,0.683,0.7565,0.675,0.7506,85181707.0,1716249599999,60841736.50665,153484,45999356.0,32908857.01032,0
2024-05-21,0.7507,0.7598,0.7188,0.7292,90937733.1,1716335999999,67437643.39504,163647,45766521.7,33944231.3803,0
2024-05-22,0.7292,0.7335,0.7022,0.7232,77897061.5,1716422399999,56125275.76207,123546,39722059.7,28621267.52239,0
2024-05-23,0.7231,0.7593,0.6957,0.7438,140985314.7,1716508799999,103012964.04284,257002,68180240.3,49816178.52982,0
2024-05-24,0.7437,0.7564,0.704,0.7236,54159444.4,1716595199999,39393598.67903,107000,26234069.1,19074557.86103,0
2024-05-25,0.7236,0.7335,0.7205,0.7293,26287438.5,1716681599999,19112167.80114,55445,12614585.1,9171730.5,0
2024-05-26,0.7293,0.7331,0.7116,0.716,32302379.5,1716767999999,23315557.14012,61176,15944800.4,11505696.23208,0
2024-05-27,0.716,0.751,0.7136,0.7444,56978548.6,1716854399999,41897702.48048,111829,27161097.2,19995397.28484,0
2024-05-28,0.7444,0.7502,0.7223,0.7322,65640202.4,1716940799999,48213986.83507,120068,31315842.6,22995617.45726,0
2024-05-29,0.7322,0.7464,0.7139,0.715,83736056.5,1717027199999,61030622.66941,142932,41316741.7,30114689.12665,0
2024-05-30,0.7149,0.7229,0.6879,0.6965,67011809.4,1717113599999,47164161.35763,125301,32537540.1,22907413.49766,0
2024-05-31,0.6965,0.7089,0.6834,0.6943,54263411.9,1717199999999,37768502.21728,98992,23875173.4,16617353.23475,0
2024-06-01,0.6942,0.7033,0.6815,0.699,24142230.6,1717286399999,16834676.65372,46881,11039980.2,7703685.49924,0
2024-06-02,0.699,0.7056,0.6861,0.6896,30567441.7,1717372799999,21277023.2531,61146,15118428.3,10519047.84307,0
2024-06-03,0.6897,0.7129,0.6826,0.7046,50499096.2,1717459199999,35573941.52776,96221,24321994.0,17133346.87778,0
2024-06-04,0.7046,0.7194,0.697,0.715,37976015.5,1717545599999,26909309.21227,69427,18152214.9,12858963.77043,0
2024-06-05,0.715,0.7265,0.7078,0.7249,33023200.7,1717631999999,23686533.32733,64218,17117765.4,12277822.88542,0
2024-06-06,0.7249,0.7419,0.714,0.7257,51706322.3,1717718399999,37634583.81691,100654,25799828.4,18784554.94878,0
2024-06-07,0.7257,0.7285,0.6158,0.667,109395187.6,1717804799999,74334829.64867,215900,53543006.1,36399267.07082,0
2024-06-08,0.6669,0.6694,0.6403,0.6497,38254278.7,1717891199999,25041296.53913,80947,18873180.5,12355788.15941,0
2024-06-09,0.6497,0.6568,0.6443,0.6552,20278891.3,1717977599999,13210275.18976,42663,10317152.1,6719903.664,0
2024-06-10,0.6552,0.668,0.6354,0.6498,42952316.4,1718063999999,27916719.26959,77428,20844419.3,13542687.37395,0
2024-06-11,0.6498,0.652,0.609,0.6176,81637800.3,1718150399999,51531431.39602,131734,39026233.0,24631624.4705,0
2024-06-12,0.6175,0.651,0.6055,0.6447,69764320.5,1718236799999,44253981.25206,118532,32728384.0,20762818.80207,0
2024-06-13,0.6446,0.646,0.5999,0.6048,64035567.2,1718323199999,39517288.12139,107916,26402111.9,16322536.66659,0
2024-06-14,0.6048,0.613,0.5701,0.5917,75869717.2,1718409599999,44849746.58896,124761,36075523.7,21354603.21745,0
2024-06-15,0.5917,0.6184,0.5912,0.6172,28210100.8,1718495999999,17045513.59577,49715,14542918.9,8787801.67359,0
2024-06-16,0.6171,0.6283,0.6041,0.6195,38871470.4,1718582399999,23975604.94694,65853,18338550.3,11308222.13014,0
2024-06-17,0.6195,0.6208,0.5743,0.5843,67821293.2,1718668799999,40512140.31722,98924,31271901.1,18659487.98544,0
2024-06-18,0.5842,0.5869,0.5148,0.5574,145860893.5,1718755199999,79731281.91941,219436,71323364.5,38977373.07199,0
2024-06-19,0.5573,0.5817,0.5541,0.5769,43824471.6,1718841599999,25084150.71117,72875,20200070.6,11557359.92204,0
2024-06-20,0.5769,0.5971,0.5677,0.5736,46327874.8,1718927999999,26966004.73003,69162,21954613.4,12778114.20257,0
2024-06-21,0.5736,0.5828,0.5661,0.5687,42717078.3,1719014399999,24549152.63943,72611,20957118.1,12044261.47203,0
2024-06-22,0.5688,0.5739,0.5627,0.571,20766778.5,1719100799999,11803255.81903,37034,10345505.4,5880097.92445,0
2024-06-23,0.571,0.5849,0.556,0.5615,30500282.8,1719187199999,17451545.57829,50194,14431748.7,8254825.85245,0
2024-06-24,0.5614,0.5669,0.5329,0.5614,80116497.1,1719273599999,44202654.6358,111407,40115527.4,22139902.57477,0
2024-06-25,0.5614,0.58,0.558,0.5674,37670511.7,1719359999999,21476831.94738,68845,19096480.1,10886743.37847,0
2024-06-26,0.5674,0.5717,0.5458,0.5517,38278694.6,1719446399999,21323037.77166,60127,19147973.9,10669759.31889,0
2024-06-27,0.5518,0.5713,0.5435,0.567,35587297.0,1719532799999,19888648.78597,58184,17955162.8,10036628.32355,0
2024-06-28,0.567,0.5718,0.5525,0.5531,37132393.7,1719619199999,20955624.27027,66469,18860398.4,10646027.44531,0
2024-06-29,0.5531,0.5634,0.547,0.548,18181588.3,1719705599999,10095367.34112,35075,8307351.5,4613149.94252,0
2024-06-30,0.548,0.5655,0.5444,0.561,28382563.4,1719791999999,15698921.07289,50369,14373815.5,7942279.88584,0
2024-07-01,0.5611,0.5696,0.5535,0.5578,31731138.0,1719878399999,17864087.31531,63535,15680371.7,8825382.59781,0
2024-07-02,0.5579,0.5744,0.5556,0.5715,29733593.6,1719964799999,16824388.09694,59299,14028811.5,7939450.80769,0
2024-07-03,0.5716,0.574,0.5262,0.5311,56467365.7,1720051199999,30837573.78855,92169,27190643.3,14833658.03628,0
2024-07-04,0.5311,0.5356,0.4926,0.4943,89917768.9,1720137599999,45797667.71296,139422,41352340.8,21071880.71391,0
2024-07-05,0.4944,0.4949,0.4281,0.4678,201677512.0,1720223999999,91569245.57292,270868,96077163.9,43595433.74937,0
2024-07-06,0.4678,0.5086,0.4652,0.5063,41811705.3,1720310399999,20300255.78981,72593,19590159.6,9498737.28744,0
2024-07-07,0.5062,0.5062,0.475,0.4778,40925236.5,1720396799999,20135866.1776,75550,19192883.0,9435386.7659,0
2024-07-08,0.4779,0.5148,0.46,0.5018,90601152.6,1720483199999,44430493.63483,136185,44344911.1,21733423.55687,0
2024-07-09,0.5019,0.5087,0.4934,0.5009,51767620.9,1720569599999,25882561.33223,72235,25939438.6,12967998.91479,0
2024-07-10,0.501,0.5158,0.4928,0.5128,41509428.4,1720655999999,21056895.64167,60910,20974553.2,10640844.61889,0
2024-07-11,0.5129,0.5248,0.4964,0.498,48765340.7,1720742399999,24919610.99123,96635,24275617.1,12407960.88663,0
2024-07-12,0.498,0.5099,0.4914,0.5071,34589918.3,1720828799999,17297604.69598,66590,17320484.8,8662786.52108,0
2024-07-13,0.5072,0.5362,0.5051,0.5311,37055004.0,1720915199999,19330938.78264,74530,20008041.4,10437113.42357,0
2024-07-14,0.5311,0.535,0.5176,0.5308,32844757.4,1721001599999,17310531.55879,72065,18411492.0,9698671.79186,0
2024-07-15,0.5308,0.5496,0.5289,0.5486,59246565.5,1721087999999,31817717.63801,107890,32317480.8,17355498.41637,0
2024-07-16,0.5487,0.5524,0.5193,0.543,76133902.6,1721174399999,41053535.3116,140022,37803559.5,20377770.00061,0
2024-07-17,0.543,0.561,0.5393,0.5395,52939714.0,1721260799999,29161754.80144,122134,27494233.5,15145542.3541,0
2024-07-18,0.5394,0.5519,0.5101,0.5167,89699585.3,1721347199999,47712840.34048,159654,49247933.8,26202158.90978,0
2024-07-19,0.5167,0.5345,0.506,0.5332,60603333.3,1721433599999,31473571.32835,103236,31246041.7,16225829.06732,0
2024-07-20,0.5331,0.5426,0.5273,0.5413,35095414.8,1721519999999,18802712.29191,62730,17376103.5,9309685.1878,0
2024-07-21,0.5413,0.5494,0.5215,0.5483,44021516.4,1721606399999,23653866.68364,84066,21867690.8,11755463.58824,0
2024-07-22,0.5484,0.5524,0.5269,0.5305,42702028.8,1721692799999,23020976.78377,81122,20849072.4,11245112.89179,0
2024-07-23,0.5305,0.5581,0.5191,0.5327,89175149.8,1721779199999,47964371.86578,165262,45788822.6,24612155.56571,0
2024-07-24,0.5326,0.5404,0.5135,0.517,39847244.8,1721865599999,21135406.14221,91561,20367996.1,10807812.53596,0
2024-07-25,0.517,0.5201,0.4813,0.4973,56721547.3,1721951999999,28362019.79065,114681,28806975.1,14396511.86384,0
2024-07-26,0.4972,0.5152,0.4965,0.5147,28873339.6,1722038399999,14693806.62046,57866,14235001.8,7247258.3294,0
2024-07-27,0.5147,0.5238,0.508,0.5171,30135692.6,1722124799999,15560394.49591,64519,14482599.1,7478512.97026,0
2024-07-28,0.517,0.5205,0.5046,0.5086,18350968.7,1722211199999,9386320.32737,45989,9411232.3,4811504.58443,0
2024-07-29,0.5087,0.5247,0.5086,0.5102,43097594.3,1722297599999,22273249.44593,80487,21137642.4,10925747.16519,0
2024-07-30,0.5102,0.53,0.4995,0.5053,39735502.1,1722383999999,20421077.22465,81737,19647790.2,10092223.82063,0
2024-07-31,0.5054,0.5207,0.4911,0.4957,55870755.9,1722470399999,28338555.37537,101448,30503054.7,15461974.85205,0
2024-08-01,0.4957,0.505,0.466,0.4918,76932821.5,1722556799999,37300669.22955,165779,39603732.5,19183621.38054,0
2024-08-02,0.4917,0.4948,0.4565,0.468,66441571.9,1722643199999,31547585.72982,168929,33485064.2,15909175.79538,0
2024-08-03,0.468,0.4738,0.442,0.4547,52370172.5,1722729599999,24030917.30155,111764,24168527.5,11088080.54705,0
2024-08-04,0.4546,0.4584,0.4092,0.4216,64211161.4,1722815999999,27621280.27924,117101,30561321.2,13144477.03468,0
2024-08-05,0.4215,0.4249,0.3342,0.3844,430337750.9,1722902399999,159307591.17992,570925,206932298.9,76624010.56372,0
2024-08-06,0.3844,0.4176,0.3838,0.4079,76895915.2,1722988799999,31278471.51229,173884,35410421.7,14405043.15455,0
2024-08-07,0.4078,0.4171,0.3874,0.392,64014814.9,1723075199999,25725210.22004,123095,31110005.5,12511515.43335,0
2024-08-08,0.392,0.433,0.3864,0.4317,68656639.3,1723161599999,28224304.42886,170796,36406838.9,14963190.10917,0
2024-08-09,0.4317,0.432,0.4138,0.4218,41725085.7,1723247999999,17622075.93829,121572,20792026.5,8780654.19299,0
2024-08-10,0.4218,0.4315,0.4185,0.4263,21806972.3,1723334399999,9273557.64923,70514,10141716.9,4312401.53809,0
2024-08-11,0.4262,0.4378,0.4024,0.403,35693603.0,1723420799999,14998581.30827,96125,18520213.3,7775814.18862,0
2024-08-12,0.403,0.4329,0.4017,0.4263,53811992.1,1723507199999,22597627.23539,110701,26097769.0,10962832.13389,0
2024-08-13,0.4263,0.427,0.4111,0.4221,41533861.4,1723593599999,17424087.41568,85667,20790558.2,8712542.69203,0
2024-08-14,0.422,0.4254,0.4071,0.4238,46223299.4,1723679999999,19324743.77484,108665,23319746.2,9748074.2248,0
2024-08-15,0.4238,0.432,0.3964,0.4012,72765037.2,1723766399999,30074860.23606,153046,34982059.8,14442483.39033,0
2024-08-16,0.4011,0.4078,0.3921,0.404,45240186.1,1723852799999,18142167.83789,126252,22672884.2,9088411.14516,0
2024-08-17,0.4041,0.4105,0.4013,0.4105,17561915.8,1723939199999,7131809.45842,46759,8800187.3,3572895.7086,0
2024-08-18,0.4104,0.4191,0.4071,0.4116,26608569.2,1724025599999,11003882.70871,66455,12326591.8,5098239.31177,0
2024-08-19,0.4117,0.4305,0.4093,0.4301,59537048.9,1724111999999,25066843.69742,135588,28471349.8,11990983.11724,0
2024-08-20,0.43,0.4669,0.4287,0.4615,69615970.5,1724198399999,31129854.41146,179409,34079241.4,15236266.90448,0
2024-08-21,0.4614,0.53,0.4562,0.5251,157388732.1,1724284799999,77813883.75199,473533,80012268.8,39572911.93346,0
2024-08-22,0.525,0.5399,0.5154,0.532,132608795.8,1724371199999,70002479.93717,458301,65079674.6,34368928.01189,0
2024-08-23,0.5319,0.5446,0.5186,0.5377,103466383.7,1724457599999,55007116.65704,402247,48394016.4,25727254.61669,0
2024-08-24,0.5377,0.5819,0.5308,0.5711,117390094.6,1724543999999,65080349.78421,423895,56623919.5,31366556.19422,0
2024-08-25,0.5711,0.575,0.5225,0.5244,109526500.6,1724630399999,59289009.80777,310868,55320616.3,29938728.80554,0
2024-08-26,0.5245,0.5279,0.5016,0.5022,79206147.0,1724716799999,40887672.69021,248211,36974333.2,19085810.42133,0
2024-08-27,0.5022,0.5145,0.4588,0.4662,92323260.8,1724803199999,45438591.86288,366483,45203907.3,22272107.51844,0
2024-08-28,0.4662,0.4667,0.4253,0.4367,174478350.8,1724889599999,78004222.40823,551617,97549200.7,43627417.83411,0
2024-08-29,0.4367,0.4463,0.4144,0.4252,98713822.8,1724975999999,42848007.70459,314239,50548647.3,21944918.13251,0
2024-08-30,0.4251,0.4303,0.399,0.421,89587645.1,1725062399999,37338440.3011,340344,44465712.0,18534334.3349,0
2024-08-31,0.421,0.427,0.4173,0.4196,41888444.8,1725148799999,17656957.6918,131775,18904624.9,7967760.12914,0
2024-09-01,0.4196,0.4203,0.3967,0.4023,58016271.7,1725235199999,23706848.19944,223865,27196643.5,11116098.95445,0
2024-09-02,0.4022,0.415,0.3956,0.4108,82485496.7,1725321599999,33328390.56602,354018,43955503.5,17757659.66665,0
2024-09-03,0.4108,0.415,0.3965,0.3978,80614184.7,1725407999999,32798798.53302,175393,41966010.1,17080527.14017,0
2024-09-04,0.3978,0.4003,0.35,0.3814,137684321.2,1725494399999,52394717.45559,210135,69781085.2,26593285.70443,0
2024-09-05,0.3814,0.3879,0.362,0.3685,51347366.6,1725580799999,19163609.08514,113196,23064583.3,8613262.52967,0
2024-09-06,0.3686,0.3794,0.3505,0.3659,45664659.2,1725667199999,16800379.15316,83084,21083981.9,7762010.39442,0
2024-09-07,0.366,0.3764,0.3643,0.3695,18675410.6,1725753599999,6949923.50706,38929,8834838.9,3288372.99196,0
2024-09-08,0.3695,0.3799,0.3673,0.3757,28256827.2,1725839999999,10530148.06459,64547,14473533.5,5393009.85847,0
2024-09-09,0.3758,0.3857,0.3714,0.3822,53199619.6,1725926399999,20136184.47499,118827,27135818.8,10276262.17153,0
2024-09-10,0.3821,0.3826,0.3774,0.3794,4452579.6,1725937199999,1690323.85073,6495,2110869.2,801216.25099,0
2024-10-01,0.3962,0.4057,0.366,0.3759,76986610.9,1727827199999,29640043.85276,104727,36802032.0,14164301.89644,0
2024-10-02,0.3759,0.3873,0.3677,0.3734,57690463.9,1727913599999,21778156.87451,73937,28854333.1,10895325.0724,0
2024-10-03,0.3733,0.3791,0.365,0.3757,56375329.7,1727999999999,20981868.40119,73335,27323916.0,10163094.60716,0
2024-10-04,0.3758,0.3863,0.3749,0.3838,33844267.4,1728086399999,12884601.79029,45467,17149081.9,6529477.42899,0
2024-10-05,0.3839,0.3859,0.3759,0.3794,18287606.3,1728172799999,6977134.09565,28071,8959756.4,3418432.13174,0
2024-10-06,0.3794,0.3853,0.3772,0.3829,16842849.5,1728259199999,6426648.0327,24610,8780916.4,3350933.28239,0
2024-10-07,0.3828,0.39,0.3729,0.3742,42234723.6,1728345599999,16170736.97556,52283,22010921.7,8430861.56744,0
2024-10-08,0.3743,0.3798,0.3704,0.3765,32375604.7,1728431999999,12150295.05457,40344,16314227.6,6121646.43838,0
2024-10-09,0.3766,0.381,0.3611,0.3669,33397789.7,1728518399999,12413957.29526,44607,16682795.2,6203139.70078,0
2024-10-10,0.367,0.3701,0.3603,0.3686,23716393.9,1728604799999,8684939.68583,35031,11206093.5,4105629.93216,0
2024-10-11,0.3687,0.375,0.367,0.3735,25722729.9,1728691199999,9575093.15172,33820,13633745.8,5076586.51411,0
2024-10-12,0.3736,0.376,0.3707,0.3717,25370461.0,1728777599999,9469613.33124,37498,14452261.7,5394560.46277,0
2024-10-13,0.3718,0.3723,0.3609,0.3663,28000863.2,1728863999999,10254021.8911,42077,16377841.3,5995766.41915,0
2024-10-14,0.3664,0.3778,0.3632,0.3762,54927826.2,1728950399999,20473627.41892,59994,32014552.7,11932024.33257,0
2024-10-15,0.3762,0.3787,0.3612,0.3708,67512976.4,1729036799999,25084154.33057,76696,29583889.0,10990102.83641,0
2024-10-16,0.3707,0.3743,0.3668,0.3715,34210218.5,1729123199999,12678560.8205,47288,17282310.6,6404852.38232,0
2024-10-17,0.3715,0.3738,0.3612,0.3658,29143794.7,1729209599999,10689994.09464,37809,13698455.2,5023767.76715,0
2024-10-18,0.3658,0.3705,0.3643,0.3699,26560492.9,1729295999999,9767492.76878,43684,13077289.2,4808936.26327,0
2024-10-19,0.3698,0.377,0.3696,0.3718,24739765.7,1729382399999,9233697.7783,50284,12099814.2,4515398.57115,0
2024-10-20,0.3718,0.3859,0.3677,0.3853,51396687.8,1729468799999,19402740.16194,82704,26667338.5,10064780.94824,0
2024-10-21,0.3853,0.3882,0.3685,0.371,38582550.4,1729555199999,14561851.3,72175,19603561.7,7393982.9758,0
2024-10-22,0.3709,0.3745,0.3635,0.3668,41406032.2,1729641599999,15225647.29472,68472,19188443.8,7059253.3549,0
2024-10-23,0.3668,0.3671,0.3461,0.3552,51100498.6,1729727999999,18232096.13269,89438,24540733.4,8752516.32001,0
2024-10-24,0.3552,0.3596,0.3519,0.3562,31543548.7,1729814399999,11224754.07527,58277,14559755.1,5183028.5165,0
2024-10-25,0.3562,0.3567,0.3059,0.322,92061770.4,1729900799999,30832181.52759,126277,49366637.9,16531742.51077,0
2024-10-26,0.3221,0.3302,0.3186,0.329,55358418.7,1729987199999,18015113.80326,64703,26054762.9,8483435.06435,0
2024-10-27,0.3289,0.332,0.3255,0.3307,22614330.9,1730073599999,7442443.44693,38849,10872394.4,3578215.15641,0
2024-10-28,0.3308,0.3312,0.3126,0.3257,56429548.4,1730159999999,18248242.59809,78089,29948629.7,9682212.13702,0
2024-10-29,0.3256,0.3388,0.3239,0.335,83661644.5,1730246399999,27821761.74711,80203,42832360.4,14245568.67557,0
2024-10-30,0.335,0.3379,0.328,0.3323,46246505.5,1730332799999,15407020.7275,47146,24453559.7,8146600.73325,0
2024-10-31,0.3322,0.3338,0.3151,0.3206,41058705.8,1730419199999,13284578.94877,47800,21772108.9,7045570.13602,0
2024-11-01,0.3206,0.3253,0.3123,0.3181,37555807.3,1730505599999,11964331.438,43416,17394327.7,5541643.58065,0
2024-11-02,0.3181,0.3207,0.3104,0.313,21812150.0,1730591999999,6874684.65598,27559,10722632.4,3379475.07008,0
2024-11-03,0.313,0.3142,0.2937,0.3006,43863367.9,1730678399999,13264359.70169,55805,19922076.8,6025762.01286,0
2024-11-04,0.3007,0.3045,0.2855,0.2918,66355995.2,1730764799999,19671876.44446,80166,32184641.1,9540978.73785,0
2024-11-05,0.2918,0.3084,0.2918,0.3034,38666001.4,1730851199999,11625383.57708,53038,18305083.9,5503786.26829,0
2024-11-06,0.3033,0.3368,0.3033,0.3338,98645599.3,1730937599999,31842328.4645,124299,48603419.4,15686477.91879,0
2024-11-07,0.3339,0.3509,0.3313,0.3459,72243613.2,1731023999999,24745136.17938,93623,35959305.7,12316807.92468,0
2024-11-08,0.3458,0.4067,0.338,0.3927,185505445.6,1731110399999,70512499.08304,220426,94439920.3,35902741.59912,0
2024-11-09,0.3928,0.3969,0.3722,0.3855,84516037.0,1731196799999,32401547.2317,102665,42118559.2,16139486.20163,0
2024-11-10,0.3855,0.4257,0.3811,0.4069,207968833.1,1731283199999,84239540.52731,287656,103221254.2,41802365.22616,0
2024-11-11,0.4069,0.4295,0.397,0.4284,146025709.0,1731369599999,60122948.99814,190646,72760929.0,29950174.36587,0
2024-11-12,0.4284,0.4472,0.3808,0.4002,229250489.7,1731455999999,93736982.56416,326021,107645619.9,44039043.11115,0
2024-11-13,0.4003,0.4038,0.3597,0.3761,247035686.0,1731542399999,94049364.78191,310839,114839696.0,43718339.50854,0
2024-11-14,0.3762,0.3939,0.3533,0.3583,165407013.6,1731628799999,60951274.1388,212311,77643970.3,28620914.78601,0
2024-11-15,0.3583,0.3754,0.3492,0.3717,139406642.8,1731715199999,50462291.60545,172618,64910042.7,23496767.55843,0
2024-11-16,0.3716,0.4394,0.3686,0.4247,237971914.6,1731801599999,96798754.95072,311699,121227265.7,49291212.47985,0
2024-11-17,0.4248,0.4425,0.391,0.4004,161506723.8,1731887999999,67561011.24319,222990,82124542.1,34402804.13428,0
2024-11-18,0.4004,0.4731,0.3955,0.4572,180801094.8,1731974399999,78637064.13305,268240,89429334.8,38951245.57171,0
2024-11-19,0.4573,0.459,0.4243,0.4328,103811535.6,1732060799999,45473261.47103,172001,52466805.2,22968706.03729,0
2024-11-20,0.4328,0.4646,0.4208,0.4314,161121500.2,1732147199999,71187187.27337,245879,81382748.5,35934249.55747,0
2024-11-21,0.4315,0.46,0.4173,0.4532,132923037.3,1732233599999,58726713.56343,207627,68229617.4,30148961.38194,0
2024-11-22,0.4533,0.4949,0.4454,0.4949,173762390.7,1732319999999,81063069.75793,302574,88552708.7,41324616.6534,0
2024-11-23,0.4949,0.6127,0.489,0.5708,329070223.2,1732406399999,182383014.28424,592657,162179465.0,89842775.51675,0
2024-11-24,0.5709,0.6047,0.5212,0.5754,191217655.6,1732492799999,107290450.44562,359217,98020885.9,55034826.92164,0
2024-11-25,0.5754,0.622,0.535,0.5473,193582228.7,1732579199999,110955795.46295,371611,96109044.9,55160666.21858,0
2024-11-26,0.5471,0.5635,0.4902,0.5283,172848781.5,1732665599999,91181839.41116,281044,84448741.5,44591875.7197,0
2024-11-27,0.5282,0.5842,0.5148,0.5806,112628081.2,1732751999999,62317378.51997,197102,56953396.4,31519139.70951,0
2024-11-28,0.5806,0.5809,0.547,0.5634,75782626.6,1732838399999,42460816.72673,152703,36850862.0,20652041.44229,0
2024-11-29,0.5634,0.5874,0.5569,0.5833,66788959.3,1732924799999,38052982.70573,138421,33046531.2,18833196.39513,0
2024-11-30,0.5834,0.6192,0.5726,0.597,94651805.2,1733011199999,56160709.91278,195146,49315630.3,29264719.65343,0
2024-12-01,0.5971,0.6133,0.578,0.603,94204760.3,1733097599999,55925636.25547,217862,48745994.9,28939661.06343,0
2024-12-02,0.6028,0.6572,0.5709,0.6567,239778178.0,1733183999999,147457802.35575,558446,121966160.8,75058719.81859,0
2024-12-03,0.6568,0.7685,0.6018,0.7007,355942445.9,1733270399999,250237477.63351,846864,180452640.2,126880652.19104,0
2024-12-04,0.7007,0.75,0.6968,0.7088,194565453.1,1733356799999,140119060.3036,453799,98886395.1,71206966.79099,0
2024-12-05,0.7086,0.7229,0.6623,0.6804,153221447.5,1733443199999,106979353.22537,351980,75127050.7,52469530.95064,0
2024-12-06,0.6803,0.7252,0.6595,0.7132,112669426.9,1733529599999,78279056.42902,258200,56302253.5,39102004.58845,0
2024-12-07,0.7133,0.7174,0.6939,0.6999,51237541.9,1733615999999,36057551.68234,138586,25448243.8,17907562.36166,0
2024-12-08,0.6999,0.7078,0.677,0.7029,49637670.8,1733702399999,34566021.21255,120916,24532626.5,17082688.75652,0
2024-12-09,0.7029,0.7029,0.5184,0.582,173589708.7,1733788799999,107214132.57544,416239,83663821.5,51747645.11976,0
2024-12-10,0.5819,0.6035,0.5275,0.5802,161410220.1,1733875199999,91467001.10091,299674,77965053.1,44171357.82546,0
2024-12-11,0.5803,0.6366,0.5545,0.63,86727661.7,1733961599999,52008077.43746,174110,41187490.5,24692480.23169,0
2024-12-12,0.6301,0.67,0.6165,0.6241,80912144.6,1734047999999,52041903.30107,171875,40604938.6,26122145.14415,0
2024-12-13,0.6241,0.6316,0.6082,0.6218,56613201.2,1734134399999,35084995.0249,116814,28862156.9,17890165.30927,0
2024-12-14,0.6218,0.6288,0.5847,0.6012,38587319.3,1734220799999,23370653.25916,87699,18905992.7,11458726.00318,0
2024-12-15,0.6013,0.6198,0.5835,0.6168,39554227.5,1734307199999,23800692.26903,88541,20252625.2,12190753.45395,0
2024-12-16,0.6169,0.6284,0.5855,0.5929,53983211.6,1734393599999,32592091.68625,113894,26712371.8,16125768.47624,0
2024-12-17,0.5929,0.6003,0.5587,0.5665,61045097.9,1734479999999,35658252.8824,115321,29558885.7,17270737.27685,0
2024-12-18,0.5668,0.5689,0.505,0.5161,85986528.3,1734566399999,46552407.44508,164504,42875455.5,23199318.16053,0
2024-12-19,0.5161,0.5277,0.4585,0.4752,132132378.7,1734652799999,65177274.38001,222416,64204504.3,31651043.0737,0
2024-12-20,0.4752,0.5043,0.412,0.4993,140494825.4,1734739199999,63861713.75274,213429,69180192.5,31431443.13012,0
2024-12-21,0.4993,0.5231,0.4639,0.4734,56687431.0,1734825599999,27787111.76257,104722,27428366.2,13449056.93311,0
2024-12-22,0.4735,0.4909,0.461,0.4736,47729993.9,1734911999999,22786639.19673,82465,23074498.1,11008687.03484,0
2024-12-23,0.4737,0.5067,0.4615,0.5014,56884898.5,1734998399999,27328768.2895,101347,27474296.7,13200690.94937,0
2024-12-24,0.5014,0.5339,0.4898,0.5285,50326463.1,1735084799999,25910074.33865,87646,25030744.0,12884349.40811,0
2024-12-25,0.5284,0.5286,0.5038,0.5152,25570761.3,1735171199999,13239837.25185,55025,12394575.7,6418903.39735,0
2024-12-26,0.5152,0.5205,0.4716,0.4765,31764593.1,1735257599999,15493545.41284,63911,15435546.6,7539969.33998,0
2024-12-27,0.4765,0.5009,0.4718,0.4801,36969684.8,1735343999999,17927228.89263,72426,17779741.7,8622673.77963,0
2024-12-28,0.4802,0.4938,0.4735,0.489,24434223.1,1735430399999,11755996.09202,62288,10701184.9,5151175.04657,0
2024-12-29,0.489,0.4901,0.4615,0.4661,17171670.2,1735516799999,8206351.04879,42134,8544320.3,4082968.03638,0
2024-12-30,0.466,0.4791,0.4502,0.4615,37804212.1,1735603199999,17601321.50501,78059,17452166.0,8125258.8097,0
2024-12-31,0.4615,0.4763,0.4495,0.4524,36125080.0,1735689599999,16660885.07968,76119,15388680.3,7096958.23625,0
2025-01-01,0.4523,0.4788,0.4456,0.4735,28011189.5,1735775999999999,12901391.93669,59790,12634369.2,5820738.62218,0
2025-01-02,0.4735,0.4962,0.472,0.4847,30781062.1,1735862399999999,14948656.75096,68734,15200203.0,7380839.65221,0
2025-01-03,0.4847,0.5234,0.4799,0.5192,34540751.1,1735948799999999,17402771.42764,79639,17118448.5,8630928.96234,0
2025-01-04,0.5192,0.5299,0.5117,0.5234,29520496.7,1736035199999999,15398085.92434,73027,15255512.3,7959323.87607,0
2025-01-05,0.5236,0.5262,0.506,0.5167,20758168.8,1736121599999999,10698837.00108,45444,9525100.9,4909484.30263,0
2025-01-06,0.5169,0.5386,0.508,0.5248,30319182.5,1736207999999999,15877425.2031,68962,14671648.9,7683857.64733,0
2025-01-07,0.5247,0.5268,0.4667,0.4697,51371701.8,1736294399999999,25373895.03482,110815,26553499.7,13095955.66246,0
2025-01-08,0.4698,0.4759,0.4385,0.4638,46981083.8,1736380799999999,21565091.01585,95795,22308652.5,10249776.88655,0
2025-01-09,0.4638,0.4672,0.439,0.4489,32432403.1,1736467199999999,14757090.67508,71141,14003023.8,6367738.47704,0
2025-01-10,0.4489,0.4647,0.445,0.4578,25176427.9,1736553599999999,11467362.98674,59849,11983086.4,5453719.11269,0
2025-01-11,0.4577,0.4646,0.4507,0.4596,13704557.4,1736639999999999,6258587.79977,33743,6637670.5,3032638.91758,0
2025-01-12,0.4597,0.4635,0.445,0.4504,12049324.9,1736726399999999,5486288.10429,28736,5768011.9,2627021.06189,0
2025-01-13,0.4505,0.4601,0.4093,0.439,48889438.7,1736812799999999,20950872.54299,99316,21893207.5,9389925.51007,0
2025-01-14,0.4392,0.4584,0.4368,0.4556,19301167.5,1736899199999999,8665092.32328,45818,9220412.6,4139372.56019,0
2025-01-15,0.4556,0.4888,0.447,0.4874,37790749.6,1736985599999999,17712244.41748,82027,17008964.6,7979019.35455,0
2025-01-16,0.4874,0.4891,0.4673,0.4736,38812129.7,1737071999999999,18589770.55015,80594,17873870.5,8563026.91004,0
2025-01-17,0.4737,0.517,0.4737,0.5076,44121683.3,1737158399999999,22166958.8072,91828,22198331.2,11155325.73627,0
2025-01-18,0.5077,0.5135,0.4692,0.4832,56678113.4,1737244799999999,27432410.28378,107074,27863686.2,13475564.44746,0
2025-01-19,0.4832,0.4947,0.4343,0.4454,96387717.2,1737331199999999,44769803.7917,224234,45784340.8,21248787.90945,0
2025-01-20,0.4454,0.4895,0.429,0.4421,108578282.8,1737417599999999,49372981.93038,261035,53780810.6,24451289.36688,0
2025-01-21,0.4419,0.4647,0.4281,0.4528,46865901.1,1737503999999999,20951271.35301,108862,23901169.4,10676552.54742,0
2025-01-22,0.4526,0.4558,0.4393,0.4421,22418973.8,1737590399999999,10048875.10713,54449,10998754.2,4932201.73263,0
2025-01-23,0.4423,0.448,0.4291,0.4418,41499871.5,1737676799999999,18145786.75917,87656,20490833.5,8958944.70611,0
2025-01-24,0.4418,0.4498,0.4273,0.433,35251900.5,1737763199999999,15473324.7283,67340,17917663.1,7861558.56025,0
2025-01-25,0.4331,0.4389,0.4285,0.4345,17352337.3,1737849599999999,7522343.35201,38305,8308920.1,3602389.20599,0
2025-01-26,0.4344,0.4478,0.4326,0.4346,25324385.3,1737935999999999,11132764.3766,51070,13517250.0,5946288.33187,0
2025-01-27,0.4344,0.4397,0.3896,0.4152,66978085.9,1738022399999999,27412653.32987,118131,30876854.4,12639700.62495,0
2025-01-28,0.4152,0.4191,0.3858,0.3905,31053940.9,1738108799999999,12570888.84229,51094,13933842.8,5647761.51827,0
2025-01-29,0.3904,0.4065,0.3811,0.3947,34905992.3,1738195199999999,13850708.01066,59517,16667656.8,6617850.41591,0
2025-01-30,0.3946,0.4207,0.3919,0.4112,28874735.1,1738281599999999,11862385.4579,48038,14729607.9,6051388.08871,0
2025-01-31,0.4114,0.4238,0.402,0.4075,32161215.7,1738367999999999,13281137.10071,52867,15747950.1,6506871.98814,0
2025-02-01,0.4076,0.414,0.3719,0.3746,29448391.4,1738454399999999,11562976.84908,58087,13903736.9,5470900.91153,0
2025-02-02,0.3746,0.3862,0.3175,0.3336,93788584.3,1738540799999999,32699449.73428,151329,44892625.7,15661382.25089,0
2025-02-03,0.3336,0.3457,0.2434,0.3413,224047256.5,1738627199999999,67613256.87265,325264,106797634.1,32208390.4777,0
2025-02-04,0.3413,0.3433,0.3024,0.313,71128803.4,1738713599999999,22526426.06318,110402,33860881.5,10725599.952,0
2025-02-05,0.3128,0.3247,0.3071,0.3112,39503340.4,1738799999999999,12498656.59832,65520,18945959.0,5993398.93873,0
2025-02-06,0.3112,0.3211,0.2945,0.2969,39697881.2,1738886399999999,12137390.47824,70452,19477318.6,5952289.88975,0
2025-02-07,0.297,0.3198,0.2895,0.2989,45356376.1,1738972799999999,13828957.8158,84368,21013819.0,6408530.05164,0
2025-02-08,0.2988,0.3101,0.2966,0.309,22539480.8,1739059199999999,6820399.28572,43940,10790573.1,3265742.76191,0
2025-02-09,0.309,0.3176,0.2922,0.3037,28976420.8,1739145599999999,8920448.21149,51392,13556714.8,4170185.84317,0
2025-02-10,0.3038,0.3135,0.2943,0.3133,28554300.8,1739231999999999,8738079.79046,50791,14027649.3,4293035.66733,0
2025-02-11,0.3133,0.3295,0.3039,0.3072,33948475.2,1739318399999999,10725415.50571,58253,16640359.4,5258508.69298,0
2025-02-12,0.3071,0.3329,0.2995,0.3291,43120464.3,1739404799999999,13411248.28923,71850,21588865.0,6713437.04329,0
2025-02-13,0.3292,0.3315,0.3111,0.3177,32740960.8,1739491199999999,10431044.41345,55203,16123733.0,5129287.0616,0
2025-02-14,0.3176,0.3299,0.3157,0.3231,28721787.0,1739577599999999,9246475.90129,49802,15013343.7,4829781.37294,0
2025-02-15,0.323,0.3276,0.3151,0.3177,15113244.1,1739663999999999,4860983.7275,29877,6929985.3,2228535.60788,0
2025-02-16,0.3177,0.332,0.3147,0.3261,21707633.7,1739750399999999,7043871.42573,41688,10593448.4,3435253.74259,0
2025-02-17,0.3259,0.3345,0.3125,0.3199,39232623.9,1739836799999999,12721391.19754,73018,20042816.7,6496328.23354,0
2025-02-18,0.3198,0.3209,0.2914,0.3026,51943625.9,1739923199999999,15747109.86087,77768,21905629.0,6647872.81081,0
2025-02-19,0.3027,0.3092,0.2973,0.3015,43009257.6,1740009599999999,13020512.27936,61907,18988735.7,5749573.74676,0
2025-02-20,0.3016,0.31,0.2988,0.3074,37122347.5,1740095999999999,11274207.14669,60738,16622792.8,5046873.19132,0
2025-02-21,0.3075,0.3165,0.2864,0.2927,74670273.9,1740182399999999,22542805.25638,109479,33289374.8,10031939.23182,0
2025-02-22,0.2927,0.2995,0.2906,0.2973,55154297.7,1740268799999999,16268597.9598,66646,24410778.2,7201589.4012,0
2025-02-23,0.2972,0.2994,0.2899,0.2961,28246461.3,1740355199999999,8329764.11743,36874,13277179.1,3917094.46049,0
2025-02-24,0.2962,0.2984,0.2627,0.2668,84025850.1,1740441599999999,23576999.83294,104072,39376160.9,11051827.00368,0
2025-02-25,0.2669,0.2756,0.249,0.2721,90467357.1,1740527999999999,23694364.08703,106734,41575742.0,10896961.34621,0
2025-02-26,0.2721,0.2828,0.2642,0.274,62810735.5,1740614399999999,17193977.81794,82532,27284044.1,7465333.05572,0
2025-02-27,0.274,0.2875,0.2697,0.277,38704673.8,1740700799999999,10787646.69937,54911,17235307.8,4799004.52581,0
2025-02-28,0.277,0.2777,0.255,0.2718,68719072.3,1740787199999999,18183655.90062,83871,32679232.3,8648007.24504,0
2025-03-01,0.2718,0.2856,0.2655,0.2825,29062140.6,1740873599999999,7956605.95749,41486,14488489.3,3967523.98785,0
2025-03-02,0.2825,0.3104,0.2748,0.3033,80305173.7,1740959999999999,23644425.06664,118367,39112928.3,11518714.13735,0
2025-03-03,0.3034,0.3039,0.2501,0.255,85401944.5,1741046399999999,23346686.09899,116724,42109858.9,11497267.5197,0
2025-03-04,0.2549,0.2568,0.2286,0.2487,111669961.6,1741132799999999,27099021.06029,135714,55178024.1,13388454.45983,0
2025-03-05,0.2487,0.258,0.245,0.2556,41753340.0,1741219199999999,10507896.8996,50696,21578817.8,5430879.07566,0
2025-03-06,0.2556,0.2606,0.2449,0.2495,35008664.4,1741305599999999,8871428.01556,43676,18199600.2,4612028.94536,0
2025-03-07,0.2495,0.2529,0.2364,0.2416,59155253.1,1741391999999999,14514927.81014,65789,29067191.5,7134868.87097,0
2025-03-08,0.2415,0.2476,0.2369,0.2461,22022363.9,1741478399999999,5315808.85685,29411,11334402.1,2735016.18351,0
2025-03-09,0.2461,0.2473,0.2188,0.2209,44758387.8,1741564799999999,10320045.35723,49962,21077622.8,4866006.9371,0
2025-03-10,0.221,0.232,0.1997,0.204,80162681.2,1741651199999999,17388450.10489,75494,37012967.8,8032740.79677,0
2025-03-11,0.2041,0.2182,0.1906,0.2147,70869397.6,1741737599999999,14681091.81353,68742,34303032.0,7105968.68406,0
2025-03-12,0.2147,0.2244,0.2088,0.2168,43708757.4,1741823999999999,9443839.81152,46472,20943715.7,4527541.41561,0
2025-03-13,0.2168,0.221,0.2061,0.2108,31236163.0,1741910399999999,6682917.54317,37172,15929613.2,3405495.483,0
2025-03-14,0.2109,0.2186,0.21,0.2148,28042178.7,1741996799999999,6030988.48951,26272,15436012.0,3320054.04988,0
2025-03-15,0.2149,0.2195,0.2137,0.2188,20504305.7,1742083199999999,4440884.43505,19293,10891925.7,2358353.78675,0
2025-03-16,0.2189,0.2196,0.2068,0.21,48521029.1,1742169599999999,10318293.80151,39758,25275716.8,5373752.85567,0
2025-03-17,0.21,0.2208,0.2094,0.2145,35935672.6,1742255999999999,7742096.8876,37979,17519764.9,3774023.10119,0
2025-03-18,0.2145,0.2148,0.2028,0.2118,35880783.7,1742342399999999,7464463.56344,32717,18792509.0,3909008.83439,0
2025-03-19,0.2118,0.2215,0.2101,0.2203,52406457.9,1742428799999999,11294961.16718,46811,27287315.0,5883859.98691,0
2025-03-20,0.2202,0.2211,0.2093,0.2118,30113593.4,1742515199999999,6463655.02432,25587,16240834.0,3483049.73668,0
2025-03-21,0.2118,0.2137,0.2039,0.2058,30084146.7,1742601599999999,6247453.22332,26895,16033204.0,3328175.87299,0
2025-03-22,0.2058,0.2132,0.2057,0.2094,19453377.5,1742687999999999,4081165.92309,26256,8417606.7,1765442.8996,0
2025-03-23,0.2094,0.2136,0.208,0.213,22835178.1,1742774399999999,4824304.53265,26855,11055339.0,2336197.23373,0
2025-03-24,0.2129,0.2227,0.2098,0.2196,45810494.4,1742860799999999,9988346.26974,42529,22770793.6,4969616.98517,0
2025-03-25,0.2195,0.2296,0.2166,0.2289,51842504.0,1742947199999999,11601890.84303,44153,27794997.5,6220566.48463,0
2025-03-26,0.2289,0.2467,0.2282,0.2326,72188133.1,1743033599999999,17076628.76222,56752,35686536.5,8440224.94005,0
2025-03-27,0.2325,0.2428,0.2296,0.231,45931440.7,1743119999999999,10806116.18731,36299,23742030.3,5579025.63377,0
2025-03-28,0.231,0.2314,0.2075,0.2125,68409623.3,1743206399999999,14762439.92508,56066,28956898.5,6253778.93521,0
2025-03-29,0.2125,0.2133,0.1974,0.2024,46181969.4,1743292799999999,9399901.73213,41028,21922927.0,4458700.75154,0
2025-03-30,0.2024,0.207,0.1998,0.2037,30445334.2,1743379199999999,6207450.3506,26760,13741546.3,2800737.04401,0
2025-03-31,0.204,0.2094,0.1996,0.2022,44603644.7,1743465599999999,9103016.06255,38247,22081703.6,4504476.25522,0
2025-04-01,0.2021,0.2078,0.1987,0.201,61254202.0,1743551999999999,12460954.98989,56164,27344099.5,5563395.10398,0
2025-04-02,0.201,0.2012,0.1823,0.1859,97215647.5,1743638399999999,18905013.72408,71934,43100859.3,8376898.25295,0
2025-04-03,0.1858,0.1906,0.178,0.1895,57260853.6,1743724799999999,10619190.36959,46167,27210732.6,5049020.8091,0
2025-04-04,0.1896,0.193,0.1861,0.1907,47193608.7,1743811199999999,8976834.56224,39123,21339131.4,4058601.34395,0
2025-04-05,0.1906,0.1912,0.186,0.1875,19090385.1,1743897599999999,3603100.19354,19439,8448285.7,1594937.90542,0
2025-04-06,0.1876,0.1884,0.1672,0.1712,56414546.2,1743983999999999,9914637.11285,53201,26715614.2,4695701.34935,0
2025-04-07,0.1713,0.1785,0.1519,0.1734,129495489.7,1744070399999999,21512676.55401,90050,62312157.3,10357398.81025,0
2025-04-08,0.1735,0.18,0.1654,0.1671,43656790.2,1744156799999999,7578576.90549,40746,20131799.9,3491498.85547,0
2025-04-09,0.1672,0.189,0.1617,0.1867,67312448.9,1744243199999999,11821426.44558,62405,34646240.3,6083156.43828,0
2025-04-10,0.1867,0.187,0.1755,0.1817,44218057.3,1744329599999999,7988227.06483,40815,22372132.9,4039770.066,0
2025-04-11,0.1817,0.1868,0.1804,0.1825,40405492.8,1744415999999999,7433456.40822,31784,20259038.5,3730128.53357,0
2025-04-12,0.1826,0.1926,0.1808,0.1902,34596953.6,1744502399999999,6500497.17549,31496,16808765.0,3154274.24361,0
2025-04-13,0.1902,0.1935,0.1807,0.1827,42877173.9,1744588799999999,8038981.90941,35761,19664312.9,3686413.9988,0
2025-04-14,0.1827,0.1875,0.18,0.1825,47244758.4,1744675199999999,8683203.45214,51447,21608102.4,3967321.62824,0
2025-04-15,0.1825,0.1867,0.1792,0.1798,27648862.4,1744761599999999,5062666.98211,24466,13701057.8,2508811.9587,0
2025-04-16,0.1797,0.1845,0.1753,0.1785,34150555.4,1744847999999999,6153492.45923,28865,16441465.2,2960644.00878,0
2025-04-17,0.1785,0.1848,0.1774,0.1821,27894131.8,1744934399999999,5052346.05962,29019,14595939.5,2644382.70275,0
2025-04-18,0.1821,0.1909,0.1817,0.1884,25119636.5,1745020799999999,4699572.90367,31331,12572713.6,2349232.68716,0
2025-04-19,0.1884,0.1929,0.1883,0.1911,23185561.4,1745107199999999,4421452.87497,28593,9810174.4,1870694.02706,0
2025-04-20,0.1911,0.1926,0.1872,0.1908,29771132.3,1745193599999999,5665250.13765,29507,14538119.9,2766388.67197,0
2025-04-21,0.1909,0.2051,0.1905,0.1991,55817733.7,1745279999999999,11028317.22046,51875,23812096.3,4701351.44398,0
2025-04-22,0.1991,0.2226,0.1959,0.2198,109908135.5,1745366399999999,23571547.56041,126501,53876717.0,11558875.08862,0
2025-04-23,0.2199,0.2277,0.2169,0.2214,65931812.8,1745452799999999,14597576.56282,68298,32595009.5,7215854.23851,0
2025-04-24,0.2213,0.27,0.2152,0.2469,189092270.4,1745539199999999,46586558.86381,253988,95375193.4,23509669.65104,0
2025-04-25,0.2469,0.252,0.2387,0.2492,81074627.2,1745625599999999,19947235.94471,93703,38224696.3,9402140.61103,0
2025-04-26,0.2492,0.2542,0.2427,0.2452,38233401.3,1745711999999999,9488827.28999,56393,18157643.0,4507805.30218,0
2025-04-27,0.2453,0.2505,0.2364,0.2403,42562188.9,1745798399999999,10361754.76562,64697,20408247.0,4965177.64018,0
2025-04-28,0.2401,0.2475,0.2298,0.2392,78572854.2,1745884799999999,18908164.21175,106785,39096970.1,9418672.41346,0
2025-04-29,0.2393,0.2439,0.2333,0.2362,33467614.2,1745971199999999,8013071.86636,44128,16426764.7,3933942.27567,0
2025-04-30,0.2361,0.2433,0.2256,0.2375,37344879.9,1746057599999999,8799927.70023,58559,18455252.6,4352733.82122,0
2025-05-01,0.2374,0.2467,0.2368,0.2396,37545555.2,1746143999999999,9087250.17785,45449,18323029.5,4435923.52542,0
2025-05-02,0.2396,0.2432,0.2346,0.2396,29266328.4,1746230399999999,7001419.4162,43030,14234640.7,3406344.93799,0
2025-05-03,0.2396,0.24,0.2274,0.2299,21763695.7,1746316799999999,5080297.33547,30684,10404861.1,2427100.74003,0
2025-05-04,0.2298,0.2331,0.2275,0.2291,17269763.4,1746403199999999,3978670.40037,27807,7867900.2,1812547.29783,0
2025-05-05,0.229,0.2351,0.2208,0.2234,30169719.8,1746489599999999,6872769.02586,42201,15202143.9,3461848.71321,0
2025-05-06,0.2234,0.2244,0.2078,0.2181,44190332.2,1746575999999999,9579062.57868,48249,22377441.8,4852505.76971,0
2025-05-07,0.2182,0.2219,0.2149,0.2187,35187740.5,1746662399999999,7694429.74265,40887,18502958.3,4046887.21425,0
2025-05-08,0.2186,0.256,0.217,0.2509,64591504.7,1746748799999999,15389232.70511,100850,32803373.7,7788813.59919,0
2025-05-09,0.2509,0.263,0.2463,0.2529,63605960.5,1746835199999999,16138098.16789,103004,31175639.9,7909950.72452,0
2025-05-10,0.2529,0.2754,0.2511,0.2743,63160845.0,1746921599999999,16453586.69864,95272,33836437.1,8814727.10873,0
2025-05-11,0.2743,0.2766,0.2527,0.2551,50817314.1,1747007999999999,13380867.05022,80962,27145371.3,7142198.71133,0
2025-05-12,0.2551,0.2703,0.2464,0.2552,97091012.7,1747094399999999,25348311.37521,120544,49583122.9,12946278.66565,0
2025-05-13,0.2551,0.2644,0.2437,0.2594,68960632.0,1747180799999999,17442588.16531,90029,35124695.4,8871950.88301,0
2025-05-14,0.2594,0.264,0.2468,0.2494,43639153.3,1747267199999999,11133885.26131,68418,21580304.3,5503451.95492,0
2025-05-15,0.2494,0.2516,0.2312,0.2354,64713456.4,1747353599999999,15458897.55022,91654,30311956.3,7243898.68051,0
2025-05-16,0.2355,0.2458,0.2338,0.2381,37154004.2,1747439999999999,8935417.97907,49543,17710213.8,4258931.06905,0
2025-05-17,0.238,0.2383,0.2266,0.2314,34186458.9,1747526399999999,7914764.04164,48233,16150394.1,3740051.24395,0
2025-05-18,0.2316,0.2448,0.2273,0.242,34697212.0,1747612799999999,8219153.16682,54403,16906479.5,4006143.92828,0
2025-05-19,0.2421,0.2436,0.2268,0.233,38292255.5,1747699199999999,8890679.71942,49548,18607876.5,4319200.05336,0
2025-05-20,0.233,0.2378,0.2257,0.2318,36834454.4,1747785599999999,8514858.27242,52949,18947946.7,4378352.74612,0
2025-05-21,0.2319,0.2448,0.2292,0.242,62401509.3,1747871999999999,14704307.30242,80287,29934462.3,7061289.07604,0
2025-05-22,0.242,0.2534,0.242,0.2511,47147006.0,1747958399999999,11737448.6427,59825,22154094.3,5517811.03999,0
2025-05-23,0.2513,0.2574,0.2334,0.235,61499875.7,1748044799999999,15117599.59824,78973,31039998.5,7632225.59115,0
2025-05-24,0.235,0.2404,0.2317,0.2331,23441059.9,1748131199999999,5538460.39477,32047,12178125.5,2876052.31121,0
2025-05-25,0.2329,0.2364,0.2267,0.2359,27100818.0,1748217599999999,6247950.09525,37138,14256684.4,3286998.24686,0
2025-05-26,0.2359,0.239,0.2281,0.231,31784735.9,1748303999999999,7459130.42031,40384,15493828.8,3635689.08691,0
2025-05-27,0.231,0.2355,0.2263,0.2298,36087376.5,1748390399999999,8366702.43797,46997,16813331.9,3898885.27958,0
2025-05-28,0.2298,0.2337,0.2227,0.229,34787044.0,1748476799999999,7945477.52438,34988,16173462.6,3693731.53778,0
2025-05-29,0.229,0.236,0.2238,0.2247,33655325.6,1748563199999999,7746479.93479,41228,15623321.2,3595924.75172,0
2025-05-30,0.2247,0.228,0.2041,0.2063,63601000.6,1748649599999999,13785427.1434,73645,30953605.0,6712320.29555,0
2025-05-31,0.2063,0.218,0.2005,0.2139,36957129.9,1748735999999999,7699487.78433,45024,18404165.6,3839790.17692,0
2025-06-01,0.214,0.2167,0.2096,0.2151,18924889.5,1748822399999999,4045950.50271,24621,9228951.0,1973715.33005,0
2025-06-02,0.2152,0.2194,0.2109,0.2187,23758509.7,1748908799999999,5108141.86281,31094,11177554.6,2403016.68345,0
2025-06-03,0.2186,0.221,0.2126,0.2152,21798309.6,1748995199999999,4737733.74807,26453,10417890.1,2263793.055,0
2025-06-04,0.2152,0.2196,0.2118,0.2131,38019236.8,1749081599999999,8239611.00063,36389,18319985.6,3968608.02397,0
2025-06-05,0.2131,0.2169,0.1951,0.1989,54526956.5,1749167999999999,11275926.38299,46307,25843513.8,5349087.01476,0
2025-06-06,0.1988,0.226,0.1979,0.2143,66105453.9,1749254399999999,14135662.2231,69909,33680193.3,7198494.78351,0
2025-06-07,0.2144,0.2192,0.2126,0.213,30792437.7,1749340799999999,6641688.39912,34567,14404646.1,3107119.13652,0
2025-06-08,0.213,0.2142,0.208,0.2102,20218964.7,1749427199999999,4263165.99836,23842,9718958.4,2050447.06927,0
2025-06-09,0.2103,0.2193,0.2076,0.2188,21289380.2,1749513599999999,4523911.65009,27090,10645319.6,2261010.36489,0
2025-06-10,0.2189,0.2271,0.2144,0.2257,38002134.3,1749599999999999,8399458.76997,53009,18404043.1,4067663.80686,0
2025-06-11,0.2258,0.2402,0.2188,0.2302,79474241.8,1749686399999999,18278381.93529,82021,40221217.0,9251677.69214,0
2025-06-12,0.2301,0.233,0.2093,0.2108,52839886.9,1749772799999999,11604661.15494,58044,26626924.8,5846620.01785,0
2025-06-13,0.2107,0.2109,0.1905,0.2045,80003771.8,1749859199999999,15988589.29053,97826,41216499.6,8230392.39016,0
2025-06-14,0.2044,0.2046,0.1957,0.1988,23102198.2,1749945599999999,4631090.62539,25796,11330719.0,2271112.91483,0
2025-06-15,0.1988,0.201,0.195,0.1987,20064274.0,1750031999999999,3983672.72229,26600,9848059.6,1954841.23021,0
2025-06-16,0.1987,0.208,0.1966,0.1997,33462469.9,1750118399999999,6813761.40841,31194,15510552.5,3157651.92998,0
2025-06-17,0.1997,0.2029,0.1928,0.1943,35942927.1,1750204799999999,7107309.72935,36121,18045497.0,3570157.72432,0
2025-06-18,0.1944,0.1975,0.182,0.1902,49940998.0,1750291199999999,9455573.15714,47529,21660501.5,4103467.16673,0
2025-06-19,0.1901,0.1924,0.1846,0.1871,43985729.9,1750377599999999,8300931.78188,38766,12438252.7,2348110.84677,0
2025-06-20,0.1871,0.1924,0.1797,0.1825,55819456.8,1750463999999999,10386722.1744,47673,19997344.5,3721620.54235,0
2025-06-21,0.1826,0.1884,0.1666,0.1727,51534724.0,1750550399999999,9122304.21386,43474,21017878.1,3710252.98185,0
2025-06-22,0.1728,0.1753,0.1636,0.1726,58384737.0,1750636799999999,9935957.41506,54452,25991905.5,4422906.97422,0
2025-06-23,0.1726,0.1831,0.1666,0.1813,81176178.7,1750723199999999,14183505.32121,73708,41422348.0,7233728.87191,0
2025-06-24,0.1813,0.1854,0.1789,0.1842,60442042.4,1750809599999999,10983091.63147,54694,26425238.8,4801819.40561,0
2025-06-25,0.1842,0.1851,0.1766,0.1775,40961340.6,1750895999999999,7425454.92931,50477,19587584.3,3550821.09141,0
2025-06-26,0.1776,0.1811,0.1708,0.1728,32249504.0,1750982399999999,5667201.55797,38036,14886972.7,2615679.43418,0
2025-06-27,0.1728,0.1767,0.1714,0.1744,25793169.3,1751068799999999,4488480.87998,28078,10791663.4,1877659.57328,0
2025-06-28,0.1744,0.1789,0.1739,0.178,21698233.5,1751155199999999,3817667.46089,23210,8697133.9,1529547.11825,0
2025-06-29,0.1781,0.1868,0.1764,0.1845,26118837.4,1751241599999999,4709572.31229,28936,10454245.7,1889535.66769,0
2025-06-30,0.1846,0.1931,0.181,0.1885,37248379.2,1751327999999999,6913633.65051,40771,16605027.8,3087834.51809,0
2025-07-01,0.1885,0.1893,0.1754,0.1769,33481245.1,1751414399999999,6091997.54101,32585,15484600.4,2818706.16477,0
2025-07-02,0.1768,0.192,0.1747,0.1881,33544697.0,1751500799999999,6169087.41647,35427,16420177.0,3017785.16356,0
2025-07-03,0.1882,0.1925,0.1853,0.1872,25935481.1,1751587199999999,4913775.09358,26970,10884040.5,2061449.02748,0
2025-07-04,0.1872,0.1883,0.1773,0.1795,33245804.3,1751673599999999,6052311.92566,31613,16973125.0,3086977.00977,0
2025-07-05,0.1795,0.1834,0.1787,0.1824,20827281.3,1751759999999999,3766475.08656,22008,10905086.5,1972189.59882,0
2025-07-06,0.1823,0.186,0.1799,0.1837,20164485.5,1751846399999999,3687476.50167,21330,8504081.8,1553258.72822,0
2025-07-07,0.1837,0.1873,0.1824,0.1848,21687623.3,1751932799999999,4006563.85596,23004,10015978.5,1850216.25953,0
2025-07-08,0.1848,0.1957,0.1828,0.1925,37093748.5,1752019199999999,7010622.60914,38759,19378999.7,3666842.52844,0
2025-07-09,0.1926,0.2085,0.1916,0.208,64731485.9,1752105599999999,13054999.881,60297,32613027.8,6581172.02242,0
2025-07-10,0.208,0.2238,0.2038,0.2203,55494619.0,1752191999999999,11733003.52248,57390,26814108.7,5673619.81143,0
2025-07-11,0.2204,0.2404,0.2173,0.2292,76751327.2,1752278399999999,17608739.35285,97179,36381341.6,8331771.50094,0
2025-07-12,0.2293,0.2364,0.2212,0.2263,47717419.0,1752364799999999,10946264.25551,67101,20953904.9,4799852.39106,0
2025-07-13,0.2262,0.2355,0.2251,0.233,30147151.8,1752451199999999,6979853.1697,40690,15061366.0,3486955.94572,0
2025-07-14,0.2331,0.245,0.2264,0.2288,60980327.3,1752537599999999,14415076.89227,79851,31544570.5,7452720.48496,0
2025-07-15,0.2288,0.2342,0.2192,0.2342,66752279.0,1752623999999999,15022848.06564,74446,33608485.3,7564294.45883,0
2025-07-16,0.2341,0.2398,0.2285,0.2325,56051197.8,1752710399999999,13079515.61211,64589,26976279.9,6295771.03474,0
2025-07-17,0.2326,0.2394,0.2247,0.2367,66111538.2,1752796799999999,15389593.52532,75229,31642170.1,7361148.83765,0
2025-07-18,0.2368,0.2538,0.2312,0.2353,92041803.4,1752883199999999,22402127.83137,95298,44861764.0,10912017.5837,0
2025-07-19,0.2353,0.2405,0.2305,0.2401,39025442.1,1752969599999999,9208485.88731,49381,19635357.5,4630453.73713,0
2025-07-20,0.2402,0.2562,0.2385,0.2521,60698390.8,1753055999999999,15095321.14323,70663,30737305.0,7642716.98056,0
2025-07-21,0.2521,0.2637,0.2464,0.2584,65871944.9,1753142399999999,16862530.31195,75101,32236098.0,8256225.30723,0
2025-07-22,0.2585,0.2585,0.2428,0.2546,74637854.8,1753228799999999,18661112.74916,82500,36077192.0,9017327.32614,0
2025-07-23,0.2545,0.2548,0.2241,0.2316,103268329.3,1753315199999999,24613855.52082,121242,51374298.6,12236242.85137,0
2025-07-24,0.2317,0.2377,0.2168,0.2291,69027136.0,1753401599999999,15820393.51105,103539,34518859.9,7907116.04166,0
2025-07-25,0.2291,0.2351,0.2233,0.2334,49294503.8,1753487999999999,11297950.74801,76555,24202199.3,5546652.07086,0
2025-07-26,0.2335,0.2421,0.232,0.2353,28927004.8,1753574399999999,6815657.25865,36846,13478382.1,3177197.21241,0
2025-07-27,0.2354,0.242,0.235,0.2401,28767798.3,1753660799999999,6861102.5371,40449,12958572.8,3089648.71156,0
2025-07-28,0.2401,0.2446,0.2251,0.2267,59735436.4,1753747199999999,14059371.33745,61319,29904795.0,7038748.27172,0
2025-07-29,0.2267,0.2329,0.2177,0.2216,51758330.3,1753833599999999,11644115.30389,78137,26094002.1,5870787.81786,0
2025-07-30,0.2216,0.2235,0.2072,0.2166,62832827.3,1753919999999999,13617525.53524,77666,30404605.5,6596098.47865,0
2025-07-31,0.2166,0.2223,0.204,0.2049,53410431.7,1754006399999999,11380610.19984,61769,25122983.5,5358183.95031,0
2025-08-01,0.205,0.2052,0.1928,0.1972,96146868.7,1754092799999999,19296381.48342,99777,46327391.8,9299545.38167,0
2025-08-02,0.1973,0.2005,0.1902,0.1936,42904058.2,1754179199999999,8380675.57662,45708,20558046.0,4015832.42507,0
2025-08-03,0.1935,0.2034,0.1912,0.2021,28645671.2,1754265599999999,5712009.18601,30767,15463435.2,3087307.41438,0
2025-08-04,0.2021,0.2133,0.2004,0.2116,40194049.8,1754351999999999,8254449.27402,47428,19912627.8,4090588.30648,0
2025-08-05,0.2116,0.2265,0.2071,0.2132,83220371.6,1754438399999999,17945529.36588,84290,42419578.2,9149660.74357,0
2025-08-06,0.2132,0.2271,0.2069,0.2243,58039280.0,1754524799999999,12692326.9466,63371,27889395.8,6094483.92741,0
2025-08-07,0.2243,0.2401,0.2225,0.2366,87456469.5,1754611199999999,20602656.3463,97992,43923967.5,10348527.72222,0
2025-08-08,0.2366,0.2488,0.2319,0.2443,105112145.4,1754697599999999,25195863.68199,130254,53218458.8,12756903.62093,0
2025-08-09,0.2443,0.252,0.2442,0.2479,57755744.2,1754783999999999,14373942.44738,73304,28419353.4,7072109.56158,0
2025-08-10,0.248,0.2523,0.2378,0.2409,58325027.5,1754870399999999,14238623.51427,66123,28848814.3,7049014.8657,0
2025-08-11,0.241,0.2478,0.2333,0.2369,59055068.5,1754956799999999,14248835.15027,82464,30008926.4,7238751.2096,0
2025-08-12,0.2369,0.2502,0.2308,0.2478,56730389.8,1755043199999999,13665470.5662,86272,26894962.8,6478547.65604,0
2025-08-13,0.2478,0.2576,0.2458,0.257,98384019.2,1755129599999999,24702128.95404,94715,51019521.6,12810765.22576,0
2025-08-14,0.257,0.2612,0.231,0.2384,126666557.0,1755215999999999,31131910.88433,142482,61764927.3,15188085.04815,0
2025-08-15,0.2384,0.243,0.2273,0.2336,78120572.6,1755302399999999,18414089.05255,87995,36166411.9,8530657.49375,0
2025-08-16,0.2335,0.2381,0.2313,0.2369,32727196.8,1755388799999999,7676910.61934,40089,15900778.5,3730009.59111,0
2025-08-17,0.2369,0.2556,0.2355,0.2466,59849350.5,1755475199999999,14782983.93624,62814,28653357.9,7066888.5978,0
2025-08-18,0.2466,0.2612,0.2392,0.2594,202277432.3,1755561599999999,50471531.94989,209290,101460157.6,25336216.19197,0
2025-08-19,0.2595,0.2677,0.2315,0.2318,173526850.8,1755647999999999,43567536.17809,166724,82215354.2,20655168.22104,0
2025-08-20,0.2318,0.2466,0.2318,0.2438,85704595.7,1755734399999999,20468823.00406,89885,42221640.8,10080817.74861,0
2025-08-21,0.2439,0.247,0.2352,0.236,49840664.5,1755820799999999,11963417.85115,59891,23371575.3,5613228.23454,0
2025-08-22,0.2361,0.2565,0.2309,0.2537,98078660.3,1755907199999999,24050783.05186,111373,49223145.8,12074698.32115,0
2025-08-23,0.2538,0.2541,0.2438,0.25,55589736.3,1755993599999999,13840566.04379,56724,27318090.0,6802719.6081,0
2025-08-24,0.25,0.2634,0.2424,0.253,98006678.9,1756079999999999,24715755.25052,109065,49330379.4,12435448.97101,0
2025-08-25,0.253,0.2543,0.2296,0.2332,86075933.9,1756166399999999,20708080.7542,103707,40883452.1,9835122.40724,0
2025-08-26,0.2332,0.2484,0.2302,0.2444,61238556.4,1756252799999999,14577938.92477,81186,30119518.5,7170013.71745,0
2025-08-27,0.2445,0.2466,0.2384,0.2408,50223650.5,1756339199999999,12197298.89651,61287,22882773.1,5560849.06518,0
2025-08-28,0.2408,0.2487,0.2381,0.2485,51084367.5,1756425599999999,12462406.68155,52661,25219847.9,6157662.82327,0
2025-08-29,0.2485,0.2627,0.2369,0.2412,132071777.3,1756511999999999,32994178.11101,130569,65539530.9,16393927.47943,0
2025-08-30,0.2413,0.2594,0.2367,0.257,86181622.6,1756598399999999,21518251.89577,75433,48829929.9,12193968.47561,0
2025-08-31,0.2569,0.295,0.2535,0.2779,281870808.6,1756684799999999,78192447.831,265987,145700300.6,40412965.52327,0
2025-09-01,0.2778,0.2853,0.268,0.2715,201135662.4,1756771199999999,55906824.64026,198467,96933163.9,26964993.15421,0
2025-09-02,0.2716,0.2923,0.2692,0.2892,159596469.8,1756857599999999,45349976.3986,182804,77399577.3,22004389.30393,0
2025-09-03,0.2892,0.2964,0.28,0.2823,76773078.6,1756943999999999,22011831.78721,101375,34325203.7,9844774.47392,0
2025-09-04,0.2824,0.2868,0.2711,0.28,87258628.4,1757030399999999,24321606.47108,137504,43499618.1,12125578.83474,0
2025-09-05,0.28,0.2909,0.2763,0.2785,74250759.4,1757116799999999,21064266.48983,124117,35738977.0,10141602.7662,0
2025-09-06,0.2785,0.2849,0.2724,0.2733,43132459.6,1757203199999999,11987389.61648,64119,20163398.4,5603443.92648,0
2025-09-07,0.2734,0.2818,0.2731,0.2772,36945516.5,1757289599999999,10270674.54131,59436,17258168.2,4799164.10745,0
2025-09-08,0.2771,0.2805,0.2711,0.2738,54492088.6,1757375999999999,15080350.22956,87892,24514087.7,6786527.20082,0
2025-09-09,0.2738,0.282,0.2666,0.2696,62016809.4,1757462399999999,17001756.95563,101515,28328150.3,7766072.73056,0
2025-09-10,0.2696,0.2735,0.2651,0.2712,53068433.4,1757548799999999,14265909.09461,84573,25725874.5,6920338.17085,0
2025-09-11,0.2711,0.2752,0.2671,0.2726,55473071.9,1757635199999999,15019673.7612,74739,26850263.3,7271391.15112,0
2025-09-12,0.2725,0.2746,0.2674,0.2733,57310236.7,1757721599999999,15522358.02019,65856,27510920.6,7451827.13434,0
2025-09-13,0.2733,0.2876,0.2723,0.2832,84419964.0,1757807999999999,23764135.33764,115684,40226443.0,11322004.33185,0
2025-09-14,0.2831,0.2839,0.2691,0.2717,52825880.6,1757894399999999,14573664.26177,79814,25381497.4,7001081.03768,0
2025-09-15,0.2716,0.2745,0.254,0.2576,74666272.3,1757980799999999,19655786.21193,112302,33894969.5,8929048.24056,0
2025-09-16,0.2576,0.2611,0.2531,0.2573,54735017.6,1758067199999999,14055312.27342,85195,27522643.3,7066890.90403,0
2025-09-17,0.2574,0.264,0.2497,0.2621,80379173.0,1758153599999999,20484523.50766,106068,38776714.0,9889777.27177,0
2025-09-18,0.2621,0.2648,0.2585,0.2609,52912793.1,1758239999999999,13825550.17457,75532,25058936.8,6551197.73491,0
2025-09-19,0.261,0.2642,0.2476,0.25,55464669.2,1758326399999999,14139218.99026,78229,24892685.3,6345035.49408,0
2025-09-20,0.2499,0.254,0.2484,0.2499,23538714.3,1758412799999999,5916193.50316,36946,11465956.7,2882579.12161,0
2025-09-21,0.2499,0.2517,0.2452,0.2453,23587910.8,1758499199999999,5858420.47597,38409,10914708.5,2711776.07046,0
2025-09-22,0.2453,0.2461,0.2151,0.2275,100191521.3,1758585599999999,22982681.66408,148357,46791102.5,10736691.4373,0
2025-09-23,0.2275,0.2303,0.2221,0.2252,54542637.0,1758671999999999,12349838.09402,70036,25444511.1,5762274.24223,0
2025-09-24,0.2252,0.2291,0.2206,0.2248,41922487.8,1758758399999999,9471752.9481,58274,21734982.4,4911388.58971,0
2025-09-25,0.2248,0.2253,0.21,0.2163,70749720.6,1758844799999999,15467111.37227,112563,31736251.9,6939372.18819,0
2025-09-26,0.2164,0.2229,0.2141,0.2213,49782038.0,1758931199999999,10858799.62692,75801,25014902.6,5458009.5306,0
2025-09-27,0.2213,0.2249,0.2203,0.223,25827307.4,1759017599999999,5748238.50682,35284,12953065.7,2883740.43915,0
2025-09-28,0.223,0.2288,0.2206,0.2284,32120757.5,1759103999999999,7201624.6713,49445,16519294.1,3704908.67997,0
2025-09-29,0.2284,0.2301,0.2234,0.2259,38469563.2,1759190399999999,8753842.83233,51720,19127163.7,4354481.44457,0
2025-09-30,0.2259,0.2274,0.2198,0.2245,33990989.8,1759276799999999,7618487.70434,54209,15977330.9,3581908.41191,0
2025-10-01,0.2246,0.239,0.223,0.2386,46797683.6,1759363199999999,10866529.10174,64535,25637712.6,5951853.55079,0
2025-10-02,0.2386,0.2424,0.2331,0.2403,52992807.5,1759449599999999,12670113.91188,74530,27053312.7,6468874.52809,0
2025-10-03,0.2403,0.2453,0.2365,0.2408,47157264.1,1759535999999999,11324358.8131,73326,22158339.5,5318845.09706,0
2025-10-04,0.2409,0.2415,0.2343,0.2364,26480699.6,1759622399999999,6272491.034,45583,13007534.4,3081642.69101,0
2025-10-05,0.2363,0.2459,0.2356,0.2377,36873572.4,1759708799999999,8847509.58589,57209,17665102.2,4238097.61337,0
2025-10-06,0.2377,0.2536,0.2353,0.2498,63648281.9,1759795199999999,15649572.39936,91216,31473788.2,7747961.60653,0
2025-10-07,0.2498,0.2511,0.2357,0.2371,75097876.7,1759881599999999,18176332.42349,103458,32331110.9,7827284.52971,0
2025-10-08,0.2371,0.2443,0.2341,0.2412,37090577.5,1759967999999999,8848828.09047,63333,17907514.9,4273660.51464,0
2025-10-09,0.2412,0.2417,0.2323,0.2361,51505219.3,1760054399999999,12210018.11898,84199,23049156.5,5465601.82438,0
2025-10-10,0.2361,0.2402,0.1152,0.1834,185170918.1,1760140799999999,35667317.83036,300351,91327158.7,17501806.72102,0
2025-10-11,0.1834,0.2019,0.1793,0.1854,104641544.1,1760227199999999,19999643.29728,161542,54920993.2,10496254.24067,0
2025-10-12,0.1854,0.2039,0.1818,0.1997,72291291.2,1760313599999999,13925113.86029,118641,35921320.0,6914656.136,0
2025-10-13,0.1996,0.2123,0.1973,0.2096,73929661.2,1760399999999999,15072631.67939,137174,36103466.1,7364770.13268,0
2025-10-14,0.2097,0.2099,0.1899,0.2018,83710641.8,1760486399999999,16578875.65679,147105,39096186.3,7744150.39773,0
2025-10-15,0.2019,0.2059,0.1921,0.1956,47363055.3,1760572799999999,9400494.57082,89505,22538128.6,4472792.43193,0
2025-10-16,0.1955,0.199,0.1841,0.1885,53574867.7,1760659199999999,10328855.82643,115438,24177388.4,4660486.73377,0
2025-10-17,0.1885,0.192,0.1753,0.1864,61339870.4,1760745599999999,11268082.25843,107751,29936296.6,5494922.17662,0
2025-10-18,0.1864,0.1914,0.1852,0.1894,22762681.4,1760831999999999,4294692.44763,38685,11682643.0,2204920.13997,0
2025-10-19,0.1893,0.1981,0.1865,0.1952,31397580.2,1760918399999999,6031096.65222,54335,15487021.4,2974200.5129,0
2025-10-20,0.1952,0.2031,0.1915,0.2006,37523474.7,1761004799999999,7488861.3155,74459,16995147.4,3389191.62293,0
2025-10-21,0.2006,0.2051,0.1928,0.1938,46139456.8,1761091199999999,9139836.98602,90616,22109939.4,4379706.92987,0
2025-10-22,0.1938,0.1959,0.1841,0.1895,40865895.8,1761177599999999,7840978.24108,97801,19604037.3,3760223.16685,0
2025-10-23,0.1895,0.195,0.189,0.1929,22714193.3,1761263999999999,4354510.83118,49441,11513163.7,2207624.21427,0
2025-10-24,0.1929,0.1976,0.1906,0.1949,25218697.1,1761350399999999,4893821.03877,52007,13248022.8,2572731.32721,0
2025-10-25,0.1948,0.1972,0.1927,0.1959,14130691.9,1761436799999999,2750584.08574,29072,6994655.9,1361709.93907,0
2025-10-26,0.196,0.2042,0.1937,0.2021,25972395.8,1761523199999999,5174626.86437,51269,13200327.1,2629795.98731,0
2025-10-27,0.2022,0.207,0.1968,0.1995,32546287.6,1761609599999999,6564227.43575,61072,15114568.6,3048952.46777,0
2025-10-28,0.1996,0.2031,0.1907,0.1947,37708552.5,1761695999999999,7486663.15608,83136,18851280.6,3746108.99965,0
2025-10-29,0.1947,0.2006,0.1918,0.1954,37228297.0,1761782399999999,7314013.54954,84025,18411601.6,3617588.75008,0
2025-10-30,0.1954,0.1975,0.179,0.1848,54635748.5,1761868799999999,10272784.90459,115477,24903982.4,4690316.71889,0
2025-10-31,0.1849,0.1904,0.1799,0.1843,46394310.2,1761955199999999,8609322.07484,68931,21975140.2,4082973.94152,0
2025-11-01,0.1843,0.1931,0.1829,0.1929,31370199.8,1762041599999999,5913346.57724,54726,16504507.4,3111415.51201,0
2025-11-02,0.1928,0.1953,0.1872,0.1927,33202206.7,1762127999999999,6357828.9186,58012,16573714.4,3176354.72651,0
2025-11-03,0.1928,0.193,0.1639,0.1686,71772698.3,1762214399999999,12640889.24154,139154,34623752.7,6095611.93307,0
2025-11-04,0.1686,0.1733,0.1528,0.1623,91875177.7,1762300799999999,15093586.4301,169929,44651026.3,7335920.34239,0
2025-11-05,0.1623,0.1709,0.1546,0.1688,66579408.3,1762387199999999,10981395.77483,103076,32043735.5,5292447.38465,0
2025-11-06,0.1687,0.1702,0.1597,0.1638,47644658.2,1762473599999999,7868283.26527,78335,24497803.7,4048233.86766,0
2025-11-07,0.1638,0.1867,0.1636,0.1813,80962053.1,1762559999999999,14088650.69852,122271,41115560.4,7159821.13084,0
2025-11-08,0.1813,0.1877,0.1747,0.1792,54564783.3,1762646399999999,9874725.05661,89608,25075745.8,4538706.42869,0
2025-11-09,0.1792,0.1824,0.1718,0.1802,40675048.2,1762732799999999,7202202.34524,71042,20693074.5,3663917.3353,0
2025-11-10,0.1802,0.1852,0.1764,0.1826,58879509.5,1762819199999999,10665665.15877,96565,30331365.8,5497154.41075,0
2025-11-11,0.1826,0.1858,0.171,0.1712,58333159.6,1762905599999999,10390802.74783,100620,28230192.5,5034682.78723,0
2025-11-12,0.1713,0.1789,0.167,0.1695,63644303.0,1762991999999999,11011299.5852,84889,31815046.6,5501046.77745,0
2025-11-13,0.1695,0.1771,0.1606,0.166,87491628.6,1763078399999999,14847636.35852,126285,43275191.6,7346155.89434,0
2025-11-14,0.1661,0.1671,0.1483,0.1517,156817880.3,1763164799999999,24841841.62217,155948,83594622.3,13221174.52813,0
2025-11-15,0.1518,0.158,0.1515,0.1557,49684937.9,1763251199999999,7717104.05307,55102,24417301.7,3791874.25249,0
2025-11-16,0.1557,0.158,0.1471,0.15,79206398.4,1763337599999999,12075262.88339,87643,41623929.1,6357068.12093,0
2025-11-17,0.1499,0.1544,0.1406,0.1448,117876106.2,1763423999999999,17474684.31287,160578,57613743.2,8544702.69596,0
2025-11-18,0.1448,0.1532,0.1418,0.1494,111070665.5,1763510399999999,16375358.82565,112282,52657386.9,7767759.25343,0
2025-11-19,0.1494,0.1505,0.1386,0.1454,69326581.4,1763596799999999,10038685.03746,80686,33852474.7,4902928.70889,0
2025-11-20,0.1453,0.1527,0.1384,0.1402,94828673.6,1763683199999999,13838858.85761,113987,46113319.1,6726021.43117,0
2025-11-21,0.1401,0.1429,0.1274,0.1325,136098132.2,1763769599999999,18313378.92,147478,69684871.3,9380473.54951,0
2025-11-22,0.1325,0.1351,0.1293,0.1338,60626156.3,1763855999999999,8010013.77562,63987,29790636.8,3935983.32964,0
2025-11-23,0.1337,0.137,0.1332,0.1333,48576169.6,1763942399999999,6571331.61574,44604,23247612.5,3145063.02245,0
2025-11-24,0.1332,0.1403,0.1312,0.1372,95333260.2,1764028799999999,12831898.83872,72396,48483309.0,6526037.45826,0
2025-11-25,0.1373,0.1381,0.1322,0.1364,62686067.5,1764115199999999,8470941.59976,53854,29378101.3,3968843.08419,0
2025-11-26,0.1365,0.1389,0.1323,0.138,57331856.8,1764201599999999,7773826.74341,52391,30356397.0,4117225.15088,0
2025-11-27,0.1379,0.1401,0.1359,0.1377,46353527.3,1764287999999999,6389380.84933,37915,22934433.8,3162127.33188,0
2025-11-28,0.1377,0.1399,0.1336,0.1353,53241897.6,1764374399999999,7275128.87491,47090,26163772.9,3576144.60735,0
2025-11-29,0.1352,0.1366,0.1326,0.1336,27901468.4,1764460799999999,3754766.10308,27565,13003962.7,1750574.15264,0
2025-11-30,0.1336,0.1354,0.1325,0.1329,27017442.1,1764547199999999,3619141.62689,29801,13250064.0,1776092.54127,0
2025-12-01,0.1329,0.1331,0.1168,0.1198,110836582.0,1764633599999999,13600348.80223,103225,52474711.9,6439633.21577,0
2025-12-02,0.1197,0.1337,0.1168,0.1295,80687260.8,1764719999999999,10047356.35679,83361,40076326.2,4991010.3833,0
2025-12-03,0.1294,0.131,0.1258,0.1292,77179999.6,1764806399999999,9918581.11716,65126,42145946.5,5414105.52478,0
2025-12-04,0.1293,0.1305,0.1223,0.1246,46212492.6,1764892799999999,5860391.34475,47292,21850007.6,2772077.86396,0
2025-12-05,0.1246,0.1256,0.1173,0.1201,65367936.6,1764979199999999,7970337.82332,58569,30983047.0,3779189.43641,0
2025-12-06,0.1202,0.1256,0.1193,0.1231,38666663.2,1765065599999999,4730067.46911,28959,20295789.0,2485507.51074,0
2025-12-07,0.1232,0.1249,0.1181,0.1205,45397814.2,1765151999999999,5524871.5367,41560,22333654.9,2716131.84571,0
2025-12-08,0.1204,0.1263,0.1199,0.1237,52004696.4,1765238399999999,6441661.48753,48810,24857162.1,3078139.38221,0
2025-12-09,0.1238,0.1305,0.1214,0.1267,65291336.7,1765324799999999,8191075.87922,63263,29862772.1,3746240.92667,0
2025-12-10,0.1268,0.1287,0.1229,0.1234,61877950.7,1765411199999999,7739892.10542,64140,28699232.6,3589932.02523,0
2025-12-11,0.1235,0.1236,0.118,0.1212,56468505.0,1765497599999999,6784767.02536,56492,26586652.3,3194452.1905,0
2025-12-12,0.1213,0.1229,0.1156,0.1195,57192323.2,1765583999999999,6840932.52475,44259,26563788.5,3175819.13829,0
2025-12-13,0.1196,0.1221,0.1193,0.1211,27035575.6,1765670399999999,3262660.42929,18360,13564852.3,1637404.76178,0
2025-12-14,0.121,0.1212,0.1157,0.1171,39522530.7,1765756799999999,4672367.20444,25026,18803192.3,2223693.14922,0
2025-12-15,0.1171,0.1216,0.1099,0.1129,91125022.5,1765843199999999,10569861.08301,67237,44432407.8,5158740.96695,0
2025-12-16,0.1128,0.1147,0.1096,0.114,67853595.8,1765929599999999,7621358.15626,47784,32438308.5,3643969.58976,0
2025-12-17,0.114,0.1158,0.1061,0.1072,75835106.2,1766015999999999,8374665.24838,61165,37693471.0,4161636.36914,0
2025-12-18,0.1072,0.1123,0.1019,0.1035,127809776.2,1766102399999999,13622800.39066,73524,63321808.6,6753017.43281,0
2025-12-19,0.1036,0.1104,0.1017,0.109,90458931.1,1766188799999999,9650898.84396,52117,45353763.0,4840341.27669,0
2025-12-20,0.1091,0.1122,0.1085,0.1105,37575279.5,1766275199999999,4139394.74947,24852,19706063.2,2171207.50288,0
2025-12-21,0.1104,0.111,0.1058,0.1075,34162371.7,1766361599999999,3696438.78634,22995,16871123.4,1824889.68891,0
2025-12-22,0.1076,0.1104,0.1059,0.1081,54370971.4,1766447999999999,5878761.92978,45136,26812680.3,2898570.53847,0
2025-12-23,0.1081,0.1089,0.104,0.1067,44699083.8,1766534399999999,4752279.8843,33836,22361592.6,2378052.21359,0
2025-12-24,0.1067,0.1074,0.104,0.1064,30222214.4,1766620799999999,3189378.06046,23660,15179332.5,1602619.43677,0
2025-12-25,0.1064,0.1072,0.1025,0.1028,40336934.6,1766707199999999,4262427.15471,34154,17386343.7,1837269.55465,0
2025-12-26,0.1028,0.1066,0.1022,0.1036,39357837.8,1766793599999999,4104736.74359,33486,20744745.5,2164687.87005,0
2025-12-27,0.1037,0.1079,0.1034,0.1078,34488009.2,1766879999999999,3626996.97277,19486,17251617.2,1814408.25328,0
2025-12-28,0.1079,0.1087,0.1062,0.1074,42198444.9,1766966399999999,4534724.59109,26062,20264849.9,2177575.89673,0
2025-12-29,0.1074,0.1097,0.1035,0.104,49987909.8,1767052799999999,5332419.11801,35076,25480085.1,2719590.17423,0
2025-12-30,0.104,0.1047,0.102,0.1027,44846051.0,1767139199999999,4637922.83763,26738,21539761.9,2228766.59526,0
2025-12-31,0.1027,0.1035,0.0997,0.1005,42355745.1,1767225599999999,4311302.57735,26035,19267792.1,1962862.94477,0
