open_time,open,high,low,close,volume,close_time,quote_volume,trades,taker_buy_base,taker_buy_quote,ignore
2021-05-10,1.412e-05,5e-05,1.412e-05,3.466e-05,95302311917668.0,1620691199999,3030141753.8025646,4577629,49294865762467.0,1574047645.4426708,0
2021-05-11,3.468e-05,3.799e-05,2.78e-05,3.042e-05,64512785938482.0,1620777599999,2123216855.205212,3958630,32345745756016.0,1067858080.4988264,0
2021-05-12,3.04e-05,3.15e-05,1.752e-05,1.821e-05,86909144958765.0,1620863999999,2129644950.1198657,3886777,41671697023530.0,1023865017.0816076,0
2021-05-13,1.817e-05,2.357e-05,1.53e-05,2.102e-05,91254881005748.0,1620950399999,1761045968.3199625,3050941,45345649384549.0,878836595.6680064,0
2021-05-14,2.103e-05,2.224e-05,1.816e-05,1.84e-05,40927854276575.0,1621036799999,822569815.5478904,1709467,19538598422717.0,392954675.2998687,0
2021-05-15,1.841e-05,1.897e-05,1.501e-05,1.553e-05,43727275531961.0,1621123199999,740472826.560479,1602319,21233519298144.0,359914195.6931523,0
2021-05-16,1.552e-05,1.962e-05,1.237e-05,1.784e-05,61634752660696.0,1621209599999,960036000.9081264,1843872,31075153743286.0,486151415.4514671,0
2021-05-17,1.783e-05,1.808e-05,1.408e-05,1.651e-05,60156822115985.0,1621295999999,969820585.550194,1801208,29887207675863.0,482379147.73480475,0
2021-05-18,1.65e-05,1.8e-05,1.517e-05,1.56e-05,27976612440989.0,1621382399999,460041392.82748246,935905,13656681234945.0,224864960.75299904,0
2021-05-19,1.562e-05,1.58e-05,6.3e-06,9.07e-06,90539301007324.0,1621468799999,1020855304.8221889,2076308,43611002822352.0,492729498.15125114,0
2021-05-20,9.07e-06,1.219e-05,8e-06,9.64e-06,67205967066890.0,1621555199999,681165643.4754308,1384667,33430461011995.0,339348777.1538403,0
2021-05-21,9.64e-06,1.035e-05,6.55e-06,8.2e-06,54603903901459.0,1621641599999,456228641.8727471,1116947,26767594635489.0,224595997.58339936,0
2021-05-22,8.21e-06,9.83e-06,6.72e-06,8.42e-06,46318180421814.0,1621727999999,367262301.1574324,839244,23598356726063.0,187304517.19280112,0
2021-05-23,8.42e-06,9.65e-06,6.94e-06,8.09e-06,60549130370846.0,1621814399999,487458707.93602383,1033407,29982636074898.0,242014515.7456821,0
2021-05-24,8.08e-06,1.208e-05,7.73e-06,1.065e-05,66920838464554.0,1621900799999,653153711.8460131,1343914,34703297994752.0,338280061.55362195,0
2021-05-25,1.065e-05,1.115e-05,8.76e-06,9.39e-06,43096086882356.0,1621987199999,415471580.6164778,944665,21697355418130.0,209356535.4686786,0
2021-05-26,9.38e-06,1.05e-05,9.14e-06,9.49e-06,29880109514903.0,1622073599999,289774724.88106096,736805,15393301063403.0,149382167.18117064,0
2021-05-27,9.49e-06,9.5e-06,8.5e-06,8.79e-06,21377807919679.0,1622159999999,190827656.63134703,513819,10667418568749.0,95315652.20838515,0
2021-05-28,8.79e-06,8.85e-06,7.5e-06,7.9e-06,22969674539465.0,1622246399999,184509672.21070743,525209,11323221345981.0,91015226.38169226,0
2021-05-29,7.91e-06,8.21e-06,7.3e-06,7.89e-06,15473428469390.0,1622332799999,119787221.63179576,362567,7833043544600.0,60755452.47496303,0
2021-05-30,7.9e-06,8.13e-06,7.52e-06,7.86e-06,12847617230998.0,1622419199999,100723011.5642526,293499,6699244508571.0,52581858.77571509,0
2021-05-31,7.85e-06,9.98e-06,7.69e-06,9.28e-06,29008796041217.0,1622505599999,253567390.100778,594812,15424041485210.0,134841944.0322294,0
2021-06-01,9.28e-06,9.43e-06,8.28e-06,8.82e-06,23622771954244.0,1622591999999,208492653.49231127,529195,12013618082200.0,106127359.45025875,0
2021-06-02,8.83e-06,1.049e-05,8.57e-06,9.44e-06,37410145146900.0,1622678399999,356096789.01128745,808558,19541773575702.0,185950998.25387397,0
2021-06-03,9.43e-06,1.04e-05,9.29e-06,9.82e-06,25310047082545.0,1622764799999,248635927.11914232,599785,13192328342075.0,129648884.99606416,0
2021-06-04,9.81e-06,9.84e-06,8.28e-06,8.79e-06,27586732208422.0,1622851199999,243808532.7373267,586748,13540207242373.0,119600290.39728864,0
2021-06-05,8.8e-06,9.12e-06,8.1e-06,8.42e-06,15138731370984.0,1622937599999,130726634.694019,349263,7473434794774.0,64629807.99824666,0
2021-06-06,8.42e-06,8.63e-06,8.33e-06,8.53e-06,8718852058711.0,1623023999999,73794499.08852462,218646,4554424333248.0,38577179.42623539,0
2021-06-07,8.52e-06,8.72e-06,7.5e-06,7.74e-06,14317490957225.0,1623110399999,117446572.56656782,358605,6785878586891.0,55771872.13684126,0
2021-06-08,7.74e-06,7.87e-06,6.3e-06,7.15e-06,32407835420356.0,1623196799999,231715942.816004,593214,15511352053473.0,111151273.71267794,0
2021-06-09,7.16e-06,7.6e-06,6.83e-06,7.38e-06,21333278224709.0,1623283199999,154023170.41850433,395131,11300800900840.0,81644782.66280428,0
2021-06-10,7.39e-06,7.43e-06,6.78e-06,6.84e-06,15982745660312.0,1623369599999,112975025.97586842,328641,8276750487412.0,58538374.81353322,0
2021-06-11,6.84e-06,6.9e-06,6.01e-06,6.21e-06,16654567843743.0,1623455999999,110033378.68311614,317215,8694066771743.0,57541767.76375971,0
2021-06-12,6.21e-06,6.55e-06,5.51e-06,6.28e-06,28186259522494.0,1623542399999,169016554.58311996,408179,14418350877523.0,86537632.63071749,0
2021-06-13,6.27e-06,7.15e-06,6.05e-06,6.85e-06,20763576566343.0,1623628799999,135365251.92752805,335795,10884051881284.0,70976706.5137232,0
2021-06-14,6.84e-06,7.21e-06,6.67e-06,7.09e-06,17240978312423.0,1623715199999,119590071.7288144,329979,9000931099723.0,62476902.08977495,0
2021-06-15,7.08e-06,9.88e-06,6.93e-06,9.03e-06,55757151596139.0,1623801599999,477301500.72719103,988253,29031298640622.0,247983406.20448124,0
2021-06-16,9.02e-06,9.29e-06,8.14e-06,8.31e-06,46228329919729.0,1623887999999,404310783.907428,815354,23719384726756.0,207778887.8507209,0
2021-06-17,8.32e-06,8.5e-06,7.72e-06,7.95e-06,27604953266364.0,1623974399999,222173239.0489482,462193,13970228136272.0,112513700.84125756,0
2021-06-18,7.95e-06,7.98e-06,7e-06,7.26e-06,23594476054170.0,1624060799999,173380433.24408343,418372,11610425214204.0,85434237.15502869,0
2021-06-19,7.26e-06,8.49e-06,7.19e-06,7.62e-06,33512449142630.0,1624147199999,259972359.41927367,556674,16725735566166.0,129809240.5629216,0
2021-06-20,7.63e-06,8.07e-06,7.11e-06,7.78e-06,25203949490357.0,1624233599999,191981889.4751843,433257,12384103093228.0,94463325.93043472,0
2021-06-21,7.78e-06,7.84e-06,6.08e-06,6.19e-06,34754967194157.0,1624319999999,242735095.0594992,553068,16161738582537.0,112904096.17360099,0
2021-06-22,6.19e-06,7e-06,5.59e-06,6.33e-06,41222045178875.0,1624406399999,258486062.93374753,591265,19753393921251.0,124055239.95130944,0
2021-06-23,6.33e-06,7.11e-06,6.09e-06,6.84e-06,22097655745813.0,1624492799999,148666572.71855277,387541,11061006076405.0,74461063.86943582,0
2021-06-24,6.83e-06,7.45e-06,6.56e-06,7.21e-06,14589082651691.0,1624579199999,101269433.91013151,267642,7380452992214.0,51292328.31508263,0
2021-06-25,7.21e-06,8.5e-06,6.72e-06,7.07e-06,41620961473360.0,1624665599999,304970091.14697254,661696,20437981631884.0,150072312.3341896,0
2021-06-26,7.06e-06,7.55e-06,6.9e-06,7.48e-06,21860032918766.0,1624751999999,157723027.70980194,344183,10910042990699.0,78820201.42758135,0
2021-06-27,7.47e-06,7.89e-06,7.27e-06,7.85e-06,11925015594849.0,1624838399999,88993016.44824153,226298,5950596582873.0,44485913.30574061,0
2021-06-28,7.85e-06,8.21e-06,7.58e-06,8.08e-06,18506007897380.0,1624924799999,146967081.3857524,356154,9263531959479.0,73630200.14370449,0
2021-06-29,8.08e-06,9.63e-06,8.03e-06,8.87e-06,46042194342449.0,1625011199999,415025311.02327126,847874,23443407716548.0,211192968.7382188,0
2021-06-30,8.87e-06,9.23e-06,8.01e-06,8.82e-06,32459314385918.0,1625097599999,281302001.49778664,527223,15598770348486.0,135340522.4278301,0
2021-07-01,8.82e-06,8.83e-06,8.15e-06,8.32e-06,15990026259963.0,1625183999999,133897874.86890778,284145,7609924202202.0,63762023.59133817,0
2021-07-02,8.33e-06,8.44e-06,8.05e-06,8.35e-06,9609338950937.0,1625270399999,79130031.92925088,177169,4643906326631.0,38275177.16335025,0
2021-07-03,8.36e-06,8.8e-06,8.3e-06,8.66e-06,11000178497551.0,1625356799999,94713469.8712709,206213,5583104186351.0,48078472.67110171,0
2021-07-04,8.66e-06,8.95e-06,8.45e-06,8.73e-06,10015748720356.0,1625443199999,87501499.32477438,202369,4887029844466.0,42730111.21379978,0
2021-07-05,8.72e-06,8.73e-06,8.16e-06,8.34e-06,12068056360331.0,1625529599999,101814445.7088746,219555,5794368078103.0,48890996.80124011,0
2021-07-06,8.33e-06,9.33e-06,8.31e-06,8.74e-06,24765820144984.0,1625615999999,218538692.6614112,410020,12372392150279.0,109249441.57637072,0
2021-07-07,8.74e-06,8.96e-06,8.52e-06,8.55e-06,10732885596585.0,1625702399999,93610940.88248244,207277,4861450925635.0,42449248.15580801,0
2021-07-08,8.54e-06,8.56e-06,7.78e-06,8.02e-06,14698093074025.0,1625788799999,119007746.07189922,271688,6692704242334.0,54174010.02750694,0
2021-07-09,8.03e-06,8.1e-06,7.7e-06,7.91e-06,8928857134302.0,1625875199999,70883068.21133511,165386,4201460082595.0,33379866.59710382,0
2021-07-10,7.92e-06,8.09e-06,7.52e-06,7.67e-06,7191309903247.0,1625961599999,56211178.33659977,147667,3289736281394.0,25731719.53643053,0
2021-07-11,7.67e-06,7.98e-06,7.56e-06,7.86e-06,5480379241985.0,1626047999999,42532390.25286476,118065,2782574133960.0,21613007.89105622,0
2021-07-12,7.87e-06,7.99e-06,7.31e-06,7.56e-06,7734638319417.0,1626134399999,58999124.92504492,148177,3677455705289.0,28050732.66719712,0
2021-07-13,7.56e-06,7.59e-06,7.04e-06,7.11e-06,8108609831266.0,1626220799999,59159886.30113126,151541,3611189745492.0,26377158.41696465,0
2021-07-14,7.12e-06,7.57e-06,6.7e-06,7.24e-06,11875884954991.0,1626307199999,84335678.67361145,205473,5829943972197.0,41477359.61119051,0
2021-07-15,7.24e-06,7.37e-06,6.79e-06,6.91e-06,8945840487258.0,1626393599999,62630272.68225876,168467,4118523404176.0,28857116.3998227,0
2021-07-16,6.9e-06,7e-06,6.55e-06,6.62e-06,6047433872423.0,1626479999999,40891183.26230067,130542,2816803357952.0,19063633.57782353,0
2021-07-17,6.63e-06,7.05e-06,6.56e-06,6.81e-06,7114435611225.0,1626566399999,48068113.02676965,125797,3590981256746.0,24286067.38319968,0
2021-07-18,6.82e-06,7.03e-06,6.6e-06,6.64e-06,6125931214999.0,1626652799999,41403409.19788402,101649,2681060944305.0,18140305.69325387,0
2021-07-19,6.65e-06,6.67e-06,6.07e-06,6.19e-06,8543669280673.0,1626739199999,53960304.23888748,135945,3871199845544.0,24428974.78681549,0
2021-07-20,6.19e-06,6.24e-06,5.7e-06,5.89e-06,10212338619649.0,1626825599999,60004751.4375862,167967,4728658455084.0,27779051.41744042,0
2021-07-21,5.89e-06,6.98e-06,5.77e-06,6.54e-06,15189009739596.0,1626911999999,97543687.52838184,229161,7917082039262.0,50805045.95964993,0
2021-07-22,6.53e-06,6.66e-06,6.34e-06,6.46e-06,8024642335768.0,1626998399999,52021737.9134289,136117,3940721620022.0,25564293.12673111,0
2021-07-23,6.47e-06,6.71e-06,6.11e-06,6.48e-06,8810341657917.0,1627084799999,56412769.11951872,154673,4254229653212.0,27263048.55311912,0
2021-07-24,6.47e-06,6.66e-06,6.3e-06,6.44e-06,9474775072580.0,1627171199999,61353717.55079037,165255,4590450469774.0,29756005.0249907,0
2021-07-25,6.44e-06,6.54e-06,6.16e-06,6.36e-06,7134617522583.0,1627257599999,45129431.4616156,123849,3265771381171.0,20674547.53597556,0
2021-07-26,6.37e-06,6.91e-06,6.24e-06,6.3e-06,19227138374369.0,1627343999999,127423721.52404462,315881,9577263458892.0,63567953.46644246,0
2021-07-27,6.31e-06,6.42e-06,6.04e-06,6.32e-06,9641696587214.0,1627430399999,60118260.34382534,172844,4635648350030.0,28929811.53955008,0
2021-07-28,6.32e-06,6.35e-06,6.13e-06,6.18e-06,7902294769375.0,1627516799999,49318904.85698457,144785,3804437479747.0,23767422.02077869,0
2021-07-29,6.19e-06,6.52e-06,6.08e-06,6.29e-06,8694966152691.0,1627603199999,54432932.8211437,143105,4440511048036.0,27842810.00800834,0
2021-07-30,6.29e-06,6.41e-06,6.1e-06,6.29e-06,6650527789677.0,1627689599999,41392925.50210824,127977,3148953219136.0,19627713.03717697,0
2021-07-31,6.29e-06,6.31e-06,6.2e-06,6.25e-06,5309993604368.0,1627775999999,33208500.92882888,108380,2565480232076.0,16057474.77977202,0
2021-08-01,6.25e-06,6.72e-06,6.21e-06,6.3e-06,10959981431747.0,1627862399999,70596076.83837771,192163,5642158986846.0,36385548.81057849,0
2021-08-02,6.3e-06,6.43e-06,6.21e-06,6.34e-06,6260531438700.0,1627948799999,39447385.0831638,111046,3107934614988.0,19612949.43654942,0
2021-08-03,6.34e-06,6.4e-06,6.15e-06,6.18e-06,5222684533973.0,1628035199999,32606488.16950075,104080,2317524363641.0,14482477.8060557,0
2021-08-04,6.18e-06,6.33e-06,6.11e-06,6.23e-06,5505584121482.0,1628121599999,34249709.52974584,113599,2701236688026.0,16822484.91434333,0
2021-08-05,6.24e-06,6.25e-06,6.11e-06,6.21e-06,6261624309409.0,1628207999999,38685111.90458235,121028,2935338473940.0,18149660.06315468,0
2021-08-06,6.22e-06,6.42e-06,6.13e-06,6.3e-06,7944430535861.0,1628294399999,49719935.41666873,154800,4064712567429.0,25468767.51425342,0
2021-08-07,6.31e-06,7.89e-06,6.29e-06,7.8e-06,31447680089584.0,1628380799999,219898144.77703488,533128,16566216265498.0,115907203.84215719,0
2021-08-08,7.8e-06,8.88e-06,7.23e-06,7.29e-06,42988253874709.0,1628467199999,343477949.4466348,691170,21269636379871.0,170282139.3667334,0
2021-08-09,7.29e-06,7.88e-06,7.09e-06,7.62e-06,20193833052588.0,1628553599999,152950385.16690573,310642,10120795505309.0,76715253.6244808,0
2021-08-10,7.62e-06,7.95e-06,7.31e-06,7.56e-06,12231498497079.0,1628639999999,93128448.86345147,228846,5991821808634.0,45676707.30638581,0
2021-08-11,7.56e-06,8.3e-06,7.5e-06,7.77e-06,22952242869554.0,1628726399999,182047690.4791434,379871,11821130396020.0,93831423.22471815,0
2021-08-12,7.77e-06,8.22e-06,7.43e-06,7.65e-06,16738912794675.0,1628812799999,130890829.71791317,275841,8084162465706.0,63386312.6876018,0
2021-08-13,7.64e-06,8.18e-06,7.6e-06,8.13e-06,11222513120578.0,1628899199999,89250140.20996737,215230,6024869967624.0,47936791.07823759,0
2021-08-14,8.13e-06,8.57e-06,7.81e-06,8.13e-06,17010503781776.0,1628985599999,138240271.508115,303826,8560428077626.0,69642541.75012451,0
2021-08-15,8.12e-06,8.76e-06,7.85e-06,8.55e-06,18483321892487.0,1629071999999,151975080.12952974,326934,9648333609831.0,79491686.44918668,0
2021-08-16,8.55e-06,9.48e-06,8.36e-06,9.04e-06,37191196001582.0,1629158399999,332981362.8663525,654923,19211383035433.0,172089850.98309937,0
2021-08-17,9.04e-06,9.37e-06,7.99e-06,8.05e-06,26318386857105.0,1629244799999,230326035.7889771,438184,12183720283966.0,107085134.6197765,0
2021-08-18,8.05e-06,8.33e-06,7.76e-06,8.02e-06,18267781451145.0,1629331199999,147275278.38769475,301710,9070047872179.0,73213677.51102062,0
2021-08-19,8.02e-06,8.35e-06,7.86e-06,8.35e-06,11148529538651.0,1629417599999,89949671.30285761,208760,6015114887681.0,48590213.64245541,0
2021-08-20,8.35e-06,8.6e-06,8.21e-06,8.48e-06,11001862928480.0,1629503999999,92550314.92693648,227021,5768070375220.0,48562292.6009219,0
2021-08-21,8.48e-06,8.51e-06,8.11e-06,8.14e-06,9186376727549.0,1629590399999,76318682.47179724,194687,4371649387430.0,36371907.075605,0
2021-08-22,8.13e-06,8.44e-06,8.05e-06,8.2e-06,7664419848923.0,1629676799999,62909823.57631097,169057,3789586781298.0,31134216.96474786,0
2021-08-23,8.2e-06,8.44e-06,8.13e-06,8.19e-06,8215888602078.0,1629763199999,67929225.74541667,178828,4051205466976.0,33535205.1630292,0
2021-08-24,8.18e-06,8.22e-06,7.31e-06,7.48e-06,13128492964677.0,1629849599999,101458209.0130547,258786,6022906657465.0,46526870.14381481,0
2021-08-25,7.48e-06,7.71e-06,7.15e-06,7.53e-06,10908288775579.0,1629935999999,81428880.55014998,207066,5330506512614.0,39859700.65670795,0
2021-08-26,7.53e-06,7.64e-06,6.82e-06,6.97e-06,9832605958319.0,1630022399999,70331929.28884141,187357,4707332382138.0,33710360.93212998,0
2021-08-27,6.98e-06,7.57e-06,6.82e-06,7.47e-06,10112453430111.0,1630108799999,72784130.3140028,177045,5307743830357.0,38212132.82702384,0
2021-08-28,7.47e-06,7.49e-06,7.19e-06,7.22e-06,5541566422378.0,1630195199999,40410117.29998106,106151,2789537756297.0,20346753.18439677,0
2021-08-29,7.23e-06,7.39e-06,6.99e-06,7.12e-06,5564998269528.0,1630281599999,39768456.66594867,106694,2689820008829.0,19236407.01887908,0
2021-08-30,7.11e-06,7.14e-06,6.47e-06,6.67e-06,6392824774909.0,1630367999999,44394286.68247795,138488,2941916592229.0,20479626.26812735,0
2021-08-31,6.67e-06,7.1e-06,6.63e-06,6.86e-06,8450789113097.0,1630454399999,57869119.58701886,160282,4444442495164.0,30457009.26195772,0
2021-09-01,6.86e-06,7.22e-06,6.66e-06,7.19e-06,8005998661846.0,1630540799999,55515005.78965963,153172,4247216724894.0,29523115.45123277,0
2021-09-02,7.19e-06,7.37e-06,7.02e-06,7.09e-06,7566323232592.0,1630627199999,54347784.64404346,164623,3872618869350.0,27840317.03030044,0
2021-09-03,7.09e-06,7.25e-06,6.9e-06,7.06e-06,7223873994758.0,1630713599999,51203724.3095219,154990,3620577198842.0,25687198.42154919,0
2021-09-04,7.07e-06,7.68e-06,7.04e-06,7.45e-06,13586786127409.0,1630799999999,99697790.03411852,253615,7458536286289.0,54777183.78059341,0
2021-09-05,7.45e-06,7.57e-06,7.25e-06,7.53e-06,7939117527436.0,1630886399999,58794386.28846728,165471,4092660791867.0,30334564.17080858,0
2021-09-06,7.53e-06,7.64e-06,7e-06,7.22e-06,9503974995923.0,1630972799999,69635123.3205756,186612,4558569107173.0,33436477.32082666,0
2021-09-07,7.23e-06,7.24e-06,5.1e-06,6.05e-06,23567166381444.0,1631059199999,146017101.7614805,450678,10679302954595.0,66155495.1188095,0
2021-09-08,6.05e-06,8.2e-06,5.41e-06,6.67e-06,46608207992395.0,1631145599999,321213242.6855644,775324,23858724599670.0,164695946.30799145,0
2021-09-09,6.68e-06,7.77e-06,6.53e-06,7.3e-06,32271505301500.0,1631231999999,230732324.91825545,555776,16352685700423.0,117103748.1545133,0
2021-09-10,7.3e-06,7.5e-06,6.55e-06,7e-06,17589684040703.0,1631318399999,123629182.56655686,311536,8344304929204.0,58653232.77436119,0
2021-09-11,7e-06,7.08e-06,6.73e-06,6.77e-06,7643774910527.0,1631404799999,52589537.35126829,137377,3678111069662.0,25322179.59265911,0
2021-09-12,6.77e-06,7e-06,6.64e-06,6.89e-06,7877836843028.0,1631491199999,53853205.67963314,134448,3802566686603.0,26024097.84299811,0
2021-09-13,6.89e-06,6.98e-06,6.17e-06,6.5e-06,9093791821120.0,1631577599999,59378964.38371499,160428,4343517797573.0,28378068.57600176,0
2021-09-14,6.49e-06,6.71e-06,6.44e-06,6.67e-06,5607034617578.0,1631663999999,36864002.41916227,98652,2902160879943.0,19094460.90388266,0
2021-09-15,6.66e-06,6.9e-06,6.59e-06,6.77e-06,5735004511337.0,1631750399999,38670825.57966842,111420,2895606501553.0,19534395.74393983,0
2021-09-16,6.77e-06,8.88e-06,6.52e-06,8.54e-06,51629463013101.0,1631836799999,408170844.7829817,918721,28243800282658.0,223734537.65692255,0
2021-09-17,8.54e-06,9.5e-06,8.11e-06,8.44e-06,57960174983072.0,1631923199999,508238868.8548081,1021931,29659945036858.0,260483582.36146495,0
2021-09-18,8.44e-06,8.64e-06,7.61e-06,7.84e-06,16665068906755.0,1632009599999,134004847.97267126,274934,8132481045607.0,65376190.75426948,0
2021-09-19,7.84e-06,8.38e-06,7.36e-06,8.08e-06,19919168822209.0,1632095999999,158533820.05216882,321993,10399983631185.0,82871947.76212928,0
2021-09-20,8.08e-06,8.12e-06,6.8e-06,7.02e-06,21866883365822.0,1632182399999,160318126.78745797,318307,10615960413388.0,77835896.33416273,0
2021-09-21,7.02e-06,7.33e-06,6.6e-06,6.87e-06,13566078883742.0,1632268799999,94643013.94006188,201023,6687299534154.0,46731180.06324957,0
2021-09-22,6.88e-06,7.32e-06,6.84e-06,7.25e-06,8495249730286.0,1632355199999,60351749.41908338,147647,4552804779020.0,32372857.19987597,0
2021-09-23,7.24e-06,7.74e-06,7.1e-06,7.63e-06,13150788315356.0,1632441599999,98352204.39040436,214727,6882787133435.0,51493604.91692635,0
2021-09-24,7.63e-06,7.87e-06,6.73e-06,7.37e-06,15148155674182.0,1632527999999,110033952.85164168,241874,7408708998757.0,53901998.84953488,0
2021-09-25,7.38e-06,7.6e-06,7.11e-06,7.32e-06,6209389568644.0,1632614399999,45590467.53714746,120187,3204045634407.0,23540328.6433833,0
2021-09-26,7.32e-06,7.32e-06,6.82e-06,7.1e-06,6575564283425.0,1632700799999,46612192.81774969,125466,3151836058577.0,22363672.76678153,0
2021-09-27,7.1e-06,7.26e-06,6.89e-06,6.98e-06,4576274528727.0,1632787199999,32525559.91679706,91163,2155403163961.0,15341499.24757087,0
2021-09-28,6.97e-06,7.17e-06,6.82e-06,6.98e-06,5063715106092.0,1632873599999,35369049.65053179,89217,2468728547544.0,17259587.90121048,0
2021-09-29,6.97e-06,7.16e-06,6.92e-06,7.01e-06,3843625415450.0,1632959999999,27131698.11996875,73056,1852967926780.0,13096064.80003918,0
2021-09-30,7.02e-06,7.43e-06,7e-06,7.2e-06,5130361477431.0,1633046399999,36843396.87748742,100085,2655750569446.0,19085045.79916533,0
2021-10-01,7.21e-06,7.79e-06,7.16e-06,7.7e-06,7521795638115.0,1633132799999,56177804.44504189,150513,4000586777648.0,29892637.3481428,0
2021-10-02,7.7e-06,8.24e-06,7.42e-06,7.86e-06,9152821421315.0,1633219199999,71638475.41729811,197547,4601504980126.0,36050690.00333559,0
2021-10-03,7.87e-06,9.03e-06,7.65e-06,8.54e-06,19124476642927.0,1633305599999,160913209.1478406,414526,9824823237573.0,82742897.70959607,0
2021-10-04,8.55e-06,1.514e-05,8.2e-06,1.348e-05,136519031183358.0,1633391999999,1609851558.71828,2862583,71575913874084.0,843390290.3270825,0
2021-10-05,1.348e-05,2.01e-05,1.211e-05,1.732e-05,185823916847976.0,1633478399999,3018023292.158788,4378857,94472198025966.0,1538116714.991836,0
2021-10-06,1.732e-05,2.893e-05,1.657e-05,2.787e-05,190443300967866.0,1633564799999,4365178584.024285,6057008,98069785924285.0,2251524156.240776,0
2021-10-07,2.787e-05,3.528e-05,2.058e-05,2.29e-05,246104304402694.0,1633651199999,6989917012.883075,8863149,122064332166743.0,3479496231.2326665,0
2021-10-08,2.291e-05,2.95e-05,2.06e-05,2.725e-05,138378491441526.0,1633737599999,3509457903.7746234,4850472,69910326182359.0,1774998028.007704,0
2021-10-09,2.726e-05,3.02e-05,2.442e-05,2.67e-05,69429324203926.0,1633823999999,1898840615.0174809,2692026,34839536743677.0,954516256.61029,0
2021-10-10,2.669e-05,2.787e-05,2.506e-05,2.613e-05,36095792941358.0,1633910399999,952498859.8795571,1429700,17911696208317.0,473200503.42608094,0
2021-10-11,2.613e-05,3.2e-05,2.58e-05,3.065e-05,72557577941657.0,1633996799999,2141560518.1523268,3156616,37149214092323.0,1096029728.322762,0
2021-10-12,3.065e-05,3.16e-05,2.732e-05,2.904e-05,48794059445218.0,1634083199999,1437806654.3342855,2017213,24157684522836.0,712463246.4054122,0
2021-10-13,2.903e-05,3.073e-05,2.757e-05,2.907e-05,27877783172087.0,1634169599999,805872009.5301569,1096368,14007011282008.0,405166813.30058616,0
2021-10-14,2.907e-05,2.985e-05,2.6e-05,2.743e-05,26305044296516.0,1634255999999,742490241.1529093,1157940,12729599490405.0,359717377.1023084,0
2021-10-15,2.742e-05,2.757e-05,2.333e-05,2.525e-05,44396951959423.0,1634342399999,1131688623.1910796,1805571,21438032417047.0,547101843.0874617,0
2021-10-16,2.525e-05,2.66e-05,2.47e-05,2.571e-05,18385780924499.0,1634428799999,472318358.31287295,760668,9242349429349.0,237448598.01874152,0
2021-10-17,2.57e-05,2.9e-05,2.37e-05,2.774e-05,21922530954957.0,1634515199999,579335614.0874405,1106113,11075404894679.0,293270998.8538088,0
2021-10-18,2.775e-05,2.963e-05,2.638e-05,2.863e-05,40183178302256.0,1634601599999,1130698978.4951572,1856048,20592591676178.0,579823965.1937919,0
2021-10-19,2.864e-05,2.919e-05,2.753e-05,2.802e-05,15274666838352.0,1634687999999,431268344.6819501,614030,7349316828280.0,207643366.8142582,0
2021-10-20,2.803e-05,2.96e-05,2.716e-05,2.922e-05,14694030377294.0,1634774399999,413100186.04755074,750592,7600124184123.0,213967307.972721,0
2021-10-21,2.923e-05,2.924e-05,2.7e-05,2.748e-05,13483291830586.0,1634860799999,380404456.8504631,681966,6353280208544.0,179421912.54874596,0
2021-10-22,2.747e-05,2.85e-05,2.702e-05,2.794e-05,10640093014043.0,1634947199999,294584689.50123584,517992,5335880339378.0,147783951.74585837,0
2021-10-23,2.794e-05,3.46e-05,2.759e-05,3.384e-05,41345879310820.0,1635033599999,1322130529.716261,2653695,21596920189620.0,689826831.0353655,0
2021-10-24,3.384e-05,4.465e-05,3.286e-05,3.605e-05,122382291462285.0,1635119999999,4780455970.152538,8160494,62110103083005.0,2428602695.620408,0
2021-10-25,3.605e-05,4.365e-05,3.493e-05,4.23e-05,55683030231723.0,1635206399999,2228870508.4094987,3626139,28654574538113.0,1147806605.3626149,0
2021-10-26,4.229e-05,4.96e-05,4.044e-05,4.796e-05,65185354432996.0,1635292799999,2995136959.3090487,4809042,33369699374623.0,1533881707.642851,0
2021-10-27,4.797e-05,8.8e-05,4.65e-05,7.906e-05,159140214097788.0,1635379199999,10287386183.625053,15920580,82782537871442.0,5352821971.851269,0
2021-10-28,7.906e-05,8.854e-05,5.7e-05,6.887e-05,137183379558887.0,1635465599999,9822313807.5951,14970382,68345976307418.0,4911910665.007633,0
2021-10-29,6.886e-05,7.747e-05,6.1e-05,7.49e-05,57543502861683.0,1635551999999,4064788414.8060737,6291721,29052941237334.0,2053787444.7765296,0
2021-10-30,7.489e-05,7.8e-05,6.15e-05,6.532e-05,32594253338226.0,1635638399999,2309245348.9773216,3502900,15741068818576.0,1118266964.374334,0
2021-10-31,6.531e-05,6.959e-05,5.808e-05,6.697e-05,31386990549782.0,1635724799999,2041457133.2052824,3340648,15695260617210.0,1022657737.7248966,0
2021-11-01,6.697e-05,7.494e-05,6.57e-05,7.15e-05,29336188952630.0,1635811199999,2096234818.63046,3534873,14787709572332.0,1057103608.71488,0
2021-11-02,7.15e-05,7.296e-05,6.65e-05,6.918e-05,18612476991846.0,1635897599999,1296747965.9395392,2124919,9200827993032.0,641289832.9163852,0
2021-11-03,6.919e-05,6.922e-05,5.286e-05,5.547e-05,28257239394032.0,1635983999999,1756712299.602952,3066892,13302621675293.0,827852616.4327358,0
2021-11-04,5.546e-05,6.097e-05,4.312e-05,4.937e-05,69434105433938.0,1636070399999,3550732772.6107807,5582577,33809907810548.0,1732415875.3516166,0
2021-11-05,4.938e-05,6.547e-05,4.541e-05,6.256e-05,64343495731005.0,1636156799999,3559828117.5560927,5683924,32426154844040.0,1796648259.3352163,0
2021-11-06,6.257e-05,6.314e-05,5.49e-05,5.862e-05,34371921859656.0,1636243199999,2019795284.9434836,3181696,16667668064323.0,979726617.9409059,0
2021-11-07,5.861e-05,5.968e-05,5.584e-05,5.69e-05,16270271381514.0,1636329599999,936511606.4205525,1304836,8134569449426.0,468340625.08194774,0
2021-11-08,5.69e-05,5.9e-05,5.272e-05,5.517e-05,24005429554564.0,1636415999999,1332373950.5503652,2162052,11721482126678.0,650931354.7924528,0
2021-11-09,5.516e-05,5.85e-05,5.33e-05,5.484e-05,15798759852983.0,1636502399999,885080652.9307951,1512610,7821901262186.0,438405911.35910416,0
2021-11-10,5.485e-05,5.525e-05,4.6e-05,5.027e-05,23066467501868.0,1636588799999,1177694499.990893,2039090,11233400011716.0,574276909.8212872,0
2021-11-11,5.026e-05,5.798e-05,4.833e-05,5.654e-05,28850178484019.0,1636675199999,1554609933.5645945,2798822,14652455640187.0,789634283.4091305,0
2021-11-12,5.654e-05,5.698e-05,5.133e-05,5.235e-05,14700043529290.0,1636761599999,780430217.0978262,1234752,7179268236399.0,381056858.5439564,0
2021-11-13,5.235e-05,5.28e-05,5.055e-05,5.168e-05,8134280391784.0,1636847999999,420456401.2569224,698085,4081927917389.0,211046726.57669964,0
2021-11-14,5.168e-05,5.64e-05,5.153e-05,5.314e-05,12715968872848.0,1636934399999,678529038.1811985,1193569,6372336936887.0,340193041.5314624,0
2021-11-15,5.314e-05,5.599e-05,5.228e-05,5.343e-05,12771755191144.0,1637020799999,688592672.7664818,1204034,6257379145260.0,337487551.49143636,0
2021-11-16,5.343e-05,5.354e-05,4.51e-05,4.831e-05,21365363650600.0,1637107199999,1062063717.1503547,1799109,10388468818091.0,516665550.97026247,0
2021-11-17,4.831e-05,4.988e-05,4.663e-05,4.814e-05,12075458758914.0,1637193599999,583634522.641054,867562,6148564466356.0,297198029.4751844,0
2021-11-18,4.815e-05,4.9e-05,4.051e-05,4.251e-05,20861636622974.0,1637279999999,924862344.3597116,1475132,10167800585018.0,450923606.1372715,0
2021-11-19,4.252e-05,5.217e-05,4.177e-05,4.851e-05,24145782947742.0,1637366399999,1144454725.278509,2030169,12192564328039.0,577176451.2712511,0
2021-11-20,4.85e-05,5e-05,4.554e-05,4.766e-05,14565274718156.0,1637452799999,695416185.0733151,1064396,7277401705350.0,347543623.61885434,0
2021-11-21,4.766e-05,4.774e-05,4.346e-05,4.411e-05,9714699482601.0,1637539199999,442606652.3821846,790897,4858782837582.0,221432226.8498124,0
2021-11-22,4.412e-05,4.626e-05,4.27e-05,4.325e-05,10770820744731.0,1637625599999,475990194.860688,828732,5375586440043.0,237561671.71506473,0
2021-11-23,4.324e-05,4.452e-05,4.101e-05,4.19e-05,11307551259265.0,1637711999999,480128042.2002497,851546,5505784644088.0,233787089.12968916,0
2021-11-24,4.19e-05,4.285e-05,3.602e-05,3.785e-05,23189495605733.0,1637798399999,899360667.084571,1502745,11597902629824.0,449822207.50814074,0
2021-11-25,3.785e-05,4.792e-05,3.765e-05,4.269e-05,38170738924639.0,1637884799999,1615973712.660068,2958463,18846955567394.0,797885079.6237392,0
2021-11-26,4.27e-05,4.288e-05,3.56e-05,3.867e-05,24840878969548.0,1637971199999,969922511.416006,1551772,12026911238776.0,469797755.15794253,0
2021-11-27,3.866e-05,4.168e-05,3.816e-05,3.92e-05,13650192851497.0,1638057599999,540232710.0043685,869701,6788082439431.0,268710016.18787193,0
2021-11-28,3.92e-05,3.956e-05,3.62e-05,3.911e-05,13321003110788.0,1638143999999,504626054.0146672,723434,6580636276228.0,249373242.49477655,0
2021-11-29,3.911e-05,4.586e-05,3.83e-05,4.522e-05,22898513123075.0,1638230399999,952266681.9680272,1685579,11445838423871.0,476122261.5169413,0
2021-11-30,4.522e-05,5.435e-05,4.331e-05,4.744e-05,57387780567997.0,1638316799999,2812416863.18912,5324373,28324097934539.0,1389032509.15167,0
2021-12-01,4.745e-05,4.878e-05,4.351e-05,4.414e-05,21815023771725.0,1638403199999,1000015362.4370868,1622186,10660524165193.0,488776853.6069915,0
2021-12-02,4.414e-05,4.423e-05,4.1e-05,4.22e-05,13534745809501.0,1638489599999,576144514.6687124,937393,6670743959101.0,284070129.312533,0
2021-12-03,4.219e-05,4.485e-05,3.9e-05,4.039e-05,17789846643917.0,1638575999999,745010566.5742016,1329307,8720737071610.0,365531653.4082011,0
2021-12-04,4.038e-05,4.05e-05,2.952e-05,3.639e-05,30155152339504.0,1638662399999,1087439013.0218265,1859622,14677487506196.0,529300345.1573105,0
2021-12-05,3.639e-05,3.83e-05,3.409e-05,3.622e-05,16897500204393.0,1638748799999,611823349.9949806,931952,8632880921512.0,312807063.0424031,0
2021-12-06,3.623e-05,3.759e-05,3.269e-05,3.677e-05,16312440144399.0,1638835199999,568909832.0610434,879902,8361356532224.0,291726001.0023128,0
2021-12-07,3.677e-05,3.878e-05,3.561e-05,3.625e-05,12814215878129.0,1638921599999,479463613.7284469,739370,6451330267040.0,241424457.34334016,0
2021-12-08,3.624e-05,3.763e-05,3.558e-05,3.698e-05,8178198224933.0,1639007999999,300630272.72534007,500601,4047632191473.0,148845210.14509967,0
2021-12-09,3.696e-05,3.729e-05,3.417e-05,3.466e-05,7367061258732.0,1639094399999,265280141.51433572,465431,3603296384045.0,129811742.6702427,0
2021-12-10,3.466e-05,3.618e-05,3.333e-05,3.346e-05,6951538947284.0,1639180799999,242340813.49743357,418165,3442060165867.0,120078699.297906,0
2021-12-11,3.344e-05,3.501e-05,3.309e-05,3.443e-05,6138308218184.0,1639267199999,208811490.4446451,348568,3135163484110.0,106676860.7374042,0
2021-12-12,3.444e-05,3.785e-05,3.377e-05,3.656e-05,9818391204458.0,1639353599999,353555702.5612794,624184,4910920506840.0,176617100.15279347,0
2021-12-13,3.657e-05,3.684e-05,3.156e-05,3.29e-05,11057228801145.0,1639439999999,377059192.18913466,658537,5387464690282.0,183857186.92142513,0
2021-12-14,3.29e-05,3.564e-05,3.242e-05,3.398e-05,10372525282477.0,1639526399999,349784524.31793106,616977,5206521247972.0,175622358.53976887,0
2021-12-15,3.397e-05,3.439e-05,3.19e-05,3.381e-05,8094411561817.0,1639612799999,270709908.4097768,478913,3987004629274.0,133349386.0394157,0
2021-12-16,3.381e-05,3.463e-05,3.262e-05,3.271e-05,6375860336750.0,1639699199999,214989879.41845876,380031,3063996474210.0,103366516.28407618,0
2021-12-17,3.271e-05,3.319e-05,3.019e-05,3.115e-05,8737902925639.0,1639785599999,276544169.19062066,475405,4208651407154.0,133171411.78582779,0
2021-12-18,3.116e-05,3.218e-05,3.077e-05,3.141e-05,4684460158353.0,1639871999999,147719648.8049474,276069,2425951593122.0,76501531.80278008,0
2021-12-19,3.141e-05,3.188e-05,3.062e-05,3.077e-05,3629833552408.0,1639958399999,113786023.26675448,233554,1767618985342.0,55437357.84524777,0
2021-12-20,3.077e-05,3.376e-05,2.824e-05,3.122e-05,14110247605977.0,1640044799999,429767992.7330499,786474,7083285214025.0,215862564.8179214,0
2021-12-21,3.123e-05,3.35e-05,3.096e-05,3.283e-05,10163337551738.0,1640131199999,329090259.9914639,586347,5245138265137.0,169871967.2224872,0
2021-12-22,3.284e-05,3.785e-05,3.25e-05,3.503e-05,17151083407511.0,1640217599999,608613634.1889532,1168295,8535091966751.0,302843214.03514487,0
2021-12-23,3.503e-05,3.9e-05,3.44e-05,3.868e-05,13840251162142.0,1640303999999,503464841.7513815,904178,7129607701228.0,259457741.22852543,0
2021-12-24,3.868e-05,3.987e-05,3.574e-05,3.62e-05,12253979887334.0,1640390399999,466414809.30705565,845831,5932640450231.0,225887194.66039744,0
2021-12-25,3.62e-05,3.833e-05,3.587e-05,3.771e-05,7003413956521.0,1640476799999,260406871.37489527,447736,3535647029195.0,131536753.7939015,0
2021-12-26,3.771e-05,3.901e-05,3.656e-05,3.824e-05,7452470698714.0,1640563199999,282156998.74060106,468482,3700764309769.0,140155378.40232027,0
2021-12-27,3.825e-05,3.948e-05,3.773e-05,3.909e-05,7500705930522.0,1640649599999,289670491.7188208,508178,3731337690798.0,144152443.55090913,0
2021-12-28,3.908e-05,3.909e-05,3.413e-05,3.493e-05,11630101084580.0,1640735999999,420666315.24610853,661420,5689544123974.0,205689030.7341765,0
2021-12-29,3.492e-05,3.628e-05,3.31e-05,3.364e-05,7525221418332.0,1640822399999,260766430.57314476,419421,3632749394368.0,125897881.21395868,0
2021-12-30,3.365e-05,3.437e-05,3.291e-05,3.375e-05,5909793866171.0,1640908799999,199765154.92930952,327472,2868115267504.0,96967390.73079471,0
2021-12-31,3.375e-05,3.465e-05,3.262e-05,3.337e-05,5588760741830.0,1640995199999,189122029.91624784,313951,2690505425899.0,91091329.7062069,0
2022-01-01,3.337e-05,3.42e-05,3.334e-05,3.415e-05,3309069024700.0,1641081599999,111916222.58982173,188684,1736254004520.0,58738956.89398489,0
2022-01-02,3.415e-05,3.445e-05,3.344e-05,3.401e-05,3222778208768.0,1641167999999,109326225.85073449,208904,1638358065501.0,55575385.60590228,0
2022-01-03,3.401e-05,3.41e-05,3.214e-05,3.304e-05,3940445529472.0,1641254399999,131417289.07105476,278471,1956445941171.0,65270812.50802663,0
2022-01-04,3.305e-05,3.35e-05,3.227e-05,3.243e-05,4074428519347.0,1641340799999,133959125.49905804,259193,2006595688716.0,65976359.67611401,0
2022-01-05,3.242e-05,3.3e-05,2.858e-05,3.038e-05,7335407224940.0,1641427199999,229111533.07511243,490542,3578264889354.0,111953770.57987437,0
2022-01-06,3.037e-05,3.183e-05,2.915e-05,3.075e-05,6550552744516.0,1641513599999,197266608.95637447,409263,3331935331954.0,100344543.49943615,0
2022-01-07,3.074e-05,3.087e-05,2.846e-05,2.901e-05,7813269018383.0,1641599999999,229382715.67198935,423205,3914797719913.0,114953368.31050168,0
2022-01-08,2.901e-05,2.993e-05,2.641e-05,2.772e-05,6977091134719.0,1641686399999,196571076.41143113,399373,3364377645902.0,94807118.91028516,0
2022-01-09,2.772e-05,2.911e-05,2.749e-05,2.825e-05,4330381452616.0,1641772799999,122885676.7280957,247854,2215084170168.0,62880410.6483212,0
2022-01-10,2.826e-05,2.873e-05,2.537e-05,2.669e-05,7350541798203.0,1641859199999,198173319.91671816,358646,3640763105306.0,98182088.64095816,0
2022-01-11,2.669e-05,2.829e-05,2.631e-05,2.763e-05,6267275795414.0,1641945599999,171060064.36661974,323813,3200066887627.0,87327718.410569,0
2022-01-12,2.762e-05,3.269e-05,2.754e-05,3.145e-05,10396862396461.0,1642031999999,319093429.56711954,660352,5266817549901.0,161518621.2940549,0
2022-01-13,3.146e-05,3.29e-05,2.921e-05,2.966e-05,10672591654830.0,1642118399999,331285331.8737072,561926,5040509776645.0,156570040.95935887,0
2022-01-14,2.965e-05,3.26e-05,2.925e-05,3.078e-05,9899541935215.0,1642204799999,308127961.3037816,521020,4912674301708.0,152826809.73221698,0
2022-01-15,3.078e-05,3.151e-05,3.052e-05,3.083e-05,4187869362247.0,1642291199999,129951460.55713852,235846,2100908691676.0,65215621.13391493,0
2022-01-16,3.083e-05,3.102e-05,3.008e-05,3.049e-05,3710941080855.0,1642377599999,113179157.29932834,216095,1813494360029.0,55317007.98896847,0
2022-01-17,3.049e-05,3.058e-05,2.825e-05,2.882e-05,4753892667789.0,1642463999999,138716058.65446788,279550,2311200668986.0,67441446.05771606,0
2022-01-18,2.882e-05,2.955e-05,2.743e-05,2.806e-05,5749404920409.0,1642550399999,161979908.94769022,275212,2939386719428.0,82824690.82902773,0
2022-01-19,2.806e-05,2.827e-05,2.708e-05,2.726e-05,4069566726663.0,1642636799999,112729651.81082134,214077,2016766566626.0,55879712.94133116,0
2022-01-20,2.727e-05,2.881e-05,2.624e-05,2.644e-05,4803835576316.0,1642723199999,133199765.61928034,268026,2307404817931.0,64113148.04373795,0
2022-01-21,2.644e-05,2.684e-05,2.158e-05,2.224e-05,13138218492658.0,1642809599999,320879809.7269727,588438,6321321633469.0,154429252.4096832,0
2022-01-22,2.224e-05,2.252e-05,1.704e-05,2.053e-05,26005741167735.0,1642895999999,513169012.0152632,873444,13092297386121.0,258148941.0851126,0
2022-01-23,2.053e-05,2.37e-05,2.044e-05,2.246e-05,18365277383606.0,1642982399999,408667933.84700394,680131,9190051864257.0,204536429.72209752,0
2022-01-24,2.246e-05,2.329e-05,1.865e-05,2.12e-05,21158252191330.0,1643068799999,432464613.55461705,718831,10512118433142.0,215168709.07702687,0
2022-01-25,2.119e-05,2.165e-05,2.003e-05,2.101e-05,10538059274252.0,1643155199999,220505103.27130687,393767,5221869173711.0,109418969.74875309,0
2022-01-26,2.102e-05,2.353e-05,2.048e-05,2.11e-05,11436666012607.0,1643241599999,250203004.73251805,481339,5624964897307.0,123122371.81026857,0
2022-01-27,2.11e-05,2.181e-05,1.994e-05,2.128e-05,7878550347411.0,1643327999999,164154890.4191956,311802,3995938940337.0,83296298.16503534,0
2022-01-28,2.127e-05,2.141e-05,2.035e-05,2.122e-05,4613886313214.0,1643414399999,96575061.90391608,208938,2316567073298.0,48510290.68273642,0
2022-01-29,2.122e-05,2.24e-05,2.112e-05,2.167e-05,4817295140441.0,1643500799999,104117936.39225376,238222,2452561218491.0,53043296.88853064,0
2022-01-30,2.167e-05,2.22e-05,2.083e-05,2.11e-05,4188370400634.0,1643587199999,90306995.56622513,198490,2011318020623.0,43390091.71256068,0
2022-01-31,2.11e-05,2.158e-05,2.005e-05,2.142e-05,4349424740029.0,1643673599999,91018271.35278608,198737,2183499511482.0,45720036.41921698,0
2022-02-01,2.143e-05,2.2e-05,2.113e-05,2.168e-05,4205647406522.0,1643759999999,91095906.97033475,212982,2100559665796.0,45515791.77902561,0
2022-02-02,2.168e-05,2.189e-05,2.028e-05,2.061e-05,4563139920675.0,1643846399999,96527302.2880132,221235,2131593470726.0,45108448.47977471,0
2022-02-03,2.061e-05,2.085e-05,2.013e-05,2.075e-05,3687629060401.0,1643932799999,75704218.16101971,152774,1908983458593.0,39208907.76659692,0
2022-02-04,2.075e-05,2.232e-05,2.052e-05,2.219e-05,6004843784896.0,1644019199999,128827800.05508198,257748,3097020608718.0,66451026.95779754,0
2022-02-05,2.219e-05,2.388e-05,2.203e-05,2.25e-05,7828547973896.0,1644105599999,179649712.08895665,387336,3748871202666.0,86041357.54694346,0
2022-02-06,2.249e-05,2.9e-05,2.223e-05,2.849e-05,18128679133898.0,1644191999999,473459037.3286128,1139100,9217514131718.0,240683183.80759728,0
2022-02-07,2.848e-05,3.523e-05,2.707e-05,3.256e-05,37635970092976.0,1644278399999,1179482497.6210403,2498985,18867125104697.0,592060833.7603912,0
2022-02-08,3.256e-05,3.51e-05,2.942e-05,3.096e-05,29706414973993.0,1644364799999,953256090.9393309,1731952,14776285337120.0,474528013.08907515,0
2022-02-09,3.097e-05,3.411e-05,3.042e-05,3.294e-05,18285704329618.0,1644451199999,593380317.6654687,1061008,9097012893049.0,295180341.67791426,0
2022-02-10,3.295e-05,3.372e-05,3.052e-05,3.083e-05,15245288980540.0,1644537599999,489641917.7437719,801607,7477961541173.0,240316734.80253315,0
2022-02-11,3.083e-05,3.239e-05,2.79e-05,2.87e-05,13095018731265.0,1644623999999,398041000.2048777,650921,6424819580605.0,195489357.4864719,0
2022-02-12,2.87e-05,2.981e-05,2.743e-05,2.914e-05,10836083960652.0,1644710399999,311212431.5824602,508462,5322557684739.0,152931600.63415065,0
2022-02-13,2.914e-05,3.222e-05,2.836e-05,3.013e-05,13173453959060.0,1644796799999,401023965.8385467,692802,6601576990123.0,201002119.73833472,0
2022-02-14,3.013e-05,3.087e-05,2.86e-05,2.957e-05,9422096053384.0,1644883199999,279954458.7096678,484200,4687610029766.0,139317682.68859848,0
2022-02-15,2.958e-05,3.184e-05,2.954e-05,3.124e-05,9424765276333.0,1644969599999,291298854.6927032,469065,4810106704903.0,148654193.24624625,0
2022-02-16,3.125e-05,3.16e-05,2.99e-05,3.092e-05,7378826484346.0,1645055999999,226347192.302047,421597,3619858397121.0,111097607.58792412,0
2022-02-17,3.092e-05,3.253e-05,2.77e-05,2.82e-05,14652599105651.0,1645142399999,443995914.69207376,748238,6982774876337.0,211850509.53222913,0
2022-02-18,2.82e-05,2.996e-05,2.78e-05,2.81e-05,9542971162745.0,1645228799999,274037019.8191376,427901,4757764449154.0,136674542.9003147,0
2022-02-19,2.811e-05,2.895e-05,2.692e-05,2.749e-05,5856789978190.0,1645315199999,163525669.32223123,304368,2917109732367.0,81500765.02660047,0
2022-02-20,2.748e-05,2.76e-05,2.489e-05,2.547e-05,8355800773126.0,1645401599999,214329799.21826133,399849,4134628346884.0,106079850.98111597,0
2022-02-21,2.547e-05,2.755e-05,2.392e-05,2.405e-05,14980148181281.0,1645487999999,391464225.25504863,619442,7516893988074.0,196727058.56199968,0
2022-02-22,2.404e-05,2.527e-05,2.31e-05,2.495e-05,11289730166885.0,1645574399999,273583797.38848275,398263,5875426748259.0,142429260.843706,0
2022-02-23,2.495e-05,2.74e-05,2.457e-05,2.486e-05,14197749061908.0,1645660799999,368983237.4646455,595644,7375796204332.0,191803122.26365885,0
2022-02-24,2.486e-05,2.532e-05,2.071e-05,2.384e-05,29891042605376.0,1645747199999,681050991.6957672,991239,15112472231007.0,344545720.68386257,0
2022-02-25,2.385e-05,2.509e-05,2.302e-05,2.488e-05,13528494448667.0,1645833599999,327100575.578927,466097,6980813921337.0,168884970.5826134,0
2022-02-26,2.488e-05,2.595e-05,2.42e-05,2.444e-05,8101142463609.0,1645919999999,201287638.6355766,308411,4065526111993.0,101052971.42948239,0
2022-02-27,2.445e-05,2.502e-05,2.306e-05,2.342e-05,9268099878622.0,1646006399999,222283493.58576995,309564,4562313367199.0,109472609.74426284,0
2022-02-28,2.343e-05,2.6e-05,2.28e-05,2.579e-05,11816707981977.0,1646092799999,289610873.9436896,403004,6172782120883.0,151337289.14460593,0
2022-03-01,2.58e-05,2.861e-05,2.534e-05,2.713e-05,15259271232127.0,1646179199999,406305959.90552,674685,7866892228522.0,209473834.2528777,0
2022-03-02,2.713e-05,2.719e-05,2.552e-05,2.59e-05,10182047088383.0,1646265599999,268761414.7125056,398899,5035496627166.0,132976177.89678492,0
2022-03-03,2.591e-05,2.618e-05,2.445e-05,2.506e-05,7046341342356.0,1646351999999,178921854.66832435,270461,3416963982331.0,86792301.92720117,0
2022-03-04,2.506e-05,2.526e-05,2.305e-05,2.358e-05,7666077240403.0,1646438399999,186869973.86932057,272162,3666941384131.0,89424052.78388327,0
2022-03-05,2.358e-05,2.499e-05,2.31e-05,2.462e-05,5035468153658.0,1646524799999,121781863.9950418,223896,2496351916020.0,60412429.30396303,0
2022-03-06,2.462e-05,2.48e-05,2.341e-05,2.352e-05,4414630243609.0,1646611199999,105646423.19272712,173278,2074636827297.0,49689241.81576294,0
2022-03-07,2.352e-05,2.388e-05,2.218e-05,2.28e-05,6562716455601.0,1646697599999,151715752.6091321,299708,3187125401425.0,73712743.77004535,0
2022-03-08,2.279e-05,2.355e-05,2.248e-05,2.291e-05,4986439222242.0,1646783999999,115088544.91078502,184087,2486963974913.0,57415683.8036502,0
2022-03-09,2.291e-05,2.46e-05,2.287e-05,2.385e-05,7043230643998.0,1646870399999,168893976.69229114,303534,3565720804345.0,85489990.88249648,0
2022-03-10,2.384e-05,2.39e-05,2.235e-05,2.26e-05,6624768766580.0,1646956799999,151492696.0017507,301434,3071720196952.0,70257853.43933573,0
2022-03-11,2.26e-05,2.312e-05,2.187e-05,2.205e-05,5938952440169.0,1647043199999,133055656.88920426,244993,2760464174037.0,61911420.88073967,0
2022-03-12,2.206e-05,2.273e-05,2.201e-05,2.213e-05,3129075300132.0,1647129599999,69915857.08465195,121616,1518814900784.0,33948895.15993217,0
2022-03-13,2.213e-05,2.328e-05,2.12e-05,2.15e-05,4989808629966.0,1647215999999,111150786.21490943,188805,2520376944772.0,56159879.30083801,0
2022-03-14,2.15e-05,2.247e-05,2.128e-05,2.202e-05,4461484140960.0,1647302399999,97380392.07320704,164773,2228889072296.0,48639760.24762341,0
2022-03-15,2.203e-05,2.212e-05,2.124e-05,2.162e-05,3840480904604.0,1647388799999,83128654.90442985,155956,1852916340803.0,40143272.63164715,0
2022-03-16,2.161e-05,2.275e-05,2.15e-05,2.273e-05,6407012878302.0,1647475199999,141163851.77548203,225996,3277469174679.0,72234717.74050552,0
2022-03-17,2.273e-05,2.281e-05,2.206e-05,2.218e-05,4181968881923.0,1647561599999,93948557.06436215,155465,2087293182050.0,46904212.55437292,0
2022-03-18,2.217e-05,2.267e-05,2.165e-05,2.233e-05,5025429692630.0,1647647999999,110941870.1650798,188372,2610475963101.0,57652704.34097956,0
2022-03-19,2.234e-05,2.555e-05,2.218e-05,2.413e-05,14573535480155.0,1647734399999,350366675.31269026,586796,7591831059457.0,182368131.879668,0
2022-03-20,2.412e-05,2.446e-05,2.253e-05,2.311e-05,8610233047747.0,1647820799999,202081734.9679201,299779,4295901583184.0,100875953.06471825,0
2022-03-21,2.311e-05,2.347e-05,2.23e-05,2.292e-05,5484288899082.0,1647907199999,125782409.09502432,199822,2692063760011.0,61771066.40313992,0
2022-03-22,2.293e-05,2.406e-05,2.289e-05,2.345e-05,7380493644921.0,1647993599999,174211324.22816482,251002,3691895837272.0,87148026.50764784,0
2022-03-23,2.344e-05,2.51e-05,2.306e-05,2.442e-05,9036438627405.0,1648079999999,216740268.51100227,332746,4636512003426.0,111288006.82554445,0
2022-03-24,2.441e-05,2.535e-05,2.404e-05,2.468e-05,9304879663259.0,1648166399999,229764408.83296305,375399,4789184096635.0,118303061.14313485,0
2022-03-25,2.469e-05,2.542e-05,2.352e-05,2.412e-05,8492467652406.0,1648252799999,209051596.23213544,315944,4303368335976.0,105975052.96888484,0
2022-03-26,2.412e-05,2.474e-05,2.389e-05,2.442e-05,3668048607521.0,1648339199999,89353033.0458452,146279,1861592709534.0,45363116.0425848,0
2022-03-27,2.441e-05,2.567e-05,2.414e-05,2.557e-05,7035606517160.0,1648425599999,174705889.7671295,273607,3746961197447.0,93105257.74198242,0
2022-03-28,2.557e-05,2.966e-05,2.527e-05,2.653e-05,23175961783807.0,1648511999999,642182052.6301001,1096347,11785634379903.0,326480099.946506,0
2022-03-29,2.652e-05,2.844e-05,2.635e-05,2.736e-05,11937993341335.0,1648598399999,326438664.91733444,543647,5913561277261.0,161826351.37629977,0
2022-03-30,2.735e-05,2.866e-05,2.617e-05,2.744e-05,10292358352347.0,1648684799999,282181997.85153025,474380,5188863743990.0,142339867.37490737,0
2022-03-31,2.745e-05,2.809e-05,2.548e-05,2.585e-05,9357366814095.0,1648771199999,251127388.20216233,399092,4523548832614.0,121468973.01549104,0
2022-04-01,2.584e-05,2.65e-05,2.458e-05,2.614e-05,7918586384278.0,1648857599999,203136386.3757222,361237,3799407015292.0,97551863.472849,0
2022-04-02,2.615e-05,2.75e-05,2.57e-05,2.582e-05,9388735708266.0,1648943999999,250743232.3956122,452646,5173126411369.0,138335112.859381,0
2022-04-03,2.58e-05,2.737e-05,2.55e-05,2.683e-05,6031203935598.0,1649030399999,160291738.5732194,297957,3131401790544.0,83221217.57730667,0
2022-04-04,2.683e-05,2.754e-05,2.557e-05,2.645e-05,7867944752555.0,1649116799999,209464885.41551057,383632,3876876231375.0,103370648.59420124,0
2022-04-05,2.645e-05,2.847e-05,2.621e-05,2.676e-05,10735621800964.0,1649203199999,290965071.9542254,517884,5405611142826.0,146596457.0606923,0
2022-04-06,2.675e-05,2.683e-05,2.416e-05,2.436e-05,8824295978042.0,1649289599999,223627624.37053204,457892,3994160370772.0,101197390.32538567,0
2022-04-07,2.435e-05,2.527e-05,2.39e-05,2.479e-05,4622592258759.0,1649375999999,113994103.7778502,218562,2237271707309.0,55192552.03452702,0
2022-04-08,2.479e-05,2.517e-05,2.35e-05,2.381e-05,4060989111900.0,1649462399999,99477598.00798468,187848,1949001532225.0,47755605.00843283,0
2022-04-09,2.381e-05,2.463e-05,2.368e-05,2.459e-05,3006853678345.0,1649548799999,72204242.80664678,128714,1411531915520.0,33898620.64155606,0
2022-04-10,2.459e-05,2.544e-05,2.436e-05,2.446e-05,3886000103844.0,1649635199999,96592264.3334729,187182,1843084711419.0,45837736.77651627,0
2022-04-11,2.446e-05,2.463e-05,2.183e-05,2.218e-05,6047011810726.0,1649721599999,140777535.9748963,258005,2703416017097.0,62937579.5008659,0
2022-04-12,2.217e-05,3e-05,2.191e-05,2.7e-05,37619440140686.0,1649807999999,1001179036.205428,1635306,18956888575436.0,504913837.92778367,0
2022-04-13,2.695e-05,2.815e-05,2.562e-05,2.694e-05,17024710600151.0,1649894399999,454888315.7494595,740374,8585216784445.0,229575324.19461763,0
2022-04-14,2.693e-05,2.744e-05,2.519e-05,2.578e-05,10912450704907.0,1649980799999,286618899.7467691,406895,5384774540645.0,141492190.60697952,0
2022-04-15,2.578e-05,2.625e-05,2.545e-05,2.59e-05,3582331240344.0,1650067199999,92729472.82538298,154451,1784410535837.0,46194767.89323688,0
2022-04-16,2.59e-05,2.608e-05,2.525e-05,2.559e-05,2777177962439.0,1650153599999,71430595.90154643,122547,1366510223619.0,35157694.66979362,0
2022-04-17,2.559e-05,2.606e-05,2.441e-05,2.465e-05,3895659166230.0,1650239999999,99513189.26034164,171362,1896903602755.0,48510193.76410529,0
2022-04-18,2.464e-05,2.537e-05,2.362e-05,2.523e-05,7008164551766.0,1650326399999,171978955.1844029,264778,3534594885973.0,86783834.92520829,0
2022-04-19,2.524e-05,2.561e-05,2.486e-05,2.542e-05,4669781705156.0,1650412799999,117793461.43098998,185207,2290183485563.0,57775768.34670184,0
2022-04-20,2.542e-05,2.587e-05,2.461e-05,2.483e-05,6110090477200.0,1650499199999,154176646.3495813,237432,3051932712056.0,77014547.00860572,0
2022-04-21,2.482e-05,2.54e-05,2.386e-05,2.431e-05,4991551458867.0,1650585599999,124032024.29930152,199565,2480715252555.0,61671338.94280409,0
2022-04-22,2.431e-05,2.468e-05,2.398e-05,2.429e-05,3791174459062.0,1650671999999,92217815.10531,147499,1852385458465.0,45060837.66866274,0
2022-04-23,2.429e-05,2.465e-05,2.378e-05,2.41e-05,2926396898243.0,1650758399999,70983250.72588214,118549,1419287957557.0,34434754.86624717,0
2022-04-24,2.41e-05,2.437e-05,2.352e-05,2.396e-05,2556203869787.0,1650844799999,61279074.75098929,116755,1230595118026.0,29499586.18267186,0
2022-04-25,2.395e-05,2.536e-05,2.231e-05,2.431e-05,9831193292572.0,1650931199999,234346790.00125965,401704,4872732654196.0,116217849.39072847,0
2022-04-26,2.432e-05,2.468e-05,2.256e-05,2.297e-05,7508406686357.0,1651017599999,178058378.3242449,265661,3744017751220.0,88830367.50438541,0
2022-04-27,2.298e-05,2.399e-05,2.279e-05,2.343e-05,6800601845856.0,1651103999999,158484604.76263312,201470,3484418455133.0,81193082.18581372,0
2022-04-28,2.343e-05,2.353e-05,2.267e-05,2.294e-05,4590640656872.0,1651190399999,106311407.68661356,157952,2279871691591.0,52804915.02922913,0
2022-04-29,2.294e-05,2.311e-05,2.161e-05,2.22e-05,7887569053806.0,1651276799999,177071962.74064898,214053,4063537844347.0,91185427.76590475,0
2022-04-30,2.221e-05,2.248e-05,1.837e-05,2.016e-05,8646863617875.0,1651363199999,182598177.6203322,278915,4268077290865.0,90307183.22012275,0
2022-05-01,2.017e-05,2.215e-05,1.975e-05,2.155e-05,8169619792311.0,1651449599999,171563518.21786776,246969,4222891645967.0,88681282.47323722,0
2022-05-02,2.154e-05,2.175e-05,2.015e-05,2.067e-05,6824606073856.0,1651535999999,142659656.43362495,176243,3574429944805.0,74711222.68163013,0
2022-05-03,2.068e-05,2.103e-05,1.994e-05,2.031e-05,4768520819322.0,1651622399999,98057789.16592816,125580,2508847240541.0,51602541.80981003,0
2022-05-04,2.031e-05,2.188e-05,2.026e-05,2.18e-05,6949892628809.0,1651708799999,145300106.34047195,195570,3731322733267.0,77993904.71577267,0
2022-05-05,2.18e-05,2.199e-05,1.944e-05,2.027e-05,8147497653250.0,1651795199999,168401727.69951463,235128,4099150767030.0,84746632.00650173,0
2022-05-06,2.027e-05,2.038e-05,1.95e-05,2.001e-05,6748275873919.0,1651881599999,134769998.95117188,175341,3591921674205.0,71734650.23580417,0
2022-05-07,2.001e-05,2.006e-05,1.868e-05,1.928e-05,5027320858659.0,1651967999999,98673628.37961562,148784,2516149330381.0,49378476.72489743,0
2022-05-08,1.927e-05,1.934e-05,1.823e-05,1.843e-05,7108160142821.0,1652054399999,132956299.11179437,189577,3614849280884.0,67616940.3076115,0
2022-05-09,1.843e-05,1.871e-05,1.373e-05,1.398e-05,22059180510841.0,1652140799999,355301093.22182965,623848,10723815660458.0,172373166.14361897,0
2022-05-10,1.4e-05,1.797e-05,1.352e-05,1.618e-05,25973859599826.0,1652227199999,418759484.3091728,695561,13355376762252.0,215408600.50500503,0
2022-05-11,1.618e-05,1.677e-05,1.1e-05,1.207e-05,27918355370022.0,1652313599999,393156124.5389956,786431,13884235568276.0,195544335.01147348,0
2022-05-12,1.205e-05,1.296e-05,9.07e-06,1.084e-05,26780506125377.0,1652399999999,292335703.43518007,714975,13328265171035.0,145554047.97448096,0
2022-05-13,1.084e-05,1.437e-05,1.048e-05,1.282e-05,26669244048317.0,1652486399999,347071828.72897524,680145,13619073487534.0,177123174.60695788,0
2022-05-14,1.281e-05,1.372e-05,1.14e-05,1.255e-05,13468466918956.0,1652572799999,165356885.91991603,348194,6714583880796.0,82421936.31654269,0
2022-05-15,1.256e-05,1.306e-05,1.192e-05,1.306e-05,6988198346820.0,1652659199999,86865330.61975235,183563,3664395861777.0,45538471.21876988,0
2022-05-16,1.305e-05,1.306e-05,1.174e-05,1.199e-05,7272801360235.0,1652745599999,88683175.16633129,185749,3605563502672.0,43965940.34471552,0
2022-05-17,1.199e-05,1.278e-05,1.195e-05,1.255e-05,8114909810163.0,1652831999999,100306569.40050562,191517,4070555553814.0,50327986.21580197,0
2022-05-18,1.254e-05,1.267e-05,1.145e-05,1.152e-05,5820343474790.0,1652918399999,70044781.31572653,148861,2894875076080.0,34835586.60543463,0
2022-05-19,1.152e-05,1.213e-05,1.121e-05,1.182e-05,5407306055733.0,1653004799999,63187365.0715892,158033,2811416763794.0,32837009.34416976,0
2022-05-20,1.183e-05,1.204e-05,1.13e-05,1.16e-05,4296890371714.0,1653091199999,50292296.24307759,113990,2194110639204.0,25684027.08026363,0
2022-05-21,1.16e-05,1.205e-05,1.133e-05,1.175e-05,3010058371304.0,1653177599999,35147477.62001602,84250,1487536571506.0,17372072.03422147,0
2022-05-22,1.175e-05,1.207e-05,1.163e-05,1.19e-05,3563054430368.0,1653263999999,42303135.22470001,97995,1792794239223.0,21295932.49531651,0
2022-05-23,1.19e-05,1.297e-05,1.148e-05,1.168e-05,7514228245268.0,1653350399999,91908510.06152536,188068,3734438105992.0,45663195.91384338,0
2022-05-24,1.168e-05,1.196e-05,1.125e-05,1.175e-05,5227309737575.0,1653436799999,60967968.3900609,111740,2685184426922.0,31316846.75276525,0
2022-05-25,1.175e-05,1.193e-05,1.15e-05,1.16e-05,4485917046892.0,1653523199999,52309003.99280019,98543,2309864031744.0,26940025.01988081,0
2022-05-26,1.161e-05,1.171e-05,1.03e-05,1.059e-05,9155914522358.0,1653609599999,100623102.08167998,179239,4626719828150.0,50853875.74456859,0
2022-05-27,1.059e-05,1.087e-05,1.012e-05,1.048e-05,6949305599762.0,1653695999999,72895535.05005302,154478,3511533713605.0,36837513.63208931,0
2022-05-28,1.047e-05,1.088e-05,1.041e-05,1.077e-05,2946104638823.0,1653782399999,31458371.72338893,79309,1436064316922.0,15337457.43203498,0
2022-05-29,1.078e-05,1.185e-05,1.055e-05,1.149e-05,7122079062925.0,1653868799999,80567167.5738219,154520,3826304436285.0,43277423.02594064,0
2022-05-30,1.15e-05,1.248e-05,1.129e-05,1.217e-05,8962213641722.0,1653955199999,106661280.76650757,208001,4489462932524.0,53430502.51278589,0
2022-05-31,1.218e-05,1.233e-05,1.148e-05,1.173e-05,5504395795307.0,1654041599999,65298167.31990048,149806,2737513415362.0,32485135.26741821,0
2022-06-01,1.174e-05,1.192e-05,1.052e-05,1.089e-05,5513296709607.0,1654127999999,62634653.58610109,146854,2786549502224.0,31655508.35426709,0
2022-06-02,1.09e-05,1.131e-05,1.072e-05,1.121e-05,3195335268053.0,1654214399999,35135088.84077639,86225,1676016744052.0,18428952.74007257,0
2022-06-03,1.121e-05,1.125e-05,1.053e-05,1.08e-05,3376168372526.0,1654300799999,36434704.68302791,107136,1491607321871.0,16109868.05320831,0
2022-06-04,1.081e-05,1.093e-05,1.056e-05,1.088e-05,1766067063441.0,1654387199999,19047273.44176529,60116,881667087556.0,9508623.1362084,0
2022-06-05,1.089e-05,1.098e-05,1.068e-05,1.081e-05,1688141676223.0,1654473599999,18256335.1565726,54918,830907831986.0,8990421.85767756,0
2022-06-06,1.082e-05,1.141e-05,1.078e-05,1.105e-05,3674078167539.0,1654559999999,40793705.29804157,103007,1944774113100.0,21588079.2980709,0
2022-06-07,1.106e-05,1.12e-05,1.02e-05,1.073e-05,4871592344545.0,1654646399999,52011049.78508308,128509,2303294167430.0,24592209.17209799,0
2022-06-08,1.072e-05,1.092e-05,1.052e-05,1.058e-05,2691454914592.0,1654732799999,28754599.54196315,76151,1339355098862.0,14315225.71443946,0
2022-06-09,1.059e-05,1.077e-05,1.042e-05,1.057e-05,2196288059439.0,1654819199999,23313044.49041535,63693,1049546045412.0,11143438.53948632,0
2022-06-10,1.058e-05,1.066e-05,1e-05,1.013e-05,3051242393267.0,1654905599999,31469517.56749544,84119,1496491509731.0,15437507.98595331,0
2022-06-11,1.014e-05,1.036e-05,9.12e-06,9.35e-06,5174734331061.0,1654991999999,49772594.1954708,133734,2581548561349.0,24819379.52114036,0
2022-06-12,9.36e-06,9.49e-06,8.38e-06,8.6e-06,8545674755936.0,1655078399999,76037282.29509257,192629,4235669841093.0,37680225.70800889,0
2022-06-13,8.59e-06,8.79e-06,7.42e-06,8.05e-06,14020225203009.0,1655164799999,111846596.5995928,305483,7027271534335.0,56070598.16139741,0
2022-06-14,8.06e-06,8.55e-06,7.5e-06,8.19e-06,9535861978363.0,1655251199999,77311049.93088718,213010,4774119839169.0,38720489.3090304,0
2022-06-15,8.19e-06,8.89e-06,7.6e-06,8.83e-06,10016230286721.0,1655337599999,80802694.40974864,221188,5017266364176.0,40501052.91438183,0
2022-06-16,8.83e-06,8.96e-06,7.85e-06,7.98e-06,6198244639740.0,1655423999999,51385277.43561369,153710,3144164512979.0,26051410.66142965,0
2022-06-17,7.98e-06,8.33e-06,7.94e-06,8.17e-06,3495765488339.0,1655510399999,28525302.49755402,92489,1747936371236.0,14264410.92949674,0
2022-06-18,8.18e-06,8.27e-06,7.14e-06,7.71e-06,6089619542098.0,1655596799999,47001431.18540838,147920,3007934803689.0,23205334.39021448,0
2022-06-19,7.72e-06,8.35e-06,7.39e-06,8.22e-06,5699473176803.0,1655683199999,44968458.63381737,132017,2933558831224.0,23155881.78097019,0
2022-06-20,8.22e-06,8.34e-06,7.88e-06,8.11e-06,4117505815023.0,1655769599999,33365885.13231815,99147,2086477142388.0,16908192.29297406,0
2022-06-21,8.11e-06,1.2e-05,8.01e-06,1.065e-05,33277433706018.0,1655855999999,341301293.63995296,764374,16983368760083.0,173965243.8181813,0
2022-06-22,1.065e-05,1.084e-05,9.27e-06,9.68e-06,24703311375762.0,1655942399999,247151060.362668,487259,12428839155501.0,124413369.45271204,0
2022-06-23,9.68e-06,1.045e-05,9.61e-06,1.029e-05,11902718133693.0,1656028799999,120348856.98227258,244747,6217056613990.0,62908221.64912162,0
2022-06-24,1.029e-05,1.126e-05,1.003e-05,1.082e-05,12355572272754.0,1656115199999,131979993.39883415,258158,6237224780199.0,66681415.78668965,0
2022-06-25,1.083e-05,1.199e-05,1.071e-05,1.18e-05,14857032085882.0,1656201599999,170024167.3933104,304008,7550352766226.0,86434328.51566072,0
2022-06-26,1.18e-05,1.214e-05,1.093e-05,1.098e-05,9449719269325.0,1656287999999,110199950.59332769,213047,4748265066480.0,55422212.93104631,0
2022-06-27,1.098e-05,1.173e-05,1.076e-05,1.108e-05,6589164030688.0,1656374399999,73963719.05793346,169856,3395096533973.0,38112671.48066434,0
2022-06-28,1.107e-05,1.12e-05,9.85e-06,9.98e-06,7213777629443.0,1656460799999,76650216.34129472,171537,3543044744291.0,37675746.11053514,0
2022-06-29,9.98e-06,1.074e-05,9.53e-06,1.021e-05,9314619019288.0,1656547199999,93442405.9813216,207982,4695839405552.0,47145309.20168861,0
2022-06-30,1.021e-05,1.05e-05,9.62e-06,1.035e-05,9667010710656.0,1656633599999,97116595.83240084,228682,4947493740123.0,49722674.6960006,0
2022-07-01,1.035e-05,1.061e-05,9.91e-06,1.003e-05,6793666279138.0,1656719999999,69046196.48016196,148093,3422574786128.0,34792308.00199222,0
2022-07-02,1.003e-05,1.02e-05,9.87e-06,1.007e-05,2413180157432.0,1656806399999,24264584.34527112,68717,1219811499532.0,12271121.69146597,0
2022-07-03,1.008e-05,1.014e-05,9.76e-06,1.003e-05,2321695306208.0,1656892799999,23199246.72155229,67493,1163023753285.0,11627203.64244426,0
2022-07-04,1.004e-05,1.057e-05,9.93e-06,1.047e-05,3727388343274.0,1656979199999,38129288.48764053,97432,1916173412488.0,19607980.89412391,0
2022-07-05,1.048e-05,1.099e-05,1e-05,1.033e-05,6604401878401.0,1657065599999,68995620.64154908,145519,3419201007056.0,35775294.75227264,0
2022-07-06,1.033e-05,1.055e-05,1.016e-05,1.047e-05,4069721516456.0,1657151999999,42278026.11202798,92694,2131677844616.0,22152318.75056537,0
2022-07-07,1.046e-05,1.15e-05,1.043e-05,1.127e-05,6101161867576.0,1657238399999,66336390.11035796,136885,3187239553682.0,34673680.68989107,0
2022-07-08,1.127e-05,1.16e-05,1.07e-05,1.119e-05,8836563870103.0,1657324799999,98856490.97855587,187132,4481838329666.0,50167846.02798874,0
2022-07-09,1.12e-05,1.19e-05,1.102e-05,1.162e-05,5494678509631.0,1657411199999,63157218.58618115,122767,2814172667929.0,32368337.136037,0
2022-07-10,1.162e-05,1.167e-05,1.093e-05,1.122e-05,4424164709746.0,1657497599999,49754675.61843743,101045,2098952382893.0,23613320.75898071,0
2022-07-11,1.121e-05,1.122e-05,1.02e-05,1.031e-05,4853655846719.0,1657583999999,52531048.94964249,104801,2263194771705.0,24485073.39963103,0
2022-07-12,1.032e-05,1.057e-05,9.87e-06,9.91e-06,3867951872446.0,1657670399999,39751277.06542835,94186,1972943954384.0,20284680.9970191,0
2022-07-13,9.91e-06,1.056e-05,9.77e-06,1.054e-05,5637196050277.0,1657756799999,57248424.62433757,125930,2876739468492.0,29232918.11474585,0
2022-07-14,1.053e-05,1.071e-05,1.014e-05,1.06e-05,4276976917062.0,1657843199999,44663723.06592541,94568,2136315665401.0,22315171.3257492,0
2022-07-15,1.06e-05,1.119e-05,1.049e-05,1.083e-05,4944364894810.0,1657929599999,53746895.26642482,115852,2509694903918.0,27294591.60483208,0
2022-07-16,1.083e-05,1.12e-05,1.052e-05,1.103e-05,3372061751772.0,1658015999999,36704434.28492655,89026,1710161908438.0,18627040.15100302,0
2022-07-17,1.103e-05,1.117e-05,1.068e-05,1.073e-05,3096665355435.0,1658102399999,33870124.43578212,80058,1567868028338.0,17150439.80539444,0
2022-07-18,1.072e-05,1.262e-05,1.071e-05,1.196e-05,10934357526398.0,1658188799999,127732645.33740696,287486,5765377622105.0,67422071.6826533,0
2022-07-19,1.196e-05,1.249e-05,1.141e-05,1.217e-05,9980072259689.0,1658275199999,119677103.32041728,252184,5097226635961.0,61135594.92975949,0
2022-07-20,1.216e-05,1.315e-05,1.166e-05,1.191e-05,12046434878375.0,1658361599999,150980371.9643326,316646,5962096880185.0,74826166.36573218,0
2022-07-21,1.192e-05,1.218e-05,1.146e-05,1.199e-05,6133555463224.0,1658447999999,72564803.30121626,152992,3131464407284.0,37073871.42700714,0
2022-07-22,1.199e-05,1.242e-05,1.159e-05,1.172e-05,4873113993558.0,1658534399999,58830789.17873736,119177,2445020187706.0,29545833.34675585,0
2022-07-23,1.171e-05,1.209e-05,1.131e-05,1.16e-05,3356970253148.0,1658620799999,39122060.25760642,94194,1574906841521.0,18367853.69675336,0
2022-07-24,1.159e-05,1.187e-05,1.153e-05,1.159e-05,2500622286214.0,1658707199999,29293854.09381929,67566,1281105265715.0,15011809.18112227,0
2022-07-25,1.159e-05,1.165e-05,1.067e-05,1.07e-05,3988801763250.0,1658793599999,44618619.46505749,97445,1858426022610.0,20792914.20703248,0
2022-07-26,1.071e-05,1.09e-05,1.029e-05,1.087e-05,4157066190292.0,1658879999999,43608845.47473528,112262,1996398902317.0,20959748.92200553,0
2022-07-27,1.087e-05,1.157e-05,1.051e-05,1.151e-05,6217998327485.0,1658966399999,68261585.06113125,149014,3102769324634.0,34119450.75387608,0
2022-07-28,1.151e-05,1.221e-05,1.1e-05,1.186e-05,7814715965413.0,1659052799999,90681137.88451543,184608,3971073024931.0,46098744.7974853,0
2022-07-29,1.186e-05,1.233e-05,1.143e-05,1.174e-05,6184638328537.0,1659139199999,73424207.4870789,164513,3046457908204.0,36192446.43446985,0
2022-07-30,1.174e-05,1.262e-05,1.157e-05,1.192e-05,9116645956050.0,1659225599999,111074987.12828916,233542,4565158286219.0,55665094.60155593,0
2022-07-31,1.192e-05,1.23e-05,1.167e-05,1.17e-05,5128040917129.0,1659311999999,61478760.11621071,130855,2445039428532.0,29316773.1498091,0
2022-08-01,1.17e-05,1.274e-05,1.166e-05,1.194e-05,8268184251929.0,1659398399999,100260006.55718815,210535,4274564191397.0,51823907.49338957,0
2022-08-02,1.193e-05,1.209e-05,1.145e-05,1.175e-05,5275719253804.0,1659484799999,62136770.22246024,140463,2588467842220.0,30501023.67299114,0
2022-08-03,1.174e-05,1.214e-05,1.16e-05,1.184e-05,4324756872547.0,1659571199999,51546871.5613608,112359,2201932688492.0,26278566.27165593,0
2022-08-04,1.183e-05,1.2e-05,1.166e-05,1.184e-05,3787968040126.0,1659657599999,44861533.03392189,89249,1830841848571.0,21686319.69466258,0
2022-08-05,1.184e-05,1.22e-05,1.178e-05,1.213e-05,4101105692930.0,1659743999999,49357388.87173308,99738,2168924938767.0,26110995.13092198,0
2022-08-06,1.214e-05,1.229e-05,1.193e-05,1.197e-05,3009773934380.0,1659830399999,36476003.3289542,76769,1484729407568.0,18000117.63464935,0
2022-08-07,1.197e-05,1.215e-05,1.181e-05,1.205e-05,2374485739522.0,1659916799999,28449932.39942752,61885,1110917947099.0,13322800.05878129,0
2022-08-08,1.205e-05,1.27e-05,1.203e-05,1.232e-05,7251947604965.0,1660003199999,90165755.16712037,170012,3738670448012.0,46484561.99420351,0
2022-08-09,1.232e-05,1.285e-05,1.169e-05,1.203e-05,7876531235065.0,1660089599999,96804421.6526253,181760,3681827420709.0,45333631.45572223,0
2022-08-10,1.203e-05,1.249e-05,1.174e-05,1.239e-05,5102852566437.0,1660175999999,62315462.61515245,116004,2615784189192.0,31965955.45737881,0
2022-08-11,1.239e-05,1.29e-05,1.222e-05,1.232e-05,6224238313535.0,1660262399999,77884241.06978057,141608,3179600841387.0,39818609.50750899,0
2022-08-12,1.232e-05,1.27e-05,1.217e-05,1.268e-05,3625043977723.0,1660348799999,45102303.25922243,85037,1875596373690.0,23350241.36069126,0
2022-08-13,1.267e-05,1.296e-05,1.25e-05,1.264e-05,4478298752314.0,1660435199999,56872322.20339665,108960,2303646271562.0,29283184.72094635,0
2022-08-14,1.264e-05,1.8e-05,1.26e-05,1.69e-05,50415814898917.0,1660521599999,798302772.929609,1456540,25749373894835.0,407517968.58892214,0
2022-08-15,1.69e-05,1.77e-05,1.509e-05,1.527e-05,26203489872846.0,1660607999999,421751079.33666813,684845,12926934060262.0,208183490.1595109,0
2022-08-16,1.527e-05,1.659e-05,1.509e-05,1.581e-05,16377329176681.0,1660694399999,260516774.49120605,441704,8251165801566.0,131353484.89654844,0
2022-08-17,1.581e-05,1.643e-05,1.451e-05,1.478e-05,13678755609540.0,1660780799999,215053859.7119366,350283,6766768366872.0,106516993.92591728,0
2022-08-18,1.479e-05,1.499e-05,1.321e-05,1.348e-05,6470027600273.0,1660867199999,93371076.98086073,171629,3135170005205.0,45326672.53029743,0
2022-08-19,1.348e-05,1.407e-05,1.266e-05,1.315e-05,14868058086837.0,1660953599999,196726265.7528652,335809,7307443611039.0,96714427.74956456,0
2022-08-20,1.316e-05,1.386e-05,1.251e-05,1.288e-05,8489013835460.0,1661039999999,112151505.94416597,201173,4353307419639.0,57590682.63820557,0
2022-08-21,1.288e-05,1.378e-05,1.281e-05,1.348e-05,5150907490463.0,1661126399999,68260603.62601525,128529,2691768283449.0,35686172.22852599,0
2022-08-22,1.348e-05,1.352e-05,1.275e-05,1.316e-05,4357193197756.0,1661212799999,56903910.48226014,113141,2146147716941.0,28030366.07969136,0
2022-08-23,1.316e-05,1.338e-05,1.281e-05,1.332e-05,3775008027262.0,1661299199999,49639343.5174145,92498,1983240469696.0,26085662.93707323,0
2022-08-24,1.333e-05,1.357e-05,1.297e-05,1.306e-05,3887302064434.0,1661385599999,51311796.167055,93646,1866480281110.0,24650346.939313,0
2022-08-25,1.306e-05,1.484e-05,1.303e-05,1.393e-05,11660706929311.0,1661471999999,163079161.6933062,284735,6031277402588.0,84312283.4418797,0
2022-08-26,1.393e-05,1.404e-05,1.23e-05,1.243e-05,10403327349455.0,1661558399999,137824851.01979843,237262,5043339733271.0,66842903.76497424,0
2022-08-27,1.244e-05,1.259e-05,1.185e-05,1.217e-05,4774487227623.0,1661644799999,58460774.44725477,125612,2339416812492.0,28664052.72409974,0
2022-08-28,1.217e-05,1.246e-05,1.171e-05,1.181e-05,3358145534520.0,1661731199999,41020109.4212921,90658,1698897332343.0,20768133.23767527,0
2022-08-29,1.181e-05,1.255e-05,1.169e-05,1.248e-05,4928742852587.0,1661817599999,59957340.76061582,116081,2479262282704.0,30157083.68141508,0
2022-08-30,1.247e-05,1.277e-05,1.191e-05,1.22e-05,4847186700843.0,1661903999999,59888682.27259522,117001,2403442770251.0,29689864.36453759,0
2022-08-31,1.219e-05,1.259e-05,1.201e-05,1.21e-05,3602191931728.0,1661990399999,44329794.95772266,93002,1754011191695.0,21594917.111794,0
2022-09-01,1.21e-05,1.245e-05,1.187e-05,1.227e-05,3352277941514.0,1662076799999,40617677.16450875,87997,1693057068324.0,20532961.93669657,0
2022-09-02,1.226e-05,1.249e-05,1.201e-05,1.217e-05,3534474886064.0,1662163199999,43330645.78043968,92678,1715500131614.0,21034757.57775735,0
2022-09-03,1.217e-05,1.247e-05,1.21e-05,1.232e-05,2425548996465.0,1662249599999,29730586.58063691,61382,1203730175702.0,14762141.5182909,0
2022-09-04,1.231e-05,1.34e-05,1.226e-05,1.285e-05,7123201822668.0,1662335999999,91681715.5543802,173165,3774872990181.0,48573159.80346339,0
2022-09-05,1.284e-05,1.296e-05,1.222e-05,1.264e-05,3469570144713.0,1662422399999,43277545.00868795,90194,1706575641843.0,21288701.49206001,0
2022-09-06,1.264e-05,1.292e-05,1.172e-05,1.201e-05,6406180339072.0,1662508799999,78967507.13215639,153077,3091451667245.0,38170971.41986657,0
2022-09-07,1.201e-05,1.239e-05,1.174e-05,1.225e-05,3794025356532.0,1662595199999,45950689.68702063,90574,1901151620366.0,23034729.30192934,0
2022-09-08,1.225e-05,1.25e-05,1.198e-05,1.221e-05,3800781010622.0,1662681599999,46326924.66874115,91567,1855656551081.0,22631199.12395516,0
2022-09-09,1.222e-05,1.395e-05,1.22e-05,1.29e-05,12146968963850.0,1662767999999,157815362.52994192,293612,6050419766029.0,78601720.15372011,0
2022-09-10,1.291e-05,1.358e-05,1.27e-05,1.326e-05,7862404495503.0,1662854399999,103159726.02423231,177716,3998310904082.0,52498766.97291587,0
2022-09-11,1.325e-05,1.35e-05,1.25e-05,1.3e-05,7339681206996.0,1662940799999,95478066.01497808,155842,3414992649514.0,44433083.76214028,0
2022-09-12,1.299e-05,1.325e-05,1.25e-05,1.287e-05,5762847477527.0,1663027199999,74552257.42380282,143310,2876473040085.0,37240899.87059938,0
2022-09-13,1.287e-05,1.306e-05,1.19e-05,1.21e-05,6590857862088.0,1663113599999,82027142.88553742,158302,3224214947969.0,40152418.08422817,0
2022-09-14,1.209e-05,1.245e-05,1.193e-05,1.22e-05,4085115155664.0,1663199999999,49800784.68877617,97896,2004218330572.0,24448114.03177027,0
2022-09-15,1.219e-05,1.225e-05,1.149e-05,1.17e-05,4495833533021.0,1663286399999,53497180.91050709,111153,2218484421107.0,26412690.20720785,0
2022-09-16,1.171e-05,1.181e-05,1.127e-05,1.156e-05,3298852419916.0,1663372799999,38140497.57466185,80264,1649465632700.0,19071229.27804783,0
2022-09-17,1.157e-05,1.201e-05,1.156e-05,1.194e-05,2458893500139.0,1663459199999,28993101.27144088,61148,1287729213894.0,15183482.37243028,0
2022-09-18,1.193e-05,1.197e-05,1e-05,1.062e-05,4314954109867.0,1663545599999,48172679.78214165,110253,1958427118678.0,21883850.97743553,0
2022-09-19,1.062e-05,1.112e-05,1.05e-05,1.098e-05,5419699708117.0,1663631999999,58533360.3613382,116556,2800479098699.0,30255090.22841325,0
2022-09-20,1.099e-05,1.104e-05,1.046e-05,1.052e-05,3486712689042.0,1663718399999,37575348.53958639,78290,1809229625048.0,19503466.41081682,0
2022-09-21,1.052e-05,1.113e-05,1.011e-05,1.038e-05,5686856346060.0,1663804799999,60308456.92886119,135245,2938391107284.0,31172381.51767069,0
2022-09-22,1.038e-05,1.095e-05,1.033e-05,1.085e-05,2927075853087.0,1663891199999,31367554.35027535,74695,1504463786016.0,16123779.98407688,0
2022-09-23,1.085e-05,1.135e-05,1.05e-05,1.107e-05,5239924458549.0,1663977599999,57160649.56900569,114058,2734215609261.0,29840808.63898668,0
2022-09-24,1.107e-05,1.219e-05,1.095e-05,1.125e-05,11830871397156.0,1664063999999,137816737.6675172,248408,5937486230905.0,69159769.65987544,0
2022-09-25,1.125e-05,1.156e-05,1.086e-05,1.102e-05,4332753789077.0,1664150399999,48808424.66007138,99164,2091284667899.0,23585441.25176732,0
2022-09-26,1.101e-05,1.124e-05,1.078e-05,1.111e-05,3760352470392.0,1664236799999,41436568.91894045,88900,1926979561969.0,21244269.64797697,0
2022-09-27,1.112e-05,1.157e-05,1.084e-05,1.111e-05,5285520458959.0,1664323199999,59422252.32214964,103561,2703806898555.0,30414735.74940308,0
2022-09-28,1.112e-05,1.156e-05,1.071e-05,1.109e-05,4332851228234.0,1664409599999,48039047.8263665,92933,2198878608031.0,24393940.80281748,0
2022-09-29,1.109e-05,1.123e-05,1.09e-05,1.112e-05,2862695834419.0,1664495999999,31668798.97189551,60792,1426094558904.0,15778837.76893493,0
2022-09-30,1.112e-05,1.15e-05,1.102e-05,1.131e-05,4885641556941.0,1664582399999,54710609.31669529,97085,2588550387798.0,28999534.59619955,0
2022-10-01,1.131e-05,1.148e-05,1.108e-05,1.117e-05,2982804673143.0,1664668799999,33568759.63358086,63378,1429990306294.0,16100298.75029469,0
2022-10-02,1.118e-05,1.122e-05,1.077e-05,1.094e-05,3137132761936.0,1664755199999,34658008.97967708,66506,1398514045975.0,15446228.72204455,0
2022-10-03,1.095e-05,1.125e-05,1.083e-05,1.117e-05,3243269220110.0,1664841599999,35961704.07240744,62492,1700741975477.0,18865093.82603672,0
2022-10-04,1.118e-05,1.171e-05,1.109e-05,1.161e-05,5033215043704.0,1664927999999,57262705.14469791,101706,2706956233945.0,30818647.54896065,0
2022-10-05,1.161e-05,1.178e-05,1.113e-05,1.144e-05,4389502806903.0,1665014399999,50175103.03097592,90575,2225785870242.0,25443772.38357171,0
2022-10-06,1.145e-05,1.162e-05,1.11e-05,1.118e-05,3971646559472.0,1665100799999,45197969.27617064,78983,2005897308663.0,22841971.82913108,0
2022-10-07,1.119e-05,1.124e-05,1.09e-05,1.11e-05,2562495650558.0,1665187199999,28416541.01400442,55530,1245380400695.0,13811186.95305105,0
2022-10-08,1.109e-05,1.115e-05,1.082e-05,1.099e-05,1244603926339.0,1665273599999,13736928.59791389,33553,568306878530.0,6274620.93602071,0
2022-10-09,1.1e-05,1.11e-05,1.095e-05,1.103e-05,1300705955235.0,1665359999999,14350810.90501768,34526,619759657475.0,6839963.96844595,0
2022-10-10,1.103e-05,1.112e-05,9.91e-06,1.022e-05,2969236079896.0,1665446399999,31578095.93716876,78248,1352842402363.0,14410996.03450997,0
2022-10-11,1.023e-05,1.042e-05,9.71e-06,1.025e-05,3293699760673.0,1665532799999,33531842.33764515,79920,1639632764767.0,16694830.32729375,0
2022-10-12,1.025e-05,1.041e-05,1.006e-05,1.017e-05,1577859402899.0,1665619199999,16149988.43004134,42959,778618192486.0,7969915.81988172,0
2022-10-13,1.017e-05,1.081e-05,9.24e-06,1.038e-05,8076436426533.0,1665705599999,80554104.10164614,182819,4091844589046.0,40828685.29170473,0
2022-10-14,1.038e-05,1.075e-05,1e-05,1.018e-05,4383296405559.0,1665791999999,45465117.24146511,84896,2146006701804.0,22264026.00868033,0
2022-10-15,1.018e-05,1.052e-05,1.001e-05,1.022e-05,2770113053298.0,1665878399999,28366623.19773172,58605,1378423835437.0,14117660.07862893,0
2022-10-16,1.022e-05,1.038e-05,1.017e-05,1.027e-05,1830547789278.0,1665964799999,18813641.85671017,42931,925538439904.0,9514986.73911432,0
2022-10-17,1.028e-05,1.047e-05,1.021e-05,1.039e-05,1759178529774.0,1666051199999,18172302.03640448,42940,899406183934.0,9294249.4860286,0
2022-10-18,1.039e-05,1.05e-05,9.97e-06,1.016e-05,3596130668012.0,1666137599999,36702861.06206346,67267,1702828793776.0,17378368.11240584,0
2022-10-19,1.016e-05,1.019e-05,9.5e-06,9.86e-06,2211035331968.0,1666223999999,22081462.02217295,56494,1087005435965.0,10854657.71054568,0
2022-10-20,9.85e-06,1.014e-05,9.79e-06,9.9e-06,2661345942701.0,1666310399999,26518438.39034213,54009,1286158273030.0,12818789.46069135,0
2022-10-21,9.91e-06,1.006e-05,9.59e-06,1.001e-05,3199595857163.0,1666396799999,31497446.48099491,60177,1615043088926.0,15900681.91231777,0
2022-10-22,1.001e-05,1.008e-05,9.91e-06,9.99e-06,1337503084494.0,1666483199999,13370919.68264797,32995,678589570897.0,6786031.7501817,0
2022-10-23,1e-05,1.019e-05,9.85e-06,1.016e-05,1582529358238.0,1666569599999,15849333.08836506,39478,818343741420.0,8199267.0113745,0
2022-10-24,1.016e-05,1.019e-05,9.84e-06,9.93e-06,1765236484992.0,1666655999999,17616488.7918675,39610,811695971122.0,8102301.34430952,0
2022-10-25,9.93e-06,1.041e-05,9.83e-06,1.021e-05,3732194776148.0,1666742399999,37890995.36656737,77547,2005426475967.0,20368007.71088836,0
2022-10-26,1.022e-05,1.088e-05,1.018e-05,1.078e-05,7279936298276.0,1666828799999,76860312.34640707,146396,3924434120046.0,41449674.5231091,0
2022-10-27,1.078e-05,1.184e-05,1.057e-05,1.063e-05,13621582231647.0,1666915199999,151801687.10720292,299560,6938856635674.0,77308834.6302675,0
2022-10-28,1.064e-05,1.222e-05,1.031e-05,1.171e-05,14447832988502.0,1667001599999,163368442.25490996,329276,7626254237429.0,86162356.32794037,0
2022-10-29,1.172e-05,1.519e-05,1.153e-05,1.291e-05,38248412902455.0,1667087999999,505307482.11343294,1024564,19584280755374.0,258622574.53304836,0
2022-10-30,1.291e-05,1.393e-05,1.158e-05,1.192e-05,17446983211032.0,1667174399999,220998715.45133165,481579,8513711735501.0,107946154.22201708,0
2022-10-31,1.191e-05,1.318e-05,1.17e-05,1.245e-05,13768053025197.0,1667260799999,170134945.7596131,354644,7174280801110.0,88715593.37263954,0
2022-11-01,1.244e-05,1.353e-05,1.226e-05,1.285e-05,15188495088643.0,1667347199999,196015417.4386303,367784,7800129313597.0,100710379.6229908,0
2022-11-02,1.284e-05,1.298e-05,1.15e-05,1.176e-05,11418270952810.0,1667433599999,139733681.4868237,288833,5626514103039.0,68890087.1324434,0
2022-11-03,1.177e-05,1.239e-05,1.161e-05,1.175e-05,5344825803657.0,1667519999999,64302559.25951284,146801,2777674683511.0,33436899.18002042,0
2022-11-04,1.174e-05,1.366e-05,1.157e-05,1.251e-05,11538591892446.0,1667606399999,145443054.7582566,308897,5871873369807.0,74052003.19961552,0
2022-11-05,1.251e-05,1.319e-05,1.213e-05,1.245e-05,8353324705547.0,1667692799999,105884190.22647002,207171,4315687873362.0,54732660.33791344,0
2022-11-06,1.245e-05,1.29e-05,1.175e-05,1.184e-05,6369480625417.0,1667779199999,79186482.4230802,169823,3054492723281.0,38060782.08058124,0
2022-11-07,1.184e-05,1.211e-05,1.15e-05,1.179e-05,4625812755241.0,1667865599999,55098478.34519585,145397,2356115435057.0,28095989.43814374,0
2022-11-08,1.179e-05,1.19e-05,9.3e-06,1.017e-05,13036683109306.0,1667951999999,139681398.39467892,381080,6259483396142.0,67168282.27897619,0
2022-11-09,1.018e-05,1.03e-05,8.29e-06,8.74e-06,10349351102609.0,1668038399999,98646680.03289324,322125,5195992144399.0,49595234.07541234,0
2022-11-10,8.74e-06,1.055e-05,8.61e-06,1.022e-05,10675832156414.0,1668124799999,104801255.3936047,287383,5241078941513.0,51435589.53721057,0
2022-11-11,1.021e-05,1.047e-05,9.38e-06,9.9e-06,6297897596682.0,1668211199999,62378948.87039829,173410,2973198494716.0,29458333.89434024,0
2022-11-12,9.9e-06,9.94e-06,9.28e-06,9.58e-06,5939210185815.0,1668297599999,56998251.24270724,148143,3038624052630.0,29163139.92324961,0
2022-11-13,9.57e-06,9.75e-06,8.88e-06,9.01e-06,4859458321282.0,1668383999999,45111582.04737619,144445,2402752188235.0,22316165.13444936,0
2022-11-14,9.01e-06,9.4e-06,8.55e-06,9.09e-06,6678141798685.0,1668470399999,60257854.41611112,176330,3377049753984.0,30478097.68934969,0
2022-11-15,9.09e-06,9.58e-06,8.99e-06,9.27e-06,3756506091680.0,1668556799999,34739457.28189334,97500,2000562168154.0,18505645.57954525,0
2022-11-16,9.27e-06,9.67e-06,8.96e-06,9.14e-06,5400423301527.0,1668643199999,50322674.15295758,140324,2908563189427.0,27132381.35172983,0
2022-11-17,9.14e-06,9.22e-06,8.91e-06,9.05e-06,2233033932452.0,1668729599999,20294002.94460976,63112,1106741921275.0,10059130.2124631,0
2022-11-18,9.05e-06,9.26e-06,8.98e-06,9.1e-06,1810011668217.0,1668815999999,16501548.57056609,50993,894425378462.0,8160547.57660804,0
2022-11-19,9.11e-06,9.24e-06,8.94e-06,9.15e-06,1362392325108.0,1668902399999,12394463.31500895,39369,669706939214.0,6097609.52226938,0
2022-11-20,9.15e-06,9.24e-06,8.68e-06,8.79e-06,2565520590753.0,1668988799999,23027026.52232157,66494,1230860149014.0,11053083.33949308,0
2022-11-21,8.78e-06,8.79e-06,8.23e-06,8.42e-06,4011034482312.0,1669075199999,34278843.61251325,100156,1998056232631.0,17072794.16906247,0
2022-11-22,8.43e-06,8.84e-06,8.17e-06,8.81e-06,3390862448014.0,1669161599999,28870204.38641498,79849,1760770349176.0,14999960.65608882,0
2022-11-23,8.82e-06,9.13e-06,8.75e-06,9.05e-06,3730818855239.0,1669247999999,33441784.01079313,84406,2008603199550.0,18010479.12841238,0
2022-11-24,9.06e-06,9.2e-06,8.89e-06,9.02e-06,2301875142944.0,1669334399999,20784012.98202478,55096,1135857007238.0,10257965.99063753,0
2022-11-25,9.02e-06,9.47e-06,8.85e-06,9.19e-06,4416567841591.0,1669420799999,40322322.46552508,92431,2359895372059.0,21550125.47033074,0
2022-11-26,9.18e-06,9.37e-06,8.92e-06,9.01e-06,2725531976798.0,1669507199999,25117079.03037984,60876,1366047373075.0,12602025.20740517,0
2022-11-27,9.01e-06,9.64e-06,9e-06,9.28e-06,4775213189721.0,1669593599999,44776364.725725,99143,2503293380839.0,23488239.55932013,0
2022-11-28,9.28e-06,9.38e-06,8.75e-06,9.08e-06,3912067638483.0,1669679999999,35275224.41534166,92053,1836578890140.0,16580682.14934668,0
2022-11-29,9.09e-06,9.31e-06,9e-06,9.07e-06,2847884573966.0,1669766399999,26028732.99376403,64394,1479385409642.0,13523772.37771702,0
2022-11-30,9.07e-06,9.4e-06,9.02e-06,9.35e-06,3926596175012.0,1669852799999,36329003.04103741,86913,2042510753132.0,18900739.64112848,0
2022-12-01,9.35e-06,9.38e-06,9.11e-06,9.21e-06,1947260457687.0,1669939199999,17971045.90082735,47548,971841823420.0,8972790.76763563,0
2022-12-02,9.2e-06,9.36e-06,9.07e-06,9.33e-06,2000166546163.0,1670025599999,18457363.6588185,49800,1014228041438.0,9364935.30564797,0
2022-12-03,9.34e-06,9.49e-06,9.15e-06,9.19e-06,2281576999612.0,1670111999999,21296251.67271888,50294,1219900472795.0,11396557.4077072,0
2022-12-04,9.19e-06,9.39e-06,9.18e-06,9.35e-06,1273992471413.0,1670198399999,11846299.27584194,33328,674809302788.0,6277597.61158181,0
2022-12-05,9.36e-06,1.016e-05,9.25e-06,9.42e-06,5329111994610.0,1670284799999,51501761.91348593,131952,2777405237293.0,26857672.89410753,0
2022-12-06,9.42e-06,9.46e-06,9.2e-06,9.31e-06,1734204418297.0,1670371199999,16171257.84490989,43267,804117908843.0,7500099.65356375,0
2022-12-07,9.31e-06,9.36e-06,8.94e-06,9.1e-06,2240336832471.0,1670457599999,20403701.93041732,56232,1019910639537.0,9292588.62126353,0
2022-12-08,9.1e-06,9.33e-06,9.05e-06,9.27e-06,1634709882242.0,1670543999999,15037050.54713581,40320,830669298179.0,7641560.6466301,0
2022-12-09,9.27e-06,9.36e-06,9.15e-06,9.21e-06,1359319289109.0,1670630399999,12580869.77720039,35871,645103422176.0,5972935.03051148,0
2022-12-10,9.22e-06,9.3e-06,9.15e-06,9.18e-06,714368430941.0,1670716799999,6591926.21530691,23375,314588434876.0,2904140.56483705,0
2022-12-11,9.18e-06,9.29e-06,9.06e-06,9.1e-06,1208493401276.0,1670803199999,11117715.27395464,29685,540586689862.0,4976002.89207995,0
2022-12-12,9.11e-06,9.11e-06,8.4e-06,8.97e-06,3378531664744.0,1670889599999,29837856.66110918,78165,1512713184257.0,13353750.106709,0
2022-12-13,8.97e-06,9.35e-06,8.61e-06,9.17e-06,3725140541261.0,1670975999999,33650378.9528957,88201,1808763307247.0,16342154.51794603,0
2022-12-14,9.18e-06,9.27e-06,8.86e-06,8.95e-06,2376158101846.0,1671062399999,21609674.20232699,60814,1061869133069.0,9660421.3915684,0
2022-12-15,8.94e-06,9e-06,8.74e-06,8.86e-06,1790970744844.0,1671148799999,15874682.76078988,43297,863084788505.0,7651703.87174738,0
2022-12-16,8.87e-06,9.01e-06,8.01e-06,8.18e-06,3924033097030.0,1671235199999,33406656.38232032,107931,1835181966315.0,15648143.41330387,0
2022-12-17,8.19e-06,8.37e-06,8e-06,8.29e-06,3047336502817.0,1671321599999,24907751.45867613,77521,1469850372734.0,12018692.54578851,0
2022-12-18,8.3e-06,9.1e-06,8.2e-06,8.55e-06,7575661712113.0,1671407999999,65583811.89297979,159308,3869319608057.0,33534790.80202864,0
2022-12-19,8.55e-06,8.78e-06,7.93e-06,8.14e-06,5615048040850.0,1671494399999,47618444.85839228,111239,2836017127667.0,24085133.43546538,0
2022-12-20,8.15e-06,8.5e-06,8.14e-06,8.46e-06,2261737379441.0,1671580799999,18931816.06432896,44995,1158527581576.0,9700398.53060228,0
2022-12-21,8.46e-06,8.49e-06,8.17e-06,8.25e-06,1730307928215.0,1671667199999,14344921.26529691,35458,814043139005.0,6751211.92549037,0
2022-12-22,8.25e-06,8.44e-06,8.17e-06,8.35e-06,1767389949908.0,1671753599999,14640527.82974593,35691,885669023430.0,7340464.46336519,0
2022-12-23,8.35e-06,8.42e-06,8.2e-06,8.27e-06,1500051663366.0,1671839999999,12475395.29162944,30006,743505494188.0,6184381.03086463,0
2022-12-24,8.26e-06,8.35e-06,8.23e-06,8.32e-06,644716773065.0,1671926399999,5349911.22799965,17686,352242512190.0,2923977.89640072,0
2022-12-25,8.33e-06,8.39e-06,8.19e-06,8.29e-06,1138810259133.0,1672012799999,9421786.36152984,23981,581848298760.0,4814549.60303113,0
2022-12-26,8.28e-06,8.35e-06,8.25e-06,8.32e-06,838297538161.0,1672099199999,6958425.94290315,20765,399681667318.0,3318733.41792701,0
2022-12-27,8.32e-06,8.36e-06,8.03e-06,8.19e-06,1581832960993.0,1672185599999,12996995.08373923,33831,782239123308.0,6428710.99702769,0
2022-12-28,8.2e-06,8.2e-06,7.78e-06,7.92e-06,2639562188882.0,1672271999999,21068807.55858767,48252,1331875344382.0,10631797.15509432,0
2022-12-29,7.93e-06,8.3e-06,7.88e-06,8.2e-06,3460510007718.0,1672358399999,27972637.63311423,54131,1815531001784.0,14679637.39241973,0
2022-12-30,8.2e-06,8.23e-06,7.91e-06,8.05e-06,1959703585977.0,1672444799999,15773089.66433765,39177,989984263495.0,7972079.90250029,0
2022-12-31,8.06e-06,8.19e-06,8.01e-06,8.08e-06,923768275029.0,1672531199999,7483921.70465073,21142,498989796147.0,4043449.70246922,0
2023-01-01,8.08e-06,8.14e-06,8e-06,8.12e-06,850264215933.0,1672617599999,6861389.6842374,18402,418014907767.0,3374388.16325948,0
2023-01-02,8.13e-06,8.26e-06,8.02e-06,8.19e-06,1842195745663.0,1672703999999,15053721.27459785,33967,936402841536.0,7653012.03939359,0
2023-01-03,8.19e-06,8.22e-06,8.05e-06,8.15e-06,1593513507866.0,1672790399999,12979734.6334522,29234,798991421450.0,6509109.05692498,0
2023-01-04,8.15e-06,8.52e-06,8.12e-06,8.37e-06,3191154803700.0,1672876799999,26362240.42731827,52331,1736962185079.0,14357680.65218175,0
2023-01-05,8.37e-06,8.81e-06,8.28e-06,8.36e-06,5495063230679.0,1672963199999,46930683.58025537,78335,2634507412143.0,22509670.08921694,0
2023-01-06,8.37e-06,8.48e-06,8.17e-06,8.44e-06,3022274285237.0,1673049599999,25202899.38438911,45408,1576992371953.0,13151405.77973806,0
2023-01-07,8.44e-06,8.71e-06,8.37e-06,8.42e-06,2662676202485.0,1673135999999,22638949.42734219,40759,1326610234379.0,11284845.93675139,0
2023-01-08,8.42e-06,8.69e-06,8.32e-06,8.65e-06,2403138475164.0,1673222399999,20415571.14231978,36891,1257551524169.0,10687915.55559495,0
2023-01-09,8.65e-06,9.2e-06,8.57e-06,8.68e-06,8368683735766.0,1673308799999,74156778.82980184,132142,4179764844665.0,37061725.43073087,0
2023-01-10,8.68e-06,9.67e-06,8.54e-06,9.27e-06,10594723479885.0,1673395199999,96902727.1321186,173139,5314377215628.0,48627380.76437225,0
2023-01-11,9.26e-06,9.27e-06,8.65e-06,9.13e-06,6710235345405.0,1673481599999,59918362.55547096,101043,3314154762958.0,29602461.37706998,0
2023-01-12,9.12e-06,9.68e-06,8.82e-06,9.47e-06,10506468240759.0,1673567999999,97636494.09919876,173552,5194933172887.0,48310609.2907139,0
2023-01-13,9.46e-06,1.028e-05,9.28e-06,1.02e-05,8242207917576.0,1673654399999,80009082.05354749,151065,4343409538706.0,42196967.32345236,0
2023-01-14,1.021e-05,1.111e-05,9.57e-06,1.039e-05,13564738663392.0,1673740799999,141520341.48177463,283307,6768910484027.0,70724893.79044896,0
2023-01-15,1.039e-05,1.1e-05,9.8e-06,1.067e-05,8817892292444.0,1673827199999,90661540.96843334,173585,4444556639980.0,45715467.7552987,0
2023-01-16,1.066e-05,1.104e-05,1.007e-05,1.052e-05,8809341795813.0,1673913599999,93297421.4367546,182090,4412958051259.0,46768621.8122237,0
2023-01-17,1.053e-05,1.082e-05,1.025e-05,1.055e-05,5203544145807.0,1673999999999,55014854.97137465,99211,2464711985476.0,26053871.95706904,0
2023-01-18,1.055e-05,1.294e-05,1.052e-05,1.117e-05,27823878865954.0,1674086399999,332647481.49249274,591531,13500489219086.0,161292817.61895803,0
2023-01-19,1.116e-05,1.179e-05,1.08e-05,1.154e-05,6554730277087.0,1674172799999,73733225.60789825,148747,3346246401625.0,37693061.26900026,0
2023-01-20,1.155e-05,1.242e-05,1.133e-05,1.223e-05,6899670807824.0,1674259199999,81411975.88999844,142278,3563416833734.0,42024556.08035817,0
2023-01-21,1.222e-05,1.25e-05,1.175e-05,1.186e-05,9381367606181.0,1674345599999,113956353.9134136,200228,4624285098761.0,56213673.50207525,0
2023-01-22,1.186e-05,1.25e-05,1.154e-05,1.2e-05,6678837841496.0,1674431999999,80723915.42658672,161654,3257140406265.0,39395743.71072414,0
2023-01-23,1.2e-05,1.22e-05,1.179e-05,1.199e-05,4367299904189.0,1674518399999,52628753.1034881,101240,2193955002010.0,26446913.97834412,0
2023-01-24,1.2e-05,1.22e-05,1.086e-05,1.119e-05,4793419300825.0,1674604799999,56254898.45249167,125557,2282351808365.0,26835731.95148709,0
2023-01-25,1.119e-05,1.195e-05,1.086e-05,1.163e-05,5045479119632.0,1674691199999,57250235.0232563,120223,2596582511102.0,29471322.06643916,0
2023-01-26,1.163e-05,1.188e-05,1.137e-05,1.162e-05,3865437893738.0,1674777599999,44989493.6103934,87000,1967522650186.0,22909429.03446038,0
2023-01-27,1.161e-05,1.188e-05,1.129e-05,1.173e-05,3346059970612.0,1674863999999,38757204.12271649,81444,1648881375185.0,19105153.47288471,0
2023-01-28,1.172e-05,1.233e-05,1.164e-05,1.182e-05,5505268916030.0,1674950399999,65808923.47130855,112363,2807896380421.0,33590694.55424166,0
2023-01-29,1.182e-05,1.216e-05,1.174e-05,1.207e-05,3588312469873.0,1675036799999,43034961.16906138,78893,1806446456351.0,21667336.59429593,0
2023-01-30,1.207e-05,1.214e-05,1.112e-05,1.152e-05,5776776793687.0,1675123199999,67346408.78532839,128346,2806443465666.0,32729498.232417,0
2023-01-31,1.151e-05,1.199e-05,1.144e-05,1.181e-05,5739290681343.0,1675209599999,67593535.08656074,117845,2893994222923.0,34093200.64214211,0
2023-02-01,1.182e-05,1.206e-05,1.13e-05,1.197e-05,5992313769482.0,1675295999999,70043370.77134284,131982,2994179854402.0,35023445.59877132,0
2023-02-02,1.197e-05,1.3e-05,1.191e-05,1.214e-05,10259662694850.0,1675382399999,127284034.87429002,235833,5134896877409.0,63707746.04336029,0
2023-02-03,1.213e-05,1.292e-05,1.205e-05,1.272e-05,7741777788731.0,1675468799999,96555686.22238386,167517,3932568621252.0,49078086.81697409,0
2023-02-04,1.272e-05,1.575e-05,1.27e-05,1.47e-05,26841973406474.0,1675555199999,387410377.79830617,610577,13386379428636.0,193057608.71834183,0
2023-02-05,1.469e-05,1.535e-05,1.393e-05,1.43e-05,14397063826582.0,1675641599999,210825548.2446645,338370,6884319993985.0,100899979.43465872,0
2023-02-06,1.43e-05,1.484e-05,1.392e-05,1.407e-05,8897786131595.0,1675727999999,128203985.82736544,230303,4455635899875.0,64235787.7073499,0
2023-02-07,1.408e-05,1.449e-05,1.375e-05,1.439e-05,7914133180711.0,1675814399999,111394401.0619274,175357,3846066058616.0,54156225.639773,0
2023-02-08,1.438e-05,1.455e-05,1.35e-05,1.375e-05,5469195927793.0,1675900799999,76607390.73373216,128015,2707862924860.0,37922860.33251122,0
2023-02-09,1.375e-05,1.384e-05,1.17e-05,1.216e-05,8714983651395.0,1675987199999,112301436.10187042,200101,4103016169940.0,52954787.11816298,0
2023-02-10,1.215e-05,1.332e-05,1.209e-05,1.287e-05,8268457571988.0,1676073599999,104034284.01425892,190154,4238288679760.0,53358430.62821646,0
2023-02-11,1.287e-05,1.31e-05,1.238e-05,1.291e-05,5125614549958.0,1676159999999,65195920.26973389,120412,2530971603150.0,32206638.39478343,0
2023-02-12,1.29e-05,1.353e-05,1.256e-05,1.283e-05,5772074649818.0,1676246399999,75137934.95970431,133907,2871749817209.0,37382922.14197693,0
2023-02-13,1.283e-05,1.307e-05,1.198e-05,1.247e-05,6009240295067.0,1676332799999,75051752.63067503,150325,2949722238090.0,36843071.05104258,0
2023-02-14,1.247e-05,1.284e-05,1.205e-05,1.275e-05,5073571949258.0,1676419199999,63458996.77646597,130974,2650272152537.0,33164008.8340413,0
2023-02-15,1.276e-05,1.388e-05,1.254e-05,1.375e-05,6871185737375.0,1676505599999,90818590.6736971,179417,3549514482462.0,46911434.60619913,0
2023-02-16,1.376e-05,1.399e-05,1.256e-05,1.269e-05,9995174670814.0,1676591999999,134522421.51445836,235286,4850159721101.0,65323852.3762016,0
2023-02-17,1.27e-05,1.336e-05,1.262e-05,1.317e-05,5633158730707.0,1676678399999,73741920.36100361,129081,2822625544812.0,36958960.44518023,0
2023-02-18,1.316e-05,1.341e-05,1.303e-05,1.319e-05,3424535007822.0,1676764799999,45237819.00344795,81192,1686308357270.0,22279530.55354316,0
2023-02-19,1.319e-05,1.4e-05,1.309e-05,1.332e-05,7592815706888.0,1676851199999,102675096.47713491,180166,3801947846984.0,51425396.90018854,0
2023-02-20,1.333e-05,1.378e-05,1.302e-05,1.349e-05,4585094772086.0,1676937599999,61791189.36930815,120486,2365009718316.0,31888945.45230252,0
2023-02-21,1.35e-05,1.362e-05,1.283e-05,1.306e-05,5162486302802.0,1677023999999,68335412.25946274,124686,2574205728222.0,34092190.01144594,0
2023-02-22,1.306e-05,1.317e-05,1.253e-05,1.315e-05,4225485969371.0,1677110399999,54003332.93214021,113097,2094089761189.0,26773229.52010154,0
2023-02-23,1.315e-05,1.367e-05,1.293e-05,1.313e-05,5938818385848.0,1677196799999,78956877.95232701,156799,3022768761045.0,40211957.31878302,0
2023-02-24,1.314e-05,1.323e-05,1.22e-05,1.255e-05,4159633847625.0,1677283199999,53211735.87994068,110514,1982878912995.0,25365300.37111535,0
2023-02-25,1.254e-05,1.264e-05,1.198e-05,1.24e-05,3029961762074.0,1677369599999,37401140.98874012,83978,1459484333754.0,18016305.13497663,0
2023-02-26,1.24e-05,1.318e-05,1.232e-05,1.284e-05,2954433209528.0,1677455999999,37465360.00367014,81525,1552117446335.0,19687193.22077528,0
2023-02-27,1.284e-05,1.288e-05,1.233e-05,1.251e-05,2695366446148.0,1677542399999,34006156.87350159,75957,1311944653751.0,16551991.96753559,0
2023-02-28,1.252e-05,1.255e-05,1.195e-05,1.202e-05,2072559894012.0,1677628799999,25487943.97891423,66432,988405143320.0,12159065.91811704,0
2023-03-01,1.201e-05,1.243e-05,1.191e-05,1.226e-05,2251698380187.0,1677715199999,27598859.58500941,63842,1141543963598.0,13995842.05051604,0
2023-03-02,1.225e-05,1.23e-05,1.173e-05,1.206e-05,3228350743223.0,1677801599999,38676371.04144562,82240,1600053456957.0,19170795.44258287,0
2023-03-03,1.206e-05,1.207e-05,1.089e-05,1.139e-05,4644031581229.0,1677887999999,52517325.4540308,121456,2167976679157.0,24508413.76530842,0
2023-03-04,1.139e-05,1.146e-05,1.077e-05,1.113e-05,2647610346497.0,1677974399999,29469924.31196151,62338,1341499757874.0,14933134.94831812,0
2023-03-05,1.112e-05,1.131e-05,1.1e-05,1.109e-05,2013042568935.0,1678060799999,22493703.56582052,50637,1003362667821.0,11212734.69433931,0
2023-03-06,1.11e-05,1.123e-05,1.086e-05,1.115e-05,2211018814640.0,1678147199999,24409498.37200121,55871,1117483562484.0,12337532.63619446,0
2023-03-07,1.115e-05,1.13e-05,1.06e-05,1.112e-05,4031444669198.0,1678233599999,43914598.04565002,89870,2054220159106.0,22371207.68979071,0
2023-03-08,1.112e-05,1.169e-05,1.072e-05,1.093e-05,7422023960448.0,1678319999999,83035751.83318195,169968,3793318326185.0,42469281.20751083,0
2023-03-09,1.094e-05,1.115e-05,9.82e-06,1.008e-05,7443608757808.0,1678406399999,78667958.86878376,153329,3583525940148.0,37908103.88675404,0
2023-03-10,1.007e-05,1.036e-05,9.65e-06,1.028e-05,7261715154595.0,1678492799999,72921863.84149909,149762,3654703068526.0,36706112.09873416,0
2023-03-11,1.027e-05,1.052e-05,9.87e-06,1.029e-05,4547992782915.0,1678579199999,46175175.50604463,109838,2276720778877.0,23124669.61737963,0
2023-03-12,1.029e-05,1.082e-05,1.001e-05,1.073e-05,4525545113616.0,1678665599999,46841057.7613179,106558,2328563717396.0,24105067.88860288,0
2023-03-13,1.073e-05,1.12e-05,1.038e-05,1.103e-05,7433981568030.0,1678751999999,80632923.57714294,169981,3838650125938.0,41653401.47256291,0
2023-03-14,1.103e-05,1.186e-05,1.082e-05,1.126e-05,9319020537701.0,1678838399999,105144616.66540805,201779,4698106142983.0,53027101.83167935,0
2023-03-15,1.125e-05,1.142e-05,1.015e-05,1.038e-05,7396361225996.0,1678924799999,79873284.01945388,167586,3663875206249.0,39578072.2328228,0
2023-03-16,1.039e-05,1.06e-05,1.019e-05,1.05e-05,4570556659781.0,1679011199999,47608459.83812522,103402,2295293497860.0,23911987.81651871,0
2023-03-17,1.05e-05,1.12e-05,1.041e-05,1.113e-05,5724349723305.0,1679097599999,61878810.99152796,130031,2887348786921.0,31212855.92905455,0
2023-03-18,1.113e-05,1.137e-05,1.061e-05,1.071e-05,6917471190090.0,1679183999999,76554905.32524766,148385,3290591167223.0,36428400.41433028,0
2023-03-19,1.071e-05,1.115e-05,1.068e-05,1.091e-05,4464019345364.0,1679270399999,48850040.65377083,100696,2228192712465.0,24387354.94425541,0
2023-03-20,1.091e-05,1.102e-05,1.034e-05,1.044e-05,5274883671731.0,1679356799999,56246954.87955937,131919,2553403898687.0,27243570.83452389,0
2023-03-21,1.044e-05,1.11e-05,1.028e-05,1.093e-05,5891785837880.0,1679443199999,63295349.61972996,134140,3022794884887.0,32497142.26139826,0
2023-03-22,1.093e-05,1.105e-05,1.022e-05,1.058e-05,6102127290765.0,1679529599999,65725883.6996641,148142,3075877825588.0,33170970.35837621,0
2023-03-23,1.057e-05,1.095e-05,1.053e-05,1.084e-05,3480006425574.0,1679615999999,37420118.02812594,88130,1753605782025.0,18866601.30016458,0
2023-03-24,1.084e-05,1.088e-05,1.035e-05,1.061e-05,2707661962000.0,1679702399999,28795806.11574619,70054,1222313168826.0,13004279.74668532,0
2023-03-25,1.061e-05,1.071e-05,1.036e-05,1.051e-05,1975974162633.0,1679788799999,20874850.57853479,50426,927409909112.0,9802593.54848793,0
2023-03-26,1.05e-05,1.069e-05,1.047e-05,1.061e-05,1733846095932.0,1679875199999,18326383.27316799,43562,869689118160.0,9194196.90297895,0
2023-03-27,1.062e-05,1.099e-05,1.017e-05,1.041e-05,5094344560813.0,1679961599999,53826682.2372416,121077,2484574937612.0,26294990.0562245,0
2023-03-28,1.041e-05,1.051e-05,1.026e-05,1.045e-05,2369845460252.0,1680047999999,24557844.41278376,55854,1124273082150.0,11654925.28286539,0
2023-03-29,1.045e-05,1.087e-05,1.043e-05,1.068e-05,3796626665099.0,1680134399999,40630418.11103593,93122,1938710728887.0,20738763.62214431,0
2023-03-30,1.068e-05,1.08e-05,1.038e-05,1.057e-05,3070212789311.0,1680220799999,32535013.98998473,75426,1457924357153.0,15453548.24291084,0
2023-03-31,1.057e-05,1.096e-05,1.047e-05,1.083e-05,2670659221921.0,1680307199999,28582319.73110856,66288,1411408346564.0,15115877.08594709,0
2023-04-01,1.083e-05,1.153e-05,1.068e-05,1.118e-05,5770210398374.0,1680393599999,64206524.88220318,155008,2920040514653.0,32492011.55700891,0
2023-04-02,1.117e-05,1.149e-05,1.069e-05,1.078e-05,4236671693089.0,1680479999999,46923090.81342651,118246,2025576421083.0,22445100.15642538,0
2023-04-03,1.078e-05,1.165e-05,1.049e-05,1.123e-05,9363076791716.0,1680566399999,104188768.06811126,255826,4614026382919.0,51368682.82966313,0
2023-04-04,1.123e-05,1.159e-05,1.106e-05,1.123e-05,6466305106698.0,1680652799999,73219504.55965737,163272,3257920741742.0,36900950.0032187,0
2023-04-05,1.122e-05,1.148e-05,1.102e-05,1.123e-05,3540183475233.0,1680739199999,39914090.8707797,98371,1756614684988.0,19809532.82793167,0
2023-04-06,1.123e-05,1.125e-05,1.084e-05,1.095e-05,3350486918951.0,1680825599999,36907979.07722861,90683,1583319980675.0,17448335.32834759,0
2023-04-07,1.096e-05,1.101e-05,1.08e-05,1.093e-05,1765411125672.0,1680911999999,19259357.85482944,52815,844659493565.0,9217520.05245864,0
2023-04-08,1.092e-05,1.107e-05,1.077e-05,1.086e-05,1583903238088.0,1680998399999,17285159.7194336,48833,754100408084.0,8235308.64212213,0
2023-04-09,1.085e-05,1.101e-05,1.08e-05,1.096e-05,1656884899158.0,1681084799999,18067744.99705363,45279,801540453501.0,8742994.44549008,0
2023-04-10,1.096e-05,1.116e-05,1.085e-05,1.113e-05,1996132132487.0,1681171199999,21928329.82265186,56149,1007515491256.0,11072433.82459357,0
2023-04-11,1.112e-05,1.119e-05,1.101e-05,1.104e-05,2117146883828.0,1681257599999,23518914.00628302,59050,1026116473721.0,11403260.55833474,0
2023-04-12,1.103e-05,1.108e-05,1.058e-05,1.096e-05,3243310262100.0,1681343999999,35244914.43327014,88810,1548000000975.0,16830653.05619004,0
2023-04-13,1.096e-05,1.123e-05,1.089e-05,1.11e-05,2253740621263.0,1681430399999,24965011.02601521,63246,1149369426462.0,12739323.51876095,0
2023-04-14,1.109e-05,1.149e-05,1.096e-05,1.124e-05,4762564752598.0,1681516799999,53602973.65101142,117462,2352177889011.0,26488434.23314535,0
2023-04-15,1.125e-05,1.16e-05,1.105e-05,1.156e-05,3144476864544.0,1681603199999,35535509.71685385,81268,1648643904633.0,18644401.76729029,0
2023-04-16,1.155e-05,1.188e-05,1.14e-05,1.157e-05,5049204811906.0,1681689599999,58632725.06924733,131219,2471972753877.0,28724505.87494266,0
2023-04-17,1.157e-05,1.171e-05,1.118e-05,1.137e-05,5098091891116.0,1681775999999,58425044.27124131,123639,2475573091133.0,28387636.54911385,0
2023-04-18,1.136e-05,1.172e-05,1.124e-05,1.157e-05,3285349981096.0,1681862399999,37903512.72661525,81544,1744999569620.0,20145104.70716824,0
2023-04-19,1.157e-05,1.16e-05,1.06e-05,1.083e-05,4682387214969.0,1681948799999,51804350.36587795,153522,2040794005895.0,22566351.3751877,0
2023-04-20,1.082e-05,1.102e-05,1.035e-05,1.059e-05,3318052892475.0,1682035199999,35701831.46820455,101043,1568312060807.0,16884082.30571995,0
2023-04-21,1.059e-05,1.069e-05,1.003e-05,1.029e-05,3263313680091.0,1682121599999,34000912.10965884,80649,1505483362333.0,15687308.70594393,0
2023-04-22,1.029e-05,1.05e-05,1.016e-05,1.046e-05,1314285267025.0,1682207999999,13555992.01430599,37586,610215740001.0,6298579.58600359,0
2023-04-23,1.046e-05,1.047e-05,1.006e-05,1.032e-05,1469516512001.0,1682294399999,15151845.31899886,46270,670766969040.0,6918691.18808615,0
2023-04-24,1.032e-05,1.042e-05,1.011e-05,1.027e-05,1764517783418.0,1682380799999,18146983.10978556,45420,852328307429.0,8768045.83670362,0
2023-04-25,1.027e-05,1.044e-05,1.008e-05,1.036e-05,1616232122285.0,1682467199999,16544030.64661848,42508,815999573945.0,8357355.02767375,0
2023-04-26,1.036e-05,1.075e-05,9.72e-06,1.017e-05,3550674516171.0,1682553599999,36582702.18082761,102577,1684907011007.0,17385019.30226825,0
2023-04-27,1.016e-05,1.039e-05,1.014e-05,1.027e-05,1812275518866.0,1682639999999,18631007.45257682,59388,810020085909.0,8332785.49041079,0
2023-04-28,1.027e-05,1.031e-05,1.009e-05,1.024e-05,1096112696872.0,1682726399999,11209717.0699991,36115,535124875524.0,5474663.82593484,0
2023-04-29,1.024e-05,1.037e-05,1.018e-05,1.03e-05,900959748756.0,1682812799999,9267499.14278368,31752,435794545711.0,4484378.001852,0
2023-04-30,1.029e-05,1.031e-05,1.002e-05,1.007e-05,1216958085323.0,1682899199999,12409922.72509151,37867,618808423702.0,6310550.39673164,0
2023-05-01,1.008e-05,1.012e-05,9.74e-06,9.96e-06,2356359497533.0,1682985599999,23458524.50126924,71731,1188878841516.0,11840138.99204139,0
2023-05-02,9.96e-06,1.012e-05,9.85e-06,1.001e-05,1357156389385.0,1683071999999,13505464.47177223,44575,673960024897.0,6708560.20761167,0
2023-05-03,1.001e-05,1.02e-05,9.81e-06,1.011e-05,1648549293278.0,1683158399999,16407397.06580476,57205,786449861169.0,7832452.55813717,0
2023-05-04,1.012e-05,1.013e-05,9.87e-06,9.89e-06,1274110970422.0,1683244799999,12721769.746999,40532,559945727500.0,5591585.94386956,0
2023-05-05,9.89e-06,1.004e-05,9.76e-06,9.99e-06,2112846133765.0,1683331199999,20970973.35314039,70379,966589365578.0,9601375.85343859,0
2023-05-06,9.99e-06,1.005e-05,9.18e-06,9.45e-06,3625632012261.0,1683417599999,34830376.64089519,101113,1617430418543.0,15525880.29994868,0
2023-05-07,9.45e-06,9.54e-06,9.3e-06,9.34e-06,1556190141044.0,1683503999999,14675397.95585773,46376,702325123189.0,6626071.58120663,0
2023-05-08,9.34e-06,9.36e-06,8.32e-06,8.92e-06,3889321105824.0,1683590399999,34593518.1610982,128446,1762202671502.0,15670311.53331894,0
2023-05-09,8.91e-06,9.03e-06,8.7e-06,9e-06,2018003403801.0,1683676799999,17860757.66708186,59163,913221713899.0,8090527.06743608,0
2023-05-10,8.99e-06,9.14e-06,8.61e-06,8.99e-06,3263282853120.0,1683763199999,29160495.81678446,76242,1543605037609.0,13790194.52103395,0
2023-05-11,8.99e-06,9.01e-06,8.51e-06,8.68e-06,1767114263611.0,1683849599999,15467604.77018922,55701,774233005381.0,6779907.92314248,0
2023-05-12,8.68e-06,8.85e-06,8.45e-06,8.84e-06,2603385190993.0,1683935999999,22468867.70102432,65342,1249732382254.0,10792479.07907067,0
2023-05-13,8.84e-06,8.85e-06,8.66e-06,8.72e-06,1426741210569.0,1684022399999,12492581.86997452,39470,662020874169.0,5796383.49691836,0
2023-05-14,8.72e-06,8.88e-06,8.64e-06,8.79e-06,1378289685706.0,1684108799999,12093995.11607029,36525,708318639625.0,6217342.71536559,0
2023-05-15,8.78e-06,8.92e-06,8.65e-06,8.79e-06,1752076011057.0,1684195199999,15476381.08306001,43080,839204575106.0,7415604.03003521,0
2023-05-16,8.79e-06,8.83e-06,8.67e-06,8.77e-06,1691962001915.0,1684281599999,14815235.2461828,39330,833993755396.0,7306548.1883364,0
2023-05-17,8.78e-06,8.85e-06,8.58e-06,8.77e-06,2223384388589.0,1684367999999,19396109.72248804,50698,1050858288498.0,9170963.18299769,0
2023-05-18,8.77e-06,8.83e-06,8.48e-06,8.7e-06,1990074700429.0,1684454399999,17312644.7999908,45631,933311534962.0,8125123.02349203,0
2023-05-19,8.7e-06,8.74e-06,8.64e-06,8.67e-06,1055448508648.0,1684540799999,9168001.08800103,24490,509693211505.0,4428389.41167202,0
2023-05-20,8.68e-06,8.77e-06,8.63e-06,8.72e-06,757363955289.0,1684627199999,6582940.31464018,21181,368131913130.0,3201117.6673885,0
2023-05-21,8.72e-06,8.76e-06,8.47e-06,8.52e-06,1185236826488.0,1684713599999,10185063.021603,28883,552716442398.0,4749973.1667391,0
2023-05-22,8.52e-06,9.02e-06,8.41e-06,8.79e-06,3420325497779.0,1684799999999,29944470.66111907,72235,1757769666909.0,15395145.55321854,0
2023-05-23,8.78e-06,9.18e-06,8.78e-06,8.9e-06,2439852866035.0,1684886399999,21823065.74536977,55783,1203913749780.0,10769924.74086529,0
2023-05-24,8.9e-06,8.9e-06,8.39e-06,8.5e-06,2118807700326.0,1684972799999,18185501.13149364,51176,1005435516298.0,8628212.68542008,0
2023-05-25,8.51e-06,8.68e-06,8.28e-06,8.5e-06,2258494837277.0,1685059199999,19130589.68733594,45255,1145507972241.0,9706361.53696047,0
2023-05-26,8.5e-06,8.64e-06,8.43e-06,8.54e-06,1688174763504.0,1685145599999,14349336.49893893,33819,830707347998.0,7062564.74880208,0
2023-05-27,8.54e-06,8.66e-06,8.5e-06,8.63e-06,789888515493.0,1685231999999,6763177.39676195,22660,378138869454.0,3240959.07673483,0
2023-05-28,8.63e-06,8.9e-06,8.59e-06,8.81e-06,2373421302586.0,1685318399999,20833811.30440171,57845,1173234535448.0,10303005.56168463,0
2023-05-29,8.81e-06,8.87e-06,8.68e-06,8.7e-06,1197899190383.0,1685404799999,10522639.20105335,31974,585968632322.0,5149494.00486147,0
2023-05-30,8.7e-06,8.83e-06,8.62e-06,8.68e-06,1321028216203.0,1685491199999,11507919.3765578,37910,653119513939.0,5692909.10101477,0
2023-05-31,8.67e-06,8.71e-06,8.3e-06,8.59e-06,1749906585943.0,1685577599999,14845881.80986632,44192,796383195526.0,6755147.14735104,0
2023-06-01,8.58e-06,8.78e-06,8.43e-06,8.45e-06,1564590690358.0,1685663999999,13360515.97783567,38758,714051809905.0,6103259.04856742,0
2023-06-02,8.46e-06,8.74e-06,8.24e-06,8.6e-06,2163646344711.0,1685750399999,18360018.85947133,50949,1005407849476.0,8534637.98294206,0
2023-06-03,8.6e-06,8.7e-06,8.52e-06,8.59e-06,870629409238.0,1685836799999,7498630.22302359,22336,432580549015.0,3726136.77421276,0
2023-06-04,8.59e-06,8.69e-06,8.54e-06,8.6e-06,951138694722.0,1685923199999,8220410.74975141,23473,437802539736.0,3785553.28708958,0
2023-06-05,8.6e-06,8.66e-06,7.73e-06,7.97e-06,3565652713165.0,1686009599999,28914020.52695146,84544,1632654186418.0,13235037.92114512,0
2023-06-06,7.97e-06,8.24e-06,7.85e-06,8.18e-06,1806817463507.0,1686095999999,14579001.57240968,43821,871663890728.0,7037468.06291248,0
2023-06-07,8.17e-06,8.2e-06,7.76e-06,7.88e-06,1788220513334.0,1686182399999,14242101.62246326,44567,780563939175.0,6215577.86114975,0
2023-06-08,7.88e-06,8.01e-06,7.81e-06,7.94e-06,1080518137129.0,1686268799999,8574967.78381153,27194,498679996937.0,3958726.67091524,0
2023-06-09,7.94e-06,8.05e-06,7.81e-06,7.88e-06,1322737745993.0,1686355199999,10487851.9222797,30658,606161376029.0,4809038.43840239,0
2023-06-10,7.88e-06,7.93e-06,5.43e-06,6.85e-06,12003560719162.0,1686441599999,76523758.08399539,281047,6016261358724.0,38118925.05745275,0
2023-06-11,6.86e-06,6.87e-06,6.54e-06,6.67e-06,2330156275065.0,1686527999999,15670873.89823812,50881,1054482795173.0,7091506.77536916,0
2023-06-12,6.67e-06,6.7e-06,6.39e-06,6.66e-06,2017927256546.0,1686614399999,13298089.63808816,45365,963932832546.0,6353023.62857044,0
2023-06-13,6.66e-06,6.94e-06,6.6e-06,6.79e-06,1703564639892.0,1686700799999,11499467.57599465,40341,808885793295.0,5462278.77538617,0
2023-06-14,6.8e-06,6.94e-06,6.43e-06,6.56e-06,2458558326474.0,1686787199999,16517648.30824862,47596,1197441448925.0,8044813.76922465,0
2023-06-15,6.55e-06,6.84e-06,6.5e-06,6.75e-06,1639582394358.0,1686873599999,10881568.37689318,35809,781067128369.0,5188715.24460765,0
2023-06-16,6.75e-06,6.87e-06,6.6e-06,6.83e-06,1493042477928.0,1686959999999,10086493.10856874,34412,719479487562.0,4864863.34657897,0
2023-06-17,6.83e-06,7e-06,6.78e-06,6.98e-06,1354894460672.0,1687046399999,9357603.16656505,28056,643105871599.0,4445495.45015791,0
2023-06-18,6.98e-06,7.55e-06,6.91e-06,7.21e-06,5301731408246.0,1687132799999,38432454.50625323,101760,2692758045573.0,19534900.12064485,0
2023-06-19,7.21e-06,7.33e-06,7.04e-06,7.23e-06,2774882845917.0,1687219199999,19947582.79523929,55671,1360464612428.0,9781096.66572858,0
2023-06-20,7.23e-06,7.29e-06,6.98e-06,7.27e-06,2866770890062.0,1687305599999,20503020.1111628,49308,1461497353071.0,10454083.81753461,0
2023-06-21,7.27e-06,7.62e-06,7.25e-06,7.55e-06,4446073153306.0,1687391999999,33067384.19022545,77028,2221069565232.0,16519264.4288802,0
2023-06-22,7.54e-06,8.46e-06,7.53e-06,7.8e-06,10240424949174.0,1687478399999,82357257.3982789,200953,5097475436846.0,40997030.43701544,0
2023-06-23,7.8e-06,8.15e-06,7.7e-06,7.94e-06,4459410116198.0,1687564799999,35337184.60002305,85621,2208818705401.0,17509565.63858445,0
2023-06-24,7.93e-06,8.08e-06,7.66e-06,7.81e-06,3193379611883.0,1687651199999,25196928.19443814,64403,1556897863987.0,12291178.39562914,0
2023-06-25,7.81e-06,8.04e-06,7.76e-06,7.86e-06,2468016828827.0,1687737599999,19457388.34301526,51154,1235690949958.0,9743956.54249945,0
2023-06-26,7.86e-06,7.97e-06,7.43e-06,7.55e-06,3390314195690.0,1687823999999,26060791.44184836,63922,1679035209673.0,12911208.12954625,0
2023-06-27,7.56e-06,7.68e-06,7.46e-06,7.6e-06,2134524749000.0,1687910399999,16189022.01229904,41448,1047781200563.0,7948945.19109523,0
2023-06-28,7.6e-06,7.6e-06,7.02e-06,7.23e-06,3427771582600.0,1687996799999,25085154.16552406,64270,1626255455329.0,11902393.06309313,0
2023-06-29,7.23e-06,7.44e-06,7.19e-06,7.32e-06,2137923421361.0,1688083199999,15655530.036111,37117,1046223945381.0,7662715.81677691,0
2023-06-30,7.33e-06,7.66e-06,7.02e-06,7.55e-06,5111718731239.0,1688169599999,38033453.45379986,97666,2500550969719.0,18607653.22990829,0
2023-07-01,7.56e-06,7.78e-06,7.49e-06,7.64e-06,2978679966632.0,1688255999999,22723892.29719898,55178,1472335863210.0,11238222.73086995,0
2023-07-02,7.65e-06,7.72e-06,7.42e-06,7.66e-06,2610338964881.0,1688342399999,19777337.26257421,46913,1270249715556.0,9625704.47740739,0
2023-07-03,7.65e-06,7.8e-06,7.62e-06,7.77e-06,2773900333396.0,1688428799999,21363219.16981416,50482,1368584914226.0,10544835.87310764,0
2023-07-04,7.77e-06,7.86e-06,7.59e-06,7.67e-06,3904753499556.0,1688515199999,30222404.2392549,62238,1875792477482.0,14526634.04577779,0
2023-07-05,7.68e-06,7.74e-06,7.35e-06,7.46e-06,3361646209021.0,1688601599999,25320955.95278727,54758,1621851399221.0,12215509.05483684,0
2023-07-06,7.47e-06,7.67e-06,7.12e-06,7.14e-06,3865458902571.0,1688687999999,28477392.3578342,62595,1819391596100.0,13404968.11585498,0
2023-07-07,7.15e-06,7.32e-06,7.06e-06,7.32e-06,2490785090808.0,1688774399999,18018590.73330367,37550,1204722341324.0,8715645.33198263,0
2023-07-08,7.32e-06,7.73e-06,7.26e-06,7.64e-06,2660259605628.0,1688860799999,19919831.77928555,45014,1408643620278.0,10560320.47357668,0
2023-07-09,7.64e-06,7.8e-06,7.57e-06,7.74e-06,3451776603442.0,1688947199999,26549924.17812644,58496,1758320662642.0,13532821.16798683,0
2023-07-10,7.74e-06,7.74e-06,7.4e-06,7.54e-06,3074107278456.0,1689033599999,23229560.16123172,54899,1369083676867.0,10343591.25912816,0
2023-07-11,7.54e-06,7.62e-06,7.43e-06,7.53e-06,1758846629909.0,1689119999999,13233111.19325587,33429,829237393843.0,6241036.01880396,0
2023-07-12,7.53e-06,7.6e-06,7.33e-06,7.51e-06,1855428868306.0,1689206399999,13909841.08808532,36350,902309790889.0,6766536.72907084,0
2023-07-13,7.5e-06,8.13e-06,7.43e-06,7.97e-06,5499806008056.0,1689292799999,42923694.49264458,100930,2722754829188.0,21262189.98854729,0
2023-07-14,7.98e-06,8.44e-06,7.58e-06,7.98e-06,7679566104281.0,1689379199999,61699035.55122571,143615,3792625590381.0,30488722.24634526,0
2023-07-15,7.99e-06,8.53e-06,7.9e-06,8.09e-06,5763932265849.0,1689465599999,47593437.38749361,122711,2806355918355.0,23178558.01355624,0
2023-07-16,8.09e-06,8.17e-06,7.81e-06,7.86e-06,2741848326245.0,1689551999999,21933858.47690572,52919,1240635110946.0,9927058.48692673,0
2023-07-17,7.86e-06,8.08e-06,7.6e-06,7.85e-06,3140796103960.0,1689638399999,24615600.26145097,65538,1487043850870.0,11655857.31691023,0
2023-07-18,7.85e-06,7.9e-06,7.56e-06,7.72e-06,2052593819340.0,1689724799999,15845804.5477329,45051,869593321420.0,6713231.50230396,0
2023-07-19,7.72e-06,7.85e-06,7.64e-06,7.74e-06,2228128678979.0,1689811199999,17273327.66536893,43844,1080417008738.0,8380028.13771384,0
2023-07-20,7.75e-06,7.93e-06,7.6e-06,7.69e-06,2540696316847.0,1689897599999,19701071.0835375,50897,1204949565622.0,9348942.50132968,0
2023-07-21,7.7e-06,8.02e-06,7.64e-06,7.84e-06,2484817783322.0,1689983999999,19451978.66396879,46058,1268204821548.0,9936185.38446509,0
2023-07-22,7.84e-06,7.91e-06,7.68e-06,7.78e-06,1676115978842.0,1690070399999,13071796.08236396,32967,780978193959.0,6093221.54366004,0
2023-07-23,7.77e-06,7.92e-06,7.72e-06,7.85e-06,1189684504616.0,1690156799999,9323681.24130294,25189,580245568505.0,4549821.22689469,0
2023-07-24,7.86e-06,8.02e-06,7.58e-06,7.66e-06,3751476397828.0,1690243199999,29117512.66276559,68912,1856674608222.0,14429956.62021871,0
2023-07-25,7.67e-06,7.95e-06,7.65e-06,7.92e-06,3425283964672.0,1690329599999,26733138.43815863,61410,1825011183903.0,14253040.39721639,0
2023-07-26,7.92e-06,7.98e-06,7.71e-06,7.86e-06,2237214754774.0,1690415999999,17549166.7251686,45511,1012380758830.0,7947639.95501967,0
2023-07-27,7.86e-06,7.94e-06,7.73e-06,7.8e-06,1182639822386.0,1690502399999,9275340.99312976,26819,525294124440.0,4122879.55391841,0
2023-07-28,7.8e-06,8.45e-06,7.77e-06,8.17e-06,5626621719634.0,1690588799999,46133914.26219003,102777,2916253819208.0,23901600.46615652,0
2023-07-29,8.17e-06,8.65e-06,8.13e-06,8.52e-06,4595943233029.0,1690675199999,38388254.18418814,82170,2371955420064.0,19825826.74068587,0
2023-07-30,8.52e-06,8.78e-06,8.08e-06,8.28e-06,5232440648171.0,1690761599999,44274739.2030747,92203,2523667968921.0,21364753.40935055,0
2023-07-31,8.28e-06,8.73e-06,8.22e-06,8.46e-06,3737504366228.0,1690847999999,31714743.59738295,73780,1841090278519.0,15629408.74428174,0
2023-08-01,8.46e-06,8.46e-06,8.11e-06,8.43e-06,2998791392055.0,1690934399999,24865332.96770446,56657,1385343836663.0,11490441.25762914,0
2023-08-02,8.43e-06,8.47e-06,8.08e-06,8.15e-06,2045971032036.0,1691020799999,16866514.12935213,42519,935915906387.0,7722087.31730593,0
2023-08-03,8.16e-06,8.39e-06,8.12e-06,8.28e-06,2039858582449.0,1691107199999,16844326.78561351,38945,1003296169309.0,8288307.74960957,0
2023-08-04,8.29e-06,8.85e-06,8.28e-06,8.69e-06,5559703898680.0,1691193599999,47922045.55588984,94174,2885851702520.0,24877488.29574228,0
2023-08-05,8.69e-06,1.052e-05,8.65e-06,9.97e-06,24023783838865.0,1691279999999,233992135.66941056,399742,12451752897929.0,121069101.84615757,0
2023-08-06,9.97e-06,1.029e-05,9.2e-06,9.37e-06,9608180610980.0,1691366399999,92429096.50925224,197233,4538424661301.0,43653959.99891896,0
2023-08-07,9.38e-06,9.48e-06,8.76e-06,8.98e-06,6282667047055.0,1691452799999,57076276.02114408,110986,2835503748308.0,25740758.41635233,0
2023-08-08,8.97e-06,9.69e-06,8.87e-06,9.53e-06,7660022431340.0,1691539199999,71168648.66356638,130148,3987007599581.0,37047846.88306493,0
2023-08-09,9.53e-06,1.006e-05,9.41e-06,9.62e-06,8302282746896.0,1691625599999,80677438.119353,150407,4102079451828.0,39878775.47380777,0
2023-08-10,9.63e-06,1.018e-05,9.57e-06,9.92e-06,6653731550887.0,1691711999999,65810364.49653449,118872,3393127988553.0,33588410.33875049,0
2023-08-11,9.92e-06,1.063e-05,9.78e-06,1.052e-05,8300370821779.0,1691798399999,84892196.34466404,143840,4442750650942.0,45469233.76370705,0
2023-08-12,1.052e-05,1.136e-05,1.044e-05,1.067e-05,14896630896565.0,1691884799999,162335235.2968354,266630,7695296552403.0,83897493.05785014,0
2023-08-13,1.067e-05,1.084e-05,1.013e-05,1.023e-05,7421707864499.0,1691971199999,77906631.90343527,134703,3457616308536.0,36319024.9808811,0
2023-08-14,1.023e-05,1.067e-05,9.96e-06,1.019e-05,8421644177016.0,1692057599999,86896290.29857013,147013,4256480384352.0,43949349.74267262,0
2023-08-15,1.018e-05,1.066e-05,9.43e-06,9.93e-06,9304291266181.0,1692143999999,94605454.10688008,187953,4570572684179.0,46510665.36470831,0
2023-08-16,9.94e-06,1.017e-05,9.03e-06,9.21e-06,8875401499392.0,1692230399999,85398281.63554408,177157,4216707955046.0,40589804.80833201,0
2023-08-17,9.21e-06,9.36e-06,7.25e-06,8.13e-06,13924563111815.0,1692316799999,120281419.35561216,242772,6541464693724.0,56496211.51934172,0
2023-08-18,8.13e-06,8.71e-06,8.03e-06,8.59e-06,8294158090057.0,1692403199999,69744018.15969512,136159,4152640044932.0,34940632.89759599,0
2023-08-19,8.59e-06,8.68e-06,8.32e-06,8.44e-06,3369714578502.0,1692489599999,28589466.34972743,61024,1549626123521.0,13158701.03600661,0
2023-08-20,8.44e-06,8.49e-06,8.15e-06,8.31e-06,2427339620190.0,1692575999999,20258098.96885269,44460,1094262824753.0,9134881.58073539,0
2023-08-21,8.3e-06,8.38e-06,7.76e-06,7.98e-06,4112406316798.0,1692662399999,33054011.08007542,66905,1999101569971.0,16065677.64056647,0
2023-08-22,7.97e-06,8.07e-06,7.55e-06,8e-06,3673996631029.0,1692748799999,29003712.83417936,61698,1822650083419.0,14399252.84053557,0
2023-08-23,8e-06,8.54e-06,7.97e-06,8.32e-06,5240428895764.0,1692835199999,43436364.54811596,88006,2688488607134.0,22295994.96536363,0
2023-08-24,8.31e-06,8.36e-06,8.03e-06,8.21e-06,2375174834028.0,1692921599999,19524109.9923887,42587,1105867030452.0,9095641.92176491,0
2023-08-25,8.21e-06,8.26e-06,7.98e-06,8.14e-06,2527842154707.0,1693007999999,20472402.02423156,44913,1227729010397.0,9950180.93078297,0
2023-08-26,8.14e-06,8.24e-06,8.07e-06,8.08e-06,1075124515723.0,1693094399999,8775101.76925837,23641,532404322164.0,4348728.31399906,0
2023-08-27,8.08e-06,8.18e-06,8.01e-06,8.04e-06,932785811564.0,1693180799999,7547352.88586132,22402,449391413075.0,3637050.57657415,0
2023-08-28,8.05e-06,8.34e-06,7.86e-06,8.22e-06,2750552253187.0,1693267199999,22244668.9387941,51196,1386769121237.0,11220947.02287045,0
2023-08-29,8.23e-06,8.46e-06,8.04e-06,8.37e-06,4396184664000.0,1693353599999,36492529.15334041,63713,2202611494584.0,18297756.92209276,0
2023-08-30,8.37e-06,8.38e-06,8.07e-06,8.16e-06,1859377274142.0,1693439999999,15272777.65240849,35260,848914852642.0,6975891.40373725,0
2023-08-31,8.16e-06,8.25e-06,7.79e-06,7.99e-06,2648020783241.0,1693526399999,21275013.57773872,45942,1233506424809.0,9917496.67051332,0
2023-09-01,7.99e-06,8.05e-06,7.73e-06,7.9e-06,1907955164360.0,1693612799999,15056416.48333824,37365,898755334231.0,7089007.00199293,0
2023-09-02,7.89e-06,7.94e-06,7.76e-06,7.84e-06,1094454826770.0,1693699199999,8611645.02119833,24372,537421712577.0,4229293.02829416,0
2023-09-03,7.84e-06,7.87e-06,7.63e-06,7.69e-06,1130118950631.0,1693785599999,8757629.36684444,27054,523111764994.0,4055154.065749,0
2023-09-04,7.68e-06,7.79e-06,7.39e-06,7.49e-06,1810164662017.0,1693871999999,13809203.22521805,38708,908234071332.0,6925023.07629394,0
2023-09-05,7.5e-06,7.72e-06,7.43e-06,7.64e-06,1512232807266.0,1693958399999,11461924.13692705,31384,733075712186.0,5558327.95620197,0
2023-09-06,7.65e-06,7.8e-06,7.5e-06,7.68e-06,1811914892387.0,1694044799999,13886327.31613654,34606,875312834968.0,6711422.76157339,0
2023-09-07,7.68e-06,7.72e-06,7.55e-06,7.69e-06,1042874348531.0,1694131199999,7962424.6233498,23461,494916480415.0,3779167.57805811,0
2023-09-08,7.69e-06,7.72e-06,7.48e-06,7.6e-06,1131612298983.0,1694217599999,8573013.52402811,24507,539258706562.0,4085900.95021597,0
2023-09-09,7.6e-06,7.66e-06,7.55e-06,7.57e-06,735187006005.0,1694303999999,5591393.37579786,17667,312973100199.0,2381781.10559058,0
2023-09-10,7.57e-06,7.57e-06,7.2e-06,7.36e-06,2335811670867.0,1694390399999,17213850.09087024,40810,1182240580314.0,8714998.87567509,0
2023-09-11,7.36e-06,7.39e-06,6.95e-06,7.06e-06,3286741888744.0,1694476799999,23363403.08399787,52177,1649967194952.0,11732986.72231869,0
2023-09-12,7.06e-06,7.38e-06,7.05e-06,7.17e-06,2255438072609.0,1694563199999,16313720.43628134,36738,1121595361338.0,8112898.59427039,0
2023-09-13,7.17e-06,7.36e-06,7.14e-06,7.26e-06,1719083325069.0,1694649599999,12464553.74940222,28998,806598821350.0,5848467.43268215,0
2023-09-14,7.25e-06,7.45e-06,7.21e-06,7.37e-06,1696084755825.0,1694735999999,12412702.73016089,32689,696525422645.0,5098674.5923985,0
2023-09-15,7.37e-06,7.49e-06,7.31e-06,7.45e-06,1307059017924.0,1694822399999,9660649.83551002,27109,553508365123.0,4094441.29257104,0
2023-09-16,7.45e-06,7.57e-06,7.33e-06,7.4e-06,1154678227297.0,1694908799999,8605611.74700731,24879,535133869791.0,3990352.5497842,0
2023-09-17,7.4e-06,7.4e-06,7.09e-06,7.21e-06,1498968257719.0,1694995199999,10830200.36279008,28337,715181073033.0,5170060.49691142,0
2023-09-18,7.21e-06,7.42e-06,7.14e-06,7.25e-06,1824975574550.0,1695081599999,13313851.14206009,30929,900658056385.0,6574415.78599378,0
2023-09-19,7.25e-06,7.43e-06,7.22e-06,7.4e-06,1473555305659.0,1695167999999,10850208.23414405,28493,702610302793.0,5173497.58940994,0
2023-09-20,7.4e-06,7.5e-06,7.26e-06,7.45e-06,2286588940690.0,1695254399999,16860340.91421595,34467,1021239525728.0,7532729.63524168,0
2023-09-21,7.44e-06,7.54e-06,7.22e-06,7.24e-06,2203036962871.0,1695340799999,16165008.34608395,34031,1034004390208.0,7593713.65607384,0
2023-09-22,7.25e-06,7.32e-06,7.15e-06,7.3e-06,1374832730431.0,1695427199999,9993511.94138904,23823,656829796181.0,4777824.18745543,0
2023-09-23,7.3e-06,7.71e-06,7.29e-06,7.5e-06,3302108708240.0,1695513599999,24789641.61904693,54396,1659736231579.0,12465289.25826298,0
2023-09-24,7.51e-06,7.51e-06,7.25e-06,7.3e-06,1644636004157.0,1695599999999,12112581.59225606,30829,770407512235.0,5676051.51485568,0
2023-09-25,7.3e-06,7.39e-06,7.17e-06,7.28e-06,1498491943301.0,1695686399999,10913855.8187786,27227,708433545597.0,5161064.86072456,0
2023-09-26,7.29e-06,7.34e-06,7.17e-06,7.26e-06,1009259705339.0,1695772799999,7331239.84452106,19831,472433619260.0,3434019.95957236,0
2023-09-27,7.26e-06,7.32e-06,7.13e-06,7.22e-06,1672366788585.0,1695859199999,12092719.7693186,27408,781425578891.0,5652450.66508661,0
2023-09-28,7.23e-06,7.34e-06,7.21e-06,7.3e-06,1381049711556.0,1695945599999,10042301.2588473,24551,658866115209.0,4793969.70903413,0
2023-09-29,7.3e-06,7.43e-06,7.27e-06,7.31e-06,1883994749837.0,1696031999999,13824594.78877359,28580,899996367484.0,6605977.71144815,0
2023-09-30,7.32e-06,7.4e-06,7.3e-06,7.34e-06,1215046336568.0,1696118399999,8923358.33825921,20268,651014121791.0,4781932.38554849,0
2023-10-01,7.33e-06,7.58e-06,7.33e-06,7.52e-06,2007806020347.0,1696204799999,14940584.54174547,32112,1029586416754.0,7662475.96167463,0
2023-10-02,7.52e-06,7.61e-06,7.19e-06,7.31e-06,3137212793193.0,1696291199999,23385983.13715486,48836,1474789373530.0,11002391.69182105,0
2023-10-03,7.31e-06,7.34e-06,7.21e-06,7.28e-06,1326048655453.0,1696377599999,9648724.90538005,22078,648385650920.0,4719223.22596712,0
2023-10-04,7.29e-06,7.29e-06,7.06e-06,7.23e-06,1803001572243.0,1696463999999,12970404.91898643,30116,861250835630.0,6197419.28613971,0
2023-10-05,7.23e-06,7.28e-06,7.12e-06,7.14e-06,1106116568419.0,1696550399999,7965791.89852277,19913,513633808692.0,3699880.87904667,0
2023-10-06,7.14e-06,7.25e-06,7.13e-06,7.23e-06,1088699516496.0,1696636799999,7830787.1366073,18535,547531694032.0,3939921.79954349,0
2023-10-07,7.23e-06,7.26e-06,7.18e-06,7.23e-06,646575882640.0,1696723199999,4670678.55493204,14318,310799830240.0,2245890.68754143,0
2023-10-08,7.23e-06,7.29e-06,7.17e-06,7.2e-06,885569381722.0,1696809599999,6388901.0039441,16833,404150150636.0,2917576.98627817,0
2023-10-09,7.2e-06,7.21e-06,6.73e-06,6.92e-06,2761363401247.0,1696895999999,19200677.03799173,42150,1350581209060.0,9387231.65806423,0
2023-10-10,6.91e-06,6.98e-06,6.81e-06,6.9e-06,1140004274755.0,1696982399999,7866637.65977903,19777,559802451593.0,3863518.16155727,0
2023-10-11,6.9e-06,6.95e-06,6.71e-06,6.77e-06,1621644688607.0,1697068799999,11038862.67582037,25333,758185472108.0,5162699.44708322,0
2023-10-12,6.78e-06,6.9e-06,6.73e-06,6.8e-06,1390114344453.0,1697155199999,9481330.39797731,21365,662452298855.0,4519715.15054393,0
2023-10-13,6.8e-06,7e-06,6.77e-06,6.91e-06,1131301762312.0,1697241599999,7771004.18749197,19032,567777141643.0,3901587.8175223,0
2023-10-14,6.91e-06,7.15e-06,6.91e-06,7.02e-06,1471755594400.0,1697327999999,10362514.23237224,26716,732031102836.0,5157644.23807427,0
2023-10-15,7.03e-06,7.07e-06,6.93e-06,6.98e-06,999552065937.0,1697414399999,6992627.82373574,19307,477937309446.0,3344535.35492087,0
2023-10-16,6.99e-06,7.3e-06,6.95e-06,7.09e-06,2822981271257.0,1697500799999,20081275.5703747,43033,1346202066910.0,9582842.67589678,0
2023-10-17,7.1e-06,7.13e-06,6.82e-06,6.89e-06,1739091100821.0,1697587199999,12113724.11194645,26999,798012328138.0,5558194.06505863,0
2023-10-18,6.88e-06,6.96e-06,6.7e-06,6.77e-06,1508059530579.0,1697673599999,10317978.73756313,27868,737709825268.0,5047539.81565765,0
2023-10-19,6.77e-06,6.87e-06,6.61e-06,6.83e-06,1861321653375.0,1697759999999,12549406.07625048,27416,946262316296.0,6382143.96783785,0
2023-10-20,6.83e-06,7.04e-06,6.82e-06,6.91e-06,2086749852997.0,1697846399999,14466948.63206157,31812,970828172050.0,6732727.50013537,0
2023-10-21,6.9e-06,7.18e-06,6.88e-06,7.06e-06,2071058717629.0,1697932799999,14607519.31771594,33607,1001367271151.0,7062630.25345484,0
2023-10-22,7.07e-06,7.14e-06,6.92e-06,7.13e-06,1850150216494.0,1698019199999,13005931.12670975,30053,905215384823.0,6365138.26884869,0
2023-10-23,7.14e-06,7.52e-06,7.09e-06,7.51e-06,5273855010497.0,1698105599999,38222315.97580611,76866,2641977383007.0,19161003.57277129,0
2023-10-24,7.52e-06,7.76e-06,7.24e-06,7.39e-06,7545460995946.0,1698191999999,56646281.46088243,124750,3747530868784.0,28144127.46683109,0
2023-10-25,7.39e-06,7.98e-06,7.27e-06,7.8e-06,7164261672725.0,1698278399999,54792795.0469682,103359,3706994516583.0,28365518.17618316,0
2023-10-26,7.81e-06,8.25e-06,7.58e-06,7.9e-06,9261728042035.0,1698364799999,73516945.4417483,135445,4520141995190.0,35899031.78095199,0
2023-10-27,7.91e-06,7.97e-06,7.57e-06,7.69e-06,3970052566984.0,1698451199999,30929055.78043943,60832,1863215419247.0,14520281.79287614,0
2023-10-28,7.7e-06,8.12e-06,7.66e-06,7.97e-06,2878186731597.0,1698537599999,22602949.55766426,48014,1463371999771.0,11493970.59203124,0
2023-10-29,7.97e-06,8.12e-06,7.72e-06,8.02e-06,3617890066254.0,1698623999999,28847881.34858018,56919,1758706070012.0,14025988.00649533,0
2023-10-30,8.01e-06,8.07e-06,7.81e-06,7.96e-06,3403808070850.0,1698710399999,27120746.07789381,49278,1654005265682.0,13182587.17977655,0
2023-10-31,7.97e-06,8.04e-06,7.51e-06,7.79e-06,4692513019594.0,1698796799999,36712048.80538066,67131,2221582592114.0,17387610.67560104,0
2023-11-01,7.78e-06,7.98e-06,7.56e-06,7.97e-06,3776236019567.0,1698883199999,29268562.40120566,60805,1848164720631.0,14335815.26196221,0
2023-11-02,7.97e-06,8.08e-06,7.66e-06,7.86e-06,4820863310482.0,1698969599999,38179420.07582966,74348,2363482912223.0,18728383.24707213,0
2023-11-03,7.86e-06,7.86e-06,7.62e-06,7.82e-06,2218337942022.0,1699055999999,17219387.74553368,49726,1072504424876.0,8326551.33185665,0
2023-11-04,7.82e-06,7.97e-06,7.77e-06,7.94e-06,2014127504019.0,1699142399999,15845275.26580814,39063,985245689744.0,7751901.14359653,0
2023-11-05,7.94e-06,8.32e-06,7.89e-06,8.11e-06,4784226801612.0,1699228799999,38781777.38255015,82146,2277795516612.0,18477349.65628396,0
2023-11-06,8.12e-06,8.52e-06,8e-06,8.46e-06,4980415849609.0,1699315199999,41258079.72695081,88252,2401195862509.0,19903019.12098968,0
2023-11-07,8.46e-06,8.47e-06,7.95e-06,8.2e-06,5046098933813.0,1699401599999,41446374.49896575,85607,2353487719471.0,19332432.72870648,0
2023-11-08,8.2e-06,8.34e-06,8.14e-06,8.28e-06,2729977622671.0,1699487999999,22532377.20536778,47292,1305322074955.0,10776925.96663616,0
2023-11-09,8.28e-06,8.72e-06,7.8e-06,8.23e-06,8817750172065.0,1699574399999,73864162.0605719,149998,4249234091937.0,35600990.21233107,0
2023-11-10,8.23e-06,8.56e-06,8.08e-06,8.49e-06,6223908096979.0,1699660799999,51858781.76988934,107085,2995729174973.0,24977942.16742398,0
2023-11-11,8.48e-06,9.65e-06,8.44e-06,9.09e-06,16314830184066.0,1699747199999,149263773.49030012,305064,8057173705637.0,73699782.28509413,0
2023-11-12,9.09e-06,9.15e-06,8.65e-06,8.92e-06,4775620456910.0,1699833599999,42744965.26223496,106053,2248763108359.0,20140028.64089144,0
2023-11-13,8.91e-06,9.17e-06,8.42e-06,8.53e-06,5513013549523.0,1699919999999,48618705.75363658,123746,2649797275982.0,23382467.83999862,0
2023-11-14,8.53e-06,8.69e-06,8e-06,8.34e-06,4772214330079.0,1700006399999,40115990.45590184,99782,2288077003462.0,19241567.8729424,0
2023-11-15,8.34e-06,8.85e-06,8.32e-06,8.79e-06,3505620511626.0,1700092799999,30112297.82846619,71797,1796442501779.0,15437386.82841097,0
2023-11-16,8.79e-06,9.19e-06,8.29e-06,8.5e-06,7426301718868.0,1700179199999,65190644.49097875,144733,3665185666183.0,32171055.93351721,0
2023-11-17,8.5e-06,9.16e-06,8.4e-06,8.82e-06,6543753532652.0,1700265599999,57206667.26372299,135112,3337890913984.0,29189305.5126378,0
2023-11-18,8.82e-06,8.91e-06,8.39e-06,8.56e-06,3430377101699.0,1700351999999,29536117.95577173,71675,1626803424947.0,14013524.17642838,0
2023-11-19,8.55e-06,8.71e-06,8.35e-06,8.67e-06,2167902348347.0,1700438399999,18471018.89904951,46382,1071695960495.0,9131222.41820343,0
2023-11-20,8.67e-06,8.72e-06,8.36e-06,8.43e-06,3096569791549.0,1700524799999,26587202.82005509,63792,1487414059644.0,12776705.40454432,0
2023-11-21,8.44e-06,8.51e-06,7.61e-06,7.74e-06,4730595233150.0,1700611199999,38353652.71430176,101151,2326222999152.0,18855228.37263825,0
2023-11-22,7.73e-06,8.18e-06,7.7e-06,8.1e-06,2745213991027.0,1700697599999,21954837.71143932,57457,1385233326956.0,11081883.33921316,0
2023-11-23,8.09e-06,8.19e-06,8e-06,8.11e-06,1485627926566.0,1700783999999,12038853.57305633,33900,713989040069.0,5787695.85988316,0
2023-11-24,8.11e-06,8.3e-06,8.08e-06,8.19e-06,2481247800567.0,1700870399999,20355332.87330506,47607,1217504236413.0,9991146.36039647,0
2023-11-25,8.18e-06,8.59e-06,8.15e-06,8.48e-06,2436822279095.0,1700956799999,20456202.44094103,51106,1253587497702.0,10529961.25478132,0
2023-11-26,8.47e-06,8.48e-06,8.05e-06,8.29e-06,3108804528755.0,1701043199999,25721659.5091712,52853,1426404328140.0,11797083.22412713,0
2023-11-27,8.3e-06,8.66e-06,8.02e-06,8.19e-06,5729919332551.0,1701129599999,47674739.73174735,103288,2890275865631.0,24068605.11085236,0
2023-11-28,8.2e-06,8.33e-06,8.03e-06,8.31e-06,2616861609657.0,1701215999999,21446771.27927619,46443,1280180152731.0,10495813.85144584,0
2023-11-29,8.31e-06,8.39e-06,8.16e-06,8.22e-06,2177891442111.0,1701302399999,18059590.46812015,44126,1034388418199.0,8583656.99590651,0
2023-11-30,8.22e-06,8.3e-06,8.12e-06,8.3e-06,1656723776201.0,1701388799999,13611503.70779979,33101,813148610261.0,6683663.79923185,0
2023-12-01,8.29e-06,8.39e-06,8.25e-06,8.37e-06,2044919651886.0,1701475199999,17041748.62492364,37317,983177446079.0,8196198.62469162,0
2023-12-02,8.37e-06,8.57e-06,8.34e-06,8.52e-06,2084686451224.0,1701561599999,17620534.43079604,43849,1016717997324.0,8598848.1033585,0
2023-12-03,8.52e-06,9.49e-06,8.36e-06,9.02e-06,10241916990509.0,1701647999999,91727128.7511726,190817,5267900129826.0,47228840.72348053,0
2023-12-04,9.02e-06,9.65e-06,8.65e-06,9.21e-06,12874083045748.0,1701734399999,117285231.7815632,220543,6454036448873.0,58860291.27748027,0
2023-12-05,9.21e-06,9.58e-06,8.87e-06,9.49e-06,10604291938972.0,1701820799999,98147335.8340198,187967,5318524709415.0,49262095.36483759,0
2023-12-06,9.49e-06,1.07e-05,9.31e-06,9.72e-06,20385955254073.0,1701907199999,203060340.8201124,388193,10199032175482.0,101697647.30908763,0
2023-12-07,9.71e-06,9.88e-06,9.38e-06,9.78e-06,6279589108739.0,1701993599999,60786182.87821622,116832,2935370316011.0,28439136.69679675,0
2023-12-08,9.78e-06,1.044e-05,9.74e-06,1.019e-05,7299445199717.0,1702079999999,73496880.32581809,133207,3789644709475.0,38177762.34016182,0
2023-12-09,1.02e-05,1.045e-05,9.9e-06,9.99e-06,7132170248698.0,1702166399999,72964502.81199674,134587,3475832661399.0,35571415.13236312,0
2023-12-10,9.99e-06,1.039e-05,9.9e-06,1.033e-05,5430806233796.0,1702252799999,55275324.5410739,103717,2686882932613.0,27366400.10230002,0
2023-12-11,1.032e-05,1.06e-05,9.1e-06,9.51e-06,11489012631409.0,1702339199999,111276907.09401764,209959,5664084327442.0,54899617.99527216,0
2023-12-12,9.52e-06,9.77e-06,9.29e-06,9.57e-06,4635904936911.0,1702425599999,44328975.99890067,93841,2273149663037.0,21743826.35764143,0
2023-12-13,9.58e-06,9.87e-06,9.14e-06,9.8e-06,4449423771777.0,1702511999999,42312468.218674,86723,2222788955135.0,21160738.62410958,0
2023-12-14,9.81e-06,1.02e-05,9.5e-06,1.008e-05,5439037741851.0,1702598399999,54229817.54999051,110693,2693746131814.0,26865110.79805292,0
2023-12-15,1.008e-05,1.01e-05,9.57e-06,9.6e-06,3778937131276.0,1702684799999,37104231.07670289,79642,1781348886951.0,17482331.50877208,0
2023-12-16,9.6e-06,1.172e-05,9.46e-06,1.16e-05,16445060785290.0,1702771199999,176046281.80055884,335251,8816677906438.0,94421786.46938428,0
2023-12-17,1.16e-05,1.195e-05,1.023e-05,1.03e-05,12826893301482.0,1702857599999,139098816.10673347,249604,6175768743782.0,66993853.14103036,0
2023-12-18,1.03e-05,1.05e-05,9.54e-06,1.044e-05,8415148643940.0,1702943999999,84585389.42898107,152987,4107256637699.0,41318491.75589439,0
2023-12-19,1.044e-05,1.059e-05,9.99e-06,1.012e-05,4259796688330.0,1703030399999,43833767.54167781,91636,2048387120904.0,21080117.78771558,0
2023-12-20,1.012e-05,1.051e-05,9.95e-06,1.024e-05,3869769326531.0,1703116799999,39704754.58627465,86802,1967957929025.0,20203286.47174166,0
2023-12-21,1.024e-05,1.056e-05,1.013e-05,1.043e-05,3452105271058.0,1703203199999,35739677.81032937,78115,1765655574429.0,18286620.95550484,0
2023-12-22,1.044e-05,1.096e-05,1.031e-05,1.091e-05,6438377994429.0,1703289599999,68627229.96647112,143312,3209805439063.0,34216150.48535017,0
2023-12-23,1.09e-05,1.128e-05,1.052e-05,1.107e-05,5779650272111.0,1703375999999,63267564.72308268,141845,2893188860249.0,31675719.24696802,0
2023-12-24,1.106e-05,1.11e-05,1.044e-05,1.066e-05,4416781554608.0,1703462399999,47976580.29438397,123266,2123008575646.0,23086177.41250769,0
2023-12-25,1.065e-05,1.105e-05,1.054e-05,1.102e-05,3583595648212.0,1703548799999,38930248.88202562,97326,1759649397974.0,19127480.76295839,0
2023-12-26,1.101e-05,1.103e-05,1e-05,1.059e-05,4818861286461.0,1703635199999,50967955.35296121,131452,2325749664573.0,24599615.41919983,0
2023-12-27,1.06e-05,1.094e-05,1.027e-05,1.089e-05,3548911343952.0,1703721599999,37884026.39764216,93080,1735288897041.0,18534313.69053384,0
2023-12-28,1.09e-05,1.106e-05,1.044e-05,1.061e-05,4548816263148.0,1703807999999,48838776.78603335,123673,2173935336027.0,23341744.92184922,0
2023-12-29,1.062e-05,1.071e-05,1.025e-05,1.041e-05,3229505490239.0,1703894399999,33894239.34388459,90357,1573680563378.0,16515882.62988612,0
2023-12-30,1.042e-05,1.06e-05,1.035e-05,1.043e-05,1650602636728.0,1703980799999,17320172.46400021,52911,796440696754.0,8358529.46000785,0
2023-12-31,1.043e-05,1.06e-05,1.025e-05,1.036e-05,1638144850711.0,1704067199999,17151842.48623823,52900,798678746527.0,8363006.59975492,0
2024-01-01,1.036e-05,1.071e-05,1.021e-05,1.068e-05,1912387996323.0,1704153599999,20017390.81968201,58393,964507539833.0,10099611.19050898,0
2024-01-02,1.068e-05,1.092e-05,1.046e-05,1.056e-05,4111956270583.0,1704239999999,43973176.76194572,104653,1996104525145.0,21347519.51034965,0
2024-01-03,1.056e-05,1.066e-05,8.27e-06,9.57e-06,8809791876169.0,1704326399999,84880113.60273005,228452,4352206222636.0,41894011.67407377,0
2024-01-04,9.57e-06,1.014e-05,9.42e-06,9.99e-06,4382945722418.0,1704412799999,42965677.65737269,106195,2274390296653.0,22316419.63823848,0
2024-01-05,1e-05,1.009e-05,9.41e-06,9.81e-06,4406315565247.0,1704499199999,42806596.39933536,108286,2152696731441.0,20912188.47347013,0
2024-01-06,9.81e-06,9.83e-06,9.32e-06,9.61e-06,2321621338265.0,1704585599999,22249704.91926473,71277,1141268090919.0,10941937.82380315,0
2024-01-07,9.61e-06,9.68e-06,8.93e-06,9.02e-06,3333253542409.0,1704671999999,31170968.62751178,85634,1747762657075.0,16342629.53006511,0
2024-01-08,9.02e-06,9.59e-06,8.49e-06,9.58e-06,6170976069743.0,1704758399999,56042951.18524099,129474,3215544983175.0,29235231.16401628,0
2024-01-09,9.58e-06,1.001e-05,9.04e-06,9.67e-06,9003914278168.0,1704844799999,86068058.52631219,205173,4809769212884.0,46027059.8012691,0
2024-01-10,9.67e-06,1.016e-05,9.11e-06,9.98e-06,6113614569122.0,1704931199999,58628398.9462578,157040,3074757632717.0,29514737.48281708,0
2024-01-11,9.98e-06,1.05e-05,9.85e-06,1.015e-05,7122525106149.0,1705017599999,72539753.13803226,190144,3517398041925.0,35826026.20622172,0
2024-01-12,1.015e-05,1.03e-05,9.31e-06,9.64e-06,4576377252168.0,1705103999999,45365339.15005309,146078,2304649842650.0,22842566.04698965,0
2024-01-13,9.64e-06,1.006e-05,9.41e-06,9.88e-06,2528568819377.0,1705190399999,24802443.78099941,77736,1287311852601.0,12626409.13613756,0
2024-01-14,9.87e-06,1.005e-05,9.53e-06,9.58e-06,2246828489926.0,1705276799999,22048970.38930341,75049,1082732128508.0,10627105.15571945,0
2024-01-15,9.57e-06,9.76e-06,9.48e-06,9.54e-06,2260903688042.0,1705363199999,21810816.22657952,66720,1080999682898.0,10426412.74048595,0
2024-01-16,9.54e-06,9.75e-06,9.42e-06,9.67e-06,2210699475155.0,1705449599999,21272940.83036823,64200,1144676813819.0,11017664.77440931,0
2024-01-17,9.66e-06,9.73e-06,9.38e-06,9.53e-06,2449365419148.0,1705535999999,23370517.50901746,58756,1222341245274.0,11661903.06028482,0
2024-01-18,9.53e-06,9.57e-06,8.96e-06,9.21e-06,3301395985827.0,1705622399999,30626522.53947979,79099,1662580290139.0,15418522.10147148,0
2024-01-19,9.21e-06,9.4e-06,8.79e-06,9.31e-06,3880840285958.0,1705708799999,35464491.74667311,83959,1897456696684.0,17347502.58443309,0
2024-01-20,9.3e-06,9.86e-06,9.27e-06,9.68e-06,3129666689656.0,1705795199999,29734759.34482262,85617,1592273649421.0,15144741.98574511,0
2024-01-21,9.68e-06,9.74e-06,9.33e-06,9.35e-06,2289811799583.0,1705881599999,21789602.21100995,54072,1116643033984.0,10628807.21403176,0
2024-01-22,9.35e-06,9.38e-06,8.86e-06,8.93e-06,3692002899345.0,1705967999999,33675335.80464598,87264,1848318065771.0,16864092.57902028,0
2024-01-23,8.92e-06,9.07e-06,8.43e-06,8.83e-06,2867620135773.0,1706054399999,24910797.79954589,81223,1369323889869.0,11905944.16045848,0
2024-01-24,8.84e-06,9e-06,8.74e-06,8.9e-06,1588436350640.0,1706140799999,14097089.53320372,48003,813497271056.0,7221463.2614322,0
2024-01-25,8.9e-06,8.93e-06,8.72e-06,8.87e-06,1231958694480.0,1706227199999,10891813.99951899,40507,590567412616.0,5222929.87385214,0
2024-01-26,8.87e-06,9.14e-06,8.79e-06,9.04e-06,1504400933122.0,1706313599999,13519975.06524038,43188,783081782167.0,7039561.70702436,0
2024-01-27,9.04e-06,9.22e-06,8.97e-06,9.13e-06,1053112994275.0,1706399999999,9567353.41217673,34115,510996856273.0,4644662.39931953,0
2024-01-28,9.13e-06,9.25e-06,8.91e-06,9e-06,1593710390562.0,1706486399999,14504435.1641134,43773,790636367722.0,7196625.63802459,0
2024-01-29,9.01e-06,9.28e-06,8.93e-06,9.2e-06,1920411275293.0,1706572799999,17481007.71684882,52587,965426563516.0,8790015.32611121,0
2024-01-30,9.21e-06,9.46e-06,9.01e-06,9.05e-06,1955717647113.0,1706659199999,18109368.59565187,58751,918787674792.0,8512594.07726703,0
2024-01-31,9.05e-06,9.14e-06,8.85e-06,8.94e-06,2188792149788.0,1706745599999,19743485.42665422,58686,1023925108850.0,9236691.30660081,0
2024-02-01,8.95e-06,9.05e-06,8.79e-06,9.03e-06,1404511268353.0,1706831999999,12528247.313802,40813,688564707494.0,6145062.17665321,0
2024-02-02,9.03e-06,9.11e-06,8.93e-06,9.08e-06,1076942685670.0,1706918399999,9733206.23824111,31193,557137122406.0,5037443.50280105,0
2024-02-03,9.08e-06,9.16e-06,9.01e-06,9.11e-06,836708154280.0,1707004799999,7611148.62795918,27552,409576728117.0,3726818.75883294,0
2024-02-04,9.11e-06,9.14e-06,8.85e-06,8.9e-06,1105103349056.0,1707091199999,9959340.4520399,35273,500732568007.0,4513411.05365557,0
2024-02-05,8.9e-06,9.04e-06,8.78e-06,8.91e-06,1171408472650.0,1707177599999,10445457.42938801,35477,590670222914.0,5269471.73191025,0
2024-02-06,8.91e-06,8.95e-06,8.82e-06,8.86e-06,906073311073.0,1707263999999,8055742.07765007,28890,444069911284.0,3948629.06828765,0
2024-02-07,8.86e-06,9.09e-06,8.8e-06,9.06e-06,1372136341211.0,1707350399999,12277704.53979338,36834,713778284184.0,6386598.78687716,0
2024-02-08,9.07e-06,9.38e-06,9.04e-06,9.21e-06,2778930430601.0,1707436799999,25641964.02416322,72870,1495644665598.0,13813453.58972639,0
2024-02-09,9.21e-06,9.47e-06,9.21e-06,9.39e-06,2349462604465.0,1707523199999,21993712.47019507,62248,1133399217606.0,10610828.91187176,0
2024-02-10,9.38e-06,9.51e-06,9.23e-06,9.41e-06,1685768836039.0,1707609599999,15835030.02492956,46786,843620713524.0,7929060.28513598,0
2024-02-11,9.41e-06,9.61e-06,9.34e-06,9.41e-06,2030798417025.0,1707695999999,19221227.03657548,53349,958052140156.0,9070541.56737494,0
2024-02-12,9.41e-06,9.68e-06,9.21e-06,9.61e-06,3030514241097.0,1707782399999,28581277.57377766,70450,1468294294171.0,13854277.30243291,0
2024-02-13,9.62e-06,9.74e-06,9.27e-06,9.47e-06,3383740366676.0,1707868799999,32143615.4740682,80243,1563986014188.0,14861086.52439692,0
2024-02-14,9.47e-06,9.84e-06,9.39e-06,9.75e-06,3542915331816.0,1707955199999,34169602.22856827,83459,1772287667222.0,17097377.77446396,0
2024-02-15,9.75e-06,1.005e-05,9.66e-06,9.86e-06,5736236143389.0,1708041599999,56566146.94320146,137092,2835274135052.0,27972945.72506882,0
2024-02-16,9.87e-06,1.004e-05,9.64e-06,9.87e-06,4465222272812.0,1708127999999,43993737.84438959,100319,2195673021115.0,21635147.03252062,0
2024-02-17,9.88e-06,9.89e-06,9.41e-06,9.63e-06,3341363733260.0,1708214399999,32186691.89528683,71366,1577652112917.0,15191979.89085213,0
2024-02-18,9.62e-06,9.84e-06,9.58e-06,9.74e-06,3058163343357.0,1708300799999,29748244.42567751,70648,1427986735093.0,13892748.25158656,0
2024-02-19,9.74e-06,9.95e-06,9.68e-06,9.9e-06,4199876477767.0,1708387199999,41211872.30180686,89302,2049020233746.0,20110978.35807732,0
2024-02-20,9.89e-06,9.97e-06,9.4e-06,9.76e-06,6735051808429.0,1708473599999,65510673.17934014,132182,3272064604520.0,31822697.5978985,0
2024-02-21,9.76e-06,9.78e-06,9.3e-06,9.56e-06,4931082611631.0,1708559999999,46678768.61187659,92683,2403963606268.0,22748520.46924724,0
2024-02-22,9.55e-06,9.72e-06,9.39e-06,9.53e-06,3398879658025.0,1708646399999,32608495.90522818,75987,1631074925062.0,15649137.57054641,0
2024-02-23,9.54e-06,9.61e-06,9.35e-06,9.52e-06,3569517141093.0,1708732799999,33946952.34532123,79452,1720936506680.0,16368551.06361638,0
2024-02-24,9.52e-06,9.67e-06,9.34e-06,9.65e-06,2530743029747.0,1708819199999,24142322.59677581,58569,1381863919096.0,13174708.95861236,0
2024-02-25,9.65e-06,9.73e-06,9.56e-06,9.67e-06,2317945732919.0,1708905599999,22359651.45421645,49490,1153800236403.0,11133720.68575804,0
2024-02-26,9.67e-06,1.024e-05,9.46e-06,1.006e-05,6554561473569.0,1708991999999,64274475.06592451,143077,3466158568653.0,34021060.66484148,0
2024-02-27,1.007e-05,1.142e-05,9.95e-06,1.089e-05,22215690403152.0,1709078399999,237036558.2671286,435120,11299777135762.0,120763794.7525556,0
2024-02-28,1.089e-05,1.25e-05,9.91e-06,1.171e-05,30521994419650.0,1709164799999,346666458.1070087,777012,15171219717092.0,172525857.17436057,0
2024-02-29,1.17e-05,1.473e-05,1.143e-05,1.256e-05,41380696539929.0,1709251199999,555372700.3779762,1224884,20442431533998.0,274398636.3321686,0
2024-03-01,1.256e-05,1.728e-05,1.243e-05,1.687e-05,36202482470772.0,1709337599999,529421395.9243234,1101598,18503917294768.0,270620242.5731529,0
2024-03-02,1.687e-05,2.35e-05,1.652e-05,2.259e-05,67418763205546.0,1709423999999,1410107603.5367622,3026529,34342691239275.0,718180022.0903422,0
2024-03-03,2.258e-05,2.39e-05,1.9e-05,2.252e-05,35524782975321.0,1709510399999,778293293.2768835,1741172,17591906855352.0,385721588.8902994,0
2024-03-04,2.252e-05,3.65e-05,2.136e-05,3.591e-05,79810191168372.0,1709596799999,2376274702.5448236,4800885,40721834344177.0,1212896004.8314383,0
2024-03-05,3.591e-05,4.567e-05,2.555e-05,3.514e-05,121611197501928.0,1709683199999,4462565991.767274,9420984,61289935589911.0,2253713643.880252,0
2024-03-06,3.515e-05,3.947e-05,3.045e-05,3.327e-05,50030058483068.0,1709769599999,1745634098.3290873,3553173,24956809277156.0,870694601.9455378,0
2024-03-07,3.327e-05,3.47e-05,2.929e-05,3.15e-05,31757911947482.0,1709855999999,1005369461.5138954,1873646,16049817437775.0,508407942.37384766,0
2024-03-08,3.15e-05,3.8e-05,3.086e-05,3.518e-05,39385003474838.0,1709942399999,1368303574.2664587,2534326,20029923671172.0,696109358.6879001,0
2024-03-09,3.518e-05,3.695e-05,3.361e-05,3.495e-05,19015799045527.0,1710028799999,670970739.2256056,1554188,9468082501579.0,334248786.590318,0
2024-03-10,3.496e-05,3.54e-05,3.164e-05,3.286e-05,14105123114920.0,1710115199999,477551033.2566279,1142588,6741034974642.0,228142427.3059348,0
2024-03-11,3.286e-05,3.523e-05,3.011e-05,3.386e-05,18509794881521.0,1710201599999,613951001.409471,1520003,9300882340197.0,308818160.04539955,0
2024-03-12,3.386e-05,3.487e-05,2.999e-05,3.22e-05,13461365528756.0,1710287999999,434352402.8179512,1247922,6693353789152.0,216085959.23868793,0
2024-03-13,3.221e-05,3.355e-05,3.115e-05,3.202e-05,9772581771434.0,1710374399999,315882407.13510966,1711754,4841506672150.0,156439893.69552293,0
2024-03-14,3.203e-05,3.487e-05,3.04e-05,3.221e-05,22841509112852.0,1710460799999,749442543.1697086,5405112,11587846667570.0,380516076.8028573,0
2024-03-15,3.222e-05,3.277e-05,2.7e-05,2.99e-05,20085122696560.0,1710547199999,593436344.4604743,5841612,10188903149548.0,300879498.4766869,0
2024-03-16,2.99e-05,3.037e-05,2.38e-05,2.54e-05,18151606000342.0,1710633599999,482946590.72598654,5194575,8927935201713.0,237807669.59263948,0
2024-03-17,2.54e-05,3.02e-05,2.426e-05,2.955e-05,19906164803394.0,1710719999999,546820353.1545675,5796977,10212817174889.0,280133183.19247574,0
2024-03-18,2.955e-05,2.959e-05,2.634e-05,2.684e-05,12643284847617.0,1710806399999,351916680.1042177,4677886,6360078630297.0,177131940.0105521,0
2024-03-19,2.684e-05,2.737e-05,2.411e-05,2.489e-05,19043268485335.0,1710892799999,486804798.60521066,5463115,9662438954838.0,247122481.27961984,0
2024-03-20,2.489e-05,2.801e-05,2.366e-05,2.775e-05,18618608287784.0,1710979199999,480631312.1583108,4963561,9532747228648.0,246132914.83568016,0
2024-03-21,2.776e-05,2.865e-05,2.627e-05,2.72e-05,14664703284501.0,1711065599999,399831851.70657504,4194563,7360981021206.0,200735207.70405528,0
2024-03-22,2.72e-05,2.861e-05,2.582e-05,2.654e-05,11525494660918.0,1711151999999,310288095.476019,3789989,5675878766692.0,152809945.8113304,0
2024-03-23,2.654e-05,2.85e-05,2.63e-05,2.712e-05,8747773208541.0,1711238399999,240675894.42854124,2717214,4357714526141.0,119879075.96090046,0
2024-03-24,2.713e-05,2.834e-05,2.707e-05,2.807e-05,7389171996970.0,1711324799999,205743847.4747988,2419040,3758120824069.0,104678904.59328668,0
2024-03-25,2.807e-05,3.065e-05,2.745e-05,2.87e-05,12554252467648.0,1711411199999,363164956.6627956,2958481,6316391580161.0,182681534.97056356,0
2024-03-26,2.87e-05,3.184e-05,2.848e-05,3.064e-05,14081182386154.0,1711497599999,425205293.4140889,3926844,7251492338633.0,218990370.48355728,0
2024-03-27,3.063e-05,3.188e-05,2.916e-05,3.018e-05,12115034161574.0,1711583999999,369752484.84926856,4537889,6018791764693.0,183728514.89963335,0
2024-03-28,3.017e-05,3.285e-05,2.981e-05,3.202e-05,14173535269730.0,1711670399999,447247574.8572499,3781652,7292120754032.0,230198709.2252878,0
2024-03-29,3.201e-05,3.214e-05,3.01e-05,3.079e-05,7531734710524.0,1711756799999,232669411.21921712,2362273,3741604757979.0,115580874.3573685,0
2024-03-30,3.079e-05,3.1e-05,2.95e-05,2.982e-05,5797278305270.0,1711843199999,175156077.50836822,1564972,2642776267976.0,79871193.36945549,0
2024-03-31,2.982e-05,3.081e-05,2.971e-05,3.074e-05,3733754737485.0,1711929599999,113628153.78093784,1213634,1861487532173.0,56659278.82215982,0
2024-04-01,3.074e-05,3.075e-05,2.765e-05,2.864e-05,7583063360560.0,1712015999999,218383775.57975268,2179595,3582235060061.0,103132255.4162868,0
2024-04-02,2.863e-05,2.864e-05,2.57e-05,2.641e-05,8409411109943.0,1712102399999,224211473.80729297,3104696,4055483637322.0,108100910.45880732,0
2024-04-03,2.64e-05,2.753e-05,2.55e-05,2.633e-05,6655170572124.0,1712188799999,177558009.27643573,2523358,3182334180964.0,84929331.00142981,0
2024-04-04,2.633e-05,2.848e-05,2.588e-05,2.77e-05,5401318305384.0,1712275199999,147494654.4538344,2134410,2701473658472.0,73779803.17675464,0
2024-04-05,2.77e-05,2.774e-05,2.629e-05,2.679e-05,4192100144920.0,1712361599999,112484898.43042707,1946260,2000415373629.0,53672870.51639761,0
2024-04-06,2.679e-05,2.779e-05,2.669e-05,2.743e-05,2551932111346.0,1712447999999,69640345.14537789,910136,1231594718232.0,33607850.04312511,0
2024-04-07,2.743e-05,2.898e-05,2.737e-05,2.818e-05,5309059097281.0,1712534399999,150585132.0276887,1635226,2684512445685.0,76150366.78844868,0
2024-04-08,2.817e-05,2.954e-05,2.771e-05,2.874e-05,5507861254457.0,1712620799999,158165488.53167668,1739510,2845097277126.0,81728456.42553729,0
2024-04-09,2.873e-05,2.954e-05,2.72e-05,2.748e-05,5800032164335.0,1712707199999,163553989.7088328,1981434,2818773718856.0,79552329.36218502,0
2024-04-10,2.748e-05,2.828e-05,2.641e-05,2.805e-05,5258149366291.0,1712793599999,144396110.5507643,1939999,2634814108829.0,72366221.7368256,0
2024-04-11,2.805e-05,2.816e-05,2.72e-05,2.751e-05,3359464761070.0,1712879999999,92836584.200354,1319433,1645032781487.0,45461364.29247979,0
2024-04-12,2.75e-05,2.815e-05,2.14e-05,2.475e-05,11154779309634.0,1712966399999,281865965.9261137,2663855,5184690793639.0,131161889.45677774,0
2024-04-13,2.475e-05,2.498e-05,1.83e-05,2.11e-05,18275840049873.0,1713052799999,401115805.7523224,4207485,8977869659224.0,196797374.13070297,0
2024-04-14,2.11e-05,2.299e-05,2.053e-05,2.271e-05,15133825428106.0,1713139199999,329609171.7006287,4514011,7571908305033.0,164848845.9725431,0
2024-04-15,2.271e-05,2.383e-05,2.099e-05,2.192e-05,11699517595454.0,1713225599999,262175394.60938576,3842227,5657420370188.0,126778267.9924307,0
2024-04-16,2.192e-05,2.288e-05,2.078e-05,2.268e-05,8295504306927.0,1713311999999,181888782.43120545,3627548,4116863985801.0,90298199.94928741,0
2024-04-17,2.267e-05,2.304e-05,2.132e-05,2.205e-05,7069464582186.0,1713398399999,156079466.1360316,2344748,3567278474875.0,78746389.66770123,0
2024-04-18,2.205e-05,2.296e-05,2.14e-05,2.278e-05,4082069370971.0,1713484799999,91084276.32308812,1803633,2008688104976.0,44829573.3189065,0
2024-04-19,2.277e-05,2.356e-05,2.083e-05,2.287e-05,6308211760948.0,1713571199999,141350842.4542482,1937474,3134781459895.0,70230568.70892528,0
2024-04-20,2.286e-05,2.673e-05,2.261e-05,2.617e-05,7116478362775.0,1713657599999,175354566.02280268,2068615,3596830376696.0,88724718.46100792,0
2024-04-21,2.616e-05,2.82e-05,2.539e-05,2.627e-05,9612982532962.0,1713743999999,257270861.07458064,3522382,4822386646216.0,129061544.79760624,0
2024-04-22,2.626e-05,2.769e-05,2.614e-05,2.689e-05,6732789399470.0,1713830399999,181234261.42988756,2196034,3275295985621.0,88202831.36996941,0
2024-04-23,2.689e-05,2.814e-05,2.618e-05,2.682e-05,6214937524083.0,1713916799999,167715996.34601924,1937585,3094468246315.0,83568832.25674494,0
2024-04-24,2.682e-05,2.768e-05,2.523e-05,2.57e-05,8411315380473.0,1714003199999,222432812.27056652,2331255,4107029065612.0,108620887.21623176,0
2024-04-25,2.57e-05,2.655e-05,2.447e-05,2.571e-05,7677447340602.0,1714089599999,195183791.3942246,1796674,3801256459976.0,96684141.06586415,0
2024-04-26,2.571e-05,2.6e-05,2.49e-05,2.522e-05,5882483097278.0,1714175999999,149742474.26731908,1618378,2863260489393.0,72898638.25682008,0
2024-04-27,2.521e-05,2.535e-05,2.4e-05,2.478e-05,4503323126417.0,1714262399999,110881227.37559567,1327688,2215041207273.0,54555947.47003434,0
2024-04-28,2.477e-05,2.518e-05,2.407e-05,2.423e-05,3552687278347.0,1714348799999,87883872.73292698,887380,1757010278915.0,43464558.41824762,0
2024-04-29,2.422e-05,2.438e-05,2.301e-05,2.41e-05,5390149128638.0,1714435199999,127670603.59552068,1574672,2725496130554.0,64564922.93805965,0
2024-04-30,2.41e-05,2.467e-05,2.177e-05,2.239e-05,7273002342752.0,1714521599999,166875315.5508715,2793869,3597002742074.0,82523509.74059114,0
2024-05-01,2.24e-05,2.315e-05,2.057e-05,2.266e-05,9617818551684.0,1714607999999,208525313.51439315,2303892,4870265499210.0,105531310.13413596,0
2024-05-02,2.265e-05,2.35e-05,2.152e-05,2.279e-05,8041915875327.0,1714694399999,181883643.59585023,1991951,4041194061723.0,91501693.52605344,0
2024-05-03,2.278e-05,2.475e-05,2.261e-05,2.444e-05,6896025995519.0,1714780799999,162910882.14141163,1658917,3539153623063.0,83635316.87350163,0
2024-05-04,2.443e-05,2.632e-05,2.428e-05,2.505e-05,6319085393181.0,1714867199999,159157624.4199584,1950949,3164235650747.0,79694031.18202528,0
2024-05-05,2.504e-05,2.523e-05,2.431e-05,2.471e-05,3467847422496.0,1714953599999,85659095.25682035,1129539,1680213530069.0,41501644.67326822,0
2024-05-06,2.47e-05,2.575e-05,2.381e-05,2.388e-05,5770035728099.0,1715039999999,142024683.8421502,1643327,2793839023423.0,68778114.83724415,0
2024-05-07,2.387e-05,2.424e-05,2.291e-05,2.298e-05,4244787899989.0,1715126399999,100571731.79756583,862397,2133341912516.0,50560931.03461223,0
2024-05-08,2.298e-05,2.326e-05,2.233e-05,2.254e-05,4482728574464.0,1715212799999,102180739.27719876,1177062,2186179262633.0,49842085.82203644,0
2024-05-09,2.254e-05,2.379e-05,2.23e-05,2.348e-05,3847010300389.0,1715299199999,88297651.71352915,898774,1957687006052.0,44951357.8964854,0
2024-05-10,2.347e-05,2.362e-05,2.213e-05,2.242e-05,4378155589374.0,1715385599999,99892853.75307836,1038323,2125973847011.0,48503854.3020432,0
2024-05-11,2.242e-05,2.293e-05,2.234e-05,2.251e-05,1852046846104.0,1715471999999,41870120.38507366,523266,842495437283.0,19049825.26777161,0
2024-05-12,2.25e-05,2.275e-05,2.209e-05,2.231e-05,1291147948597.0,1715558399999,29049137.90482672,339242,637213088707.0,14337608.33554755,0
2024-05-13,2.231e-05,2.466e-05,2.156e-05,2.336e-05,9847706307048.0,1715644799999,231451040.90014416,1974322,5014664355394.0,117916564.96492134,0
2024-05-14,2.336e-05,2.445e-05,2.287e-05,2.298e-05,9774147558361.0,1715731199999,230059703.38539344,1893129,4871534227612.0,114656057.1575544,0
2024-05-15,2.298e-05,2.555e-05,2.287e-05,2.525e-05,8238095062911.0,1715817599999,199040766.30835032,1721637,4213388033692.0,101779254.2467499,0
2024-05-16,2.525e-05,2.588e-05,2.417e-05,2.457e-05,6110084470425.0,1715903999999,152512973.42304173,1510459,2926894191446.0,73054617.42148694,0
2024-05-17,2.456e-05,2.531e-05,2.419e-05,2.502e-05,3571538496816.0,1715990399999,88545232.08531041,1033935,1748450726863.0,43364783.4078911,0
2024-05-18,2.501e-05,2.519e-05,2.437e-05,2.476e-05,2194920009495.0,1716076799999,54379006.46404736,654156,1102548594010.0,27309561.52622162,0
2024-05-19,2.476e-05,2.509e-05,2.359e-05,2.386e-05,2183107026891.0,1716163199999,53052226.31874766,740523,1036094074081.0,25184429.8516589,0
2024-05-20,2.386e-05,2.613e-05,2.351e-05,2.607e-05,5596728225720.0,1716249599999,138440631.91868773,1519134,2834282446510.0,70208276.86402842,0
2024-05-21,2.606e-05,2.669e-05,2.503e-05,2.612e-05,8801627816712.0,1716335999999,226430234.151448,2389499,4431555292333.0,114040985.5295724,0
2024-05-22,2.611e-05,2.686e-05,2.501e-05,2.533e-05,7272234651256.0,1716422399999,187862073.35103187,2183283,3675796961834.0,94952037.69120067,0
2024-05-23,2.532e-05,2.574e-05,2.339e-05,2.461e-05,7388103199150.0,1716508799999,182657535.31531432,1930985,3516771902876.0,86950673.72294444,0
2024-05-24,2.46e-05,2.511e-05,2.362e-05,2.44e-05,4195441244126.0,1716595199999,102105489.05880456,1564187,2118149909167.0,51575679.17327564,0
2024-05-25,2.44e-05,2.527e-05,2.429e-05,2.508e-05,2845136437759.0,1716681599999,70541403.69993833,883219,1352933020145.0,33559991.75758924,0
2024-05-26,2.508e-05,2.517e-05,2.414e-05,2.433e-05,2396225445892.0,1716767999999,58952108.55749413,856011,1081683475153.0,26607617.00227617,0
2024-05-27,2.432e-05,2.623e-05,2.431e-05,2.552e-05,7189013499666.0,1716854399999,183123545.82689616,1707144,3579573175606.0,91163998.310236,0
2024-05-28,2.552e-05,2.738e-05,2.444e-05,2.674e-05,11136854911998.0,1716940799999,288821126.75538373,2635042,5762924879510.0,149571861.15997177,0
2024-05-29,2.675e-05,2.945e-05,2.652e-05,2.755e-05,14930763774093.0,1717027199999,415912812.69925725,4155614,7281074906464.0,202945462.33120093,0
2024-05-30,2.755e-05,2.883e-05,2.561e-05,2.588e-05,8972985741670.0,1717113599999,240202890.71726328,2815584,4173077199378.0,111911237.52426787,0
2024-05-31,2.588e-05,2.635e-05,2.487e-05,2.543e-05,4561819514958.0,1717199999999,117182901.03156622,1652938,2146775607880.0,55150601.27263369,0
2024-06-01,2.543e-05,2.55e-05,2.511e-05,2.526e-05,1836300386585.0,1717286399999,46509148.65981128,661295,892844072076.0,22617445.4855911,0
2024-06-02,2.526e-05,2.549e-05,2.402e-05,2.462e-05,3592351944695.0,1717372799999,88988101.33509707,1027742,1612109857075.0,39939952.66546561,0
2024-06-03,2.461e-05,2.54e-05,2.427e-05,2.443e-05,3648093452153.0,1717459199999,90603428.70711397,1273002,1853074246416.0,46035636.05530916,0
2024-06-04,2.443e-05,2.467e-05,2.282e-05,2.461e-05,4874789884758.0,1717545599999,117005117.25203224,1219199,2516540756161.0,60392986.78862767,0
2024-06-05,2.46e-05,2.633e-05,2.45e-05,2.594e-05,7520801185035.0,1717631999999,193540053.13256428,1919046,3924602946526.0,100996368.1042448,0
2024-06-06,2.593e-05,2.622e-05,2.494e-05,2.524e-05,3330439495822.0,1717718399999,85349231.31424502,1107839,1615308155877.0,41410682.86315679,0
2024-06-07,2.523e-05,2.549e-05,2.145e-05,2.369e-05,6190452475750.0,1717804799999,147296944.26433173,1281270,2954077149745.0,70463482.27206804,0
2024-06-08,2.37e-05,2.415e-05,2.3e-05,2.321e-05,2740406186719.0,1717891199999,64521731.12586361,923912,1322277601780.0,31155054.31444038,0
2024-06-09,2.321e-05,2.367e-05,2.295e-05,2.349e-05,1393234150076.0,1717977599999,32425655.98604819,569894,666710528010.0,15518790.67243517,0
2024-06-10,2.349e-05,2.362e-05,2.269e-05,2.291e-05,2054438225241.0,1718063999999,47496032.9170164,824028,1001531930625.0,23153700.29810575,0
2024-06-11,2.291e-05,2.297e-05,2.105e-05,2.163e-05,4514209308692.0,1718150399999,99339849.03846736,1385835,2122160878601.0,46711959.13414779,0
2024-06-12,2.163e-05,2.324e-05,2.112e-05,2.221e-05,6060851125491.0,1718236799999,135589622.71761146,1776089,2974402276614.0,66516814.42723035,0
2024-06-13,2.22e-05,2.221e-05,2.095e-05,2.118e-05,2792479623371.0,1718323199999,60083267.9384542,1061178,1419026659254.0,30519997.94654404,0
2024-06-14,2.118e-05,2.189e-05,1.96e-05,2.029e-05,4207861454554.0,1718409599999,86758603.27637482,1216186,2047586591478.0,42254555.28999843,0
2024-06-15,2.029e-05,2.099e-05,1.998e-05,2.077e-05,1482167252261.0,1718495999999,30629986.41840087,660531,696944431675.0,14400809.96595354,0
2024-06-16,2.077e-05,2.108e-05,2.04e-05,2.095e-05,1072794637241.0,1718582399999,22315549.57223081,491123,515711707745.0,10731035.00814029,0
2024-06-17,2.095e-05,2.107e-05,1.86e-05,1.932e-05,3394743968561.0,1718668799999,66932814.16612131,1409313,1586042279771.0,31244590.7124041,0
2024-06-18,1.932e-05,1.944e-05,1.696e-05,1.809e-05,5639084201900.0,1718755199999,101021734.1427522,1885070,2750459504023.0,49265685.7034866,0
2024-06-19,1.809e-05,1.893e-05,1.796e-05,1.812e-05,2701894827467.0,1718841599999,49803507.05466443,1134211,1353993473402.0,24955979.05299963,0
2024-06-20,1.811e-05,1.9e-05,1.779e-05,1.804e-05,2872038607044.0,1718927999999,52640368.52851846,1250906,1513568340178.0,27729422.19454278,0
2024-06-21,1.803e-05,1.826e-05,1.74e-05,1.787e-05,2375521786024.0,1719014399999,42371313.27773507,1142642,1157922388425.0,20650470.08204962,0
2024-06-22,1.787e-05,1.833e-05,1.766e-05,1.799e-05,946179055164.0,1719100799999,17078454.35132829,404863,421453133475.0,7608109.92373538,0
2024-06-23,1.799e-05,1.822e-05,1.742e-05,1.753e-05,1099343244542.0,1719187199999,19645647.0628033,409775,475084390148.0,8492487.86938845,0
2024-06-24,1.753e-05,1.767e-05,1.632e-05,1.704e-05,3213688061393.0,1719273599999,54107735.38204636,1370609,1593523792520.0,26824265.47969364,0
2024-06-25,1.704e-05,1.824e-05,1.699e-05,1.775e-05,3032134629756.0,1719359999999,53468507.49924265,904867,1589857905333.0,28025896.41650148,0
2024-06-26,1.774e-05,1.807e-05,1.71e-05,1.714e-05,1811842890468.0,1719446399999,31801937.23033465,632092,898777329720.0,15796558.54665467,0
2024-06-27,1.713e-05,1.772e-05,1.686e-05,1.757e-05,2197085204490.0,1719532799999,38082416.52347265,632480,1084647333620.0,18806291.98562712,0
2024-06-28,1.756e-05,1.814e-05,1.681e-05,1.7e-05,2683587776605.0,1719619199999,46602729.18187949,800477,1322897083292.0,22977445.36338566,0
2024-06-29,1.699e-05,1.726e-05,1.686e-05,1.691e-05,601946984208.0,1719705599999,10281234.68095463,250298,267176882016.0,4565291.11625644,0
2024-06-30,1.69e-05,1.743e-05,1.662e-05,1.726e-05,1405637010406.0,1719791999999,23906325.8536586,344708,721966301888.0,12284268.97179769,0
2024-07-01,1.726e-05,1.76e-05,1.695e-05,1.709e-05,1720066839022.0,1719878399999,29645732.00425315,388480,870549944322.0,14997524.9060001,0
2024-07-02,1.708e-05,1.742e-05,1.696e-05,1.726e-05,1167896648236.0,1719964799999,20038577.65476135,331133,563973170836.0,9674793.95552058,0
2024-07-03,1.726e-05,1.745e-05,1.612e-05,1.639e-05,2232411482439.0,1720051199999,37208631.94018184,552211,1068728257094.0,17822750.83515447,0
2024-07-04,1.639e-05,1.648e-05,1.453e-05,1.463e-05,3642679022304.0,1720137599999,55798879.65981832,844497,1779784829030.0,27257101.52400933,0
2024-07-05,1.463e-05,1.508e-05,1.266e-05,1.498e-05,6134837448792.0,1720223999999,84520759.83382687,1437946,3144489034840.0,43242971.17782088,0
2024-07-06,1.498e-05,1.754e-05,1.468e-05,1.74e-05,4494559226616.0,1720310399999,72403423.90254831,1497580,2306708026073.0,37177564.91186057,0
2024-07-07,1.741e-05,1.742e-05,1.539e-05,1.55e-05,3720012446353.0,1720396799999,60448642.5490443,1319699,1867045004764.0,30303606.05177523,0
2024-07-08,1.55e-05,1.71e-05,1.473e-05,1.618e-05,5559431844613.0,1720483199999,89427511.62599008,1917443,2810831627254.0,45236580.68114115,0
2024-07-09,1.618e-05,1.665e-05,1.592e-05,1.637e-05,2515344512522.0,1720569599999,41044096.73213682,1138985,1291949086430.0,21087760.59568391,0
2024-07-10,1.636e-05,1.688e-05,1.602e-05,1.64e-05,2024277469034.0,1720655999999,33425014.36646615,806844,1038145284066.0,17144307.69838023,0
2024-07-11,1.64e-05,1.702e-05,1.614e-05,1.623e-05,1936908660747.0,1720742399999,32048177.87484367,779005,961167507942.0,15903072.80220481,0
2024-07-12,1.623e-05,1.664e-05,1.577e-05,1.65e-05,1540480246007.0,1720828799999,24939673.54938179,660556,763729312042.0,12365562.21565874,0
2024-07-13,1.649e-05,1.739e-05,1.643e-05,1.711e-05,2122305005283.0,1720915199999,36150338.72996562,647807,1086060801061.0,18501718.25247786,0
2024-07-14,1.712e-05,1.778e-05,1.705e-05,1.763e-05,2024790242481.0,1721001599999,35155947.56915605,623528,1012709834130.0,17585776.94992653,0
2024-07-15,1.763e-05,1.939e-05,1.748e-05,1.926e-05,3470499493495.0,1721087999999,63430478.545311,1191514,1842033310096.0,33675780.03741435,0
2024-07-16,1.925e-05,2.017e-05,1.838e-05,1.933e-05,6695609066398.0,1721174399999,129667422.10272324,2337905,3329672230627.0,64506308.68612951,0
2024-07-17,1.933e-05,1.985e-05,1.849e-05,1.862e-05,3279949126693.0,1721260799999,62864182.20325975,1298786,1649189116632.0,31595594.94485714,0
2024-07-18,1.862e-05,1.898e-05,1.679e-05,1.739e-05,19441200032600.0,1721347199999,339199574.40765464,1941706,10512371256795.0,183264754.1339892,0
2024-07-19,1.739e-05,1.817e-05,1.686e-05,1.779e-05,8213957300383.0,1721433599999,143987014.08248428,1173363,4024634990581.0,70577627.72426537,0
2024-07-20,1.779e-05,1.847e-05,1.747e-05,1.81e-05,5338157454005.0,1721519999999,96176604.82674554,848938,2599386650246.0,46860672.09446511,0
2024-07-21,1.81e-05,1.845e-05,1.7e-05,1.825e-05,4741785343586.0,1721606399999,84679583.45728618,981955,2311610907673.0,41293833.96887933,0
2024-07-22,1.825e-05,1.832e-05,1.74e-05,1.757e-05,3571472894918.0,1721692799999,63422571.71352226,845374,1711574222512.0,30397418.30772456,0
2024-07-23,1.757e-05,1.779e-05,1.67e-05,1.704e-05,3505410807811.0,1721779199999,60360182.59826288,924430,1739702273232.0,29953180.79999024,0
2024-07-24,1.704e-05,1.758e-05,1.661e-05,1.679e-05,2386171208698.0,1721865599999,40890944.3220518,705636,1264804224748.0,21690147.13646843,0
2024-07-25,1.68e-05,1.688e-05,1.581e-05,1.639e-05,3901076620943.0,1721951999999,63301819.82231053,923677,1927137729154.0,31267141.00051716,0
2024-07-26,1.64e-05,1.703e-05,1.637e-05,1.696e-05,1847653658945.0,1722038399999,30962422.60246196,463998,916320407430.0,15358469.96561702,0
2024-07-27,1.696e-05,1.763e-05,1.671e-05,1.702e-05,3109234728230.0,1722124799999,53280894.39765415,722165,1521689481918.0,26079904.63712232,0
2024-07-28,1.701e-05,1.718e-05,1.664e-05,1.68e-05,1049187230560.0,1722211199999,17683400.93016835,332370,493631669259.0,8323533.83057569,0
2024-07-29,1.68e-05,1.732e-05,1.651e-05,1.662e-05,2155572321469.0,1722297599999,36503152.38013243,584690,1062111737976.0,17989205.04791063,0
2024-07-30,1.662e-05,1.685e-05,1.6e-05,1.641e-05,1444232826090.0,1722383999999,23867095.62630756,534085,731197860639.0,12085535.37098724,0
2024-07-31,1.64e-05,1.67e-05,1.57e-05,1.592e-05,2008360019451.0,1722470399999,32645931.05316563,643010,1015691375378.0,16512094.25209479,0
2024-08-01,1.593e-05,1.605e-05,1.487e-05,1.579e-05,2667579412300.0,1722556799999,41295146.33132197,823657,1259768974176.0,19498475.82227247,0
2024-08-02,1.579e-05,1.589e-05,1.459e-05,1.466e-05,2876907547383.0,1722643199999,43648106.23307023,1184228,1406039240016.0,21333957.35531874,0
2024-08-03,1.466e-05,1.484e-05,1.378e-05,1.423e-05,2892241178072.0,1722729599999,41375407.8452373,1063518,1404532163930.0,20081797.07127339,0
2024-08-04,1.424e-05,1.433e-05,1.297e-05,1.334e-05,3328238694579.0,1722815999999,45200904.51412926,1047301,1503510856991.0,20410860.4626301,0
2024-08-05,1.335e-05,1.397e-05,1.078e-05,1.323e-05,16538479269145.0,1722902399999,200896358.43063956,2189851,8066436809055.0,97968245.5773064,0
2024-08-06,1.324e-05,1.405e-05,1.312e-05,1.344e-05,5695595509475.0,1722988799999,77676415.70724238,2040775,2876487137116.0,39239269.71621165,0
2024-08-07,1.344e-05,1.395e-05,1.271e-05,1.288e-05,3894577937203.0,1723075199999,52090380.85605292,1896011,1917056513278.0,25624043.41174049,0
2024-08-08,1.289e-05,1.44e-05,1.264e-05,1.431e-05,3655499675027.0,1723161599999,49628441.8522173,1578308,1721105016808.0,23363869.32117931,0
2024-08-09,1.431e-05,1.432e-05,1.366e-05,1.404e-05,2445492683405.0,1723247999999,34229391.06154666,1210464,1159857755624.0,16232848.15287765,0
2024-08-10,1.404e-05,1.429e-05,1.387e-05,1.409e-05,1129905268597.0,1723334399999,15893839.56484178,572253,537857653900.0,7568501.12167738,0
2024-08-11,1.41e-05,1.468e-05,1.327e-05,1.339e-05,2586343379179.0,1723420799999,36105182.87023902,1140859,1295753283916.0,18096330.53433027,0
2024-08-12,1.34e-05,1.41e-05,1.328e-05,1.391e-05,2429548905041.0,1723507199999,33414019.29764575,1666550,1216100629271.0,16729400.62563899,0
2024-08-13,1.392e-05,1.407e-05,1.349e-05,1.388e-05,1579895477061.0,1723593599999,21801815.80031982,1021983,755999295049.0,10432150.21233201,0
2024-08-14,1.388e-05,1.404e-05,1.342e-05,1.361e-05,1492805373150.0,1723679999999,20483311.37531331,899922,739252923355.0,10145417.15192133,0
2024-08-15,1.361e-05,1.376e-05,1.311e-05,1.327e-05,2011935911016.0,1723766399999,27004063.5394835,868940,993424811482.0,13322181.97214748,0
2024-08-16,1.326e-05,1.349e-05,1.289e-05,1.321e-05,1384593084914.0,1723852799999,18305086.24625376,825495,683512615836.0,9034895.51692351,0
2024-08-17,1.322e-05,1.343e-05,1.314e-05,1.337e-05,642596170223.0,1723939199999,8555066.56514277,295216,297235808902.0,3957461.29702372,0
2024-08-18,1.338e-05,1.36e-05,1.322e-05,1.324e-05,855658180637.0,1724025599999,11493261.99450012,348390,412330043186.0,5539427.09562696,0
2024-08-19,1.324e-05,1.354e-05,1.298e-05,1.333e-05,1996764355104.0,1724111999999,26351082.04387269,752296,1029805882209.0,13591418.5582448,0
2024-08-20,1.334e-05,1.394e-05,1.331e-05,1.364e-05,2423649887042.0,1724198399999,33150115.1241421,884403,1213076108773.0,16593512.67775437,0
2024-08-21,1.364e-05,1.422e-05,1.348e-05,1.412e-05,1792061570229.0,1724284799999,24784670.66001074,727665,853634857973.0,11804214.62399856,0
2024-08-22,1.411e-05,1.439e-05,1.383e-05,1.406e-05,1827563533524.0,1724371199999,25837625.97101263,590509,878268023923.0,12415758.78178871,0
2024-08-23,1.406e-05,1.551e-05,1.403e-05,1.53e-05,3715858014357.0,1724457599999,54813210.0269842,1279041,1890097859031.0,27874549.80506258,0
2024-08-24,1.53e-05,1.612e-05,1.509e-05,1.563e-05,3455835112594.0,1724543999999,54031500.90505974,1251356,1657345907825.0,25911476.94022879,0
2024-08-25,1.563e-05,1.566e-05,1.469e-05,1.511e-05,3070635212887.0,1724630399999,46438298.50651014,1206721,1480054058914.0,22373128.02440813,0
2024-08-26,1.511e-05,1.525e-05,1.435e-05,1.461e-05,2831660405948.0,1724716799999,41854388.47265413,1265210,1475601169654.0,21798822.05920443,0
2024-08-27,1.461e-05,1.484e-05,1.336e-05,1.376e-05,3386510751580.0,1724803199999,48225316.50455162,1418655,1637032511105.0,23275267.88408896,0
2024-08-28,1.376e-05,1.421e-05,1.341e-05,1.386e-05,2702262389265.0,1724889599999,37294069.32718125,1649265,1304882911211.0,18009189.20855918,0
2024-08-29,1.385e-05,1.455e-05,1.382e-05,1.407e-05,2164997071633.0,1724975999999,30660599.09955914,1185174,1022597852742.0,14479171.72382245,0
2024-08-30,1.407e-05,1.423e-05,1.362e-05,1.4e-05,2294370316530.0,1725062399999,31950197.18388362,1213498,1142329277595.0,15906078.29595458,0
2024-08-31,1.4e-05,1.41e-05,1.373e-05,1.384e-05,632614612824.0,1725148799999,8790297.9034258,343574,310860760807.0,4318569.27149298,0
2024-09-01,1.384e-05,1.387e-05,1.304e-05,1.316e-05,1561191549479.0,1725235199999,21055503.17041196,853923,786866590095.0,10614152.84801645,0
2024-09-02,1.315e-05,1.373e-05,1.31e-05,1.366e-05,1479796779779.0,1725321599999,19845457.85947914,806866,729760445927.0,9783864.00085775,0
2024-09-03,1.366e-05,1.385e-05,1.304e-05,1.309e-05,1199292038440.0,1725407999999,16091404.11311946,694452,622460611794.0,8346534.45361784,0
2024-09-04,1.309e-05,1.369e-05,1.244e-05,1.359e-05,2397381823366.0,1725494399999,31399014.23401436,1057855,1178517474280.0,15447715.26999306,0
2024-09-05,1.36e-05,1.364e-05,1.305e-05,1.319e-05,1151758593118.0,1725580799999,15313347.98888304,903363,535502132770.0,7119180.91501913,0
2024-09-06,1.32e-05,1.345e-05,1.231e-05,1.28e-05,2650530249384.0,1725667199999,34321030.59471837,1436292,1253241442244.0,16212080.2414804,0
2024-09-07,1.28e-05,1.304e-05,1.272e-05,1.287e-05,893411275106.0,1725753599999,11522291.89857975,443162,391809715560.0,5055348.68610637,0
2024-09-08,1.286e-05,1.318e-05,1.28e-05,1.308e-05,956500584440.0,1725839999999,12411291.01923192,459207,451513539636.0,5861578.26100688,0
2024-09-09,1.309e-05,1.376e-05,1.297e-05,1.354e-05,1775937260566.0,1725926399999,23767534.9133929,819063,948699282673.0,12694027.2729989,0
2024-09-10,1.354e-05,1.369e-05,1.33e-05,1.353e-05,1162170390273.0,1726012799999,15654232.95226123,653459,552295120440.0,7440814.33036068,0
2024-09-11,1.354e-05,1.355e-05,1.293e-05,1.326e-05,1396830641235.0,1726099199999,18488918.88387913,901242,688011516655.0,9106769.44795782,0
2024-09-12,1.326e-05,1.354e-05,1.319e-05,1.352e-05,1039348824370.0,1726185599999,13900547.06081644,570851,525909423552.0,7036245.46962849,0
2024-09-13,1.352e-05,1.411e-05,1.338e-05,1.396e-05,1554881496772.0,1726271999999,21378268.38423266,690786,746672649623.0,10270314.29069439,0
2024-09-14,1.395e-05,1.406e-05,1.359e-05,1.373e-05,1021712457792.0,1726358399999,14089069.12493929,332219,493477299588.0,6806887.6546847,0
2024-09-15,1.373e-05,1.387e-05,1.327e-05,1.338e-05,981660114054.0,1726444799999,13422362.12171252,442677,454008765007.0,6205386.7869924,0
2024-09-16,1.338e-05,1.347e-05,1.3e-05,1.318e-05,1550236202035.0,1726531199999,20449720.54353246,692178,746384893404.0,9843808.06255834,0
2024-09-17,1.317e-05,1.357e-05,1.303e-05,1.331e-05,1295612667644.0,1726617599999,17282652.62172831,629632,645576988770.0,8613484.06376189,0
2024-09-18,1.332e-05,1.371e-05,1.296e-05,1.369e-05,1891101424161.0,1726703999999,25185188.32468588,900227,910991152906.0,12134865.07558369,0
2024-09-19,1.37e-05,1.459e-05,1.37e-05,1.409e-05,3251781936997.0,1726790399999,45969547.79207494,1038730,1603009019900.0,22668500.6608793,0
2024-09-20,1.41e-05,1.451e-05,1.388e-05,1.438e-05,1977949160548.0,1726876799999,28202879.17334891,1064872,961600077915.0,13723508.27875,0
2024-09-21,1.438e-05,1.504e-05,1.41e-05,1.5e-05,1848213651996.0,1726963199999,27036537.25611466,811591,928680835484.0,13599922.92257662,0
2024-09-22,1.499e-05,1.508e-05,1.415e-05,1.452e-05,1782333463943.0,1727049599999,25957659.37517488,990601,886768384908.0,12912884.95590975,0
2024-09-23,1.453e-05,1.487e-05,1.42e-05,1.448e-05,1932619658827.0,1727135999999,28096740.96843109,1183194,938336903560.0,13638995.93896234,0
2024-09-24,1.448e-05,1.492e-05,1.427e-05,1.483e-05,2033118707149.0,1727222399999,29754636.89418485,1064222,1023729164936.0,14984641.55725164,0
2024-09-25,1.483e-05,1.576e-05,1.472e-05,1.526e-05,3900893562948.0,1727308799999,59608510.69950333,1632759,2003635140947.0,30637059.1580176,0
2024-09-26,1.526e-05,1.935e-05,1.49e-05,1.862e-05,13472123037892.0,1727395199999,235639564.50282112,5152366,6974700973280.0,121831196.1138874,0
2024-09-27,1.863e-05,2.169e-05,1.855e-05,2.027e-05,13636255168900.0,1727481599999,273526280.0593481,7382015,6991971501372.0,140158051.10580415,0
2024-09-28,2.027e-05,2.147e-05,1.896e-05,1.962e-05,7441548624423.0,1727567999999,149171492.21908063,5099813,3431075811274.0,68838479.93971959,0
2024-09-29,1.963e-05,2.039e-05,1.904e-05,1.934e-05,5103581334012.0,1727654399999,100374896.65736616,3525179,2513879363958.0,49485668.85414466,0
2024-09-30,1.935e-05,1.937e-05,1.744e-05,1.757e-05,6199638319918.0,1727740799999,113487430.61532274,3493803,2816894842154.0,51551817.79662727,0
2024-10-01,1.756e-05,1.865e-05,1.55e-05,1.642e-05,10377289734292.0,1727827199999,177705769.7911464,4460643,5275431310051.0,90446040.330682,0
2024-10-02,1.641e-05,1.71e-05,1.601e-05,1.628e-05,6502319016319.0,1727913599999,107891722.81707127,4174158,3271669753710.0,54341578.22857785,0
2024-10-03,1.628e-05,1.676e-05,1.548e-05,1.608e-05,4738603469897.0,1727999999999,76270982.20072092,3606119,2301866435269.0,37056439.93270329,0
2024-10-04,1.608e-05,1.773e-05,1.596e-05,1.739e-05,5098128322935.0,1728086399999,87367891.45829715,3140286,2641575625836.0,45210681.8204191,0
2024-10-05,1.74e-05,1.795e-05,1.69e-05,1.744e-05,3063834190658.0,1728172799999,53482448.91432595,1892989,1431755422864.0,25023751.75979116,0
2024-10-06,1.744e-05,1.885e-05,1.711e-05,1.812e-05,4024341109567.0,1728259199999,72593896.47407597,2094719,2142989651674.0,38629997.43454828,0
2024-10-07,1.813e-05,1.881e-05,1.741e-05,1.743e-05,5193279520789.0,1728345599999,94501334.03598076,3359233,2531221108489.0,46100626.39112118,0
2024-10-08,1.743e-05,1.77e-05,1.698e-05,1.725e-05,2906974095017.0,1728431999999,50436211.78009307,2435960,1418803495683.0,24634119.15023664,0
2024-10-09,1.725e-05,1.802e-05,1.671e-05,1.69e-05,2948195218189.0,1728518399999,51116190.80574521,2368229,1424486347006.0,24732853.96751905,0
2024-10-10,1.69e-05,1.723e-05,1.605e-05,1.678e-05,2681988159362.0,1728604799999,44786637.29160624,1914556,1273402696178.0,21261752.11734267,0
2024-10-11,1.678e-05,1.81e-05,1.658e-05,1.766e-05,3577650267322.0,1728691199999,62529844.71636077,1996311,1684369082304.0,29459198.75841597,0
2024-10-12,1.766e-05,1.813e-05,1.763e-05,1.785e-05,1955382916527.0,1728777599999,35011296.14644602,1315790,934995619769.0,16746329.48746183,0
2024-10-13,1.785e-05,1.794e-05,1.708e-05,1.764e-05,1782795406926.0,1728863999999,31237351.21665206,1286233,876861035238.0,15367001.79291175,0
2024-10-14,1.765e-05,1.898e-05,1.735e-05,1.87e-05,4328594848779.0,1728950399999,78845141.55343331,2229242,2188707519221.0,39885806.03142798,0
2024-10-15,1.871e-05,1.899e-05,1.753e-05,1.824e-05,5313225486291.0,1729036799999,96700052.16416708,3357990,2648528629162.0,48199982.63265236,0
2024-10-16,1.824e-05,1.915e-05,1.789e-05,1.859e-05,5226094306874.0,1729123199999,97343729.99837507,3462569,2688192359403.0,50107316.2275997,0
2024-10-17,1.858e-05,1.872e-05,1.759e-05,1.821e-05,3183920867808.0,1729209599999,57525384.31603591,2255424,1566066673991.0,28290947.55467361,0
2024-10-18,1.822e-05,1.933e-05,1.814e-05,1.879e-05,5064334479629.0,1729295999999,95443382.01032425,2537939,2484916790607.0,46853333.83415899,0
2024-10-19,1.879e-05,1.955e-05,1.865e-05,1.903e-05,3834642427649.0,1729382399999,73459827.42810635,1806346,1803638755653.0,34569692.00189453,0
2024-10-20,1.903e-05,1.919e-05,1.839e-05,1.904e-05,2101363516827.0,1729468799999,39467410.80193264,1334470,1051656527197.0,19755295.54426293,0
2024-10-21,1.904e-05,1.934e-05,1.803e-05,1.836e-05,3553284097875.0,1729555199999,66517976.38378568,2005300,1649702397707.0,30905616.27450006,0
2024-10-22,1.836e-05,1.862e-05,1.794e-05,1.815e-05,1895009662049.0,1729641599999,34565815.57212651,1520598,888551999132.0,16214310.1157266,0
2024-10-23,1.815e-05,1.82e-05,1.706e-05,1.765e-05,2047740049325.0,1729727999999,36132274.21453144,1544538,973563978561.0,17180270.75511349,0
2024-10-24,1.765e-05,1.819e-05,1.74e-05,1.803e-05,1800684770512.0,1729814399999,32077448.0549045,1268937,938953748975.0,16736607.35035718,0
2024-10-25,1.804e-05,1.809e-05,1.583e-05,1.656e-05,3459052106274.0,1729900799999,58744956.99623221,1798250,1620178066109.0,27501081.19163525,0
2024-10-26,1.656e-05,1.716e-05,1.637e-05,1.701e-05,1816727599826.0,1729987199999,30481872.93639121,1135186,855757198563.0,14357255.43210075,0
2024-10-27,1.702e-05,1.738e-05,1.683e-05,1.723e-05,1056909337685.0,1730073599999,18085082.24507877,694211,520796215970.0,8915991.01014259,0
2024-10-28,1.724e-05,1.84e-05,1.681e-05,1.823e-05,3687266779943.0,1730159999999,64511187.10246559,2326268,1789490304401.0,31359034.8360308,0
2024-10-29,1.823e-05,1.983e-05,1.811e-05,1.906e-05,6703904569305.0,1730246399999,126585712.63324828,3358626,3369616815456.0,63661006.76055282,0
2024-10-30,1.907e-05,1.935e-05,1.82e-05,1.838e-05,3367176274275.0,1730332799999,62935542.13861299,2348045,1677012834495.0,31348219.80357095,0
2024-10-31,1.839e-05,1.919e-05,1.771e-05,1.79e-05,3619621696801.0,1730419199999,66595975.23668026,2606544,1737294674934.0,32014530.01584654,0
2024-11-01,1.79e-05,1.819e-05,1.716e-05,1.758e-05,3383422969829.0,1730505599999,59621198.65194635,2516314,1624792403867.0,28645897.06038416,0
2024-11-02,1.757e-05,1.794e-05,1.724e-05,1.745e-05,1088469889470.0,1730591999999,19121005.69697452,978763,506240492354.0,8900793.79518625,0
2024-11-03,1.744e-05,1.747e-05,1.619e-05,1.689e-05,2152026818064.0,1730678399999,36112464.50648708,1858276,1002110988887.0,16798823.81662169,0
2024-11-04,1.689e-05,1.726e-05,1.639e-05,1.686e-05,2552509804154.0,1730764799999,43104179.63361696,2200277,1203831899232.0,20335374.28084315,0
2024-11-05,1.687e-05,1.855e-05,1.685e-05,1.786e-05,4714816089818.0,1730851199999,84016436.68114027,3155976,2303388248917.0,41003347.96039076,0
2024-11-06,1.787e-05,1.99e-05,1.785e-05,1.908e-05,12591567731826.0,1730937599999,238171687.55769297,5735268,6270829977262.0,118658806.44294707,0
2024-11-07,1.908e-05,1.951e-05,1.83e-05,1.916e-05,5291877486721.0,1731023999999,100192296.449248,3250263,2542872515912.0,48174567.45296571,0
2024-11-08,1.916e-05,1.948e-05,1.84e-05,1.902e-05,5231858933605.0,1731110399999,99212787.1450214,3067181,2501846219419.0,47456401.9716706,0
2024-11-09,1.902e-05,2.051e-05,1.851e-05,2.05e-05,6775711807936.0,1731196799999,131886635.47739474,2774672,3383467179736.0,65895605.39121926,0
2024-11-10,2.05e-05,2.806e-05,2.012e-05,2.607e-05,41265867138638.0,1731283199999,1022009292.3471364,16587177,20836808267687.0,515015311.906702,0
2024-11-11,2.608e-05,2.896e-05,2.44e-05,2.789e-05,30237967572177.0,1731369599999,811542739.5835594,16812688,15445264083568.0,414804884.85385406,0
2024-11-12,2.789e-05,3.046e-05,2.436e-05,2.647e-05,37728928707212.0,1731455999999,1025347502.7311991,17787299,18426522808509.0,500365515.0393459,0
2024-11-13,2.647e-05,2.794e-05,2.333e-05,2.583e-05,32974255388090.0,1731542399999,845944764.524315,13822740,15827018988973.0,406526927.47542566,0
2024-11-14,2.582e-05,2.678e-05,2.283e-05,2.341e-05,19127043922820.0,1731628799999,483410179.3240889,10801030,9382341968381.0,237436429.22967923,0
2024-11-15,2.341e-05,2.606e-05,2.259e-05,2.556e-05,11132510019632.0,1731715199999,268332896.56064737,8298798,5749884033551.0,138686691.06630057,0
2024-11-16,2.555e-05,2.621e-05,2.4e-05,2.461e-05,9270022680517.0,1731801599999,232039658.93405432,7445993,4516206144305.0,113140376.7088471,0
2024-11-17,2.462e-05,2.571e-05,2.326e-05,2.479e-05,9271648870797.0,1731887999999,228392638.824352,8086672,4629845044724.0,114124900.02781516,0
2024-11-18,2.479e-05,2.584e-05,2.402e-05,2.486e-05,9738577504656.0,1731974399999,242283098.5929005,7608633,4923366386364.0,122508562.01136857,0
2024-11-19,2.487e-05,2.616e-05,2.43e-05,2.475e-05,9974263081048.0,1732060799999,251571358.7033077,7231402,4982751658770.0,125711372.1957906,0
2024-11-20,2.474e-05,2.482e-05,2.339e-05,2.387e-05,6667473022342.0,1732147199999,161450002.4040509,5411100,3296313710697.0,79870952.7197505,0
2024-11-21,2.387e-05,2.547e-05,2.303e-05,2.476e-05,7253817201415.0,1732233599999,176732080.01469985,5570793,3378140115753.0,82386744.51329494,0
2024-11-22,2.476e-05,2.577e-05,2.425e-05,2.542e-05,9239219017660.0,1732319999999,230156003.79863536,6632983,4602948710418.0,114732440.59810212,0
2024-11-23,2.542e-05,2.813e-05,2.488e-05,2.593e-05,20292028429808.0,1732406399999,542718977.6853765,10801776,10094874347112.0,269938404.7385916,0
2024-11-24,2.593e-05,2.818e-05,2.428e-05,2.574e-05,11923331784938.0,1732492799999,309642557.1362639,8649755,5952604667140.0,154694336.14963365,0
2024-11-25,2.575e-05,2.649e-05,2.432e-05,2.476e-05,9141293899291.0,1732579199999,233230016.680445,6479084,4338342870331.0,110756087.84088074,0
2024-11-26,2.476e-05,2.543e-05,2.332e-05,2.434e-05,5380263356450.0,1732665599999,130681806.26885408,6236994,2630879963315.0,63987440.90471556,0
2024-11-27,2.435e-05,2.585e-05,2.405e-05,2.573e-05,4343743016957.0,1732751999999,108738518.2933734,3690079,2085185520886.0,52224233.53375456,0
2024-11-28,2.573e-05,2.652e-05,2.487e-05,2.548e-05,4207019876984.0,1732838399999,107363746.9560531,4191379,2072826709068.0,52931309.42110482,0
2024-11-29,2.549e-05,2.636e-05,2.53e-05,2.603e-05,5674007313192.0,1732924799999,147046501.2991788,3178920,2754061594535.0,71423154.9631434,0
2024-11-30,2.604e-05,2.756e-05,2.556e-05,2.673e-05,8000191890561.0,1733011199999,214140883.12951952,4809823,4086353758337.0,109451023.14891204,0
2024-12-01,2.673e-05,3.316e-05,2.66e-05,3.086e-05,35252766445377.0,1733097599999,1078093869.8201125,18747427,18169553833450.0,554644753.5413439,0
2024-12-02,3.087e-05,3.263e-05,2.823e-05,2.992e-05,18714326964919.0,1733183999999,560826124.363391,13384665,9381305185364.0,281437693.0253528,0
2024-12-03,2.992e-05,3.095e-05,2.659e-05,2.861e-05,14384807718832.0,1733270399999,413087897.9319929,8675466,6751469553769.0,194019576.90110832,0
2024-12-04,2.861e-05,3.3e-05,2.859e-05,3.285e-05,18486708602343.0,1733356799999,563291653.8235749,11987379,9418191957265.0,287370637.6666666,0
2024-12-05,3.285e-05,3.296e-05,2.951e-05,3.045e-05,19783485557128.0,1733443199999,622473590.6156925,13949342,9432773514823.0,296899010.64946914,0
2024-12-06,3.046e-05,3.152e-05,2.91e-05,3.084e-05,8047493568750.0,1733529599999,246269051.3555591,6146932,3894024751656.0,119285063.7871783,0
2024-12-07,3.085e-05,3.335e-05,3.029e-05,3.197e-05,10593002589001.0,1733615999999,337057559.2577194,7832457,5471132447021.0,174242675.61217508,0
2024-12-08,3.196e-05,3.343e-05,3.12e-05,3.219e-05,7812903629427.0,1733702399999,251797577.93657625,6809364,3754495426042.0,121042880.7005532,0
2024-12-09,3.219e-05,3.222e-05,2.421e-05,2.725e-05,15667987938212.0,1733788799999,448278832.2570497,10856089,7607033482934.0,216622487.56214005,0
2024-12-10,2.725e-05,2.772e-05,2.418e-05,2.716e-05,15855985911459.0,1733875199999,414511725.6818744,11753139,7492154756393.0,195948885.52458155,0
2024-12-11,2.716e-05,2.933e-05,2.599e-05,2.879e-05,9883629950613.0,1733961599999,274762303.9888441,7428996,4557631935369.0,127042910.41902234,0
2024-12-12,2.88e-05,2.979e-05,2.779e-05,2.813e-05,6339958415521.0,1734047999999,182802872.69843152,6743666,3154594547299.0,91013546.13608932,0
2024-12-13,2.814e-05,2.859e-05,2.744e-05,2.855e-05,4140837255761.0,1734134399999,116016206.86589848,4791890,2135696276170.0,59855646.94482324,0
2024-12-14,2.854e-05,2.884e-05,2.683e-05,2.749e-05,3527035755366.0,1734220799999,98190446.5229328,3092205,1756252159735.0,48922219.77304794,0
2024-12-15,2.749e-05,2.807e-05,2.684e-05,2.788e-05,2419499856835.0,1734307199999,66556654.39129289,2671381,1143787159181.0,31467834.46192476,0
2024-12-16,2.789e-05,2.833e-05,2.655e-05,2.719e-05,3615687165963.0,1734393599999,99182272.52500868,4190348,1732786949176.0,47534928.59833629,0
2024-12-17,2.719e-05,2.749e-05,2.602e-05,2.632e-05,3567752751715.0,1734479999999,96027315.69088146,4054831,1673004592572.0,45001854.54610525,0
2024-12-18,2.633e-05,2.647e-05,2.371e-05,2.405e-05,7180619755691.0,1734566399999,180249790.28865612,5671135,3493539784444.0,87608392.25083543,0
2024-12-19,2.405e-05,2.45e-05,2.104e-05,2.157e-05,9977701447586.0,1734652799999,226627379.14688423,8384983,4834167352365.0,109939026.4461495,0
2024-12-20,2.156e-05,2.271e-05,1.853e-05,2.247e-05,11718605489671.0,1734739199999,239273145.54811007,9149285,5917414683127.0,120964856.64737003,0
2024-12-21,2.246e-05,2.4e-05,2.143e-05,2.17e-05,6195830888323.0,1734825599999,139778588.02655163,7779164,3079948350771.0,69521159.2438085,0
2024-12-22,2.171e-05,2.224e-05,2.088e-05,2.153e-05,3414064327148.0,1734911999999,73794617.0298818,5381949,1638194084202.0,35426382.98439941,0
2024-12-23,2.153e-05,2.284e-05,2.095e-05,2.251e-05,4123296778815.0,1734998399999,90011121.25382636,5936113,1971736987880.0,43077275.86047119,0
2024-12-24,2.251e-05,2.365e-05,2.192e-05,2.35e-05,3444288545722.0,1735084799999,78603276.09859547,3674373,1746432932912.0,39883417.90832445,0
2024-12-25,2.35e-05,2.408e-05,2.257e-05,2.283e-05,3011767165457.0,1735171199999,69844950.79913382,3368473,1459483529973.0,33851791.83611221,0
2024-12-26,2.283e-05,2.313e-05,2.128e-05,2.159e-05,2511376514586.0,1735257599999,55067499.45221057,3228117,1235126042187.0,27056203.61938426,0
2024-12-27,2.159e-05,2.243e-05,2.134e-05,2.17e-05,2288035452137.0,1735343999999,49982297.22991164,3177107,1128793942362.0,24662389.23609551,0
2024-12-28,2.169e-05,2.239e-05,2.153e-05,2.218e-05,1441391196613.0,1735430399999,31697429.65953768,1983302,668827718941.0,14720464.20269639,0
2024-12-29,2.218e-05,2.245e-05,2.13e-05,2.135e-05,1628058917767.0,1735516799999,35613499.4777131,1848702,757460090882.0,16602418.41804188,0
2024-12-30,2.135e-05,2.189e-05,2.053e-05,2.114e-05,2546728216573.0,1735603199999,54211180.43691527,3667901,1292199826024.0,27518468.16939754,0
2024-12-31,2.114e-05,2.191e-05,2.051e-05,2.118e-05,2758357733556.0,1735689599999,58519989.21776028,2953702,1369834664274.0,29066565.73025644,0
2025-01-01,2.118e-05,2.174e-05,2.071e-05,2.17e-05,1932452526838.0,1735775999999999,41112668.99269299,1793136,906364005352.0,19284314.83712792,0
2025-01-02,2.169e-05,2.306e-05,2.16e-05,2.291e-05,3227940784557.0,1735862399999999,72613905.85266659,3236033,1642877613813.0,36942863.75248405,0
2025-01-03,2.291e-05,2.464e-05,2.249e-05,2.443e-05,3326637610500.0,1735948799999999,78493026.21791673,3515508,1658955049936.0,39186182.00484236,0
2025-01-04,2.442e-05,2.493e-05,2.388e-05,2.433e-05,2577410961153.0,1736035199999999,62871713.54142099,2949219,1275447200423.0,31125950.0087013,0
2025-01-05,2.434e-05,2.441e-05,2.345e-05,2.392e-05,1808839971741.0,1736121599999999,43212449.91960008,1928055,833709195630.0,19914259.84067865,0
2025-01-06,2.393e-05,2.462e-05,2.342e-05,2.406e-05,2760588269624.0,1736207999999999,66603201.66447643,2932046,1397297448812.0,33712709.75435763,0
2025-01-07,2.406e-05,2.428e-05,2.167e-05,2.179e-05,4990949237981.0,1736294399999999,114061493.36694293,3615185,2443804469816.0,55852724.11228364,0
2025-01-08,2.179e-05,2.198e-05,2.025e-05,2.13e-05,4060310316268.0,1736380799999999,86416994.46262886,4920138,1933600267370.0,41184062.45506823,0
2025-01-09,2.129e-05,2.203e-05,2.048e-05,2.104e-05,2969000294233.0,1736467199999999,62882672.7395118,4571090,1464120899780.0,31022144.32181517,0
2025-01-10,2.104e-05,2.19e-05,2.103e-05,2.156e-05,2664676966361.0,1736553599999999,57187329.28877751,3893549,1289693304558.0,27688811.89426895,0
2025-01-11,2.157e-05,2.274e-05,2.134e-05,2.221e-05,2064915162941.0,1736639999999999,45316525.35736028,2113958,1034567500331.0,22711166.77697346,0
2025-01-12,2.221e-05,2.221e-05,2.129e-05,2.156e-05,1343111945315.0,1736726399999999,29181521.90772214,1582121,655671695309.0,14243941.09776953,0
2025-01-13,2.156e-05,2.216e-05,1.96e-05,2.12e-05,4807818267201.0,1736812799999999,99425105.77778092,5281205,2319224258924.0,47928906.12966213,0
2025-01-14,2.121e-05,2.2e-05,2.11e-05,2.163e-05,2245858609873.0,1736899199999999,48186306.32943318,2417307,1142398625965.0,24521952.39642668,0
2025-01-15,2.163e-05,2.285e-05,2.093e-05,2.274e-05,3994883473032.0,1736985599999999,87377643.11861965,3165713,2020360318904.0,44253916.65912114,0
2025-01-16,2.274e-05,2.282e-05,2.17e-05,2.202e-05,3821784510543.0,1737071999999999,84905013.64413057,3653348,1930467257840.0,42892705.65394487,0
2025-01-17,2.202e-05,2.463e-05,2.201e-05,2.419e-05,7596807405117.0,1737158399999999,181475116.67492425,5041788,4096530897201.0,97753591.59399696,0
2025-01-18,2.419e-05,2.497e-05,2.235e-05,2.278e-05,6420846286036.0,1737244799999999,148526976.53514352,5072754,2934584913003.0,67959679.52815264,0
2025-01-19,2.277e-05,2.326e-05,1.975e-05,2.034e-05,15543684050898.0,1737331199999999,329313105.2598844,6239504,7147713646354.0,151324095.30903327,0
2025-01-20,2.035e-05,2.22e-05,1.964e-05,2.033e-05,13016258850106.0,1737417599999999,268870378.97896606,6353604,6393428872295.0,132226753.99555764,0
2025-01-21,2.034e-05,2.136e-05,1.965e-05,2.09e-05,5654428919384.0,1737503999999999,116262523.74483284,5515679,2961013749924.0,60866336.41042062,0
2025-01-22,2.091e-05,2.1e-05,2.006e-05,2.018e-05,2193280532682.0,1737590399999999,44880956.65340178,2373890,1056629310909.0,21630509.90389602,0
2025-01-23,2.017e-05,2.05e-05,1.954e-05,2.014e-05,3329864319027.0,1737676799999999,66575717.37303668,3438874,1579294200224.0,31577518.06749149,0
2025-01-24,2.014e-05,2.057e-05,1.949e-05,1.997e-05,2212494542789.0,1737763199999999,44534819.32588286,2403113,1117590630878.0,22502980.46997986,0
2025-01-25,1.997e-05,2.023e-05,1.969e-05,1.994e-05,1120935326879.0,1737849599999999,22407200.05565684,1206862,531906671881.0,10634229.16264033,0
2025-01-26,1.994e-05,2.016e-05,1.903e-05,1.909e-05,1450771662343.0,1737935999999999,28577164.36855181,949173,691695100815.0,13635426.41809894,0
2025-01-27,1.91e-05,1.917e-05,1.727e-05,1.897e-05,4461333503771.0,1738022399999999,81460753.68205515,4473150,2099314127835.0,38344407.42843243,0
2025-01-28,1.898e-05,1.933e-05,1.771e-05,1.796e-05,2237457859035.0,1738108799999999,41769167.11421397,2164613,1065687753864.0,19898693.27242745,0
2025-01-29,1.797e-05,1.882e-05,1.781e-05,1.829e-05,2782552724758.0,1738195199999999,51011923.06892665,2492694,1357942898179.0,24900032.58936623,0
2025-01-30,1.83e-05,1.899e-05,1.817e-05,1.868e-05,1881177049609.0,1738281599999999,35098946.37030539,1378971,974883383811.0,18191113.89535463,0
2025-01-31,1.868e-05,1.968e-05,1.848e-05,1.89e-05,2927643514630.0,1738367999999999,55860978.95225579,1939201,1498328862334.0,28611254.10127215,0
2025-02-01,1.889e-05,1.925e-05,1.747e-05,1.76e-05,2627678057063.0,1738454399999999,48481439.39956876,1674002,1258151328488.0,23221551.03879401,0
2025-02-02,1.761e-05,1.796e-05,1.471e-05,1.551e-05,8899643466817.0,1738540799999999,143594308.54216325,4347372,4146611387439.0,66828471.81960858,0
2025-02-03,1.552e-05,1.688e-05,1.16e-05,1.68e-05,20635270646663.0,1738627199999999,296464611.9052315,7080225,10164109887723.0,145965308.24398506,0
2025-02-04,1.679e-05,1.694e-05,1.506e-05,1.575e-05,7350292457897.0,1738713599999999,115755257.6213972,5383322,3701354828424.0,58291197.06386913,0
2025-02-05,1.575e-05,1.676e-05,1.55e-05,1.577e-05,3837838627256.0,1738799999999999,61672267.46634435,3992971,1928775075084.0,31035494.46387815,0
2025-02-06,1.577e-05,1.616e-05,1.473e-05,1.486e-05,3492494016702.0,1738886399999999,53663990.45713893,3264131,1501295040986.0,23103956.44413074,0
2025-02-07,1.486e-05,1.572e-05,1.462e-05,1.51e-05,3358832754906.0,1738972799999999,50981407.13732062,2876892,1624589569581.0,24686070.44214361,0
2025-02-08,1.51e-05,1.607e-05,1.501e-05,1.596e-05,2330037781675.0,1739059199999999,36377387.21810113,1525853,1185663766534.0,18504925.07620774,0
2025-02-09,1.596e-05,1.654e-05,1.514e-05,1.566e-05,2098392933305.0,1739145599999999,33384530.57961982,1641524,1030015584515.0,16384388.89611994,0
2025-02-10,1.567e-05,1.612e-05,1.528e-05,1.58e-05,1648398895424.0,1739231999999999,26059578.65265981,2131872,811445023672.0,12828023.3044572,0
2025-02-11,1.58e-05,1.65e-05,1.544e-05,1.569e-05,2523764521837.0,1739318399999999,40315465.81007154,1956424,1325122790646.0,21140266.17037699,0
2025-02-12,1.569e-05,1.734e-05,1.548e-05,1.7e-05,5012643490904.0,1739404799999999,80973208.08405067,2943734,2468370177962.0,39851778.43784601,0
2025-02-13,1.7e-05,1.704e-05,1.592e-05,1.629e-05,2474925503348.0,1739491199999999,40521625.02597386,2013306,1173720885804.0,19208072.61603105,0
2025-02-14,1.63e-05,1.719e-05,1.618e-05,1.672e-05,2642705376276.0,1739577599999999,44128955.65051545,2237657,1316991423615.0,21997477.50254251,0
2025-02-15,1.672e-05,1.703e-05,1.623e-05,1.632e-05,1464264779379.0,1739663999999999,24214184.03643541,1475486,777912853364.0,12850043.95635415,0
2025-02-16,1.633e-05,1.64e-05,1.583e-05,1.596e-05,1123582763290.0,1739750399999999,18077359.23060093,1122705,568277406328.0,9142375.38781308,0
2025-02-17,1.597e-05,1.629e-05,1.537e-05,1.575e-05,2010712116953.0,1739836799999999,31749952.40729535,1881410,878136729503.0,13874956.20911288,0
2025-02-18,1.575e-05,1.58e-05,1.487e-05,1.523e-05,1820336262140.0,1739923199999999,27709483.22059002,2049109,787888604706.0,12001706.5467368,0
2025-02-19,1.523e-05,1.554e-05,1.505e-05,1.541e-05,1065344205286.0,1740009599999999,16333225.72188352,1164114,522162288546.0,8009206.73013489,0
2025-02-20,1.542e-05,1.562e-05,1.529e-05,1.554e-05,1070498362866.0,1740095999999999,16551082.09857803,886324,528264467061.0,8168490.61146497,0
2025-02-21,1.554e-05,1.598e-05,1.485e-05,1.508e-05,2141722282338.0,1740182399999999,33106892.31513603,1844716,1046512750723.0,16184741.74122321,0
2025-02-22,1.509e-05,1.579e-05,1.502e-05,1.56e-05,872922499123.0,1740268799999999,13467551.82914826,634917,448021239176.0,6906347.49489316,0
2025-02-23,1.561e-05,1.578e-05,1.532e-05,1.546e-05,752069272902.0,1740355199999999,11693369.99323398,621269,346749652921.0,5392150.55237077,0
2025-02-24,1.546e-05,1.556e-05,1.344e-05,1.364e-05,3597257876096.0,1740441599999999,51675641.49045492,2477368,1726136879343.0,24817025.32649247,0
2025-02-25,1.364e-05,1.428e-05,1.303e-05,1.409e-05,5528727615225.0,1740527999999999,75415280.51026586,4317373,2634828127121.0,35983018.80977684,0
2025-02-26,1.41e-05,1.456e-05,1.376e-05,1.443e-05,2765089146266.0,1740614399999999,39149864.08819027,2819665,1289197676379.0,18261169.88339785,0
2025-02-27,1.442e-05,1.486e-05,1.42e-05,1.443e-05,1849442911756.0,1740700799999999,26858190.64150345,1965227,895870664990.0,13003337.27824488,0
2025-02-28,1.443e-05,1.445e-05,1.3e-05,1.394e-05,4606734654526.0,1740787199999999,62480605.0265326,3440783,2262790076137.0,30684038.20143582,0
2025-03-01,1.393e-05,1.416e-05,1.34e-05,1.365e-05,1178017543637.0,1740873599999999,16216207.31723116,1119341,559075132887.0,7694127.52820429,0
2025-03-02,1.364e-05,1.52e-05,1.349e-05,1.515e-05,4232071717168.0,1740959999999999,60991257.37984772,2372323,2048568119710.0,29504837.38859694,0
2025-03-03,1.515e-05,1.52e-05,1.269e-05,1.291e-05,5456571377082.0,1741046399999999,74529860.46303917,3976654,2659599755688.0,36304894.45633533,0
2025-03-04,1.291e-05,1.326e-05,1.218e-05,1.309e-05,6399189018557.0,1741132799999999,81142111.89923532,3645626,3064473311755.0,38891248.62252461,0
2025-03-05,1.308e-05,1.345e-05,1.286e-05,1.337e-05,1761990956923.0,1741219199999999,23165966.0258308,1840131,861352583128.0,11320183.07773756,0
2025-03-06,1.337e-05,1.383e-05,1.315e-05,1.339e-05,1715764587847.0,1741305599999999,23087569.26919592,1815391,807532840861.0,10873863.50817485,0
2025-03-07,1.339e-05,1.376e-05,1.276e-05,1.315e-05,3202440780353.0,1741391999999999,42660006.3694547,2531066,1495889403487.0,19926953.18229584,0
2025-03-08,1.314e-05,1.326e-05,1.256e-05,1.267e-05,1313231802009.0,1741478399999999,16943474.49985964,1000045,653151322174.0,8419146.94702796,0
2025-03-09,1.267e-05,1.272e-05,1.151e-05,1.165e-05,2483686943525.0,1741564799999999,29830933.17823178,1926530,1161358619961.0,13960392.72882987,0
2025-03-10,1.166e-05,1.3e-05,1.143e-05,1.15e-05,4701056949896.0,1741651199999999,56877817.06870625,3543065,2189560270902.0,26485780.69283343,0
2025-03-11,1.15e-05,1.229e-05,1.082e-05,1.205e-05,4388564560815.0,1741737599999999,50749616.72633014,2606920,2196560428437.0,25414788.04494124,0
2025-03-12,1.204e-05,1.261e-05,1.177e-05,1.233e-05,2510097305660.0,1741823999999999,30597080.61977187,2140802,1162309397186.0,14169075.51370624,0
2025-03-13,1.232e-05,1.24e-05,1.179e-05,1.202e-05,1787826831503.0,1741910399999999,21683962.914581,1435615,956458667936.0,11598431.12110006,0
2025-03-14,1.203e-05,1.292e-05,1.198e-05,1.278e-05,1715406277774.0,1741996799999999,21493666.44765884,1099565,767322414859.0,9616056.05316721,0
2025-03-15,1.277e-05,1.298e-05,1.262e-05,1.284e-05,797986600161.0,1742083199999999,10193665.28705047,648221,381281345866.0,4872196.55004052,0
2025-03-16,1.284e-05,1.383e-05,1.256e-05,1.311e-05,3293490564142.0,1742169599999999,43544712.89311469,1933496,1635018176035.0,21641412.48492683,0
2025-03-17,1.312e-05,1.36e-05,1.277e-05,1.295e-05,2266225094029.0,1742255999999999,29701685.81369523,1244715,1203660456727.0,15763562.66244887,0
2025-03-18,1.296e-05,1.297e-05,1.226e-05,1.255e-05,1239717626759.0,1742342399999999,15566597.11503822,902012,635971368297.0,7978428.09980924,0
2025-03-19,1.255e-05,1.299e-05,1.248e-05,1.293e-05,1676982515057.0,1742428799999999,21345880.11679599,1201405,859349840570.0,10942340.6189948,0
2025-03-20,1.294e-05,1.304e-05,1.26e-05,1.294e-05,1100859858806.0,1742515199999999,14152816.81616551,884773,472450671948.0,6073966.47645064,0
2025-03-21,1.294e-05,1.309e-05,1.245e-05,1.251e-05,978518210968.0,1742601599999999,12444575.63804739,744949,486957381259.0,6188734.67778189,0
2025-03-22,1.251e-05,1.296e-05,1.247e-05,1.281e-05,707364500248.0,1742687999999999,9022994.12517454,424525,319034886403.0,4069047.12171505,0
2025-03-23,1.281e-05,1.313e-05,1.278e-05,1.295e-05,848798440236.0,1742774399999999,10985117.54098048,468366,430668114475.0,5575802.00624042,0
2025-03-24,1.295e-05,1.37e-05,1.277e-05,1.353e-05,1584518484251.0,1742860799999999,21134733.68818323,1076245,819619044383.0,10924682.59525525,0
2025-03-25,1.352e-05,1.405e-05,1.335e-05,1.384e-05,1589853549932.0,1742947199999999,21675529.91656748,1195080,813178709387.0,11092107.29153806,0
2025-03-26,1.384e-05,1.567e-05,1.379e-05,1.421e-05,5493331582376.0,1743033599999999,81488058.75283863,3143299,2767081748240.0,41072419.20066477,0
2025-03-27,1.421e-05,1.473e-05,1.392e-05,1.402e-05,2175156858900.0,1743119999999999,31112014.17615566,1627042,1141592832134.0,16342361.46926073,0
2025-03-28,1.402e-05,1.405e-05,1.301e-05,1.324e-05,2187479919738.0,1743206399999999,29261740.763294,1453807,1058041484810.0,14142249.84191789,0
2025-03-29,1.325e-05,1.339e-05,1.243e-05,1.268e-05,1429260171148.0,1743292799999999,18278775.30908112,1335790,675559754961.0,8634321.72776996,0
2025-03-30,1.267e-05,1.285e-05,1.228e-05,1.245e-05,1611688852041.0,1743379199999999,20299296.84663715,1096870,869413246949.0,10955857.68141567,0
2025-03-31,1.246e-05,1.258e-05,1.197e-05,1.238e-05,2000711148283.0,1743465599999999,24553257.77904251,1747975,1023128373032.0,12559293.73505016,0
2025-04-01,1.238e-05,1.315e-05,1.237e-05,1.269e-05,1534773505827.0,1743551999999999,19603191.67075198,1267323,788087993536.0,10059847.39605004,0
2025-04-02,1.269e-05,1.305e-05,1.195e-05,1.205e-05,3506214293093.0,1743638399999999,43761299.5895378,2415866,1831420489965.0,22863863.77043701,0
2025-04-03,1.206e-05,1.244e-05,1.182e-05,1.223e-05,1965206970270.0,1743724799999999,23880150.87146387,1595156,999651258667.0,12149630.51302257,0
2025-04-04,1.223e-05,1.254e-05,1.193e-05,1.23e-05,2534881970519.0,1743811199999999,31042648.54352921,1867802,1371603734957.0,16797131.09776548,0
2025-04-05,1.231e-05,1.244e-05,1.208e-05,1.234e-05,680525576437.0,1743897599999999,8357605.88691066,468653,366229455812.0,4498196.35795368,0
2025-04-06,1.234e-05,1.239e-05,1.102e-05,1.133e-05,2500636032248.0,1743983999999999,29115118.77236322,1661499,1174367511357.0,13657505.27885754,0
2025-04-07,1.133e-05,1.183e-05,1.028e-05,1.142e-05,6559880042013.0,1744070399999999,72658173.41668884,4515390,3292961470400.0,36468563.21033141,0
2025-04-08,1.143e-05,1.173e-05,1.053e-05,1.066e-05,2386534580097.0,1744156799999999,26522641.25549685,1948213,1231097243913.0,13671536.41734073,0
2025-04-09,1.066e-05,1.214e-05,1.029e-05,1.193e-05,4069201272426.0,1744243199999999,45792333.68686501,2835930,2081345192856.0,23423788.05610015,0
2025-04-10,1.193e-05,1.214e-05,1.141e-05,1.162e-05,1968179220963.0,1744329599999999,23221220.6610363,1627451,971945380920.0,11478635.65028814,0
2025-04-11,1.163e-05,1.238e-05,1.16e-05,1.22e-05,1375393441631.0,1744415999999999,16560015.50484529,965822,695046451738.0,8369843.72015293,0
2025-04-12,1.221e-05,1.268e-05,1.204e-05,1.254e-05,1189414879539.0,1744502399999999,14751229.79088185,906098,607505294420.0,7535852.09342704,0
2025-04-13,1.254e-05,1.259e-05,1.193e-05,1.205e-05,1464094643575.0,1744588799999999,17900495.57881677,1213909,711879184553.0,8707636.39950953,0
2025-04-14,1.205e-05,1.244e-05,1.193e-05,1.2e-05,1658894045681.0,1744675199999999,20249756.79357382,1310821,853182749242.0,10414065.30211573,0
2025-04-15,1.201e-05,1.215e-05,1.165e-05,1.167e-05,1225092312074.0,1744761599999999,14592335.53362196,918430,610946589174.0,7279527.41415211,0
2025-04-16,1.168e-05,1.198e-05,1.146e-05,1.183e-05,1340109650833.0,1744847999999999,15724749.70130964,1091930,725198207607.0,8513242.41124363,0
2025-04-17,1.184e-05,1.205e-05,1.162e-05,1.18e-05,957709683389.0,1744934399999999,11360160.27628697,691260,493799951696.0,5856989.1520277,0
2025-04-18,1.179e-05,1.247e-05,1.167e-05,1.229e-05,1033567297787.0,1745020799999999,12493552.21851492,556926,491932077507.0,5948363.21063319,0
2025-04-19,1.229e-05,1.242e-05,1.212e-05,1.234e-05,706302243369.0,1745107199999999,8649845.91054793,374326,357820313519.0,4381172.10798167,0
2025-04-20,1.235e-05,1.256e-05,1.209e-05,1.236e-05,1048042301986.0,1745193599999999,12965020.82563043,487757,536894761651.0,6645907.48578162,0
2025-04-21,1.235e-05,1.281e-05,1.22e-05,1.236e-05,1461935856011.0,1745279999999999,18357668.18337079,910843,749980892897.0,9421803.27121737,0
2025-04-22,1.237e-05,1.381e-05,1.217e-05,1.358e-05,2318064439949.0,1745366399999999,30077612.08383188,1371924,1249052646926.0,16219824.53971379,0
2025-04-23,1.357e-05,1.39e-05,1.315e-05,1.357e-05,2493964991694.0,1745452799999999,33893454.41083748,1556862,1215118436206.0,16519237.81517157,0
2025-04-24,1.357e-05,1.38e-05,1.29e-05,1.379e-05,1617168875094.0,1745539199999999,21612950.90860304,1155245,809407469066.0,10825491.80498678,0
2025-04-25,1.378e-05,1.429e-05,1.366e-05,1.415e-05,2294807401689.0,1745625599999999,32121375.59850539,1623979,1157655470195.0,16213491.43860845,0
2025-04-26,1.416e-05,1.524e-05,1.403e-05,1.414e-05,2340149898408.0,1745711999999999,33971755.29701028,1611020,1177495121293.0,17100501.48705229,0
2025-04-27,1.414e-05,1.419e-05,1.342e-05,1.345e-05,1428310507468.0,1745798399999999,19578161.94535324,1039019,787343907058.0,10792121.86122517,0
2025-04-28,1.345e-05,1.421e-05,1.316e-05,1.374e-05,2011725405796.0,1745884799999999,27535084.64127283,1455777,1137026706470.0,15563756.48421945,0
2025-04-29,1.374e-05,1.393e-05,1.325e-05,1.341e-05,1761118501764.0,1745971199999999,24036695.31889816,1215478,980927326249.0,13396981.06577835,0
2025-04-30,1.341e-05,1.354e-05,1.279e-05,1.324e-05,1311630988454.0,1746057599999999,17338798.64073036,1135673,622210653409.0,8233564.29584958,0
2025-05-01,1.323e-05,1.375e-05,1.319e-05,1.35e-05,1461532779857.0,1746143999999999,19740190.41716389,881246,710536024773.0,9592009.63698181,0
2025-05-02,1.35e-05,1.369e-05,1.327e-05,1.346e-05,1051704811555.0,1746230399999999,14173338.59434721,932904,509738765550.0,6871367.70931395,0
2025-05-03,1.346e-05,1.348e-05,1.288e-05,1.297e-05,799292995550.0,1746316799999999,10511883.15803304,545213,388297055869.0,5104521.72011572,0
2025-05-04,1.297e-05,1.323e-05,1.26e-05,1.267e-05,928140542250.0,1746403199999999,11956384.90461076,778944,487718775126.0,6285589.60124356,0
2025-05-05,1.266e-05,1.298e-05,1.252e-05,1.269e-05,1299860154214.0,1746489599999999,16552860.75530084,810295,662181712292.0,8430231.44535678,0
2025-05-06,1.269e-05,1.277e-05,1.23e-05,1.274e-05,1157661055061.0,1746575999999999,14530061.22959084,1045927,584588604406.0,7339024.13767591,0
2025-05-07,1.274e-05,1.295e-05,1.255e-05,1.28e-05,944284325610.0,1746662399999999,12061405.73066475,784869,489751393980.0,6255230.93271192,0
2025-05-08,1.281e-05,1.458e-05,1.272e-05,1.44e-05,3272879157517.0,1746748799999999,45172022.96654561,1608777,1685958661947.0,23242485.67291009,0
2025-05-09,1.439e-05,1.563e-05,1.411e-05,1.505e-05,5663883206988.0,1746835199999999,84762370.2111691,3478876,2656406039986.0,39788522.70740499,0
2025-05-10,1.505e-05,1.71e-05,1.485e-05,1.707e-05,4920235954755.0,1746921599999999,78280856.12536353,3476533,2518524265399.0,40087135.79139208,0
2025-05-11,1.707e-05,1.729e-05,1.56e-05,1.591e-05,4265934971827.0,1747007999999999,68911040.03631847,3207608,1860149189416.0,30069567.70448699,0
2025-05-12,1.59e-05,1.765e-05,1.504e-05,1.576e-05,7410275242128.0,1747094399999999,122079354.31397402,4832530,3546745792097.0,58428671.03577481,0
2025-05-13,1.576e-05,1.661e-05,1.479e-05,1.635e-05,4550088999597.0,1747180799999999,71338892.74388216,2888317,2249054862500.0,35259731.7428939,0
2025-05-14,1.636e-05,1.671e-05,1.551e-05,1.572e-05,3042986152228.0,1747267199999999,48723239.49868335,2169714,1439453358511.0,23047160.80815112,0
2025-05-15,1.572e-05,1.59e-05,1.444e-05,1.482e-05,3002306065121.0,1747353599999999,45088591.6378534,2186144,1542480446893.0,23172079.54992026,0
2025-05-16,1.483e-05,1.52e-05,1.44e-05,1.457e-05,1530516980920.0,1747439999999999,22891423.87436423,1369533,791526969872.0,11839697.47646261,0
2025-05-17,1.457e-05,1.462e-05,1.397e-05,1.418e-05,1578171720705.0,1747526399999999,22444994.46911223,1129811,808023675084.0,11496406.31015395,0
2025-05-18,1.419e-05,1.536e-05,1.407e-05,1.5e-05,2383540552958.0,1747612799999999,35053962.21799452,1287367,1194967106280.0,17588213.82606744,0
2025-05-19,1.501e-05,1.514e-05,1.388e-05,1.46e-05,1969394271007.0,1747699199999999,28165049.82369526,1374087,983445845043.0,14068441.1530121,0
2025-05-20,1.46e-05,1.492e-05,1.412e-05,1.461e-05,1374393587710.0,1747785599999999,19863726.09970845,954887,692860152585.0,10015776.46120166,0
2025-05-21,1.461e-05,1.517e-05,1.428e-05,1.482e-05,2974810479469.0,1747871999999999,43654500.65513061,1099798,1460111622032.0,21432333.59497237,0
2025-05-22,1.483e-05,1.555e-05,1.482e-05,1.554e-05,2826227204210.0,1747958399999999,43050144.0159329,1133347,1454524962770.0,22154646.61939255,0
2025-05-23,1.554e-05,1.605e-05,1.418e-05,1.431e-05,4420136344884.0,1748044799999999,66760546.00003078,1598265,2188442840936.0,33080145.86322505,0
2025-05-24,1.431e-05,1.459e-05,1.424e-05,1.438e-05,1146964055920.0,1748131199999999,16541025.02820873,481424,620585971298.0,8951972.17803647,0
2025-05-25,1.438e-05,1.469e-05,1.391e-05,1.448e-05,1677673223762.0,1748217599999999,23951682.5046857,677468,831313246796.0,11879022.60416426,0
2025-05-26,1.447e-05,1.476e-05,1.419e-05,1.44e-05,1257232241158.0,1748303999999999,18231290.79692856,518283,642951397515.0,9332100.05597084,0
2025-05-27,1.441e-05,1.468e-05,1.404e-05,1.445e-05,1761059095955.0,1748390399999999,25461694.60382577,600530,882192808444.0,12752567.11993593,0
2025-05-28,1.446e-05,1.455e-05,1.393e-05,1.433e-05,1166405076498.0,1748476799999999,16615240.78965603,503274,586021717007.0,8352331.93839631,0
2025-05-29,1.433e-05,1.47e-05,1.383e-05,1.39e-05,1737328619352.0,1748563199999999,24861914.472626,596563,876457223468.0,12553446.20292433,0
2025-05-30,1.39e-05,1.397e-05,1.266e-05,1.277e-05,3780321478357.0,1748649599999999,50030276.3038816,812808,1878285527241.0,24862640.4543014,0
2025-05-31,1.276e-05,1.294e-05,1.225e-05,1.281e-05,1942124525928.0,1748735999999999,24428881.745922,719451,1037465098131.0,13054998.08488578,0
2025-06-01,1.281e-05,1.308e-05,1.257e-05,1.295e-05,1073641241011.0,1748822399999999,13808266.42760304,377810,507461252275.0,6529149.77032475,0
2025-06-02,1.295e-05,1.324e-05,1.263e-05,1.319e-05,1374355702750.0,1748908799999999,17669970.64528539,457246,708384257708.0,9104868.79730023,0
2025-06-03,1.32e-05,1.344e-05,1.293e-05,1.304e-05,1102204644901.0,1748995199999999,14545918.70112512,389048,540595703709.0,7135845.11993676,0
2025-06-04,1.304e-05,1.319e-05,1.269e-05,1.281e-05,1406355850714.0,1749081599999999,18232956.3243483,297785,750781011086.0,9723857.38565552,0
2025-06-05,1.28e-05,1.297e-05,1.189e-05,1.2e-05,2951028867774.0,1749167999999999,36552505.831882,537894,1582049100184.0,19605001.68871116,0
2025-06-06,1.2e-05,1.283e-05,1.194e-05,1.241e-05,1248365530775.0,1749254399999999,15456698.6060059,274925,630100978544.0,7791915.7847597,0
2025-06-07,1.242e-05,1.289e-05,1.234e-05,1.273e-05,769405115823.0,1749340799999999,9783055.51400449,243140,456735001146.0,5806293.88768075,0
2025-06-08,1.273e-05,1.273e-05,1.241e-05,1.249e-05,781983208540.0,1749427199999999,9844053.14749215,215664,344424775782.0,4336780.47304878,0
2025-06-09,1.25e-05,1.317e-05,1.233e-05,1.312e-05,1609971541376.0,1749513599999999,20419373.72152985,330210,816944784387.0,10376465.69504966,0
2025-06-10,1.311e-05,1.338e-05,1.282e-05,1.337e-05,2278176009580.0,1749599999999999,29874470.03139857,649887,1117628656763.0,14660690.9872431,0
2025-06-11,1.337e-05,1.362e-05,1.284e-05,1.294e-05,1840028899751.0,1749686399999999,24453155.91422527,825432,898968823307.0,11956917.72487965,0
2025-06-12,1.295e-05,1.3e-05,1.212e-05,1.221e-05,1617110623500.0,1749772799999999,20311057.48266274,565662,842137848272.0,10574883.36254381,0
2025-06-13,1.221e-05,1.222e-05,1.138e-05,1.211e-05,4472816471604.0,1749859199999999,52461025.24830602,637147,2345685730222.0,27517438.94909273,0
2025-06-14,1.211e-05,1.224e-05,1.187e-05,1.205e-05,1119665227180.0,1749945599999999,13516555.42879833,269287,578381964861.0,6984754.64034126,0
2025-06-15,1.205e-05,1.215e-05,1.18e-05,1.204e-05,795346785117.0,1750031999999999,9540542.58930312,198665,394073777371.0,4728539.17114214,0
2025-06-16,1.204e-05,1.233e-05,1.184e-05,1.186e-05,1409066207883.0,1750118399999999,17072543.51482468,318586,717732342396.0,8695620.506896,0
2025-06-17,1.187e-05,1.208e-05,1.134e-05,1.161e-05,1879184597398.0,1750204799999999,21950321.82895255,440973,937611936892.0,10956053.99760106,0
2025-06-18,1.16e-05,1.179e-05,1.135e-05,1.169e-05,1115151358067.0,1750291199999999,12926652.22766504,362226,553794412452.0,6422822.1937095,0
2025-06-19,1.168e-05,1.177e-05,1.142e-05,1.159e-05,623263057915.0,1750377599999999,7214071.71692858,209400,316176998479.0,3660890.86494174,0
2025-06-20,1.159e-05,1.184e-05,1.106e-05,1.13e-05,1164671515836.0,1750463999999999,13312750.23626621,400407,553842185743.0,6329201.78990527,0
2025-06-21,1.13e-05,1.143e-05,1.057e-05,1.09e-05,1129581809199.0,1750550399999999,12472618.01322423,299451,524258878211.0,5785194.91969316,0
2025-06-22,1.09e-05,1.106e-05,1.004e-05,1.06e-05,2869954691151.0,1750636799999999,30107216.54226757,720605,1352260628690.0,14204943.38361445,0
2025-06-23,1.059e-05,1.167e-05,1.056e-05,1.157e-05,2240291900296.0,1750723199999999,24614546.68012878,594524,1097059188178.0,12065206.22432367,0
2025-06-24,1.156e-05,1.191e-05,1.151e-05,1.171e-05,1050063405260.0,1750809599999999,12255470.78979569,438450,487218822243.0,5686928.6133369,0
2025-06-25,1.171e-05,1.178e-05,1.148e-05,1.162e-05,840549236293.0,1750895999999999,9781795.03074758,372754,430092256862.0,5006707.22917127,0
2025-06-26,1.161e-05,1.18e-05,1.116e-05,1.121e-05,1035956613863.0,1750982399999999,11844824.7765303,310481,532606776003.0,6092070.79969086,0
2025-06-27,1.12e-05,1.14e-05,1.105e-05,1.133e-05,916035649056.0,1751068799999999,10279932.05847259,281147,467995607590.0,5253368.16528622,0
2025-06-28,1.133e-05,1.163e-05,1.128e-05,1.155e-05,682540960728.0,1751155199999999,7795430.23801248,135891,385067845680.0,4399975.29166428,0
2025-06-29,1.155e-05,1.199e-05,1.145e-05,1.187e-05,837285221938.0,1751241599999999,9794873.77324167,211743,393208146726.0,4597820.76959256,0
2025-06-30,1.187e-05,1.193e-05,1.126e-05,1.142e-05,1247829922823.0,1751327999999999,14395518.92660712,325678,615438751848.0,7094276.05119302,0
2025-07-01,1.142e-05,1.151e-05,1.108e-05,1.119e-05,856629922894.0,1751414399999999,9649383.61601791,181366,426622070151.0,4808249.59347801,0
2025-07-02,1.12e-05,1.2e-05,1.113e-05,1.18e-05,1408041048835.0,1751500799999999,16464674.99634022,290907,725433084453.0,8484830.44451175,0
2025-07-03,1.179e-05,1.215e-05,1.172e-05,1.189e-05,1419596491738.0,1751587199999999,16951955.62602589,376318,732443835977.0,8748696.84280188,0
2025-07-04,1.188e-05,1.2e-05,1.121e-05,1.143e-05,1099311653488.0,1751673599999999,12643907.20729962,251964,557446422088.0,6413842.995483,0
2025-07-05,1.143e-05,1.159e-05,1.134e-05,1.147e-05,573978406931.0,1751759999999999,6585114.91013245,90850,273923739314.0,3143607.67174797,0
2025-07-06,1.147e-05,1.197e-05,1.137e-05,1.182e-05,1020717089822.0,1751846399999999,11944698.0736397,215399,524547370669.0,6143054.37578269,0
2025-07-07,1.183e-05,1.194e-05,1.145e-05,1.163e-05,887200469441.0,1751932799999999,10356146.55824358,227404,458855869232.0,5356442.67642545,0
2025-07-08,1.162e-05,1.197e-05,1.153e-05,1.185e-05,1065793102326.0,1752019199999999,12564815.55318564,233362,540892624487.0,6379423.25476206,0
2025-07-09,1.186e-05,1.255e-05,1.176e-05,1.239e-05,1854205835596.0,1752105599999999,22551226.72633257,388034,983996894050.0,11969169.64057908,0
2025-07-10,1.239e-05,1.344e-05,1.229e-05,1.334e-05,3188741943041.0,1752191999999999,40631250.18075398,588546,1608023617859.0,20460640.88226687,0
2025-07-11,1.334e-05,1.387e-05,1.306e-05,1.33e-05,4284081015352.0,1752278399999999,57827728.93321461,1397224,2072635542435.0,27990399.91460824,0
2025-07-12,1.33e-05,1.354e-05,1.282e-05,1.32e-05,2064831901597.0,1752364799999999,27295729.69408934,861570,1012205473122.0,13378538.0268041,0
2025-07-13,1.32e-05,1.35e-05,1.308e-05,1.33e-05,1671006850861.0,1752451199999999,22161293.76202865,678792,875786047802.0,11613898.79454697,0
2025-07-14,1.331e-05,1.416e-05,1.312e-05,1.325e-05,2430262593552.0,1752537599999999,33185132.28759015,1184616,1220201033470.0,16660331.73030785,0
2025-07-15,1.325e-05,1.383e-05,1.275e-05,1.375e-05,2082549936573.0,1752623999999999,27577668.51142497,1136866,1083728610247.0,14355246.50420926,0
2025-07-16,1.374e-05,1.485e-05,1.345e-05,1.436e-05,3338276224602.0,1752710399999999,47048162.56311879,1081967,1583701614473.0,22342513.09042769,0
2025-07-17,1.437e-05,1.474e-05,1.387e-05,1.447e-05,3413641616560.0,1752796799999999,48995977.83735427,1665800,1689932624230.0,24266647.58474584,0
2025-07-18,1.447e-05,1.578e-05,1.422e-05,1.468e-05,5723583426590.0,1752883199999999,86152514.77813052,2205334,3013090908684.0,45341606.84406898,0
2025-07-19,1.467e-05,1.536e-05,1.431e-05,1.49e-05,2796670770894.0,1752969599999999,41799126.71606927,1159814,1458210161535.0,21811496.50422227,0
2025-07-20,1.49e-05,1.584e-05,1.479e-05,1.551e-05,3634966406568.0,1753055999999999,55756738.25901519,1404728,1708862544387.0,26215183.82112182,0
2025-07-21,1.552e-05,1.597e-05,1.509e-05,1.547e-05,3866549582565.0,1753142399999999,60198781.94646176,1950716,1933198955763.0,30099682.35304834,0
2025-07-22,1.547e-05,1.567e-05,1.473e-05,1.546e-05,3347784727625.0,1753228799999999,50779171.7085499,1955591,1612966907522.0,24468757.18090691,0
2025-07-23,1.546e-05,1.547e-05,1.341e-05,1.386e-05,3961601046596.0,1753315199999999,56545131.67049429,1684929,1946017131009.0,27762019.46041339,0
2025-07-24,1.385e-05,1.405e-05,1.297e-05,1.361e-05,3098480956975.0,1753401599999999,42143911.70635851,1687353,1466247522243.0,19947110.79990274,0
2025-07-25,1.362e-05,1.411e-05,1.311e-05,1.409e-05,2254531451527.0,1753487999999999,30471402.33351698,1322272,1093399932988.0,14787051.64326836,0
2025-07-26,1.409e-05,1.423e-05,1.39e-05,1.397e-05,1134070426906.0,1753574399999999,15959461.72148641,326318,564854248907.0,7952506.08257738,0
2025-07-27,1.397e-05,1.428e-05,1.389e-05,1.416e-05,1017672717802.0,1753660799999999,14328643.23763371,560135,492363624728.0,6932805.22483824,0
2025-07-28,1.416e-05,1.438e-05,1.326e-05,1.336e-05,2052979769062.0,1753747199999999,28417481.55344217,1024888,986703933014.0,13640085.19420445,0
2025-07-29,1.336e-05,1.368e-05,1.289e-05,1.313e-05,1759326275566.0,1753833599999999,23296162.71799348,793812,914663493346.0,12114851.08591986,0
2025-07-30,1.312e-05,1.319e-05,1.224e-05,1.286e-05,2236478867160.0,1753919999999999,28535101.048241,866527,1123585666698.0,14337390.0232113,0
2025-07-31,1.287e-05,1.318e-05,1.238e-05,1.244e-05,1173478323000.0,1754006399999999,15054346.68022789,586788,618453726338.0,7933840.21241608,0
2025-08-01,1.244e-05,1.251e-05,1.173e-05,1.206e-05,3083013994014.0,1754092799999999,37515155.86614575,1391583,1616780891494.0,19685488.38446709,0
2025-08-02,1.207e-05,1.227e-05,1.16e-05,1.182e-05,1217348662109.0,1754179199999999,14545202.24040041,768781,619342171100.0,7399428.03042028,0
2025-08-03,1.182e-05,1.226e-05,1.166e-05,1.22e-05,687965633409.0,1754265599999999,8319069.41329707,273358,352285300070.0,4258855.4289275,0
2025-08-04,1.22e-05,1.257e-05,1.219e-05,1.252e-05,1062193223652.0,1754351999999999,13129641.6833482,357993,449014012160.0,5553990.87693623,0
2025-08-05,1.251e-05,1.259e-05,1.185e-05,1.208e-05,1812005999143.0,1754438399999999,22002661.7408077,552445,787924879196.0,9566487.27744288,0
2025-08-06,1.209e-05,1.244e-05,1.188e-05,1.234e-05,957903067927.0,1754524799999999,11660779.63118598,362014,464112891405.0,5648511.45585771,0
2025-08-07,1.233e-05,1.289e-05,1.228e-05,1.287e-05,1371073036092.0,1754611199999999,17205903.42647724,411681,708596249658.0,8896881.99236327,0
2025-08-08,1.288e-05,1.333e-05,1.27e-05,1.326e-05,2566023871452.0,1754697599999999,33219747.99677825,1030685,1267042715867.0,16411577.47794289,0
2025-08-09,1.325e-05,1.406e-05,1.317e-05,1.372e-05,1891781457805.0,1754783999999999,25905817.98101493,762742,893368479827.0,12234020.8142683,0
2025-08-10,1.373e-05,1.4e-05,1.326e-05,1.357e-05,1556931295393.0,1754870399999999,21183968.09641389,667747,704613477679.0,9591879.94728768,0
2025-08-11,1.357e-05,1.392e-05,1.282e-05,1.293e-05,2363397978950.0,1754956799999999,31549049.33488932,909036,1167473874324.0,15583983.80960505,0
2025-08-12,1.292e-05,1.375e-05,1.271e-05,1.354e-05,1584989228879.0,1755043199999999,20984562.78159826,749150,791417699363.0,10475126.12595045,0
2025-08-13,1.354e-05,1.403e-05,1.34e-05,1.392e-05,2306628472914.0,1755129599999999,31792207.67151138,1046951,1149534854212.0,15853746.19056199,0
2025-08-14,1.392e-05,1.419e-05,1.262e-05,1.288e-05,3305984172367.0,1755215999999999,44104595.8315027,1213847,1645750930984.0,21958982.20530709,0
2025-08-15,1.289e-05,1.315e-05,1.25e-05,1.287e-05,1871678435891.0,1755302399999999,24067316.44707698,798661,933057008045.0,11995643.55815731,0
2025-08-16,1.286e-05,1.305e-05,1.278e-05,1.299e-05,678157927675.0,1755388799999999,8782561.93345114,324198,332912638261.0,4312517.23405417,0
2025-08-17,1.299e-05,1.339e-05,1.29e-05,1.302e-05,689497531370.0,1755475199999999,9054149.45430898,335591,338007545516.0,4439739.15897508,0
2025-08-18,1.301e-05,1.303e-05,1.244e-05,1.27e-05,1280840318229.0,1755561599999999,16211995.04381965,617316,678105476659.0,8581722.74014848,0
2025-08-19,1.271e-05,1.281e-05,1.206e-05,1.209e-05,1425696490534.0,1755647999999999,17684197.62776414,689283,721369917848.0,8946268.94790776,0
2025-08-20,1.21e-05,1.264e-05,1.203e-05,1.258e-05,1160379103280.0,1755734399999999,14298923.73236676,572828,636360212528.0,7840886.40845949,0
2025-08-21,1.257e-05,1.272e-05,1.226e-05,1.238e-05,807551669864.0,1755820799999999,10068246.27069551,468995,411387638726.0,5132272.78310523,0
2025-08-22,1.237e-05,1.35e-05,1.202e-05,1.338e-05,3340802305308.0,1755907199999999,42830395.0498894,987308,1699092436069.0,21748250.93977846,0
2025-08-23,1.339e-05,1.34e-05,1.294e-05,1.326e-05,1399050916369.0,1755993599999999,18469001.97229588,429574,707022486096.0,9333699.94426798,0
2025-08-24,1.327e-05,1.351e-05,1.271e-05,1.296e-05,2047316850334.0,1756079999999999,26650654.75654204,789361,1035659085059.0,13482010.93509664,0
2025-08-25,1.297e-05,1.314e-05,1.183e-05,1.204e-05,2428082904332.0,1756166399999999,29969372.97593925,1030386,1244147151742.0,15357056.11402121,0
2025-08-26,1.204e-05,1.262e-05,1.191e-05,1.255e-05,1483452552159.0,1756252799999999,18206138.57753179,496093,747547102829.0,9164231.82294506,0
2025-08-27,1.255e-05,1.265e-05,1.237e-05,1.25e-05,1268529095457.0,1756339199999999,15869415.1517118,561185,620883327085.0,7768780.8944438,0
2025-08-28,1.249e-05,1.273e-05,1.24e-05,1.268e-05,965680538328.0,1756425599999999,12160282.48650027,432841,464368068262.0,5847552.30809934,0
2025-08-29,1.268e-05,1.273e-05,1.198e-05,1.22e-05,2079636977875.0,1756511999999999,25403429.18565951,479240,1048652349274.0,12810916.2726856,0
2025-08-30,1.22e-05,1.248e-05,1.203e-05,1.234e-05,671373880670.0,1756598399999999,8274046.49485296,224547,335651721690.0,4139772.24363219,0
2025-08-31,1.233e-05,1.251e-05,1.216e-05,1.218e-05,610191602998.0,1756684799999999,7554940.57260768,209740,290929133461.0,3602135.83610903,0
2025-09-01,1.219e-05,1.261e-05,1.181e-05,1.211e-05,1953220381523.0,1756771199999999,23758698.10837766,586079,997852786765.0,12143525.73666074,0
2025-09-02,1.21e-05,1.248e-05,1.203e-05,1.244e-05,1430475481767.0,1756857599999999,17573490.94004357,442169,719929010786.0,8842780.18270668,0
2025-09-03,1.244e-05,1.257e-05,1.229e-05,1.248e-05,784032913930.0,1756943999999999,9761403.97743893,229078,372505553265.0,4638345.6436056,0
2025-09-04,1.248e-05,1.253e-05,1.2e-05,1.212e-05,959252028970.0,1757030399999999,11690900.57432562,242011,504771046094.0,6149998.32871845,0
2025-09-05,1.212e-05,1.248e-05,1.206e-05,1.24e-05,1443764294688.0,1757116799999999,17790388.66561823,372690,719179740254.0,8858308.70004878,0
2025-09-06,1.239e-05,1.245e-05,1.215e-05,1.227e-05,511696341155.0,1757203199999999,6282674.89459194,124835,231598434134.0,2845419.63341362,0
2025-09-07,1.227e-05,1.251e-05,1.226e-05,1.248e-05,664019734547.0,1757289599999999,8229273.34736946,133719,335934156424.0,4163431.45742545,0
2025-09-08,1.247e-05,1.298e-05,1.239e-05,1.287e-05,1733687244206.0,1757375999999999,22079861.23256778,429323,879097401963.0,11190502.12103141,0
2025-09-09,1.287e-05,1.32e-05,1.266e-05,1.289e-05,1885315635889.0,1757462399999999,24378089.02958228,655098,959970563076.0,12415270.25034265,0
2025-09-10,1.289e-05,1.317e-05,1.275e-05,1.305e-05,1519281587717.0,1757548799999999,19717267.49406257,438938,771982218671.0,10021520.67389737,0
2025-09-11,1.306e-05,1.327e-05,1.289e-05,1.325e-05,1357442644173.0,1757635199999999,17739080.26353876,447960,654197802897.0,8552663.25710467,0
2025-09-12,1.326e-05,1.392e-05,1.319e-05,1.391e-05,2384825477294.0,1757721599999999,32153539.39324568,540577,1208369463020.0,16293638.36659954,0
2025-09-13,1.391e-05,1.484e-05,1.374e-05,1.429e-05,4806483954978.0,1757807999999999,68954256.83472599,1174811,2335339637574.0,33533582.52378482,0
2025-09-14,1.428e-05,1.43e-05,1.353e-05,1.368e-05,1642118486161.0,1757894399999999,22743282.95952488,686796,813136613320.0,11255564.13979114,0
2025-09-15,1.369e-05,1.381e-05,1.292e-05,1.306e-05,2234397093329.0,1757980799999999,29484425.90087203,514851,1047199406343.0,13826319.6523699,0
2025-09-16,1.306e-05,1.326e-05,1.286e-05,1.316e-05,1288089516059.0,1758067199999999,16829712.88462238,375331,609357732713.0,7961941.36386255,0
2025-09-17,1.316e-05,1.361e-05,1.283e-05,1.35e-05,1695091586917.0,1758153599999999,22212259.43771077,591225,843108704740.0,11055207.33944932,0
2025-09-18,1.35e-05,1.361e-05,1.327e-05,1.339e-05,1388947426592.0,1758239999999999,18689793.83005871,483036,653581089535.0,8795518.74948689,0
2025-09-19,1.339e-05,1.356e-05,1.277e-05,1.287e-05,1323920632525.0,1758326399999999,17333086.85779334,458344,688303458544.0,9003344.83501267,0
2025-09-20,1.286e-05,1.306e-05,1.277e-05,1.293e-05,760648355029.0,1758412799999999,9819851.45076827,198754,390526563275.0,5042572.5125566,0
2025-09-21,1.292e-05,1.304e-05,1.273e-05,1.274e-05,1121077142526.0,1758499199999999,14447063.34605328,205019,547773873947.0,7058827.98134399,0
2025-09-22,1.274e-05,1.278e-05,1.178e-05,1.213e-05,3493818951801.0,1758585599999999,42471671.94472542,602400,1798076083995.0,21877950.30292959,0
2025-09-23,1.212e-05,1.229e-05,1.189e-05,1.21e-05,1553171450984.0,1758671999999999,18853746.75054547,341882,805354681707.0,9778256.77281514,0
2025-09-24,1.21e-05,1.237e-05,1.19e-05,1.214e-05,1155801122952.0,1758758399999999,14069588.04275466,308768,575852810711.0,7009372.76264304,0
2025-09-25,1.214e-05,1.217e-05,1.148e-05,1.164e-05,1910467546134.0,1758844799999999,22535406.23250653,539548,963391388416.0,11374157.03982572,0
2025-09-26,1.164e-05,1.198e-05,1.15e-05,1.191e-05,966028178979.0,1758931199999999,11338021.16004971,320807,490676828868.0,5758837.50754083,0
2025-09-27,1.191e-05,1.192e-05,1.171e-05,1.18e-05,516641077593.0,1759017599999999,6102909.12071713,123364,251811195151.0,2975158.91307071,0
2025-09-28,1.18e-05,1.203e-05,1.158e-05,1.202e-05,742286252624.0,1759103999999999,8739553.1288339,144189,413334641388.0,4867134.54190976,0
2025-09-29,1.202e-05,1.205e-05,1.171e-05,1.197e-05,1014756330729.0,1759190399999999,12091990.49757886,231346,476774407453.0,5679676.9264463,0
2025-09-30,1.197e-05,1.2e-05,1.154e-05,1.182e-05,879029506945.0,1759276799999999,10323059.81488743,239620,448620977184.0,5269874.9164442,0
2025-10-01,1.182e-05,1.24e-05,1.175e-05,1.239e-05,1145423343468.0,1759363199999999,13971081.86714211,263923,545581129429.0,6652404.89088517,0
2025-10-02,1.239e-05,1.271e-05,1.231e-05,1.263e-05,1036189513733.0,1759449599999999,13014448.89386188,332017,511932887681.0,6429672.12105645,0
2025-10-03,1.264e-05,1.288e-05,1.234e-05,1.266e-05,1025284295165.0,1759535999999999,12879661.23208452,384050,486141643182.0,6107961.06544412,0
2025-10-04,1.267e-05,1.275e-05,1.223e-05,1.237e-05,748405817942.0,1759622399999999,9338237.49998925,231086,360997851296.0,4509431.03386012,0
2025-10-05,1.237e-05,1.298e-05,1.23e-05,1.245e-05,2125171544374.0,1759708799999999,27069426.86279464,365495,1159982929364.0,14782048.17533602,0
2025-10-06,1.245e-05,1.301e-05,1.237e-05,1.285e-05,1300595667571.0,1759795199999999,16577050.93062588,376361,583914012848.0,7439567.43844969,0
2025-10-07,1.285e-05,1.291e-05,1.217e-05,1.219e-05,1620868327617.0,1759881599999999,20271037.92331554,421805,707746637251.0,8841074.85840876,0
2025-10-08,1.219e-05,1.247e-05,1.203e-05,1.233e-05,1003713493386.0,1759967999999999,12252857.13324599,308857,495016755592.0,6048078.41844619,0
2025-10-09,1.233e-05,1.234e-05,1.172e-05,1.201e-05,992633062208.0,1760054399999999,11905890.74378542,276627,471165208963.0,5645578.7415596,0
2025-10-10,1.201e-05,1.215e-05,6.78e-06,9.74e-06,7415264674560.0,1760140799999999,74076796.65792073,1132259,3574449680904.0,35797172.19157944,0
2025-10-11,9.74e-06,1.072e-05,9.56e-06,9.95e-06,4284988240779.0,1760227199999999,43224449.52181374,1008580,2082548325058.0,21010063.21059526,0
2025-10-12,9.96e-06,1.088e-05,9.78e-06,1.069e-05,2469414999945.0,1760313599999999,25479674.05310841,742542,1221727901571.0,12576115.48185303,0
2025-10-13,1.07e-05,1.129e-05,1.054e-05,1.111e-05,2206503082595.0,1760399999999999,23937110.61968899,843199,951309980341.0,10335245.7693779,0
2025-10-14,1.11e-05,1.118e-05,1.019e-05,1.074e-05,1898531288330.0,1760486399999999,20094886.04259388,845814,872914007331.0,9249998.54423308,0
2025-10-15,1.074e-05,1.09e-05,1.018e-05,1.032e-05,998992319371.0,1760572799999999,10502099.47692753,476963,489221799652.0,5138297.53485937,0
2025-10-16,1.033e-05,1.053e-05,9.88e-06,1.001e-05,1422568576534.0,1760659199999999,14508396.64116119,721629,652572949463.0,6658538.8058424,0
2025-10-17,1.001e-05,1.012e-05,9.24e-06,9.75e-06,2041224042484.0,1760745599999999,19690021.4897101,779451,1010552468128.0,9751261.5324571,0
2025-10-18,9.75e-06,9.99e-06,9.73e-06,9.91e-06,818072803998.0,1760831999999999,8071121.40336091,180647,442435813294.0,4367648.7914954,0
2025-10-19,9.91e-06,1.019e-05,9.79e-06,1.007e-05,873980247695.0,1760918399999999,8746441.44659246,289498,448276191322.0,4487179.17035442,0
2025-10-20,1.008e-05,1.034e-05,9.92e-06,1.019e-05,1072961231195.0,1761004799999999,10917227.65527283,348913,473585486781.0,4818367.63230793,0
2025-10-21,1.018e-05,1.055e-05,9.86e-06,1.005e-05,1306122781772.0,1761091199999999,13320816.62161226,517615,600230988453.0,6122918.20678347,0
2025-10-22,1.005e-05,1.01e-05,9.59e-06,9.86e-06,1414142732508.0,1761177599999999,13995576.63232895,469916,681530216708.0,6746232.07920341,0
2025-10-23,9.86e-06,1.021e-05,9.85e-06,1.01e-05,920786256489.0,1761263999999999,9220027.54544238,233576,446401377128.0,4471156.41667052,0
2025-10-24,1.01e-05,1.034e-05,1.004e-05,1.024e-05,739517488406.0,1761350399999999,7519431.81218397,191970,361317533492.0,3675297.98669357,0
2025-10-25,1.024e-05,1.026e-05,1.009e-05,1.02e-05,466969052524.0,1761436799999999,4749935.35781422,85052,227381130489.0,2313128.33194637,0
2025-10-26,1.019e-05,1.069e-05,1.009e-05,1.056e-05,850997954506.0,1761523199999999,8841740.90860961,175151,425096319276.0,4417066.5410477,0
2025-10-27,1.056e-05,1.07e-05,1.033e-05,1.039e-05,987366663554.0,1761609599999999,10383088.22590588,274303,457504474974.0,4815394.7610489,0
2025-10-28,1.039e-05,1.045e-05,9.96e-06,1.012e-05,1000146769481.0,1761695999999999,10248577.9750691,349194,481383095725.0,4931734.40683978,0
2025-10-29,1.012e-05,1.045e-05,9.95e-06,1.016e-05,1362751808208.0,1761782399999999,13919388.13492334,429911,663120389231.0,6775435.99130715,0
2025-10-30,1.016e-05,1.025e-05,9.36e-06,9.73e-06,1591694251114.0,1761868799999999,15583217.8679818,582203,756935316070.0,7406445.28318742,0
2025-10-31,9.73e-06,1.007e-05,9.7e-06,1.003e-05,972709626271.0,1761955199999999,9626781.34283689,254244,482753851630.0,4779087.27471273,0
2025-11-01,1.003e-05,1.026e-05,9.96e-06,1.02e-05,642310004056.0,1762041599999999,6497132.08816644,143578,293320538320.0,2967525.01284159,0
2025-11-02,1.019e-05,1.025e-05,9.95e-06,1.017e-05,548217503381.0,1762127999999999,5546401.71117144,185725,238508026214.0,2413903.83068517,0
2025-11-03,1.017e-05,1.019e-05,8.94e-06,9.19e-06,2142981131571.0,1762214399999999,20187949.0894211,644620,1054769308018.0,9927806.12816172,0
2025-11-04,9.19e-06,9.32e-06,8.37e-06,8.85e-06,3419579342763.0,1762300799999999,30489048.07284676,960750,1648844493133.0,14699316.28023478,0
2025-11-05,8.84e-06,9.23e-06,8.42e-06,9.16e-06,1679196190583.0,1762387199999999,15038941.40008305,352451,788905159561.0,7072882.90791298,0
2025-11-06,9.15e-06,9.18e-06,8.78e-06,9.02e-06,1169848410827.0,1762473599999999,10522930.71215155,347966,569825605152.0,5127976.59222332,0
2025-11-07,9.03e-06,1.035e-05,9.02e-06,1.002e-05,2723344408660.0,1762559999999999,26417403.01116429,626455,1356346124814.0,13178235.255919,0
2025-11-08,1.003e-05,1.029e-05,9.69e-06,9.97e-06,1410210391065.0,1762646399999999,14111559.89662475,461439,661025743652.0,6616390.60875469,0
2025-11-09,9.97e-06,1.009e-05,9.63e-06,9.99e-06,1101635185310.0,1762732799999999,10906295.01836894,366896,518084830297.0,5130072.35910878,0
2025-11-10,9.99e-06,1.023e-05,9.87e-06,1.014e-05,1344746875530.0,1762819199999999,13521531.35571654,412337,717363751627.0,7218243.89527519,0
2025-11-11,1.015e-05,1.027e-05,9.62e-06,9.63e-06,991146974181.0,1762905599999999,9821343.33723707,463550,468952150028.0,4649983.57009879,0
2025-11-12,9.64e-06,9.99e-06,9.45e-06,9.5e-06,1201043630185.0,1762991999999999,11674663.65733854,387362,573197162984.0,5562121.46768634,0
2025-11-13,9.5e-06,9.87e-06,9.04e-06,9.31e-06,1154686563711.0,1763078399999999,10971383.89576471,532197,560663020910.0,5320355.88444233,0
2025-11-14,9.3e-06,9.37e-06,8.85e-06,8.99e-06,1355039421202.0,1763164799999999,12381095.28057973,676820,643492573288.0,5880935.26508115,0
2025-11-15,8.99e-06,9.27e-06,8.96e-06,9.04e-06,744846366417.0,1763251199999999,6791661.74576605,193138,326455697135.0,2977079.52322972,0
2025-11-16,9.04e-06,9.23e-06,8.64e-06,8.9e-06,1133122857443.0,1763337599999999,10143457.87336022,388545,526681007769.0,4718285.5808663,0
2025-11-17,8.89e-06,9.18e-06,8.46e-06,8.59e-06,1331043920084.0,1763423999999999,11743351.61188944,514899,669299225764.0,5904046.04496054,0
2025-11-18,8.59e-06,9.02e-06,8.48e-06,8.87e-06,1359433260676.0,1763510399999999,11941620.75581038,424748,671379744642.0,5899552.28123028,0
2025-11-19,8.87e-06,8.92e-06,8.23e-06,8.56e-06,1779499052410.0,1763596799999999,15235913.91188824,448558,902404016789.0,7715459.07466783,0
2025-11-20,8.56e-06,8.84e-06,8.12e-06,8.26e-06,1561645041533.0,1763683199999999,13317489.57385407,518282,764600548893.0,6522899.60907174,0
2025-11-21,8.25e-06,8.4e-06,7.55e-06,7.85e-06,2573252722517.0,1763769599999999,20315231.62318635,900106,1307169178852.0,10320312.92943359,0
2025-11-22,7.85e-06,7.89e-06,7.56e-06,7.8e-06,966123560749.0,1763855999999999,7452713.9670974,334898,460773345309.0,3556177.0100472,0
2025-11-23,7.8e-06,8.05e-06,7.76e-06,7.85e-06,953930685065.0,1763942399999999,7571962.87585592,221908,506940877697.0,4025366.60786991,0
2025-11-24,7.85e-06,8.43e-06,7.79e-06,8.34e-06,1352209779051.0,1764028799999999,10928721.54352653,376142,672983632693.0,5439849.5761679,0
2025-11-25,8.33e-06,8.92e-06,8.03e-06,8.79e-06,1219573861461.0,1764115199999999,10237415.6954378,318396,611323937168.0,5136977.54884535,0
2025-11-26,8.8e-06,8.84e-06,8.3e-06,8.6e-06,1411315101071.0,1764201599999999,12114041.23088567,252171,689554774075.0,5913491.75692899,0
2025-11-27,8.59e-06,8.86e-06,8.51e-06,8.76e-06,860749762146.0,1764287999999999,7451342.10403868,139932,425603132753.0,3685300.87886966,0
2025-11-28,8.76e-06,9.13e-06,8.6e-06,8.64e-06,1204917836626.0,1764374399999999,10623909.86172606,276422,621818957749.0,5483341.54389637,0
2025-11-29,8.64e-06,8.67e-06,8.42e-06,8.53e-06,585268195407.0,1764460799999999,4992605.13768635,128872,269828096196.0,2302382.9552749,0
2025-11-30,8.53e-06,8.63e-06,8.36e-06,8.37e-06,543576474050.0,1764547199999999,4615801.31005673,120524,244929871479.0,2081036.13550602,0
2025-12-01,8.37e-06,8.38e-06,7.85e-06,7.97e-06,1600054127953.0,1764633599999999,12816710.44946392,444181,797444193216.0,6390264.68068851,0
2025-12-02,7.97e-06,8.58e-06,7.88e-06,8.46e-06,1204532935741.0,1764719999999999,9924723.02288234,334200,589223803679.0,4854345.58932323,0
2025-12-03,8.46e-06,9.52e-06,8.44e-06,8.97e-06,2806588688289.0,1764806399999999,25369368.71671352,602270,1438464202353.0,13022380.3484442,0
2025-12-04,8.97e-06,9.03e-06,8.56e-06,8.7e-06,927478219224.0,1764892799999999,8161975.03198193,291696,451893147561.0,3976357.69882424,0
2025-12-05,8.7e-06,8.78e-06,8.14e-06,8.3e-06,1130463927619.0,1764979199999999,9581415.4098925,336990,526067953197.0,4457924.3516669,0
2025-12-06,8.3e-06,8.63e-06,8.26e-06,8.43e-06,927813609266.0,1765065599999999,7834646.57853498,233629,461223332976.0,3897503.96202748,0
2025-12-07,8.43e-06,8.58e-06,8.19e-06,8.34e-06,777529771986.0,1765151999999999,6527237.44362831,320704,390706813723.0,3280932.91317776,0
2025-12-08,8.33e-06,8.63e-06,8.28e-06,8.58e-06,906400895300.0,1765238399999999,7693787.08571171,326678,415903121904.0,3528961.70353758,0
2025-12-09,8.58e-06,9.05e-06,8.42e-06,8.73e-06,1221888707111.0,1765324799999999,10660009.04635527,406412,596513033126.0,5207745.37666471,0
2025-12-10,8.72e-06,8.93e-06,8.47e-06,8.54e-06,1385004180313.0,1765411199999999,11967625.12614384,450979,694785192388.0,6004959.09144914,0
2025-12-11,8.54e-06,8.62e-06,8.17e-06,8.5e-06,984474909040.0,1765497599999999,8217774.80887915,322808,469275760954.0,3919009.19244834,0
2025-12-12,8.51e-06,8.51e-06,8.06e-06,8.28e-06,868585211614.0,1765583999999999,7212107.77121223,249985,404844595803.0,3361236.06473445,0
2025-12-13,8.28e-06,8.45e-06,8.27e-06,8.35e-06,562106578059.0,1765670399999999,4696936.0452882,86800,256463364063.0,2143312.63716867,0
2025-12-14,8.36e-06,8.39e-06,7.98e-06,8.07e-06,714374329399.0,1765756799999999,5819976.92213796,156216,311683810872.0,2539054.69800036,0
2025-12-15,8.08e-06,8.27e-06,7.71e-06,7.9e-06,1020193229527.0,1765843199999999,8168808.06761207,353454,484540805566.0,3877429.22700692,0
2025-12-16,7.9e-06,8e-06,7.72e-06,7.86e-06,828967469665.0,1765929599999999,6527056.87690372,259827,424868988918.0,3346930.31975946,0
2025-12-17,7.86e-06,8.05e-06,7.46e-06,7.53e-06,1046136248152.0,1766015999999999,8079348.66368158,381053,521785833909.0,4026042.01435667,0
2025-12-18,7.53e-06,7.54e-06,7e-06,7.03e-06,2274738470427.0,1766102399999999,16644881.52290707,498736,1165979833076.0,8536459.04997238,0
2025-12-19,7.04e-06,7.66e-06,7e-06,7.52e-06,1399279931478.0,1766188799999999,10292700.81566637,291858,718790290348.0,5290747.42823239,0
2025-12-20,7.52e-06,7.52e-06,7.4e-06,7.43e-06,527166476927.0,1766275199999999,3930562.9536889,76657,273265845189.0,2038251.1903125,0
2025-12-21,7.43e-06,7.46e-06,7.18e-06,7.28e-06,574483773667.0,1766361599999999,4204457.0663207,147154,289669256770.0,2120545.07305466,0
2025-12-22,7.29e-06,7.44e-06,7.15e-06,7.2e-06,916383064138.0,1766447999999999,6673013.42480974,264045,472241393132.0,3438423.12459986,0
2025-12-23,7.2e-06,7.28e-06,7.04e-06,7.12e-06,789795244103.0,1766534399999999,5642833.77928279,180777,405344833356.0,2896205.57553385,0
2025-12-24,7.12e-06,7.29e-06,6.98e-06,7.21e-06,853494837049.0,1766620799999999,6078448.4126786,126976,454846612648.0,3239621.89559087,0
2025-12-25,7.21e-06,7.29e-06,7.05e-06,7.06e-06,819779328480.0,1766707199999999,5904472.32706166,101557,395382297524.0,2847653.97761103,0
2025-12-26,7.06e-06,7.3e-06,7.02e-06,7.12e-06,1212197882873.0,1766793599999999,8684757.96422395,169078,616883875762.0,4422888.6970308,0
2025-12-27,7.12e-06,7.4e-06,7.1e-06,7.38e-06,745002001824.0,1766879999999999,5381427.17210359,76014,418894955909.0,3024043.92072576,0
2025-12-28,7.39e-06,7.41e-06,7.26e-06,7.4e-06,692031721963.0,1766966399999999,5085929.56623858,94555,328884776561.0,2417603.69235294,0
2025-12-29,7.4e-06,7.57e-06,7.17e-06,7.19e-06,965553953602.0,1767052799999999,7149533.39671902,227450,493959021501.0,3657264.97122859,0
2025-12-30,7.19e-06,7.26e-06,7.07e-06,7.1e-06,712412627136.0,1767139199999999,5101912.84104266,134401,373567773569.0,2676415.35075517,0
2025-12-31,7.1e-06,7.14e-06,6.82e-06,6.91e-06,1153675638332.0,1767225599999999,8050424.99127127,135436,612426720363.0,4274271.90007608,0
