open_time,open,high,low,close,volume,close_time,quote_volume,trades,taker_buy_base,taker_buy_quote,ignore
2020-09-17,0.3,15.0,0.3,3.4617,102597222.59,1600387199999,333729068.925844,660780,49916784.87,163175040.541875,0
2020-09-18,3.4618,8.6,3.2285,6.9,167667906.97,1600473599999,1000039651.037696,1486593,85283759.81,508239056.893086,0
2020-09-19,6.9,7.4963,5.19,5.7244,79814511.66,1600559999999,515450179.992354,979043,38099403.63,246518469.056179,0
2020-09-20,5.7244,6.09,4.65,5.223,53519725.62,1600646399999,282681649.969729,592785,26051761.15,137608643.398576,0
2020-09-21,5.22,5.65,4.06,4.2471,56110504.32,1600732799999,263249742.810448,540477,26954893.82,126340030.721059,0
2020-09-22,4.2505,4.554,3.6828,3.9105,40815724.83,1600819199999,165782944.378901,382520,19471593.32,79103471.627835,0
2020-09-23,3.9079,5.3475,3.9008,4.38,58485584.8,1600905599999,267187483.34736,527149,28108700.59,128533720.004493,0
2020-09-24,4.38,5.2888,4.26,5.164,44859170.85,1600991999999,219988837.338756,391758,22737886.31,111556117.598302,0
2020-09-25,5.159,5.5525,4.7605,4.9145,31809864.62,1601078399999,163328757.293314,296577,15261671.0,78450506.027488,0
2020-09-26,4.9134,4.9897,4.6752,4.8684,15021040.65,1601164799999,72802048.888563,163093,7115893.44,34521876.040647,0
2020-09-27,4.8638,5.2133,4.7,4.8458,14663658.99,1601251199999,72093517.118611,142632,6896512.3,33942124.104781,0
2020-09-28,4.846,4.95,4.18,4.2503,15753026.48,1601337599999,71795633.330892,201135,7355855.15,33579375.931476,0
2020-09-29,4.2475,4.4135,4.12,4.3826,11551787.7,1601423999999,49146508.253399,103968,5757450.5,24517075.303158,0
2020-09-30,4.3826,4.3854,3.95,4.1554,8331877.3,1601510399999,34298302.909446,80917,3861793.54,15901436.502265,0
2020-10-01,4.1554,4.514,3.9038,4.2397,18775683.03,1601596799999,79128683.435219,171366,8729961.34,36679006.643481,0
2020-10-02,4.2396,4.2396,3.569,3.8904,12414352.91,1601683199999,48261612.062012,108141,5838272.9,22692124.396415,0
2020-10-03,3.89,4.1195,3.83,3.9041,6558893.01,1601769599999,25875306.620727,49329,3217507.68,12699848.845831,0
2020-10-04,3.9001,3.9447,3.61,3.7262,9253080.76,1601855999999,34747338.408722,72482,4273363.85,16048003.80846,0
2020-10-05,3.7235,3.8,3.1817,3.319,14619829.43,1601942399999,50225014.640488,116364,6579123.87,22581582.791628,0
2020-10-06,3.319,3.3409,2.63,2.7143,23504656.67,1602028799999,70355709.608437,165293,10959276.6,32869161.567142,0
2020-10-07,2.7143,3.0,2.4779,2.9621,24192428.29,1602115199999,65517558.254562,187406,11301440.49,30685982.54904,0
2020-10-08,2.9629,3.4654,2.6428,3.3499,25679034.97,1602201599999,79113737.585465,212758,12723674.34,39267637.180422,0
2020-10-09,3.3499,3.6,3.1749,3.3834,16228659.83,1602287999999,54925623.775849,132223,7891079.89,26728204.174041,0
2020-10-10,3.38,3.6578,3.2664,3.2989,10858881.78,1602374399999,37328992.387001,94081,5181079.43,17810282.960713,0
2020-10-11,3.2956,3.451,3.1776,3.3626,8504843.75,1602460799999,28263092.495599,63493,4098191.93,13630714.572475,0
2020-10-12,3.36,3.5994,3.282,3.4599,8926434.98,1602547199999,30646748.115858,72138,4324180.05,14856846.555209,0
2020-10-13,3.4554,3.5,3.2931,3.3546,5585565.98,1602633599999,19007337.641713,43407,2557600.65,8706941.211257,0
2020-10-14,3.3511,3.44,2.97,3.1123,11409168.6,1602719999999,36470199.644619,80702,5461612.08,17467147.082425,0
2020-10-15,3.1105,3.1674,2.915,3.0793,7895030.52,1602806399999,24135144.708162,67072,3779395.61,11562527.359993,0
2020-10-16,3.0765,3.3803,2.8813,3.0426,13597633.89,1602892799999,43040138.140961,110471,6562994.89,20784683.385144,0
2020-10-17,3.0436,3.1249,2.9703,3.0566,5391124.74,1602979199999,16434510.956638,47505,2557845.71,7802445.073219,0
2020-10-18,3.0574,3.291,3.0472,3.2811,5642285.19,1603065599999,17913667.232235,57058,2556111.82,8104472.751531,0
2020-10-19,3.2797,3.2885,3.11,3.1703,4410931.55,1603151999999,14110519.116801,52793,2062564.99,6600138.923536,0
2020-10-20,3.1703,3.191,2.8008,2.8582,9089338.55,1603238399999,26890645.537144,82829,4386229.31,12965096.152779,0
2020-10-21,2.8582,3.0884,2.8389,2.9371,9708638.42,1603324799999,28946265.458053,108034,4437146.15,13231544.919634,0
2020-10-22,2.9359,3.1484,2.9194,3.0432,5420844.93,1603411199999,16480651.708178,50353,2686878.33,8169408.1752,0
2020-10-23,3.0418,3.1219,2.9621,3.011,4318812.16,1603497599999,13094261.220504,41504,2089005.35,6340759.414955,0
2020-10-24,3.0123,3.085,2.9272,2.9399,3415735.11,1603583999999,10259849.021496,28934,1743380.75,5246878.499064,0
2020-10-25,2.939,2.966,2.7101,2.7726,4908494.61,1603670399999,14083176.929074,44225,2308052.82,6633221.626509,0
2020-10-26,2.7717,2.878,2.52,2.7114,7181296.49,1603756799999,19488240.324024,58220,3442084.43,9350687.103818,0
2020-10-27,2.7109,2.9131,2.6992,2.8096,7266259.31,1603843199999,20547332.46249,54182,3472115.88,9819952.25078,0
2020-10-28,2.8086,2.8593,2.5952,2.6611,6456512.26,1603929599999,17505001.150615,54115,3095115.19,8408817.535314,0
2020-10-29,2.6594,2.7395,2.4864,2.5391,4388799.14,1604015999999,11419321.823667,36071,2081209.19,5427527.892747,0
2020-10-30,2.5388,2.5663,2.233,2.4134,11811039.44,1604102399999,27786664.952513,82686,5646346.37,13280958.92838,0
2020-10-31,2.4136,2.4138,2.24,2.2662,4373032.59,1604188799999,10261291.659961,32844,1996722.56,4687915.882911,0
2020-11-01,2.2648,2.4537,2.219,2.3765,5706748.83,1604275199999,13235221.449569,40916,3074146.03,7141893.815981,0
2020-11-02,2.3764,2.4541,2.2228,2.254,6033645.49,1604361599999,14049958.946068,43105,2941807.98,6866990.773831,0
2020-11-03,2.2526,2.281,2.0554,2.138,7235337.33,1604447999999,15413549.979634,52741,3487447.4,7432143.986029,0
2020-11-04,2.136,2.1664,1.8758,1.9281,10088117.38,1604534399999,20172475.98138,57224,5060078.05,10120081.353628,0
2020-11-05,1.9271,2.431,1.7563,2.1901,30375798.47,1604620799999,63748264.822545,176533,15148194.53,31702510.446393,0
2020-11-06,2.1892,2.6877,2.1735,2.5657,29787141.52,1604707199999,73815299.835417,180833,14791093.83,36706117.373704,0
2020-11-07,2.5681,3.0287,2.422,2.4755,38120411.72,1604793599999,104002935.416026,267181,18601962.92,50778129.801534,0
2020-11-08,2.4755,2.9229,2.4317,2.8653,13015901.0,1604879999999,35077829.489707,94715,6631893.33,17897720.502109,0
2020-11-09,2.8625,2.8785,2.5731,2.6822,11032888.1,1604966399999,29752272.47291,79332,5309442.84,14335368.310185,0
2020-11-10,2.6792,3.1766,2.6267,3.0759,16785491.42,1605052799999,48955488.061298,133519,8465970.61,24730428.332266,0
2020-11-11,3.0772,3.2161,2.8721,2.9308,12850038.45,1605139199999,39475974.908952,117033,6228154.1,19159368.453612,0
2020-11-12,2.9309,3.1387,2.8333,2.9582,9926182.69,1605225599999,29675223.651573,97910,5065729.25,15166135.477102,0
2020-11-13,2.9594,3.9859,2.935,3.8614,24145430.65,1605311999999,83088686.056933,208075,11887840.32,40972920.334773,0
2020-11-14,3.8578,3.968,3.5113,3.8165,22324085.9,1605398399999,83292765.473274,196355,10986551.93,41016498.334493,0
2020-11-15,3.8127,4.2497,3.6143,3.8458,23584006.78,1605484799999,93775301.422788,229063,11890120.64,47295745.447819,0
2020-11-16,3.8471,3.95,3.45,3.5634,24094608.27,1605571199999,89282298.089982,198590,11896627.17,44188937.066494,0
2020-11-17,3.5618,3.8732,3.476,3.8104,18165511.87,1605657599999,66704719.023801,200812,9067273.28,33332490.86085,0
2020-11-18,3.8135,3.8499,3.271,3.4607,15439047.58,1605743999999,54146604.527569,156155,7010271.66,24583389.347961,0
2020-11-19,3.4622,3.89,3.2093,3.7417,18721726.03,1605830399999,66967556.926444,184315,8835699.34,31671002.08732,0
2020-11-20,3.7447,4.0899,3.6764,3.8552,16998990.39,1605916799999,66241474.545522,176077,8485893.77,33088058.983902,0
2020-11-21,3.8573,3.94,3.5892,3.8366,15599791.13,1606003199999,58578610.356054,158992,8226074.3,30845137.304176,0
2020-11-22,3.8382,3.9483,3.41,3.6763,11204446.17,1606089599999,41365517.79417,112119,5380121.17,19894970.510055,0
2020-11-23,3.681,4.2292,3.6312,4.1842,15957690.4,1606175999999,62434206.89122,159298,8252292.05,32323280.57428,0
2020-11-24,4.1855,4.4857,3.9274,4.0627,18389409.65,1606262399999,76689534.61081,166473,8939785.0,37364771.993288,0
2020-11-25,4.063,4.2,3.51,3.6773,11368286.18,1606348799999,44645172.057071,129389,5068837.99,19958716.032369,0
2020-11-26,3.6748,3.7684,3.1,3.43,17185256.24,1606435199999,57372564.177355,165090,8471456.35,28273832.535878,0
2020-11-27,3.4324,3.5369,3.1613,3.3067,8371281.59,1606521599999,28099025.916178,78686,4060412.3,13641349.481715,0
2020-11-28,3.3057,3.535,3.2559,3.4616,5741069.04,1606607999999,19555376.724404,52020,2803824.11,9560045.582004,0
2020-11-29,3.4584,3.572,3.36,3.5514,4758310.51,1606694399999,16464245.90688,52565,2341348.44,8108373.182431,0
2020-11-30,3.5524,3.8105,3.5315,3.7824,8223965.77,1606780799999,30271012.868436,75339,4298983.32,15824033.277978,0
2020-12-01,3.7765,3.9851,3.3852,3.55,9910945.01,1606867199999,36598529.467895,105019,4846627.82,17906364.64175,0
2020-12-02,3.5456,4.17,3.2251,3.9484,12004964.16,1606953599999,46032599.575099,100349,6038971.82,23212661.810124,0
2020-12-03,3.9455,4.0233,3.7992,3.8829,6927498.76,1607039999999,27066784.362895,69286,3280890.61,12819680.534401,0
2020-12-04,3.8811,3.9207,3.4964,3.516,4748568.18,1607126399999,17653427.933881,56812,2186416.11,8134845.403042,0
2020-12-05,3.5161,3.6982,3.4442,3.6834,3897274.16,1607212799999,13967747.44798,49938,1665012.06,5981032.353502,0
2020-12-06,3.6785,3.7894,3.5069,3.6482,3549575.12,1607299199999,12888480.987759,40392,1673045.27,6077137.585386,0
2020-12-07,3.6482,3.8794,3.5617,3.7574,5871715.17,1607385599999,21889353.510977,64920,2908706.61,10836558.69678,0
2020-12-08,3.7569,3.7618,3.2775,3.2982,7194477.26,1607471999999,25313328.031368,80923,3077218.49,10831118.644392,0
2020-12-09,3.3007,3.3943,3.116,3.3511,6530689.49,1607558399999,21438945.533849,59375,3269353.38,10731472.583337,0
2020-12-10,3.3502,3.3716,3.1899,3.239,3061345.4,1607644799999,9983203.835632,31669,1409351.2,4597052.493944,0
2020-12-11,3.2396,3.2463,2.91,2.9623,5099867.62,1607731199999,15309560.828714,60745,2418745.35,7256707.612007,0
2020-12-12,2.9617,3.1785,2.9603,3.1225,3887473.39,1607817599999,12057700.414426,41774,1811915.99,5617594.576784,0
2020-12-13,3.1224,3.3676,3.0721,3.344,3299182.05,1607903999999,10736208.782296,38959,1720201.46,5601312.751542,0
2020-12-14,3.3396,3.5454,3.2368,3.4803,4313010.64,1607990399999,14456457.221073,42827,2084352.42,6993764.519937,0
2020-12-15,3.4778,3.5177,3.3055,3.3292,5014280.72,1608076799999,17080578.011642,52185,2346330.03,7996625.826077,0
2020-12-16,3.3258,3.5415,3.2438,3.5357,6136094.22,1608163199999,20988935.641196,64963,3026663.67,10362167.179441,0
2020-12-17,3.534,3.999,3.4341,3.6914,14187721.14,1608249599999,53095116.528273,139733,6688193.72,25059389.667872,0
2020-12-18,3.6914,3.8571,3.5453,3.7652,7200071.88,1608335999999,26656382.054488,72036,3522657.02,13042457.193753,0
2020-12-19,3.7693,4.2433,3.623,3.9621,16323471.53,1608422399999,66379767.092048,159177,8114724.99,32980264.00247,0
2020-12-20,3.9621,4.0273,3.6874,3.7617,7894754.61,1608508799999,30732945.900907,85368,3921200.13,15278034.676368,0
2020-12-21,3.7606,3.9249,3.4156,3.5094,8732393.44,1608595199999,31750874.073904,90838,4172143.1,15189339.137927,0
2020-12-22,3.5102,3.776,3.2813,3.7331,9913272.03,1608681599999,35065015.963803,97622,4876818.65,17237337.941261,0
2020-12-23,3.729,3.777,3.0108,3.3111,9033649.24,1608767999999,31601932.144305,93511,4319679.73,15138968.365257,0
2020-12-24,3.3126,3.5281,3.1578,3.5227,6353600.08,1608854399999,21036295.612878,61513,3202511.91,10601120.322069,0
2020-12-25,3.5263,3.6517,3.3562,3.5038,5352579.26,1608940799999,18684679.206,61882,2610795.91,9115975.510216,0
2020-12-26,3.5019,3.6,3.357,3.4171,5804213.98,1609027199999,20234988.235252,57975,2811172.8,9798640.08296,0
2020-12-27,3.4176,3.805,3.3562,3.5965,9416386.66,1609113599999,33532536.460489,96829,4651599.76,16544360.782396,0
2020-12-28,3.6,4.0,3.5656,3.7311,7192847.65,1609199999999,27339961.47902,65576,3683473.55,14017334.288417,0
2020-12-29,3.7277,3.8435,3.4946,3.6695,5313101.88,1609286399999,19270178.297457,55220,2518195.58,9138464.024884,0
2020-12-30,3.6752,4.38,3.6307,4.1531,12486803.55,1609372799999,50157205.952951,128836,6203995.21,24923527.87276,0
2020-12-31,4.1513,5.29,3.9346,5.1501,22047151.9,1609459199999,101050486.592787,230331,11228321.31,51619515.329207,0
2021-01-01,5.15,5.2797,4.5895,4.7353,12818149.34,1609545599999,63396881.07734,150046,6247474.76,30928230.319949,0
2021-01-02,4.7364,5.2,4.48,4.8564,15422965.31,1609631999999,73673763.544362,153059,7439468.67,35513577.980129,0
2021-01-03,4.8573,5.6412,4.6756,5.5155,16004744.42,1609718399999,82035063.087078,171306,8021907.22,41149045.820866,0
2021-01-04,5.5117,6.2,4.8556,5.4238,17737637.15,1609804799999,97160283.626744,211849,9186366.8,50384770.420376,0
2021-01-05,5.4309,6.56,5.164,6.2518,13101875.75,1609891199999,77322387.886502,176467,6479218.65,38248302.789303,0
2021-01-06,6.2518,6.5911,6.004,6.4157,8261062.72,1609977599999,51557270.085364,121395,4075650.89,25440704.533526,0
2021-01-07,6.4157,6.84,6.028,6.2545,7832572.02,1610063999999,49655803.300269,107232,3664397.78,23280020.505331,0
2021-01-08,6.2657,6.37,5.4188,5.8807,8255855.64,1610150399999,49167935.391304,100844,3814297.48,22721094.297802,0
2021-01-09,5.8737,6.3461,5.6618,6.22,5958300.54,1610236799999,36072902.625145,81833,2926242.35,17704872.015145,0
2021-01-10,6.2201,6.58,5.5447,5.9802,7474281.85,1610323199999,45878434.892269,107077,3836636.6,23599725.237184,0
2021-01-11,5.9801,6.0035,4.3904,5.2448,14894495.8,1610409599999,76103748.911794,185320,7259527.48,37111984.865072,0
2021-01-12,5.2427,5.8211,4.9651,5.5878,8248266.1,1610495999999,44574531.367929,101677,4275733.7,23104555.214134,0
2021-01-13,5.5878,6.3825,5.2601,6.3311,6787774.1,1610582399999,39523137.873749,93744,3524818.32,20509995.972662,0
2021-01-14,6.3406,7.13,6.1775,6.9593,10439216.67,1610668799999,68956506.183454,136217,5211564.1,34438156.074817,0
2021-01-15,6.9603,7.49,6.361,7.3762,16759142.91,1610755199999,118335435.681635,214029,8302163.1,58705802.088656,0
2021-01-16,7.3761,9.3776,7.1931,8.3908,16659914.44,1610841599999,136057159.473185,221966,8700944.65,71131259.68022,0
2021-01-17,8.3987,9.18,8.0284,8.689,12230919.85,1610927999999,104985958.460978,187958,6115475.11,52535700.17607,0
2021-01-18,8.6838,9.878,8.3,9.1904,10123589.68,1611014399999,92491502.246558,165235,4950600.99,45207815.849744,0
2021-01-19,9.1984,9.9388,8.4641,8.5767,8643124.23,1611100799999,78980142.712944,148800,4282937.59,39173024.898107,0
2021-01-20,8.5788,9.0465,7.65,8.9646,9665642.01,1611187199999,80062328.453633,149495,4897236.09,40583047.334602,0
2021-01-21,8.9674,9.0369,7.3247,7.5873,8698599.1,1611273599999,70491991.170574,135498,4096673.11,33242458.107958,0
2021-01-22,7.5865,9.0966,7.0405,8.6834,8355910.06,1611359999999,68017817.109203,142502,4266666.67,34754227.735153,0
2021-01-23,8.6965,9.5339,8.4908,9.3428,5350324.46,1611446399999,48602006.525302,99422,2735977.35,24861203.97776,0
2021-01-24,9.3357,12.3,9.1583,12.0505,12721611.85,1611532799999,137196482.118316,222935,6348288.71,68256782.677116,0
2021-01-25,12.039,12.8983,10.88,11.3177,13116856.01,1611619199999,155574571.044266,251148,6503831.71,77168006.402199,0
2021-01-26,11.3097,14.3148,11.1557,13.9086,19001655.6,1611705599999,243093612.812948,342336,9851765.28,126236446.438949,0
2021-01-27,13.9086,15.4934,13.02,14.7493,20244050.72,1611791999999,285284411.999017,381882,10392760.66,146661335.655504,0
2021-01-28,14.7493,15.3997,13.4994,14.1003,14385148.83,1611878399999,207865227.51602,296748,7161470.94,103536971.338086,0
2021-01-29,14.1121,15.8,14.071,15.6418,13323277.76,1611964799999,198068404.162496,290370,6702282.95,99732927.827587,0
2021-01-30,15.6418,19.62,15.09,19.5376,13273973.57,1612051199999,226541580.829366,319669,6935733.14,118352057.48421,0
2021-01-31,19.5713,20.5612,17.3999,17.7246,15718817.49,1612137599999,297411769.394395,363197,8020945.99,151775231.321375,0
2021-02-01,17.7335,20.7583,16.6679,20.4502,12215677.8,1612223999999,227098665.499577,299709,6139447.82,114080615.772003,0
2021-02-02,20.4542,20.6062,18.005,18.9517,8876910.38,1612310399999,169401023.431688,216876,4493711.12,85760624.347863,0
2021-02-03,18.9675,20.5585,18.6899,19.7114,7886297.54,1612396799999,155082634.976666,216671,3720884.44,73194643.153036,0
2021-02-04,19.7238,21.596,19.132,20.1299,8880802.92,1612483199999,183135183.326729,284020,4553673.89,93970281.778878,0
2021-02-05,20.1043,22.5,19.6333,21.145,6869668.75,1612569599999,143190758.934745,208021,3426725.1,71523943.114125,0
2021-02-06,21.145,21.676,19.1641,19.2499,5455158.74,1612655999999,108922111.376146,171623,2577855.62,51496442.962455,0
2021-02-07,19.2499,19.73,17.06,18.6592,6015538.25,1612742399999,110388733.115437,189929,2952952.99,54151091.166764,0
2021-02-08,18.6745,20.1738,18.1163,19.3198,5898408.32,1612828799999,113158694.892258,183570,3007951.11,57710634.241053,0
2021-02-09,19.3177,19.903,18.8145,19.5175,4421517.57,1612915199999,85328331.885919,135980,2114001.04,40820694.220552,0
2021-02-10,19.5075,22.5,19.0,20.6802,7974562.63,1613001599999,167176647.379711,257470,4025489.06,84424695.535221,0
2021-02-11,20.6808,22.0135,20.122,21.4536,3940036.85,1613087999999,82184589.607409,134764,1921485.86,40114342.909074,0
2021-02-12,21.4615,23.83,21.2313,22.6236,5817360.92,1613174399999,131468223.649715,173639,2929093.52,66273904.880684,0
2021-02-13,22.6374,23.8,21.2037,21.7738,4356960.74,1613260799999,97130392.912845,145112,2120905.54,47299679.346074,0
2021-02-14,21.7744,22.6,20.6637,20.8245,2698101.82,1613347199999,58533049.636826,94666,1307989.98,28393063.2142,0
2021-02-15,20.8295,21.5399,16.8421,20.0675,5678630.84,1613433599999,111831949.157518,203947,2681946.48,53006719.194392,0
2021-02-16,20.0769,21.32,19.3752,20.4846,3690220.56,1613519999999,76064054.287028,114370,1772585.39,36553016.209016,0
2021-02-17,20.4844,21.8168,19.1663,21.5175,3666053.53,1613606399999,75017637.416582,115455,1751580.56,35878494.181426,0
2021-02-18,21.5384,22.27,20.5663,21.1733,4094257.31,1613692799999,87500452.571461,121943,2013055.48,43036560.69298,0
2021-02-19,21.1742,21.544,19.3235,20.0756,6543994.23,1613779199999,133421107.669327,175630,3062203.75,62435120.222021,0
2021-02-20,20.0744,32.999,19.5026,28.7533,23821017.72,1613865599999,649670256.42187,758850,12117442.27,330454993.506883,0
2021-02-21,28.7315,32.122,27.7142,28.7763,12428623.7,1613951999999,373966606.684396,437286,6063581.9,182446732.153394,0
2021-02-22,28.7958,29.1458,21.8157,27.6835,12142946.64,1614038399999,323344261.420355,388120,5952752.15,158767759.781368,0
2021-02-23,27.6861,27.7995,18.1,24.8086,16473183.55,1614124799999,374324315.298846,478541,8052682.91,183248432.993147,0
2021-02-24,24.8325,27.36,23.0701,25.2509,7424230.39,1614211199999,191923447.37042,256926,3792129.8,98049919.264753,0
2021-02-25,25.2509,26.99,23.0803,23.4781,5769473.41,1614297599999,144930676.729382,191042,2840748.41,71343601.665577,0
2021-02-26,23.478,25.1867,21.01,23.1082,5919224.99,1614383999999,136051598.686752,183568,2889589.84,66517024.109802,0
2021-02-27,23.126,24.8409,22.2954,23.5338,4436321.8,1614470399999,106010164.831007,148824,2221720.5,53113177.70973,0
2021-02-28,23.5538,24.127,20.4743,22.2098,5420311.75,1614556799999,118687828.522445,158791,2610218.22,57162307.05424,0
2021-03-01,22.2152,25.72,22.0527,25.7058,4525679.92,1614643199999,107683965.131445,149954,2355308.7,56059570.307117,0
2021-03-02,25.7164,27.4389,24.5146,25.5253,6697008.9,1614729599999,174694615.594217,225190,3441185.14,89866750.66695,0
2021-03-03,25.5253,27.5855,25.265,25.3565,4518211.5,1614815999999,119274538.292071,184083,2265782.99,59800780.742792,0
2021-03-04,25.3401,29.7738,24.75,28.2681,10291315.68,1614902399999,287364044.501345,342194,5056774.31,141037050.464408,0
2021-03-05,28.2471,28.77,25.8223,28.2866,7108036.7,1614988799999,193889845.091497,251628,3506405.65,95634254.715284,0
2021-03-06,28.2885,29.0502,27.1454,28.5148,3510511.8,1615075199999,98930360.179462,122335,1774800.19,50043366.01475,0
2021-03-07,28.5311,34.88,28.3599,34.2651,8643240.24,1615161599999,271720656.674992,316196,4273929.94,134381770.31189,0
2021-03-08,34.2459,34.9277,32.0333,33.2344,6597671.5,1615247999999,220396336.139143,264187,3203357.02,106995028.576932,0
2021-03-09,33.222,34.7648,32.35,32.8722,4596044.4,1615334399999,152905167.990239,185135,2261557.08,75274063.142923,0
2021-03-10,32.8696,33.5,30.3186,30.8877,3832878.65,1615420799999,121769909.185763,169409,1867173.19,59329218.283944,0
2021-03-11,30.8787,31.8238,29.5,30.9944,3153485.8,1615507199999,96726177.128093,133697,1597319.73,48995387.568867,0
2021-03-12,31.0093,31.9719,29.1548,30.9198,2817271.54,1615593599999,86196237.734563,119856,1415462.62,43321067.732766,0
2021-03-13,30.9117,33.3585,30.185,32.4439,3410666.16,1615679999999,110123162.713762,151748,1794288.17,57928180.762481,0
2021-03-14,32.4726,33.8965,30.6261,30.6509,2620736.83,1615766399999,84693022.708901,128127,1304909.09,42208631.386702,0
2021-03-15,30.6494,31.534,29.534,29.7983,2781982.06,1615852799999,84385509.898281,110117,1396305.17,42364023.983039,0
2021-03-16,29.8058,30.0501,27.9781,30.0247,2469876.37,1615939199999,71664867.612975,101815,1215836.56,35296703.536961,0
2021-03-17,30.0247,31.68,29.4191,31.2878,3533112.09,1616025599999,108221623.380443,154686,1712829.27,52485256.157708,0
2021-03-18,31.3261,31.6,29.7136,29.9785,1718067.32,1616111999999,52741466.577469,84488,829413.39,25469484.756595,0
2021-03-19,29.9752,34.2,29.4497,33.262,3484967.8,1616198399999,112824585.723007,178265,1799066.01,58274705.132046,0
2021-03-20,33.2566,35.2005,31.85,32.0399,4039700.95,1616284799999,135708210.826105,204511,2133556.34,71675999.668126,0
2021-03-21,32.04,33.3,31.5,32.9395,1811349.12,1616371199999,58444853.785102,102610,878676.14,28356363.285435,0
2021-03-22,32.9399,35.8531,31.7495,32.7958,5358849.03,1616457599999,181704071.353563,298077,2679433.46,90948995.461508,0
2021-03-23,32.828,36.8,30.0888,30.9878,8403123.71,1616543999999,280716708.509679,407909,4060203.62,135838616.119083,0
2021-03-24,31.017,31.8813,25.5247,27.2243,6871661.81,1616630399999,205233115.196955,320473,3325021.49,99374308.760265,0
2021-03-25,27.2213,28.07,25.5659,26.5,4913672.84,1616716799999,132208337.36654,227515,2572923.71,69262731.594702,0
2021-03-26,26.5005,29.0,26.4498,28.88,3200954.64,1616803199999,89005645.656955,150967,1665254.77,46295689.891566,0
2021-03-27,28.88,29.4706,27.7951,28.1897,2404025.64,1616889599999,68654169.388472,111860,1197478.08,34177369.53836,0
2021-03-28,28.1893,28.887,27.3558,27.8685,2025362.24,1616975999999,57035222.757027,104658,1032471.71,29084762.228959,0
2021-03-29,27.8714,29.5,27.5013,29.0155,2808473.57,1617062399999,80659453.555657,142091,1393671.2,39995245.466692,0
2021-03-30,29.0186,29.2693,28.28,28.55,2562782.3,1617148799999,73621165.226809,118031,1174997.99,33751394.281469,0
2021-03-31,28.5487,29.0251,26.666,28.0316,2709216.2,1617235199999,75927434.476797,127280,1331241.81,37306734.136985,0
2021-04-01,28.0776,30.3055,28.0776,28.6638,3244347.12,1617321599999,94931135.905552,168515,1573104.7,46034548.209205,0
2021-04-02,28.6638,30.2803,28.4252,30.2084,2251495.66,1617407999999,66171970.825819,133517,1082395.9,31826977.073335,0
2021-04-03,30.194,32.5,29.3293,29.3874,4271331.76,1617494399999,133264429.793315,241813,1993623.38,62243624.67678,0
2021-04-04,29.3859,31.5,28.9183,30.9131,1729762.79,1617580799999,52456893.313797,116480,841279.56,25499268.788385,0
2021-04-05,30.9134,31.2306,29.6712,30.8292,1978116.57,1617667199999,60490044.43125,124438,950993.4,29098065.235631,0
2021-04-06,30.8292,32.4508,30.0174,31.233,2543943.79,1617753599999,79478158.198657,150893,1166103.13,36446871.587986,0
2021-04-07,31.2512,31.4,27.7907,28.5722,2796671.57,1617839999999,81983840.002952,152506,1364249.32,39940968.688305,0
2021-04-08,28.5646,30.3316,28.3312,30.2033,1693340.0,1617926399999,50011852.584818,97788,841089.67,24844295.827078,0
2021-04-09,30.1911,30.6713,29.25,29.5199,1472609.57,1618012799999,44184912.437296,90163,638303.17,19175091.655487,0
2021-04-10,29.5199,30.9839,29.1687,29.7649,1863776.25,1618099199999,55917601.513295,117727,888463.65,26668865.439286,0
2021-04-11,29.7743,30.6659,29.1936,29.9063,2335194.54,1618185599999,69823225.128778,127386,1011266.83,30238597.137124,0
2021-04-12,29.9131,38.1639,29.5458,36.6844,10504630.76,1618271999999,363221918.927635,549456,5377020.97,185830480.0863,0
2021-04-13,36.669,37.2,33.75,35.4293,5456454.88,1618358399999,193130096.213928,288663,2688208.54,95095506.558055,0
2021-04-14,35.4336,36.93,33.222,36.0626,4599133.42,1618444799999,162426862.233959,279714,2354345.16,83232003.705881,0
2021-04-15,36.0631,39.6,35.5813,37.7447,5458455.78,1618531199999,207104276.875564,341377,2843800.59,107915833.294978,0
2021-04-16,37.7285,38.1977,33.983,36.1359,4000210.96,1618617599999,145272936.062381,238768,2004297.34,72749431.343165,0
2021-04-17,36.1284,37.5267,34.6222,34.7343,2729047.23,1618703999999,98585249.162704,201689,1409053.11,50859710.3877,0
2021-04-18,34.7412,35.1,26.9787,31.6225,6697460.24,1618790399999,206122348.086397,430403,3285098.49,101192800.096116,0
2021-04-19,31.6364,32.73,29.181,31.3572,3932586.13,1618876799999,123329597.774265,220445,1974890.94,61963944.729782,0
2021-04-20,31.3854,32.2985,28.0,31.9547,3661924.46,1618963199999,111083755.857806,230365,1807677.4,54829457.819394,0
2021-04-21,31.9574,36.5644,30.513,33.4146,6855649.28,1619049599999,229540155.949913,483066,3409138.83,114291557.539098,0
2021-04-22,33.4425,38.4579,32.66,33.9099,11202707.97,1619135999999,405781674.548255,675163,5544810.52,200991917.989273,0
2021-04-23,33.9322,34.9307,29.5187,32.9502,9040239.73,1619222399999,290016780.711903,444327,4551226.22,146115220.505386,0
2021-04-24,32.9518,32.9998,29.806,30.1473,3100534.37,1619308799999,97117708.877332,161851,1520543.36,47621733.556605,0
2021-04-25,30.168,34.8634,30.0,34.352,4673943.493,1619395199999,154014752.8448372,286684,2390451.256,78794040.833279,0
2021-04-26,34.358,38.5,34.044,38.165,5278261.404,1619481599999,190072951.6403858,341430,2699697.511,97215593.2345078,0
2021-04-27,38.165,40.629,37.3,39.63,5387724.424,1619567999999,211833482.961407,355842,2766245.45,108759791.206717,0
2021-04-28,39.63,42.949,37.624,42.901,7137060.834,1619654399999,292933980.995017,465669,3607402.225,148074332.847245,0
2021-04-29,42.876,44.0,39.581,41.05,4430490.183,1619740799999,185829857.725329,288053,2191982.12,91947628.336456,0
2021-04-30,41.028,41.416,39.0,40.624,4308530.483,1619827199999,173593250.822349,266032,2146997.055,86512593.744324,0
2021-05-01,40.646,41.288,39.19,40.339,3165037.016,1619913599999,126973851.81229,200172,1638459.381,65710509.089751,0
2021-05-02,40.346,43.303,39.2,42.62,4160783.065,1619999999999,172793978.324463,294858,2035290.221,84523250.793041,0
2021-05-03,42.619,45.0,41.2,42.277,4837994.954,1620086399999,209891228.367532,321180,2506800.806,108834824.685975,0
2021-05-04,42.282,44.631,39.52,43.108,7355023.795,1620172799999,310682076.264632,488215,3635730.379,153647231.35151,0
2021-05-05,43.091,44.9,41.497,42.423,6727812.045,1620259199999,290765547.938249,481448,3397957.847,146885984.700303,0
2021-05-06,42.409,42.537,39.732,40.222,4988381.417,1620345599999,207033175.981438,335005,2584994.32,107333343.281398,0
2021-05-07,40.224,41.377,38.27,39.74,4057210.562,1620431999999,161982466.559294,279112,2010027.056,80298956.611426,0
2021-05-08,39.733,41.26,38.55,40.498,2961391.166,1620518399999,119002057.692183,196627,1489264.253,59833051.005708,0
2021-05-09,40.48,40.722,38.064,39.43,2582372.604,1620604799999,101594253.956184,166366,1364136.446,53683053.206126,0
2021-05-10,39.422,41.168,33.46,36.372,4237689.414,1620691199999,162909244.17315,302064,2097931.492,80867832.731768,0
2021-05-11,36.378,38.544,35.448,38.515,2721296.599,1620777599999,100341041.644418,194010,1436847.876,52995791.889899,0
2021-05-12,38.519,44.044,35.714,36.87,8229661.455,1620863999999,341431092.817616,623164,4004418.09,166241865.823048,0
2021-05-13,37.079,40.328,33.905,37.345,5519523.221,1620950399999,208250273.089319,401794,2657573.677,100412062.36837,0
2021-05-14,37.341,40.888,37.112,40.4,2694092.994,1621036799999,105498180.849049,231133,1298442.764,50853796.343503,0
2021-05-15,40.406,42.4,36.505,36.607,3451479.688,1621123199999,136554487.025629,276541,1739043.546,68787505.278728,0
2021-05-16,36.593,39.418,34.5,36.598,2888647.371,1621209599999,107586984.664368,221698,1408792.674,52502488.828023,0
2021-05-17,36.597,36.597,31.781,33.232,3934373.62,1621295999999,133777804.541174,273466,1939125.107,65941612.469548,0
2021-05-18,33.251,36.63,32.974,35.028,3743345.478,1621382399999,131531186.154289,221630,1855848.9,65171751.488892,0
2021-05-19,35.009,35.5,16.0,23.169,13257004.569,1621468799999,345215296.60593593,771528,6397015.371,167736641.5235619,0
2021-05-20,23.118,28.457,20.0,26.333,7410933.251,1621555199999,184475165.400743,419973,3762023.557,93877212.670445,0
2021-05-21,26.347,27.951,18.819,21.945,7106530.233,1621641599999,165152398.583171,352935,3344222.481,77877671.922297,0
2021-05-22,21.943,22.624,18.372,20.338,5227838.547,1621727999999,107138393.019672,255705,2601952.573,53338727.752662,0
2021-05-23,20.371,21.308,13.0,16.709,11476301.552,1621814399999,186001367.812828,433326,5600573.903,90839831.269992,0
2021-05-24,16.709,25.18,16.493,24.684,11137116.474,1621900799999,230105652.412374,514527,5676148.97,117431539.030452,0
2021-05-25,24.68,26.7,21.505,25.106,10314512.406,1621987199999,248885567.091844,494244,5121015.47,123545730.910079,0
2021-05-26,25.097,29.428,24.436,29.42,6640794.785,1622073599999,176879120.562862,368306,3360575.853,89543686.72962,0
2021-05-27,29.382,30.0,26.106,28.549,6275644.883,1622159999999,177502065.477235,333979,3062162.944,86603692.848261,0
2021-05-28,28.538,29.398,24.861,25.875,7728105.114,1622246399999,208448431.211717,376900,3788112.522,102208699.590292,0
2021-05-29,25.886,27.531,21.809,23.169,5967352.893,1622332799999,145615592.30946,303206,2963710.862,72315994.238807,0
2021-05-30,23.171,26.668,21.66,25.716,5654647.411,1622419199999,138780396.215771,295353,2789802.281,68438616.405546,0
2021-05-31,25.7,28.4,23.433,28.239,7519968.022,1622505599999,194923101.767096,379695,3672501.628,95001818.978554,0
2021-06-01,28.239,28.754,25.942,27.426,5252485.933,1622591999999,143067741.611456,240561,2693458.041,73309391.643534,0
2021-06-02,27.413,28.803,26.335,27.626,3744189.318,1622678399999,103540520.385993,185928,1896931.362,52441694.508067,0
2021-06-03,27.626,29.382,26.897,28.687,3675157.568,1622764799999,103811516.195441,200718,1838609.471,51887368.769878,0
2021-06-04,28.68,28.696,25.005,26.422,4004398.55,1622851199999,106383962.928857,242338,1935830.458,51443194.635664,0
2021-06-05,26.423,27.84,25.04,25.641,2675895.491,1622937599999,70245680.748712,177673,1359810.325,35675692.588958,0
2021-06-06,25.628,26.45,25.303,25.861,1965325.548,1623023999999,50921415.240719,109047,1028024.652,26651887.537654,0
2021-06-07,25.863,27.335,23.91,24.269,3839779.301,1623110399999,99886313.578706,239053,1961429.388,51052420.973608,0
2021-06-08,24.263,24.644,20.465,23.424,4141801.396,1623196799999,94270305.831724,232840,2091676.394,47564170.841273,0
2021-06-09,23.412,25.241,22.097,25.096,4569067.66,1623283199999,108935516.799218,259073,2133495.012,50632942.628005,0
2021-06-10,25.094,25.26,23.085,23.582,2524473.954,1623369599999,60858760.132753,154211,1402016.971,33733165.580081,0
2021-06-11,23.577,23.868,21.299,21.848,2595444.497,1623455999999,58296539.650458,149744,1249380.184,28119101.646629,0
2021-06-12,21.848,22.063,20.239,21.296,2201492.912,1623542399999,46491943.823419,119400,1099314.226,23254042.982516,0
2021-06-13,21.281,24.0,20.449,23.255,2282231.756,1623628799999,50102066.074561,150927,1178214.625,25919394.763848,0
2021-06-14,23.255,24.207,22.494,24.16,2206791.975,1623715199999,51549958.676439,139485,1111599.887,25957452.8846,0
2021-06-15,24.159,24.69,23.116,23.417,1506402.334,1623801599999,36051525.056836,101228,734156.048,17565971.940925,0
2021-06-16,23.416,23.55,21.642,21.828,1687477.964,1623887999999,37977312.177938,113553,835760.968,18822372.590055,0
2021-06-17,21.828,22.941,21.403,22.184,1443998.146,1623974399999,32139578.868352,87952,721782.182,16073669.414616,0
2021-06-18,22.182,22.269,19.55,20.388,2187107.789,1624060799999,45259937.530331,101916,1066117.876,22125345.294056,0
2021-06-19,20.4,20.978,19.754,19.76,1744280.982,1624147199999,35573612.224561,75760,823494.514,16799647.481392,0
2021-06-20,19.763,21.025,18.622,20.704,2410717.378,1624233599999,47527431.201655,118436,1225931.293,24176954.137793,0
2021-06-21,20.705,20.873,15.74,15.774,4733664.598,1624319999999,84159910.286638,203510,2296056.55,40853899.892274,0
2021-06-22,15.787,17.2,13.93,16.421,6573754.006,1624406399999,102069637.203931,239241,3085880.869,48127265.705891,0
2021-06-23,16.411,18.493,15.772,17.802,3802110.641,1624492799999,67015898.245647,148853,1851183.14,32636392.691273,0
2021-06-24,17.804,18.601,16.611,18.051,2840757.25,1624579199999,50003619.833407,112509,1322985.289,23231785.062982,0
2021-06-25,18.052,18.354,15.704,15.822,3191117.772,1624665599999,53153484.056903,127189,1606328.425,26777593.309364,0
2021-06-26,15.821,16.472,15.104,16.122,2113043.446,1624751999999,33391458.999326,93646,1035159.38,16364394.558395,0
2021-06-27,16.119,17.101,15.617,17.097,1849690.818,1624838399999,30150215.109948,76568,875845.33,14291073.543694,0
2021-06-28,17.082,18.148,16.87,17.727,2122095.862,1624924799999,37130527.093421,106645,1020592.073,17853220.621443,0
2021-06-29,17.734,19.189,17.66,18.652,2732626.335,1625011199999,50930468.411377,144564,1361231.656,25374587.368301,0
2021-06-30,18.64,19.299,17.149,19.278,2596846.284,1625097599999,47017864.149406,120296,1261997.066,22829820.485678,0
2021-07-01,19.279,19.288,17.544,17.779,2155310.322,1625183999999,39293944.197401,106637,1083333.513,19756138.528586,0
2021-07-02,17.781,18.262,16.939,18.213,1673825.913,1625270399999,29393373.089451,73046,856239.084,15030060.555764,0
2021-07-03,18.216,19.559,17.789,19.474,1969946.1,1625356799999,36990198.830449,103593,932145.947,17517475.997284,0
2021-07-04,19.474,21.498,18.931,20.757,3396421.138,1625443199999,69999278.668468,211568,1628778.714,33532029.140104,0
2021-07-05,20.751,20.906,19.068,20.063,3729063.072,1625529599999,74644419.348214,156864,1908477.393,38194447.823894,0
2021-07-06,20.062,23.235,20.03,22.376,5911864.441,1625615999999,129796129.793179,343795,2904729.305,63793005.13912,0
2021-07-07,22.373,23.456,21.65,22.253,3088190.073,1625702399999,70041641.345923,173892,1589595.08,36051799.294744,0
2021-07-08,22.254,22.311,19.908,20.353,3124268.554,1625788799999,64911017.127462,150944,1571203.671,32667994.076163,0
2021-07-09,20.342,21.686,19.78,20.986,2534220.366,1625875199999,52670557.833144,110744,1314904.264,27328624.104894,0
2021-07-10,20.978,21.515,19.95,20.244,1405443.519,1625961599999,28856929.425972,68578,678238.195,13922670.613519,0
2021-07-11,20.245,20.947,19.98,20.7,1315491.272,1626047999999,26892854.602607,61637,684452.22,13988463.084435,0
2021-07-12,20.7,21.45,19.205,19.528,1844838.187,1626134399999,37641736.681405,101780,932542.941,19030833.813133,0
2021-07-13,19.531,19.738,18.172,18.47,2357239.528,1626220799999,44763046.581099,114072,1174468.761,22277724.040001,0
2021-07-14,18.461,18.542,16.721,17.885,4782786.984,1626307199999,83888631.653579,201236,2002019.378,35198812.349059,0
2021-07-15,17.889,18.389,16.797,17.068,3278504.789,1626393599999,57226370.72846,129649,1598039.299,27869936.251276,0
2021-07-16,17.07,17.6,15.918,16.337,2512504.072,1626479999999,41891962.529058,105994,1189697.023,19866012.388072,0
2021-07-17,16.353,16.744,15.928,16.098,2244463.838,1626566399999,36533762.600965,93853,1046007.481,17027539.334693,0
2021-07-18,16.112,17.168,16.024,16.305,2646507.712,1626652799999,43953573.618643,93847,1200146.29,19913775.224973,0
2021-07-19,16.311,16.791,15.398,15.742,3004534.037,1626739199999,47904869.21268,101630,1449873.124,23124539.693766,0
2021-07-20,15.735,15.97,14.394,14.554,3276914.078,1626825599999,48688307.349162,116587,1478773.967,21942626.872105,0
2021-07-21,14.569,16.876,14.013,16.727,3689271.238,1626911999999,58039269.91119,148856,1751212.52,27531448.940308,0
2021-07-22,16.727,17.617,16.066,17.579,2957017.843,1626998399999,49877976.973315,112762,1487066.865,25056936.563978,0
2021-07-23,17.572,18.692,16.933,18.603,2570278.497,1627084799999,45426435.662346,127285,1253154.421,22119842.637386,0
2021-07-24,18.6,18.941,18.031,18.239,2296503.764,1627171199999,42433285.778237,99328,1090752.639,20148058.473196,0
2021-07-25,18.243,18.446,17.242,18.285,1820324.297,1627257599999,32564789.577385,86830,908259.111,16238759.669841,0
2021-07-26,18.273,20.319,18.174,18.527,4348247.683,1627343999999,84704968.385169,251027,2109455.295,41090569.938628,0
2021-07-27,18.525,19.245,17.67,18.887,2480974.86,1627430399999,45699358.576088,123569,1244055.62,22921641.984319,0
2021-07-28,18.89,19.467,18.52,19.065,2170430.677,1627516799999,41278307.964831,123199,1048265.714,19931436.775216,0
2021-07-29,19.061,19.808,18.571,19.58,1868109.678,1627603199999,35852240.156139,109435,893755.19,17155805.956607,0
2021-07-30,19.576,21.064,19.34,20.917,3593897.692,1627689599999,72457272.202245,230676,1776667.586,35838809.84855,0
2021-07-31,20.919,21.954,20.672,21.767,2671808.162,1627775999999,56751771.638973,166035,1263193.368,26825789.883651,0
2021-08-01,21.764,23.22,21.546,21.979,3359665.109,1627862399999,75116096.355093,293472,1689398.407,37758398.301886,0
2021-08-02,21.976,23.099,21.391,22.382,2704014.132,1627948799999,60322652.67766,180963,1315248.985,29317945.655936,0
2021-08-03,22.382,22.74,20.624,21.326,3057063.711,1628035199999,65357381.540929,154511,1599515.786,34211752.915672,0
2021-08-04,21.339,23.731,20.767,23.536,2980641.044,1628121599999,66038338.258534,215549,1422005.129,31495082.868471,0
2021-08-05,23.53,25.579,22.057,25.44,3892635.146,1628207999999,93335710.341911,310596,1933467.405,46341890.24462,0
2021-08-06,25.431,27.005,24.536,26.178,2830769.772,1628294399999,72247545.716911,232862,1408285.001,35945647.324803,0
2021-08-07,26.178,29.0,25.8,28.3,4007794.406,1628380799999,110553962.057473,303993,2053563.239,56685100.675058,0
2021-08-08,28.302,28.703,25.949,26.722,2475928.856,1628467199999,67936100.549386,190894,1214188.786,33299123.589718,0
2021-08-09,26.697,28.78,25.378,28.352,2965035.961,1628553599999,81182554.774217,231833,1474416.485,40370848.24971,0
2021-08-10,28.351,30.212,28.165,28.755,3851371.432,1628639999999,112221200.065745,278466,1899757.631,55366788.993599,0
2021-08-11,28.756,30.426,28.725,28.95,2863582.29,1628726399999,85233683.425669,207648,1419712.664,42285193.589848,0
2021-08-12,28.938,29.898,26.861,28.087,2795747.688,1628812799999,79133507.565277,193340,1426119.815,40344718.059931,0
2021-08-13,28.092,30.617,27.845,30.507,2444678.043,1628899199999,72278636.498295,207984,1228713.983,36335928.561786,0
2021-08-14,30.514,30.65,28.676,30.11,2362628.663,1628985599999,70218518.681693,186810,1161148.097,34516117.358317,0
2021-08-15,30.113,30.456,28.28,30.239,2278033.949,1629071999999,66632437.930465,181762,1129000.291,33017345.55739,0
2021-08-16,30.239,31.257,28.992,29.072,2815461.956,1629158399999,85366163.508923,265817,1443346.976,43805003.323806,0
2021-08-17,29.072,30.809,25.882,26.416,3570773.107,1629244799999,102606260.238612,291840,1788749.871,51305094.717188,0
2021-08-18,26.404,27.35,25.37,26.313,3781661.929,1629331199999,100016322.275695,232635,1871544.225,49511575.716256,0
2021-08-19,26.319,27.99,25.306,27.962,2838095.207,1629417599999,74933808.454517,197740,1449410.214,38266129.79343,0
2021-08-20,27.959,29.233,27.514,28.886,2616101.383,1629503999999,74049778.584802,207138,1392604.684,39436433.272465,0
2021-08-21,28.887,29.724,28.175,28.237,2358606.712,1629590399999,68424030.596922,190399,1143956.971,33197655.719142,0
2021-08-22,28.229,29.2,27.113,28.4,1948915.56,1629676799999,55070419.943586,152263,931815.373,26318350.556567,0
2021-08-23,28.4,29.627,28.363,28.8,2289290.628,1629763199999,66535736.546568,176059,1113868.243,32373442.198089,0
2021-08-24,28.79,29.236,26.5,26.609,2151595.884,1629849599999,60211179.352032,163247,1048854.541,29350433.212016,0
2021-08-25,26.614,27.455,25.68,27.064,1871023.847,1629935999999,49875233.604002,146526,889928.356,23714992.787012,0
2021-08-26,27.052,27.669,25.02,25.51,1862336.279,1630022399999,48568087.129758,127968,907370.335,23660045.955001,0
2021-08-27,25.52,27.478,25.02,27.41,1901520.921,1630108799999,50050723.91551,121785,946037.862,24909248.79353,0
2021-08-28,27.43,27.6,26.62,26.81,1118897.776,1630195199999,30279896.748827,65378,549171.386,14864283.842327,0
2021-08-29,26.84,27.67,26.15,26.78,1549825.926,1630281599999,41515733.310369,108468,780218.186,20903801.348669,0
2021-08-30,26.8,28.22,25.55,26.84,2436669.417,1630367999999,65633741.087547,198822,1212699.312,32679861.411147,0
2021-08-31,26.84,29.79,26.15,29.38,4325565.565,1630454399999,122829844.300919,341819,2162060.79,61391261.374479,0
2021-09-01,29.37,31.385,28.69,31.35,4806428.845,1630540799999,144582720.707068,291447,2468164.257,74224015.832004,0
2021-09-02,31.33,31.41,29.48,29.93,2046183.925,1630627199999,62079687.447947,121880,1003652.525,30463492.042847,0
2021-09-03,29.93,31.21,28.31,28.65,6213970.64,1630713599999,183030277.9994,326292,3049935.73,89876902.8864,0
2021-09-04,28.66,29.48,28.2,28.56,2175242.4,1630799999999,62767214.6197,124591,1123407.93,32417962.73,0
2021-09-05,28.57,29.5,28.25,29.37,1844290.25,1630886399999,53567072.4952,104364,888305.5,25814368.885,0
2021-09-06,29.35,30.3,28.11,28.84,3797456.43,1630972799999,112316486.243,224853,1808198.04,53476264.7767,0
2021-09-07,28.84,29.33,21.0,24.32,8621704.918,1631059199999,219052741.420121,431572,4136342.278,105181490.051591,0
2021-09-08,24.34,24.98,21.35,23.15,4662434.29,1631145599999,108625850.6619,185444,2405339.44,56061704.1547,0
2021-09-09,23.15,24.73,22.71,23.32,3345222.86,1631231999999,79503441.376,166431,1775873.52,42218939.3592,0
2021-09-10,23.31,24.26,21.4,22.31,2591885.65,1631318399999,58877858.8116,132028,1263238.09,28704944.9646,0
2021-09-11,22.3,23.91,22.23,22.73,1530804.49,1631404799999,35310652.5047,85669,745555.8,17201506.6195,0
2021-09-12,22.73,24.28,22.16,23.74,2233078.66,1631491199999,52339672.0031,117408,1101948.33,25823071.5612,0
2021-09-13,23.74,24.05,21.37,22.66,2501947.16,1631577599999,56182689.5139,128878,1257658.82,28255664.5107,0
2021-09-14,22.66,25.93,22.47,25.68,3503337.11,1631663999999,85060228.9403,197225,1799495.73,43676102.5177,0
2021-09-15,25.67,27.47,24.69,27.47,3780994.68,1631750399999,97542653.75267,235765,1847788.15,47686164.61937,0
2021-09-16,27.48,27.62,25.22,26.23,3604414.07,1631836799999,96271425.9867,230433,1763257.68,47015437.9803,0
2021-09-17,26.24,26.4,24.0,24.32,2953068.27,1631923199999,74209800.1632,138720,1403132.8,35254742.207,0
2021-09-18,24.33,25.22,23.93,24.54,1340393.94,1632009599999,33006005.118,65627,682505.82,16822432.0006,0
2021-09-19,24.53,24.65,23.5,23.87,1100345.52,1632095999999,26465579.5509,54574,530597.47,12757266.7649,0
2021-09-20,23.89,23.99,20.38,20.9,3352033.839,1632182399999,73465662.283238,164519,1579255.39,34601883.826,0
2021-09-21,20.89,21.64,18.33,19.06,3710637.736,1632268799999,75191179.340274,155234,1839626.116,37247557.884895,0
2021-09-22,19.07,21.66,18.85,21.62,2854102.75,1632355199999,57981172.8087,113438,1390049.9,28233259.921,0
2021-09-23,21.62,21.84,20.88,21.5,1648480.95,1632441599999,35228822.707,72976,819059.91,17505133.9499,0
2021-09-24,21.5,21.63,18.17,19.65,3288006.949,1632527999999,64440120.909707,135188,1647203.0,32276020.4313,0
2021-09-25,19.65,20.1,18.94,19.47,1934554.35,1632614399999,37700783.2558,80191,996930.36,19423069.0762,0
2021-09-26,19.47,24.76,17.73,24.04,12451857.696,1632700799999,275604916.064137,480417,5989306.475,132748990.09755,0
2021-09-27,24.04,26.03,22.26,22.38,8594553.61,1632787199999,208907954.9502,357590,4282414.46,104126719.4199,0
2021-09-28,22.39,25.0,22.15,23.07,8626875.1,1632873599999,204874575.5644,347176,4239818.21,100700837.8722,0
2021-09-29,23.07,24.28,22.31,23.01,4862691.46,1632959999999,114319637.2511,185597,2338187.23,55019600.7205,0
2021-09-30,23.01,23.96,22.62,23.53,3025569.37,1633046399999,70305210.3662,124055,1542250.85,35837759.6765,0
2021-10-01,23.53,25.85,23.48,25.64,4261740.78,1633132799999,105948093.0914,242203,2065723.52,51415573.0048,0
2021-10-02,25.63,27.23,25.35,26.15,3780085.0,1633219199999,99084206.2454,280822,1879902.28,49297580.823,0
2021-10-03,26.14,26.61,25.61,26.0,2177236.06,1633305599999,56913249.3723,117139,1064486.28,27835943.0406,0
2021-10-04,26.01,26.02,24.22,25.34,2515850.29,1633391999999,63473285.2237,139225,1232187.84,31095500.8282,0
2021-10-05,25.33,25.9,24.56,25.64,2093873.68,1633478399999,52864441.9662,107183,1114459.39,28131235.1031,0
2021-10-06,25.64,26.04,23.79,25.25,2400309.01,1633564799999,60160381.8475,148646,1124294.68,28171563.6508,0
2021-10-07,25.24,26.3,24.44,25.52,2190026.23,1633651199999,55745386.4052,150919,1082386.45,27570993.8803,0
2021-10-08,25.53,26.1,24.62,24.76,1906592.17,1633737599999,48375358.9588,124216,927050.4,23530008.4938,0
2021-10-09,24.77,25.95,24.53,25.12,1342879.99,1633823999999,33908555.2806,81144,700786.07,17703729.5327,0
2021-10-10,25.15,26.0,24.08,24.17,2048362.62,1633910399999,51667894.7119,143263,1019114.29,25759983.8099,0
2021-10-11,24.15,25.13,23.5,24.16,1704951.76,1633996799999,41640220.6267,88635,864546.16,21125980.408,0
2021-10-12,24.16,24.18,22.3,23.46,1765179.48,1634083199999,40777285.544,93576,885705.44,20448276.6357,0
2021-10-13,23.47,25.8,23.13,24.68,5582615.3,1634169599999,136558699.6005,276145,2692091.56,65795750.3538,0
2021-10-14,24.7,27.0,24.52,26.43,3397885.31,1634255999999,86591391.1937,263785,1681455.58,42938619.8266,0
2021-10-15,26.44,26.86,25.34,25.9,3090078.11,1634342399999,80523847.3159,230787,1503777.25,39195753.9674,0
2021-10-16,25.88,27.99,25.73,27.06,3331454.33,1634428799999,90113178.6669,268083,1640797.11,44410541.4432,0
2021-10-17,27.06,27.14,25.0,25.91,2293362.81,1634515199999,60426337.0907,136962,1137013.9,29965831.8535,0
2021-10-18,25.92,26.24,24.85,25.64,1466133.78,1634601599999,37548532.0321,89410,707851.69,18119356.7855,0
2021-10-19,25.64,26.31,25.23,26.02,1374496.5,1634687999999,35500644.7898,82235,698903.85,18051884.7461,0
2021-10-20,26.03,27.14,25.5,27.12,1831462.0,1634774399999,48282227.3369,124579,934101.92,24636108.7934,0
2021-10-21,27.12,27.76,25.72,26.11,2192307.21,1634860799999,58967662.7271,204120,1052527.45,28312655.1483,0
2021-10-22,26.1,26.86,25.33,25.63,1449568.95,1634947199999,37939275.9408,92494,703999.33,18434468.1924,0
2021-10-23,25.63,26.89,25.26,26.84,1344506.76,1635033599999,35092673.7102,96247,647469.15,16905949.2883,0
2021-10-24,26.85,27.25,25.35,25.79,1501331.61,1635119999999,39509306.1353,125267,718242.22,18917661.8759,0
2021-10-25,25.78,26.76,25.69,26.75,1270995.28,1635206399999,33524811.6988,83593,626491.46,16523418.7704,0
2021-10-26,26.75,28.3,26.09,26.55,3639235.64,1635292799999,99661133.9349,331982,1781300.35,48813749.8023,0
2021-10-27,26.57,28.31,23.5,24.17,4583819.91,1635379199999,117728414.4073,332670,2170504.63,55867027.9815,0
2021-10-28,24.16,25.37,23.91,24.89,2600717.48,1635465599999,64409664.6844,133343,1307563.06,32384103.4119,0
2021-10-29,24.9,25.81,24.66,25.53,1606744.24,1635551999999,40777371.7133,115358,801404.56,20342203.3621,0
2021-10-30,25.54,25.6,24.4,24.91,1127205.87,1635638399999,28100750.0265,73067,549575.32,13699824.0191,0
2021-10-31,24.91,25.28,23.99,24.98,1219438.8,1635724799999,30136370.5952,92536,576346.71,14242404.0343,0
2021-11-01,24.99,26.46,24.13,25.62,2194938.19,1635811199999,55895647.2659,220576,1066006.97,27144981.6876,0
2021-11-02,25.61,26.31,25.14,26.18,1527314.85,1635897599999,39213794.4765,132600,741071.62,19028653.294,0
2021-11-03,26.17,27.07,25.34,26.89,2814244.55,1635983999999,74260665.6707,304221,1358697.78,35834043.2726,0
2021-11-04,26.89,27.46,25.24,25.73,2787074.81,1636070399999,73705671.3554,245346,1386840.14,36727649.2722,0
2021-11-05,25.72,26.12,25.26,25.57,2024809.25,1636156799999,51862202.2858,149322,944205.33,24192355.3386,0
2021-11-06,25.58,25.79,24.41,25.16,1363847.43,1636243199999,34231079.592,109842,629006.27,15788678.2106,0
2021-11-07,25.16,25.5,24.96,25.33,1003251.62,1636329599999,25316623.1966,66487,536004.05,13523439.9725,0
2021-11-08,25.33,26.4,25.21,26.25,2478790.13,1636415999999,63908065.8252,204218,1175660.66,30334606.29,0
2021-11-09,26.25,27.8,25.82,26.36,3830667.58,1636502399999,102871430.7393,475812,1968065.5,52868751.5551,0
2021-11-10,26.37,28.48,24.02,25.26,5766191.73,1636588799999,153207849.4349,510138,2872348.19,76481360.994,0
2021-11-11,25.26,26.12,24.9,25.38,1891206.97,1636675199999,48233400.4274,140665,978336.05,24958969.7399,0
2021-11-12,25.38,25.7,23.89,24.56,1826909.1,1636761599999,45070914.1845,149780,881062.55,21742686.717,0
2021-11-13,24.57,24.82,24.16,24.65,953384.07,1636847999999,23359783.0561,64254,492005.16,12059253.2601,0
2021-11-14,24.66,25.02,24.01,24.57,939318.21,1636934399999,23050331.3169,81814,462770.95,11365438.5841,0
2021-11-15,24.57,25.9,23.73,24.0,1959952.97,1637020799999,48028356.9807,126015,1088813.51,26697914.1183,0
2021-11-16,24.0,24.0,20.34,21.68,4692657.9,1637107199999,103447119.6946,289089,2381895.04,52476335.5533,0
2021-11-17,21.69,21.95,21.04,21.88,1684296.15,1637193599999,36381208.7167,113369,858171.15,18543255.1883,0
2021-11-18,21.86,22.25,19.57,20.09,2178936.56,1637279999999,45478382.9519,134144,1030193.29,21533035.8748,0
2021-11-19,20.09,21.31,19.77,21.2,1248029.43,1637366399999,25785521.3837,77075,648644.4,13417501.4188,0
2021-11-20,21.2,22.03,20.92,22.02,1230995.19,1637452799999,26336671.9874,99399,627238.04,13419084.916,0
2021-11-21,22.03,22.17,21.38,21.62,896799.46,1637539199999,19509170.8153,76086,416477.62,9056744.6589,0
2021-11-22,21.62,22.31,20.72,20.95,1865975.43,1637625599999,40036679.995,146707,950778.32,20402835.5304,0
2021-11-23,20.96,22.34,20.76,22.2,1361092.98,1637711999999,29359585.5949,115039,637693.93,13751803.1592,0
2021-11-24,22.21,22.31,20.53,20.8,1368958.45,1637798399999,29208907.5092,100646,617866.29,13198213.1567,0
2021-11-25,20.8,21.65,20.57,21.39,1388461.25,1637884799999,29341703.8005,88210,674209.12,14251890.7146,0
2021-11-26,21.4,21.45,18.71,19.27,1957267.01,1637971199999,38380095.389,133749,914209.9,17909825.8187,0
2021-11-27,19.25,20.16,19.22,19.49,837834.92,1638057599999,16534273.5129,63144,393856.1,7773674.4064,0
2021-11-28,19.49,20.26,18.47,20.12,1453479.11,1638143999999,27958906.047,89408,713106.72,13717869.1483,0
2021-11-29,20.12,20.48,19.6,20.26,1139685.58,1638230399999,22871960.5774,69388,587467.02,11792487.5786,0
2021-11-30,20.26,21.48,19.55,21.25,1697883.41,1638316799999,35097353.4569,142548,871865.49,18018964.6217,0
2021-12-01,21.25,22.3,20.77,20.95,1865023.7,1638403199999,40565836.8622,160965,957689.41,20849764.3836,0
2021-12-02,20.95,23.05,20.51,22.44,4262256.77,1638489599999,94675961.7755,307183,2112581.05,46914226.3293,0
2021-12-03,22.41,23.03,19.26,19.96,2887521.15,1638575999999,61797410.8206,195960,1396997.7,29913915.9424,0
2021-12-04,19.95,20.03,13.18,17.19,7587852.105,1638662399999,124681083.421434,326772,3575430.855,58920492.671494,0
2021-12-05,17.18,17.48,15.88,16.53,2258446.65,1638748799999,37661371.253,97341,1090625.7,18191566.263,0
2021-12-06,16.54,17.5,15.17,17.3,2275551.62,1638835199999,36815379.3563,115439,1145624.17,18552841.5304,0
2021-12-07,17.3,17.66,16.92,17.14,1715523.25,1638921599999,29585894.228,75640,837248.2,14442505.6707,0
2021-12-08,17.15,18.75,16.96,18.73,2080951.57,1639007999999,37117659.9643,122521,1037336.78,18509028.9967,0
2021-12-09,18.73,18.77,16.11,16.17,2103223.72,1639094399999,36150956.0699,97985,1124306.73,19356755.4545,0
2021-12-10,16.17,16.53,15.09,15.15,2357332.34,1639180799999,37374061.447,91483,1216369.85,19319113.5154,0
2021-12-11,15.14,16.74,14.94,15.9,1949767.09,1639267199999,31052432.8031,84684,1026141.45,16393755.6979,0
2021-12-12,15.9,16.19,15.27,16.0,991330.38,1639353599999,15667493.1451,45393,490147.29,7745932.261,0
2021-12-13,16.0,16.09,13.76,14.16,1984501.11,1639439999999,29376105.485,86970,985821.13,14575175.2748,0
2021-12-14,14.16,15.08,13.91,15.0,1352106.29,1639526399999,19550018.7233,65865,680179.5,9840488.9224,0
2021-12-15,14.98,15.52,14.15,15.19,2194474.09,1639612799999,32849047.0154,91824,1170534.82,17539397.8573,0
2021-12-16,15.19,15.37,14.34,14.42,2163655.41,1639699199999,32383612.3345,79856,1248808.66,18706694.0871,0
2021-12-17,14.41,15.1,13.67,14.97,1789860.25,1639785599999,25718173.7192,83730,893093.81,12836158.0489,0
2021-12-18,14.97,16.1,14.67,15.56,2701601.97,1639871999999,41690120.0717,117093,1368858.79,21142488.2728,0
2021-12-19,15.57,15.97,14.83,14.97,1589950.01,1639958399999,24374674.0497,69181,806100.13,12365541.8776,0
2021-12-20,14.96,15.17,13.96,14.51,1821301.19,1640044799999,26319450.1363,81528,916384.56,13255917.2538,0
2021-12-21,14.51,15.1,14.31,15.05,1098347.03,1640131199999,16250791.2962,54243,548612.96,8119089.9109,0
2021-12-22,15.05,18.0,14.96,16.23,2472751.55,1640217599999,38622587.8692,132651,1390228.45,21755149.9456,0
2021-12-23,16.22,18.26,15.92,18.17,4136178.14,1640303999999,70511842.5592,215392,2000797.14,34121347.0747,0
2021-12-24,18.18,18.29,17.23,17.49,2296234.01,1640390399999,40939896.8448,128084,1094358.67,19522171.5,0
2021-12-25,17.51,17.84,17.07,17.46,1217142.43,1640476799999,21264465.179,62952,563520.01,9846181.6136,0
2021-12-26,17.47,18.79,16.71,18.66,1838091.86,1640563199999,32351244.1732,126436,946961.12,16685898.3181,0
2021-12-27,18.65,20.07,18.53,19.12,2679326.94,1640649599999,51801075.554,172795,1368037.12,26452004.8624,0
2021-12-28,19.13,19.92,17.72,18.39,4013857.2,1640735999999,74420059.9643,211790,1966593.01,36465277.0243,0
2021-12-29,18.4,19.5,16.87,17.13,3638665.39,1640822399999,67282289.634,174632,1764870.2,32678309.0404,0
2021-12-30,17.12,17.91,16.71,17.8,1609634.43,1640908799999,27851540.6334,86583,799407.18,13836915.1864,0
2021-12-31,17.8,18.65,16.77,17.0,2203063.81,1640995199999,39591873.721,122756,1058338.8,19048253.9726,0
2022-01-01,17.01,17.57,16.79,17.48,1236062.74,1641081599999,21240028.5665,62820,624435.56,10736432.0833,0
2022-01-02,17.48,18.5,17.04,18.4,1239824.76,1641167999999,21904556.026,75655,572939.76,10131428.8175,0
2022-01-03,18.39,19.18,17.84,18.46,2377836.01,1641254399999,44064914.4538,127860,1228280.47,22777646.1672,0
2022-01-04,18.47,19.15,17.68,18.21,2349174.13,1641340799999,43352647.4968,133968,1119040.09,20666326.8931,0
2022-01-05,18.21,19.87,16.31,17.11,4464972.53,1641427199999,82911399.7074,229422,2168774.62,40285637.5529,0
2022-01-06,17.12,17.26,16.08,17.06,2682869.44,1641513599999,44852431.3596,118991,1305008.3,21805728.2268,0
2022-01-07,17.07,17.16,15.23,15.76,2769810.35,1641599999999,44066666.1819,123749,1308856.63,20834609.2843,0
2022-01-08,15.77,16.2,14.53,14.92,1535850.86,1641686399999,23777976.5359,72935,722964.27,11198163.8545,0
2022-01-09,14.93,16.3,14.81,15.8,1329527.16,1641772799999,20816332.9222,69883,645253.97,10096681.0331,0
2022-01-10,15.8,16.46,14.64,15.11,2523686.14,1641859199999,39110002.3532,119334,1242260.4,19264254.5843,0
2022-01-11,15.12,16.32,14.98,15.96,1710488.91,1641945599999,26810435.0305,71692,845547.57,13252106.1219,0
2022-01-12,15.97,16.61,15.95,16.28,1250210.31,1642031999999,20389911.7503,56915,609484.98,9941069.2702,0
2022-01-13,16.29,16.59,15.39,15.45,1407495.12,1642118399999,22589036.5921,68086,663126.62,10650301.2123,0
2022-01-14,15.46,15.96,15.13,15.86,959028.98,1642204799999,14939823.1389,49512,481057.48,7494391.5855,0
2022-01-15,15.85,16.72,15.7,16.47,1097913.21,1642291199999,17952661.6198,59029,509604.23,8326011.6892,0
2022-01-16,16.47,18.19,16.29,17.83,1883856.29,1642377599999,32609220.409,106352,812214.14,14104928.5061,0
2022-01-17,17.83,17.96,16.23,16.63,1629800.43,1642463999999,27750362.9058,94812,809133.38,13790983.1776,0
2022-01-18,16.64,17.72,15.62,15.98,2159779.56,1642550399999,36176222.0144,119341,1060068.65,17772379.4945,0
2022-01-19,15.97,16.23,15.1,15.11,1148456.18,1642636799999,17891367.3866,64014,555946.14,8663843.4,0
2022-01-20,15.12,16.19,14.37,14.46,1317288.83,1642723199999,20225780.6107,68694,618351.44,9482243.0353,0
2022-01-21,14.45,14.67,12.31,12.64,2858141.448,1642809599999,38683886.027992,137900,1395544.809,18876349.23672,0
2022-01-22,12.64,13.01,10.35,11.15,4555381.496,1642895999999,52771592.226402,169353,2144128.448,24903039.58443,0
2022-01-23,11.14,11.93,10.82,11.42,2354356.17,1642982399999,26816986.4918,82282,1255968.09,14318072.3978,0
2022-01-24,11.42,11.43,9.53,10.68,3978296.27,1643068799999,41014113.207956,133049,2087993.06,21538419.6226,0
2022-01-25,10.69,10.94,10.32,10.58,1480467.38,1643155199999,15735867.9181,57906,747176.99,7942532.985,0
2022-01-26,10.59,11.77,10.35,10.58,2025241.33,1643241599999,22289823.0505,88127,1019717.43,11224918.0024,0
2022-01-27,10.59,10.92,9.89,10.32,2548189.29,1643327999999,26305496.5425,79612,1391606.73,14367447.7364,0
2022-01-28,10.32,10.74,9.85,10.67,1332611.38,1643414399999,13702327.9922,53280,659277.68,6784174.3251,0
2022-01-29,10.66,11.24,10.57,11.16,1363190.07,1643500799999,14942679.5285,53978,667252.64,7317561.74,0
2022-01-30,11.15,11.45,10.64,10.79,1062723.27,1643587199999,11754739.7823,49828,501554.54,5547441.5723,0
2022-01-31,10.79,11.9,10.29,11.77,1671188.24,1643673599999,18762199.2898,79365,833953.89,9362366.5326,0
2022-02-01,11.77,11.87,11.01,11.11,1723172.05,1643759999999,19631150.5301,74399,910145.46,10371192.219,0
2022-02-02,11.11,11.36,10.39,10.52,1659977.39,1643846399999,18122012.196,74099,849963.9,9286052.7598,0
2022-02-03,10.51,10.59,9.97,10.41,1348397.8,1643932799999,13912493.6975,53563,670694.25,6918933.5849,0
2022-02-04,10.4,11.5,10.32,11.18,2241922.29,1644019199999,24239227.731,85965,1113835.94,12053344.0944,0
2022-02-05,11.18,12.04,11.11,11.25,2268387.76,1644105599999,26140158.8517,95812,1219916.67,14077022.9888,0
2022-02-06,11.25,11.73,11.01,11.67,1414908.03,1644191999999,16068450.5931,54721,761880.18,8656270.1274,0
2022-02-07,11.67,12.6,11.38,12.37,3428495.34,1644278399999,41336995.9807,121583,1726305.15,20799545.3161,0
2022-02-08,12.37,13.0,11.5,11.94,3071005.14,1644364799999,37420879.2001,110977,1498506.17,18278038.2725,0
2022-02-09,11.94,12.65,11.6,12.32,1725896.49,1644451199999,21077876.0302,65564,843198.65,10294454.4049,0
2022-02-10,12.32,12.35,11.33,11.41,2443921.95,1644537599999,28910234.7946,91113,1221187.03,14440038.6223,0
2022-02-11,11.41,11.66,10.38,10.64,1308177.72,1644623999999,14648016.3784,57062,608932.73,6827344.9166,0
2022-02-12,10.65,10.98,10.4,10.65,1005286.41,1644710399999,10748565.9031,42153,496403.96,5312848.7472,0
2022-02-13,10.64,10.86,10.25,10.33,758608.08,1644796799999,8008466.177,31027,377102.51,3981437.7739,0
2022-02-14,10.33,10.72,10.1,10.61,861079.98,1644883199999,8956692.1318,35874,431310.41,4490215.8668,0
2022-02-15,10.61,11.53,10.6,11.47,1419334.1,1644969599999,15656851.2724,56697,784819.49,8655615.5145,0
2022-02-16,11.47,11.53,10.78,11.22,1491829.1,1645055999999,16674315.0766,56357,649529.67,7262994.6035,0
2022-02-17,11.23,11.38,10.22,10.4,1492563.74,1645142399999,16119565.4251,54798,660372.21,7146132.5844,0
2022-02-18,10.41,10.7,10.04,10.16,1370733.24,1645228799999,14232283.923,45260,685461.69,7122991.8329,0
2022-02-19,10.16,10.42,9.75,10.03,1056382.64,1645315199999,10613457.6741,33465,488326.54,4909120.1306,0
2022-02-20,10.02,10.05,9.18,9.35,1500266.051,1645401599999,14183379.686149,43603,722454.64,6835571.6519,0
2022-02-21,9.35,9.76,8.5,8.53,2516924.768,1645487999999,23129301.261672,62136,1245382.65,11429297.0588,0
2022-02-22,8.52,8.97,8.13,8.86,2363257.731,1645574399999,20322893.624,50083,1240557.14,10670987.1109,0
2022-02-23,8.87,9.46,8.71,8.74,1870091.15,1645660799999,16956982.7586,44124,951586.92,8637537.307,0
2022-02-24,8.74,9.06,7.51,8.82,5800166.655,1645747199999,47020556.086934,109814,2905268.05,23529717.7046,0
2022-02-25,8.82,9.43,8.45,9.25,1958327.84,1645833599999,17550744.0225,53764,1001606.98,8979297.6777,0
2022-02-26,9.25,9.55,8.93,9.05,1434761.9,1645919999999,13198928.0143,38402,690737.64,6357457.1012,0
2022-02-27,9.06,10.15,8.64,9.77,5227479.72,1646006399999,50308533.9396,127673,2688197.68,25863912.6972,0
2022-02-28,9.78,10.55,9.36,10.53,4566984.09,1646092799999,45162179.9277,106804,2208681.31,21861041.8913,0
2022-03-01,10.54,10.83,10.02,10.35,3684418.62,1646179199999,38382869.6832,105198,1731775.08,18051688.149,0
2022-03-02,10.36,10.59,9.95,10.04,2734874.01,1646265599999,27992043.2965,77371,1265726.61,12959169.0612,0
2022-03-03,10.05,10.12,9.42,9.55,1792211.69,1646351999999,17560924.6222,56106,902502.32,8836520.9421,0
2022-03-04,9.56,9.57,8.65,8.8,2100224.3,1646438399999,19168821.4411,53901,1036479.28,9466453.6011,0
2022-03-05,8.8,9.14,8.66,9.01,1293852.52,1646524799999,11542631.4399,33178,649287.59,5795190.1536,0
2022-03-06,9.02,9.08,8.44,8.48,1828590.34,1646611199999,15883220.1895,46549,869531.74,7552176.6707,0
2022-03-07,8.48,8.8,8.1,8.3,2469944.16,1646697599999,20744732.3838,50312,1217615.26,10236205.8369,0
2022-03-08,8.31,8.87,8.24,8.81,2274200.81,1646783999999,19548219.7228,48896,1167275.74,10039393.8632,0
2022-03-09,8.82,9.46,8.74,9.21,2637766.42,1646870399999,24320460.699,58839,1299818.61,11990463.1023,0
2022-03-10,9.22,9.3,8.49,8.68,2081355.46,1646956799999,18231298.0711,44683,1038510.81,9104016.7193,0
2022-03-11,8.68,9.05,8.36,8.51,2280471.78,1647043199999,19846049.1556,47906,1115658.53,9715348.0504,0
2022-03-12,8.51,8.87,8.44,8.46,1336697.32,1647129599999,11579403.7547,28048,628457.47,5449560.6823,0
2022-03-13,8.47,8.76,8.12,8.19,1345879.23,1647215999999,11410651.8048,34000,664573.66,5641496.5906,0
2022-03-14,8.2,8.58,8.1,8.49,1888909.71,1647302399999,15868582.2247,44012,949866.07,7982805.8771,0
2022-03-15,8.49,8.8,8.14,8.72,1550652.01,1647388799999,13092272.9365,45451,803729.18,6794518.8933,0
2022-03-16,8.72,9.22,8.5,9.1,2613174.5,1647475199999,23047092.1653,62742,1293504.19,11416066.5749,0
2022-03-17,9.1,9.41,9.02,9.22,1661105.99,1647561599999,15298142.5149,32354,815773.65,7516063.0125,0
2022-03-18,9.23,9.77,9.0,9.63,2004333.01,1647647999999,18817662.4642,49479,1009087.36,9490115.5534,0
2022-03-19,9.63,9.96,9.54,9.74,3247681.74,1647734399999,31588000.4966,63617,1627430.28,15830636.5841,0
2022-03-20,9.74,9.78,9.13,9.32,1844603.94,1647820799999,17426167.7251,47376,869461.71,8209773.2537,0
2022-03-21,9.33,9.61,9.17,9.34,2120500.49,1647907199999,19912534.4121,47505,1065847.06,10011827.2861,0
2022-03-22,9.35,10.17,9.27,9.75,2661212.89,1647993599999,26275283.1869,64604,1348309.36,13298511.7729,0
2022-03-23,9.75,10.26,9.65,10.0,2078395.51,1648079999999,20551012.4391,54973,1075123.53,10628863.9761,0
2022-03-24,10.01,10.8,9.96,10.79,3091213.21,1648166399999,32027018.4546,84233,1527557.13,15824006.7795,0
2022-03-25,10.79,11.15,10.42,10.57,2828893.98,1648252799999,30599914.9653,82770,1423661.97,15410878.4919,0
2022-03-26,10.58,10.75,10.36,10.63,1142328.95,1648339199999,12049121.6681,30712,573731.05,6053592.1293,0
2022-03-27,10.63,11.44,10.46,11.41,2256090.51,1648425599999,24641811.9299,77829,1186964.46,12979008.7939,0
2022-03-28,11.41,11.58,10.76,10.9,3163768.27,1648511999999,35920341.2189,87078,1450656.89,16476305.704,0
2022-03-29,10.91,11.72,10.88,11.25,2920712.49,1648598399999,32917786.2635,96104,1444904.74,16292376.5446,0
2022-03-30,11.25,11.85,10.8,11.72,3246794.45,1648684799999,37329807.3797,104807,1668138.16,19189821.304,0
2022-03-31,11.73,12.49,11.04,11.29,4407918.63,1648771199999,52102355.3372,142963,2082908.02,24608741.3949,0
2022-04-01,11.3,12.09,10.87,11.58,3366731.25,1648857599999,38696626.4598,92208,1752607.81,20192266.1125,0
2022-04-02,11.58,12.02,11.42,11.65,3441860.07,1648943999999,40373174.4213,102293,1807363.44,21192280.1495,0
2022-04-03,11.65,12.04,11.46,11.87,2283837.64,1649030399999,26969734.5373,71329,1118197.31,13209113.1879,0
2022-04-04,11.87,12.17,11.04,11.54,2864850.62,1649116799999,33382024.5043,97583,1414242.13,16488427.5516,0
2022-04-05,11.55,11.9,11.04,11.12,1594119.81,1649203199999,18358062.5902,60589,776821.9,8951794.2169,0
2022-04-06,11.12,11.12,9.91,9.96,2810776.72,1649289599999,29676440.4138,89033,1376858.32,14560405.6643,0
2022-04-07,9.96,10.55,9.81,10.44,1456826.8,1649375999999,14724046.9899,52492,730776.01,7387413.8306,0
2022-04-08,10.44,10.55,9.62,9.74,1472282.01,1649462399999,14838105.3297,47260,688212.31,6928063.4294,0
2022-04-09,9.74,10.09,9.72,10.05,857175.17,1649548799999,8479897.804,28142,438301.54,4335887.4247,0
2022-04-10,10.05,10.32,9.83,9.88,928829.63,1649635199999,9349484.2874,27934,452891.67,4558260.7734,0
2022-04-11,9.89,9.89,8.9,8.99,1608656.52,1649721599999,15076973.8834,46625,707958.75,6632500.357,0
2022-04-12,8.99,9.49,8.94,9.32,1052819.76,1649807999999,9733530.2886,33388,512094.78,4734374.8977,0
2022-04-13,9.32,9.74,9.26,9.65,1235317.71,1649894399999,11728625.2136,40896,670704.6,6369374.2347,0
2022-04-14,9.66,9.75,9.32,9.48,927401.63,1649980799999,8849099.1244,26456,464142.0,4431112.5398,0
2022-04-15,9.48,9.98,9.45,9.77,1105710.14,1650067199999,10738048.3354,36241,575698.01,5596105.2459,0
2022-04-16,9.77,9.83,9.49,9.67,604301.21,1650153599999,5841666.3735,17463,303975.91,2942718.002,0
2022-04-17,9.67,9.72,9.19,9.24,679734.11,1650239999999,6487353.8214,22390,311658.76,2973808.9998,0
2022-04-18,9.24,9.41,8.85,9.38,1295324.11,1650326399999,11796256.5582,37932,632219.17,5762928.0948,0
2022-04-19,9.39,9.62,9.21,9.55,876687.55,1650412799999,8256263.3024,26942,427570.43,4024537.4901,0
2022-04-20,9.55,9.7,9.1,9.32,1389404.39,1650499199999,13081335.4106,41319,734045.67,6910894.1583,0
2022-04-21,9.33,9.72,8.61,8.85,1951981.2,1650585599999,18042975.2115,58367,960265.41,8885508.8562,0
2022-04-22,8.86,9.14,8.74,8.91,1475388.63,1650671999999,13219653.0528,38789,767793.41,6882681.8726,0
2022-04-23,8.91,9.22,8.83,8.9,995331.67,1650758399999,9006701.7383,27800,472802.44,4279726.8902,0
2022-04-24,8.91,9.16,8.68,8.71,1087081.66,1650844799999,9667408.9285,32266,539465.16,4800349.0429,0
2022-04-25,8.71,8.78,8.16,8.73,1836789.57,1650931199999,15532551.3697,52314,870798.01,7366260.3514,0
2022-04-26,8.74,8.82,7.91,8.01,1315422.73,1651017599999,11051167.7767,39584,634655.88,5325614.2474,0
2022-04-27,8.01,8.41,7.98,8.23,1036909.08,1651103999999,8535821.9003,31351,545596.35,4490784.8925,0
2022-04-28,8.23,8.36,8.02,8.16,1363059.67,1651190399999,11176212.0898,36753,691630.49,5671454.6785,0
2022-04-29,8.17,8.23,7.51,7.61,1635435.76,1651276799999,12847676.9928,43739,799833.16,6289665.2942,0
2022-04-30,7.62,7.79,6.35,6.75,2622825.358,1651363199999,18806873.964197,63372,1289097.66,9291675.3737,0
2022-05-01,6.76,7.24,6.53,7.12,2287673.78,1651449599999,15759635.3889,52559,1115200.83,7690666.6047,0
2022-05-02,7.12,7.2,6.64,6.94,1762024.29,1651535999999,12132331.8956,38202,841618.7,5796221.9205,0
2022-05-03,6.94,7.13,6.69,6.85,1239669.15,1651622399999,8622309.8965,29041,658969.57,4585713.6419,0
2022-05-04,6.86,7.97,6.83,7.93,2536415.52,1651708799999,18694671.9071,60385,1303957.35,9607027.6409,0
2022-05-05,7.93,8.11,6.96,7.34,2925514.8,1651795199999,21991120.2164,68704,1448659.58,10889785.7407,0
2022-05-06,7.35,7.7,6.85,7.59,2686760.07,1651881599999,19609505.0659,65995,1341029.22,9806134.8562,0
2022-05-07,7.59,7.65,6.97,7.18,2468567.96,1651967999999,18296348.6271,58590,1225347.26,9085335.9539,0
2022-05-08,7.18,7.34,6.85,7.09,2402992.12,1652054399999,17084407.4032,57938,1206440.06,8583631.5479,0
2022-05-09,7.1,7.22,5.9,5.95,5910358.919,1652140799999,38834568.506778,120067,2826472.116,18574043.19628,0
2022-05-10,5.95,6.66,5.75,6.07,5405883.36,1652227199999,33758161.8898,110625,2735205.07,17090218.4762,0
2022-05-11,6.08,6.22,4.65,4.91,9587421.08,1652313599999,52451214.32522,166986,4613362.79,25284483.8102,0
2022-05-12,4.92,5.2,3.73,4.67,8726581.3,1652399999999,38932544.5541,147326,4356145.45,19464275.4883,0
2022-05-13,4.67,5.47,4.6,5.13,4218652.85,1652486399999,21640713.761,68596,2057661.1,10563631.3784,0
2022-05-14,5.14,5.38,4.72,5.17,3157543.73,1652572799999,15873648.9175,49703,1557604.71,7826116.6503,0
2022-05-15,5.18,5.47,4.98,5.46,2656164.5,1652659199999,13853843.5623,40104,1326143.69,6916869.4185,0
2022-05-16,5.46,5.46,4.89,5.06,2815061.2,1652745599999,14305514.2803,43200,1332949.89,6776758.7669,0
2022-05-17,5.06,5.51,5.04,5.47,3218048.3,1652831999999,16994979.896,41002,1562011.47,8244117.5622,0
2022-05-18,5.47,5.55,4.87,4.89,2512634.31,1652918399999,12979340.3973,34165,1201759.66,6202594.4703,0
2022-05-19,4.9,5.35,4.73,5.19,3074014.69,1653004799999,15327168.1476,36556,1504318.6,7492319.9179,0
2022-05-20,5.2,5.52,4.92,5.1,3301934.51,1653091199999,17298997.1651,42739,1649098.54,8615407.0884,0
2022-05-21,5.1,5.38,4.98,5.24,1909543.26,1653177599999,9914029.7873,25263,889102.4,4614686.7388,0
2022-05-22,5.24,5.54,5.12,5.48,2259806.45,1653263999999,12013514.3786,25164,1160147.48,6164358.2847,0
2022-05-23,5.49,6.08,5.36,5.62,4457774.11,1653350399999,25498972.9797,55929,2213475.65,12656547.8023,0
2022-05-24,5.63,5.83,5.28,5.6,3734107.58,1653436799999,20811491.3944,42810,1747001.21,9745427.157,0
2022-05-25,5.6,5.8,5.38,5.62,3072355.39,1653523199999,17246424.2544,33582,1543696.21,8665897.529,0
2022-05-26,5.63,5.77,4.77,4.95,4505027.86,1653609599999,23269072.4675,54747,2193557.85,11336398.5625,0
2022-05-27,4.95,5.09,4.59,4.69,5120258.03,1653695999999,24731584.9161,56433,2551441.09,12328616.6357,0
2022-05-28,4.7,5.03,4.61,4.98,2470893.6,1653782399999,11915104.3145,25462,1207038.0,5815885.2512,0
2022-05-29,4.99,5.03,4.77,4.95,2160832.05,1653868799999,10572178.7309,22685,1016475.89,4972138.9266,0
2022-05-30,4.95,5.7,4.89,5.66,3675000.23,1653955199999,19739394.8685,44370,1792385.13,9637607.3592,0
2022-05-31,5.66,5.88,5.54,5.7,3488946.0,1654041599999,19921104.8327,44323,1712153.57,9777228.4627,0
2022-06-01,5.7,5.82,5.1,5.14,2830546.52,1654127999999,15586271.0359,38228,1393706.17,7679971.1033,0
2022-06-02,5.14,5.34,5.04,5.3,2429713.61,1654214399999,12628237.27,27254,1194409.72,6214434.2019,0
2022-06-03,5.3,5.34,4.96,5.08,1457460.12,1654300799999,7457626.4393,19973,696395.68,3563859.1225,0
2022-06-04,5.08,5.18,4.94,5.13,1013048.94,1654387199999,5120531.127,16301,516049.04,2607206.6562,0
2022-06-05,5.13,5.23,4.91,5.09,1087831.95,1654473599999,5518427.6016,16942,568133.41,2882840.4744,0
2022-06-06,5.1,5.42,5.09,5.37,1867925.83,1654559999999,9917813.1694,23015,907812.34,4821553.6677,0
2022-06-07,5.38,5.42,4.93,5.22,3231580.55,1654646399999,16600092.5464,38986,1637636.81,8415218.9441,0
2022-06-08,5.22,5.33,5.03,5.09,2123447.57,1654732799999,10945068.5426,24993,1092186.82,5630427.5986,0
2022-06-09,5.09,5.36,5.02,5.2,853487.87,1654819199999,4438916.7154,15929,409679.26,2129413.7792,0
2022-06-10,5.21,5.23,4.76,4.81,1581466.82,1654905599999,7900421.6036,24043,772873.12,3863555.145,0
2022-06-11,4.82,4.97,4.33,4.39,2353190.48,1654991999999,11063887.001,27880,1165851.91,5481819.5643,0
2022-06-12,4.39,4.48,4.05,4.06,2323564.16,1655078399999,9839049.3117,27325,1250448.91,5295410.1498,0
2022-06-13,4.07,4.14,3.45,3.66,6519155.239,1655164799999,24228325.50823,66783,3206927.17,11908958.5038,0
2022-06-14,3.68,3.93,3.35,3.86,4168211.001,1655251199999,15302623.583758,44538,2119063.02,7783402.6167,0
2022-06-15,3.87,4.43,3.39,4.42,6369871.19,1655337599999,24314598.0598,72351,3173009.54,12134857.2798,0
2022-06-16,4.43,4.47,3.75,3.83,4771731.28,1655423999999,19403634.7093,48328,2288691.72,9293989.5155,0
2022-06-17,3.84,4.01,3.79,3.93,1993568.78,1655510399999,7804350.0355,24340,1052084.57,4121068.7897,0
2022-06-18,3.94,4.09,3.33,3.64,3885227.55,1655596799999,14303384.7424,44957,1921990.97,7082035.8388,0
2022-06-19,3.65,4.27,3.49,4.19,3544123.62,1655683199999,13690915.3487,39678,1713475.93,6617625.5346,0
2022-06-20,4.2,4.4,3.98,4.29,4592702.26,1655769599999,19106073.7444,40076,2280268.87,9487714.9743,0
2022-06-21,4.3,5.21,4.22,4.77,5883772.19,1655855999999,27858172.7232,71114,2876612.94,13599672.2942,0
2022-06-22,4.78,5.37,4.56,4.98,9486178.31,1655942399999,46729215.3526,97208,4634550.86,22832105.6924,0
2022-06-23,4.99,5.69,4.96,5.62,6511782.97,1656028799999,34880312.2399,72333,3116906.35,16683447.1133,0
2022-06-24,5.63,5.8,5.35,5.47,4699338.84,1656115199999,26172866.0573,59145,2332740.33,13002641.781,0
2022-06-25,5.47,5.77,5.24,5.62,2761812.5,1656201599999,15113299.948,41817,1337625.04,7325090.0236,0
2022-06-26,5.62,6.08,5.47,5.6,3795149.93,1656287999999,21697828.0062,57175,1906357.06,10900325.9689,0
2022-06-27,5.6,5.93,5.27,5.33,3881305.15,1656374399999,21666465.0952,46471,1914702.46,10685789.3382,0
2022-06-28,5.34,5.49,4.86,4.92,3338083.21,1656460799999,17379103.2636,42558,1611922.45,8399147.2339,0
2022-06-29,4.93,5.26,4.78,5.11,4408158.23,1656547199999,22036785.3151,51096,2210007.47,11067470.0038,0
2022-06-30,5.12,5.15,4.6,5.0,5100727.33,1656633599999,24734627.6485,54334,2589505.32,12554312.4694,0
2022-07-01,5.01,5.13,4.74,4.86,3790068.99,1656719999999,18748202.5803,41742,1852550.94,9164013.0515,0
2022-07-02,4.86,5.09,4.72,4.92,2773018.71,1656806399999,13518130.4408,28377,1338318.37,6537976.8897,0
2022-07-03,4.92,4.96,4.72,4.91,1954557.14,1656892799999,9505357.9896,23480,1024151.28,4985639.0417,0
2022-07-04,4.92,5.36,4.73,5.35,2282415.88,1656979199999,11398308.7046,32346,1144766.61,5723941.7557,0
2022-07-05,5.35,5.45,5.01,5.3,3012580.5,1657065599999,15836232.269,37368,1448071.73,7610442.5146,0
2022-07-06,5.31,5.5,5.19,5.35,3384862.08,1657151999999,18066156.5001,38351,1665168.55,8897657.7238,0
2022-07-07,5.36,5.83,5.29,5.73,2522250.62,1657238399999,13989982.9364,37762,1296524.39,7192938.3974,0
2022-07-08,5.73,5.97,5.52,5.8,3246478.2,1657324799999,18676601.4671,43932,1615243.24,9298003.2166,0
2022-07-09,5.8,6.62,5.8,6.46,3944641.16,1657411199999,24634917.6798,64334,2140868.1,13355105.5164,0
2022-07-10,6.46,6.48,5.98,6.23,3500367.63,1657497599999,21812711.373,50084,1660378.04,10351751.207,0
2022-07-11,6.24,6.28,5.23,5.57,5746929.26,1657583999999,33536490.3456,87463,2846155.47,16608391.3855,0
2022-07-12,5.57,5.89,5.45,5.54,6679031.05,1657670399999,37585573.9692,70137,3378413.76,19040354.4278,0
2022-07-13,5.54,6.27,5.24,6.12,6448203.92,1657756799999,36391158.3811,74885,3273992.9,18497206.408,0
2022-07-14,6.12,7.11,6.02,7.02,12068688.69,1657843199999,76873609.1601,155069,6263811.11,39952271.9098,0
2022-07-15,7.02,7.26,6.72,6.78,4718959.43,1657929599999,32964469.6066,76462,2316336.36,16202791.7866,0
2022-07-16,6.79,7.7,6.67,7.38,4888161.58,1658015999999,34888490.0288,80577,2429483.83,17313603.1513,0
2022-07-17,7.38,7.48,6.89,6.94,2752228.05,1658102399999,19558498.0694,46838,1315534.19,9350749.5087,0
2022-07-18,6.95,7.46,6.92,7.33,4645472.95,1658188799999,33610628.7884,73997,2327296.87,16845216.123,0
2022-07-19,7.33,7.76,7.21,7.35,6058507.79,1658275199999,45218062.2736,102219,2977654.27,22235582.2408,0
2022-07-20,7.35,7.61,6.78,6.86,4550577.76,1658361599999,33362328.9069,75030,2149716.01,15765917.5781,0
2022-07-21,6.87,7.29,6.67,7.23,3074675.99,1658447999999,21410645.8688,51464,1519961.45,10586038.7019,0
2022-07-22,7.23,7.46,6.82,6.89,2877264.23,1658534399999,20488044.535,49807,1503060.92,10710707.4855,0
2022-07-23,6.89,7.21,6.63,6.97,2235643.93,1658620799999,15394864.4959,41087,1005910.37,6928179.676,0
2022-07-24,6.97,7.36,6.88,7.24,2525993.63,1658707199999,17835184.435,44035,1227946.81,8677608.9539,0
2022-07-25,7.25,7.53,6.81,7.04,6229298.83,1658793599999,44531751.6414,107951,3098032.49,22172940.3068,0
2022-07-26,7.05,7.05,6.22,6.66,4654432.23,1658879999999,30609620.8862,65050,2236382.6,14692573.6691,0
2022-07-27,6.66,8.2,6.5,8.03,5793578.3,1658966399999,43042428.8675,115476,2875760.63,21362457.4037,0
2022-07-28,8.04,9.83,7.95,9.28,9994818.79,1659052799999,87049758.8123,211073,5004969.49,43561002.5551,0
2022-07-29,9.28,9.41,8.61,9.08,5531524.94,1659139199999,49861541.9233,111666,2797726.2,25239337.6019,0
2022-07-30,9.09,9.17,8.51,8.78,3750663.41,1659225599999,33206623.0075,87698,1737822.89,15403430.3869,0
2022-07-31,8.78,9.15,8.29,8.32,3743212.8,1659311999999,33039835.1352,87315,1829583.01,16165275.2813,0
2022-08-01,8.33,8.57,8.05,8.36,3186288.03,1659398399999,26479708.1028,64274,1577323.93,13116907.1271,0
2022-08-02,8.36,8.68,7.81,8.25,5449833.97,1659484799999,44238738.3794,99606,2750804.68,22356561.6347,0
2022-08-03,8.26,9.39,8.02,8.91,5385763.95,1659571199999,48063374.0797,115845,2715215.4,24230158.2437,0
2022-08-04,8.91,9.12,8.51,8.82,3907337.17,1659657599999,34430598.3182,77518,1803842.13,15897718.5609,0
2022-08-05,8.83,9.27,8.78,8.96,2609906.34,1659743999999,23550279.1746,62598,1181925.96,10673197.541,0
2022-08-06,8.97,9.15,8.73,8.77,1392030.35,1659830399999,12468168.3689,32811,670851.47,6010739.0722,0
2022-08-07,8.78,8.98,8.7,8.79,1069655.1,1659916799999,9458344.8991,24152,470725.49,4165063.837,0
2022-08-08,8.79,9.28,8.73,8.79,2407847.58,1660003199999,21651427.9676,50412,1148878.31,10327231.5957,0
2022-08-09,8.79,8.87,8.08,8.44,2765223.62,1660089599999,23565520.2455,48815,1187862.93,10080088.5987,0
2022-08-10,8.44,9.44,8.08,9.22,3634726.46,1660175999999,32524294.4847,89515,1852670.21,16588668.7111,0
2022-08-11,9.22,9.62,8.85,8.96,3138103.51,1660262399999,29080443.9344,70895,1458207.4,13524389.8492,0
2022-08-12,8.96,9.25,8.74,9.21,1809218.5,1660348799999,16316102.4828,45535,908746.69,8199534.7867,0
2022-08-13,9.21,9.35,8.9,8.99,1945918.91,1660435199999,17764012.8957,40347,916091.33,8372308.8243,0
2022-08-14,8.99,9.62,8.75,8.87,3027701.99,1660521599999,27969520.7291,72882,1512813.89,14005112.1783,0
2022-08-15,8.88,9.17,8.29,8.47,2949106.6,1660607999999,25693685.7865,61993,1543385.24,13477032.4997,0
2022-08-16,8.47,8.57,8.19,8.33,2815218.35,1660694399999,23536041.5445,47623,1342415.33,11242083.5453,0
2022-08-17,8.34,8.67,7.82,7.96,2509782.62,1660780799999,20599474.3166,52154,1179389.28,9696256.7382,0
2022-08-18,7.96,8.21,7.4,7.58,1930259.69,1660867199999,15192683.888,45105,914625.49,7218084.9667,0
2022-08-19,7.58,7.7,6.79,6.9,3751478.06,1660953599999,26762096.2833,72235,1818623.92,12975462.9922,0
2022-08-20,6.9,7.2,6.74,7.0,1861911.06,1661039999999,13062609.4125,37052,900020.72,6323600.1704,0
2022-08-21,7.01,7.32,6.97,7.21,1796500.88,1661126399999,12831762.8801,31593,911107.16,6515559.1343,0
2022-08-22,7.21,7.36,6.61,6.98,2950439.29,1661212799999,20595928.7917,43954,1529513.8,10685562.2133,0
2022-08-23,6.99,7.22,6.74,7.11,1794566.82,1661299199999,12653509.9196,34864,903256.82,6373726.4437,0
2022-08-24,7.12,7.29,6.87,7.05,1454967.94,1661385599999,10258901.4372,29453,676567.59,4778417.5932,0
2022-08-25,7.05,7.25,6.92,7.03,1618060.83,1661471999999,11464562.1903,28576,793365.73,5622688.2215,0
2022-08-26,7.03,7.03,6.07,6.16,3447418.21,1661558399999,22928177.9693,53684,1706065.22,11365759.0036,0
2022-08-27,6.16,6.2,5.95,6.06,2108020.78,1661644799999,12822078.5995,32675,1061157.01,6456878.7282,0
2022-08-28,6.06,6.11,5.71,5.74,1641116.78,1661731199999,9792459.7816,28580,804954.92,4807398.4916,0
2022-08-29,5.74,6.4,5.68,6.34,1731326.51,1661817599999,10502530.9657,29263,909854.16,5527404.9623,0
2022-08-30,6.34,6.46,5.94,6.17,2274706.86,1661903999999,14182244.3907,32580,1080317.84,6755848.9243,0
2022-08-31,6.18,6.43,6.1,6.15,4043991.47,1661990399999,25414917.3297,43081,1900274.2,11964182.1695,0
2022-09-01,6.15,6.36,5.95,6.31,1820390.25,1662076799999,11163840.8327,28008,957562.49,5879962.0622,0
2022-09-02,6.32,6.7,6.19,6.4,1422913.91,1662163199999,9152042.1175,28057,688140.36,4431300.8592,0
2022-09-03,6.41,6.41,6.22,6.31,543996.82,1662249599999,3437730.2612,9766,252742.14,1597514.0623,0
2022-09-04,6.31,6.52,6.22,6.48,866358.74,1662335999999,5552844.2392,16174,489050.23,3138629.027,0
2022-09-05,6.49,6.67,6.18,6.58,1890083.53,1662422399999,12187291.0002,26839,895060.91,5787222.6696,0
2022-09-06,6.58,6.75,5.78,5.82,2583144.95,1662508799999,16305072.2063,39425,1209283.46,7620193.8178,0
2022-09-07,5.84,6.23,5.71,6.12,1489249.08,1662595199999,8833614.6547,21879,751244.82,4464591.4575,0
2022-09-08,6.12,6.26,5.95,6.18,1355600.75,1662681599999,8274145.977,23310,679914.8,4155093.4039,0
2022-09-09,6.18,6.72,6.17,6.51,3068327.74,1662767999999,19935640.5188,40211,1547277.79,10050550.8869,0
2022-09-10,6.51,6.73,6.43,6.68,1761517.67,1662854399999,11564012.7951,26893,839750.58,5514868.249,0
2022-09-11,6.68,6.73,6.36,6.49,1993817.61,1662940799999,13081658.5269,26457,963969.92,6331970.8058,0
2022-09-12,6.49,6.97,6.37,6.65,2670140.3,1663027199999,17916436.5903,47251,1323001.12,8880954.6586,0
2022-09-13,6.66,6.77,5.99,6.03,2566863.34,1663113599999,16431777.9354,43713,1237808.34,7923202.3453,0
2022-09-14,6.04,6.24,5.95,6.18,1385955.51,1663199999999,8485348.0941,23985,654293.92,4008348.0152,0
2022-09-15,6.18,6.24,5.78,5.89,2138227.19,1663286399999,12881297.7997,35757,1048865.53,6327367.662,0
2022-09-16,5.89,5.94,5.66,5.83,1047796.51,1663372799999,6095857.9029,20784,474929.88,2763820.2598,0
2022-09-17,5.83,6.04,5.81,6.02,1013366.23,1663459199999,6007319.091,15089,526060.7,3120743.7336,0
2022-09-18,6.02,6.05,5.33,5.47,1570359.47,1663545599999,8997896.2604,26578,759109.49,4345273.4781,0
2022-09-19,5.47,5.52,5.2,5.48,2149386.95,1663631999999,11495866.8165,31508,1111139.79,5945907.2562,0
2022-09-20,5.48,5.55,5.26,5.3,1249696.73,1663718399999,6785067.8815,21554,592577.74,3219853.9351,0
2022-09-21,5.3,5.76,5.14,5.34,2589816.38,1663804799999,14041368.2642,43936,1282351.35,6957512.0626,0
2022-09-22,5.34,5.86,5.32,5.74,2275079.32,1663891199999,12919661.3624,33283,1150015.17,6531861.587,0
2022-09-23,5.74,5.99,5.7,5.91,1970328.28,1663977599999,11508532.2167,32931,929887.94,5432579.5255,0
2022-09-24,5.92,6.06,5.76,5.8,1437096.64,1664063999999,8507280.8203,18951,718212.94,4251664.9381,0
2022-09-25,5.8,5.96,5.61,5.66,1344115.75,1664150399999,7817731.3366,18259,653142.77,3801680.2061,0
2022-09-26,5.66,5.99,5.55,5.92,2534723.74,1664236799999,14514625.0918,33950,1231441.09,7058391.4192,0
2022-09-27,5.93,6.71,5.9,6.38,6339426.95,1664323199999,40465167.4532,88030,3361979.26,21433082.2294,0
2022-09-28,6.38,6.63,6.0,6.56,3712680.15,1664409599999,23465269.9455,56830,1813580.22,11474603.5782,0
2022-09-29,6.56,6.57,6.12,6.38,2598995.52,1664495999999,16510766.8679,39465,1300977.38,8269459.5174,0
2022-09-30,6.38,6.77,6.26,6.46,4068677.81,1664582399999,26328238.6933,53538,2119786.29,13728633.7978,0
2022-10-01,6.47,6.66,6.38,6.4,1748286.97,1664668799999,11402535.6218,27411,858117.15,5600910.193,0
2022-10-02,6.4,6.54,6.17,6.26,4337227.16,1664755199999,27564004.5075,41532,2163404.77,13772645.7253,0
2022-10-03,6.27,6.81,6.18,6.63,3976429.93,1664841599999,25435052.4165,44952,2080553.87,13319817.9339,0
2022-10-04,6.63,6.85,6.57,6.65,4159895.25,1664927999999,27935059.6491,48165,2099390.87,14112588.1487,0
2022-10-05,6.65,6.82,6.47,6.81,1875783.47,1665014399999,12479962.517,27195,921416.66,6133500.4857,0
2022-10-06,6.82,7.0,6.75,6.87,3232477.74,1665100799999,22272666.2238,40697,1580948.94,10902596.5113,0
2022-10-07,6.88,7.08,6.68,6.79,2553847.66,1665187199999,17623891.2262,35948,1269363.5,8766586.763,0
2022-10-08,6.79,6.85,6.42,6.51,1382326.01,1665273599999,9177872.8689,22281,583844.74,3880571.5177,0
2022-10-09,6.52,6.65,6.49,6.63,1024713.14,1665359999999,6737720.8419,13818,521363.93,3430144.45,0
2022-10-10,6.64,6.72,6.2,6.39,1298488.66,1665446399999,8339908.6853,24504,599747.65,3852269.5568,0
2022-10-11,6.4,6.51,5.94,6.0,2152592.06,1665532799999,13401034.6046,33454,980538.19,6106291.4769,0
2022-10-12,6.0,6.17,5.97,6.06,1162059.31,1665619199999,7067657.2953,17394,578035.89,3516866.3443,0
2022-10-13,6.06,6.22,5.38,6.14,4697466.68,1665705599999,27333801.6961,66611,2403084.3,13988286.3208,0
2022-10-14,6.15,6.53,6.09,6.28,3412672.47,1665791999999,21542089.8599,45685,1650994.76,10426559.3609,0
2022-10-15,6.29,6.34,5.99,6.04,1247305.22,1665878399999,7636361.5421,18429,542111.47,3322985.3458,0
2022-10-16,6.05,6.17,5.97,6.1,1073581.7,1665964799999,6524529.8659,13650,556071.86,3380730.1867,0
2022-10-17,6.11,6.45,6.04,6.39,1627806.78,1666051199999,10200582.4018,20429,867804.66,5441529.8363,0
2022-10-18,6.4,6.66,6.21,6.53,2725331.66,1666137599999,17479743.6879,33333,1281023.77,8223618.8458,0
2022-10-19,6.53,6.77,6.38,6.57,3736310.05,1666223999999,24577491.9844,40348,1853204.6,12191519.7021,0
2022-10-20,6.57,6.59,6.01,6.09,3308415.98,1666310399999,20958364.8063,37659,1687716.16,10682545.9608,0
2022-10-21,6.1,6.17,5.82,6.03,4786494.44,1666396799999,28668413.905,41318,2305284.94,13805862.9773,0
2022-10-22,6.04,6.16,5.98,6.09,1371657.2,1666483199999,8321351.8292,12890,709242.99,4303987.0071,0
2022-10-23,6.09,6.3,5.97,6.29,2051908.12,1666569599999,12562143.1122,18992,1047923.08,6418247.169,0
2022-10-24,6.29,6.37,6.06,6.15,2106358.09,1666655999999,13027442.3695,19476,900146.14,5565001.3585,0
2022-10-25,6.14,6.78,6.07,6.58,2743931.61,1666742399999,17584870.4699,33056,1413551.8,9057817.1473,0
2022-10-26,6.58,6.9,6.52,6.69,2695553.59,1666828799999,18062415.3458,33198,1275124.13,8552277.4846,0
2022-10-27,6.69,7.22,6.68,6.8,4444778.43,1666915199999,30954266.47,56248,2248784.76,15661059.754,0
2022-10-28,6.8,6.99,6.51,6.85,5842955.79,1667001599999,39687809.6437,59313,2823003.31,19200290.4305,0
2022-10-29,6.86,7.24,6.71,7.1,3869923.53,1667087999999,27023736.2755,56476,1950139.38,13633169.1565,0
2022-10-30,7.1,7.37,6.78,6.89,2644418.17,1667174399999,18753317.807,42592,1298175.24,9214144.2659,0
2022-10-31,6.89,7.13,6.7,6.96,2275736.39,1667260799999,15743991.4691,34487,1162544.92,8049176.0246,0
2022-11-01,6.95,7.46,6.91,7.12,3496980.2,1667347199999,25238712.8067,50624,1779823.47,12853154.6307,0
2022-11-02,7.11,7.38,6.83,7.1,4285397.04,1667433599999,30305015.7637,63682,2137166.36,15127520.6857,0
2022-11-03,7.1,7.41,6.89,6.91,3786516.87,1667519999999,27140517.0332,44532,1874053.8,13452330.6095,0
2022-11-04,6.92,7.77,6.81,7.55,4736168.89,1667606399999,34907951.9123,74207,2497288.22,18401160.1578,0
2022-11-05,7.55,7.79,7.51,7.69,3072316.99,1667692799999,23532021.501,47238,1561136.32,11965432.8633,0
2022-11-06,7.68,7.77,7.04,7.06,2698935.24,1667779199999,20106350.6004,40222,1246581.11,9298356.4779,0
2022-11-07,7.05,7.7,6.87,7.01,5156008.98,1667865599999,37214364.0026,79486,2536538.75,18331744.1515,0
2022-11-08,7.0,7.1,5.45,6.07,7487956.51,1667951999999,48273511.4524,119097,3491119.3,22565020.19,0
2022-11-09,6.07,6.22,4.71,4.9,6577704.69,1668038399999,36151285.4787,116197,3188507.79,17538670.782,0
2022-11-10,4.89,5.91,4.79,5.77,8234747.54,1668124799999,45128139.7039,116096,4258257.08,23391856.1284,0
2022-11-11,5.76,6.25,5.45,6.1,5737113.98,1668211199999,33796796.0181,91283,2757006.42,16243152.505,0
2022-11-12,6.1,6.19,5.28,5.56,5885301.5,1668297599999,32747254.3386,72514,3069831.71,17079463.9142,0
2022-11-13,5.56,6.17,5.52,5.8,6047885.22,1668383999999,35643026.1165,87683,3188298.4,18803415.497,0
2022-11-14,5.8,6.12,5.38,6.09,4632784.5,1668470399999,26963728.1849,81352,2380780.62,13877693.4016,0
2022-11-15,6.09,6.51,5.97,6.28,3232226.5,1668556799999,20115391.1353,60372,1619215.96,10089672.7762,0
2022-11-16,6.29,6.42,5.83,5.96,2294924.86,1668643199999,14003915.3565,40683,1144432.18,6978552.9787,0
2022-11-17,5.96,6.05,5.66,5.73,1586245.52,1668729599999,9254272.6751,28091,749410.02,4372797.8008,0
2022-11-18,5.73,6.06,5.72,5.85,2158402.94,1668815999999,12813599.3051,26094,912283.99,5407853.6765,0
2022-11-19,5.86,5.89,5.66,5.76,1138049.07,1668902399999,6577547.2237,18724,548694.79,3174142.4912,0
2022-11-20,5.75,5.82,5.38,5.44,1595556.76,1668988799999,8904369.532,26572,757911.43,4230252.0908,0
2022-11-21,5.44,5.48,5.08,5.19,2983854.29,1669075199999,15793322.3089,42177,1488588.62,7877698.1842,0
2022-11-22,5.19,5.39,4.95,5.31,2987868.2,1669161599999,15475229.2902,34237,1566516.82,8116537.2674,0
2022-11-23,5.32,5.55,5.25,5.49,2040961.3,1669247999999,11113908.6645,25760,1044345.41,5691993.162,0
2022-11-24,5.49,5.6,5.38,5.45,1805163.64,1669334399999,9880817.1243,19885,935400.65,5122171.804,0
2022-11-25,5.46,5.52,5.29,5.41,2011725.37,1669420799999,10839587.9604,22921,989526.28,5334274.6308,0
2022-11-26,5.42,5.63,5.36,5.42,1995736.3,1669507199999,10995424.9596,21488,1007028.35,5550709.6676,0
2022-11-27,5.42,5.62,5.38,5.41,1575180.9,1669593599999,8697993.1152,18513,786549.82,4346460.488,0
2022-11-28,5.41,5.46,5.14,5.29,1741272.08,1669679999999,9161873.888,22801,858137.29,4514700.0136,0
2022-11-29,5.29,5.54,5.25,5.46,1482348.08,1669766399999,8050854.2323,19297,733351.46,3984533.4151,0
2022-11-30,5.46,5.9,5.46,5.86,3680518.7,1669852799999,21104502.7474,49059,1922727.62,11028748.2757,0
2022-12-01,5.86,6.0,5.71,5.91,2310368.79,1669939199999,13462464.5883,29328,1165430.45,6798570.2463,0
2022-12-02,5.92,6.55,5.85,6.34,3620090.5,1670025599999,22315211.5283,54131,1761743.01,10875083.3071,0
2022-12-03,6.35,6.45,6.06,6.1,2191455.07,1670111999999,13774030.7812,29853,1041471.23,6552952.5806,0
2022-12-04,6.1,6.3,6.09,6.27,1178424.41,1670198399999,7299088.5381,17926,607769.07,3766617.6815,0
2022-12-05,6.26,6.43,6.11,6.17,1982022.18,1670284799999,12469600.4301,27310,938315.4,5910639.7555,0
2022-12-06,6.18,6.24,6.04,6.18,1478434.32,1670371199999,9087324.4018,19011,697005.65,4285628.117,0
2022-12-07,6.18,6.29,5.88,6.0,1575792.34,1670457599999,9487748.4413,21354,731556.72,4412210.8912,0
2022-12-08,6.0,6.23,5.92,6.19,1567224.99,1670543999999,9504760.6899,18718,754533.63,4581213.3793,0
2022-12-09,6.19,6.29,6.06,6.17,1541370.39,1670630399999,9501129.4098,20411,724961.87,4471653.5873,0
2022-12-10,6.17,6.22,6.06,6.08,590170.21,1670716799999,3620850.5469,8106,267164.53,1640525.8306,0
2022-12-11,6.09,6.11,5.88,5.92,966345.11,1670803199999,5822341.2183,11597,418321.53,2521606.9636,0
2022-12-12,5.92,5.98,5.74,5.92,1386337.13,1670889599999,8084178.7439,16639,577115.71,3369681.0987,0
2022-12-13,5.93,6.26,5.83,6.11,1840137.97,1670975999999,11090321.651,24812,905412.14,5457643.9555,0
2022-12-14,6.11,6.24,5.904,5.908,1934419.31,1671062399999,11733963.87151,36609,935207.51,5677820.69609,0
2022-12-15,5.909,6.013,5.761,5.799,2045005.07,1671148799999,12079420.11353,38730,1040780.67,6151433.70596,0
2022-12-16,5.798,5.878,5.211,5.3,2542701.55,1671235199999,14073762.47785,50303,1158262.11,6416990.46754,0
2022-12-17,5.298,5.44,5.24,5.386,1843589.52,1671321599999,9885932.32041,34352,934106.32,5009291.93584,0
2022-12-18,5.387,5.408,5.306,5.328,659947.73,1671407999999,3531404.90386,16714,302969.39,1621419.07335,0
2022-12-19,5.33,5.427,5.004,5.09,1266701.01,1671494399999,6634853.30603,31297,579232.37,3037613.75903,0
2022-12-20,5.092,5.396,5.05,5.362,937182.55,1671580799999,4946597.40345,23642,456022.73,2407193.92538,0
2022-12-21,5.362,5.369,5.201,5.322,713931.26,1671667199999,3770151.5163,17436,298464.17,1576702.71887,0
2022-12-22,5.323,5.391,5.128,5.372,845462.84,1671753599999,4463278.88347,22156,428984.1,2265629.8336,0
2022-12-23,5.372,5.411,5.232,5.265,701601.65,1671839999999,3726346.03791,18640,338121.83,1797959.1539,0
2022-12-24,5.265,5.271,5.175,5.202,284307.17,1671926399999,1484660.91736,9793,122285.1,639048.94172,0
2022-12-25,5.202,5.239,5.05,5.161,616106.04,1672012799999,3161644.81028,15069,295768.47,1518038.79848,0
2022-12-26,5.161,5.21,5.129,5.203,486780.77,1672099199999,2522557.28296,11338,233718.41,1211525.2829,0
2022-12-27,5.204,5.33,5.095,5.193,757475.92,1672185599999,3951506.50445,19111,378058.28,1974288.77936,0
2022-12-28,5.193,5.203,4.943,4.97,1648770.08,1672271999999,8336667.72725,29674,855692.51,4327420.2113,0
2022-12-29,4.971,5.146,4.944,5.048,1004632.54,1672358399999,5070385.81812,23870,460138.75,2321777.55882,0
2022-12-30,5.049,5.114,4.95,5.098,585425.43,1672444799999,2955684.50764,16410,280459.61,1417167.27206,0
2022-12-31,5.099,5.203,5.056,5.166,378957.61,1672531199999,1945470.0507,10842,189107.97,970784.59957,0
2023-01-01,5.167,5.271,5.1,5.248,389616.4,1672617599999,2022933.50699,11620,202045.94,1049897.65378,0
2023-01-02,5.249,5.465,5.179,5.371,1662826.88,1672703999999,8858668.69859,30763,784828.05,4181977.70591,0
2023-01-03,5.371,5.422,5.278,5.379,860072.76,1672790399999,4608591.21135,21920,381788.24,2047469.99729,0
2023-01-04,5.379,5.601,5.363,5.532,1516377.16,1672876799999,8376035.68363,32930,769662.32,4253091.21106,0
2023-01-05,5.532,5.563,5.33,5.377,820778.6,1672963199999,4476647.60684,20557,362705.86,1978829.97251,0
2023-01-06,5.377,5.534,5.243,5.52,859961.5,1673049599999,4627853.62883,23968,447406.67,2411083.47421,0
2023-01-07,5.521,5.565,5.395,5.414,546115.79,1673135999999,2995492.03185,14103,246790.56,1355132.4141,0
2023-01-08,5.417,5.611,5.344,5.58,683456.6,1673222399999,3735528.27595,17542,357155.59,1952946.51608,0
2023-01-09,5.582,5.967,5.564,5.79,1749532.99,1673308799999,10129040.34657,43216,954368.71,5529052.75582,0
2023-01-10,5.79,5.88,5.665,5.781,1259371.78,1673395199999,7266418.66085,30048,624338.34,3602202.57192,0
2023-01-11,5.78,5.958,5.607,5.919,1212140.69,1673481599999,6948084.77198,29272,527407.61,3029683.38867,0
2023-01-12,5.919,6.194,5.858,6.181,2463678.33,1673567999999,14858154.11989,59651,1250161.96,7546308.11742,0
2023-01-13,6.181,6.363,6.017,6.307,1758626.38,1673654399999,10814263.59163,44333,880691.89,5417802.96161,0
2023-01-14,6.304,6.968,6.29,6.621,4123554.58,1673740799999,27349147.81584,97076,2014849.75,13371115.35514,0
2023-01-15,6.628,6.683,6.388,6.592,1739529.53,1673827199999,11365704.64439,44676,878859.56,5741945.35233,0
2023-01-16,6.59,6.741,6.271,6.54,2092183.26,1673913599999,13698626.03072,57152,989627.41,6483576.69337,0
2023-01-17,6.538,6.653,6.312,6.342,1699782.2,1673999999999,11042995.3652,51687,753373.99,4900131.01286,0
2023-01-18,6.344,6.82,6.0,6.048,4635622.91,1674086399999,29602300.34062,109663,2337177.73,14934098.80478,0
2023-01-19,6.046,6.193,5.986,6.164,1337154.65,1674172799999,8156676.56923,35995,598140.66,3650913.26745,0
2023-01-20,6.166,6.707,6.072,6.67,1516120.44,1674259199999,9561800.68438,47059,729948.5,4615846.97231,0
2023-01-21,6.67,6.826,6.52,6.66,2188789.99,1674345599999,14656217.88455,58097,1151752.17,7724973.86513,0
2023-01-22,6.661,7.109,6.604,6.888,3055847.21,1674431999999,21103909.412,85338,1471401.28,10156027.88513,0
2023-01-23,6.888,7.036,6.602,6.721,2915529.29,1674518399999,19913458.12108,79110,1427311.6,9763538.49371,0
2023-01-24,6.721,6.829,6.212,6.296,2261133.47,1674604799999,14981084.10057,62162,953242.01,6317307.03201,0
2023-01-25,6.298,6.703,6.1,6.596,1992262.6,1674691199999,12649271.10682,63326,1005549.66,6377337.58379,0
2023-01-26,6.598,6.797,6.44,6.74,1852369.96,1674777599999,12238371.11696,49930,880162.19,5816802.63351,0
2023-01-27,6.739,6.881,6.562,6.871,1650706.09,1674863999999,11119489.11779,44298,740446.73,4990166.93905,0
2023-01-28,6.871,6.912,6.546,6.631,1218433.63,1674950399999,8201068.30607,32637,578529.45,3893551.34075,0
2023-01-29,6.63,6.988,6.553,6.927,1694615.51,1675036799999,11632675.03915,44343,924222.39,6346382.88094,0
2023-01-30,6.927,7.02,6.357,6.517,2121655.82,1675123199999,14135165.04203,52029,870783.17,5806623.97891,0
2023-01-31,6.517,6.651,6.434,6.558,1282103.98,1675209599999,8387997.54273,34628,593613.17,3884702.9136,0
2023-02-01,6.558,6.92,6.317,6.798,2213092.62,1675295999999,14634203.72308,67518,1139917.87,7555395.51087,0
2023-02-02,6.8,7.528,6.8,7.11,4439466.91,1675382399999,31719045.97733,119875,2171470.3,15508287.09526,0
2023-02-03,7.114,7.295,6.909,7.061,3549490.22,1675468799999,25119557.18009,83503,1726196.36,12214341.80106,0
2023-02-04,7.059,7.35,7.013,7.204,1641778.7,1675555199999,11821467.26317,50562,825160.46,5942688.63879,0
2023-02-05,7.204,7.325,6.75,6.886,2458849.32,1675641599999,17252532.24312,66029,1155624.07,8100587.90861,0
2023-02-06,6.89,6.976,6.592,6.647,2188213.2,1675727999999,14898102.33215,54730,901742.51,6143157.83932,0
2023-02-07,6.646,7.013,6.63,6.979,1761499.44,1675814399999,12017730.93511,54899,930469.43,6355038.734,0
2023-02-08,6.978,7.061,6.578,6.812,2225878.68,1675900799999,15247506.59688,58985,1142887.91,7832683.85636,0
2023-02-09,6.813,6.867,6.161,6.33,4091890.38,1675987199999,26921610.86426,112132,1979313.85,13039847.72413,0
2023-02-10,6.327,6.479,6.248,6.365,1764444.84,1676073599999,11232346.41499,60650,936301.45,5962977.22387,0
2023-02-11,6.361,6.504,6.334,6.481,1051958.78,1676159999999,6751218.77337,30149,589693.96,3784192.84332,0
2023-02-12,6.481,6.556,6.292,6.346,860352.14,1676246399999,5559039.67733,29895,440085.64,2843837.99023,0
2023-02-13,6.349,6.382,6.087,6.244,2126636.12,1676332799999,13204606.99628,65272,1004693.0,6236277.74496,0
2023-02-14,6.245,6.59,6.224,6.589,1543949.17,1676419199999,9874732.29515,47127,799980.3,5124474.03206,0
2023-02-15,6.587,6.946,6.5,6.93,1918963.9,1676505599999,12802801.54382,52477,1052426.8,7011401.64261,0
2023-02-16,6.932,7.04,6.465,6.477,2794294.56,1676591999999,19030667.64746,79346,1285473.13,8740571.16896,0
2023-02-17,6.474,6.83,6.439,6.738,2509111.82,1676678399999,16673836.09388,64676,1288990.23,8568525.13426,0
2023-02-18,6.737,7.149,6.727,6.976,3466674.12,1676764799999,24148780.75506,73624,1873909.24,13057866.57937,0
2023-02-19,6.974,7.619,6.956,7.21,5658910.71,1676851199999,41384193.94438,112924,2777034.99,20263786.71704,0
2023-02-20,7.209,7.383,7.042,7.371,2350171.06,1676937599999,17059676.23965,66010,1137307.58,8255801.34969,0
2023-02-21,7.371,7.436,6.888,7.036,2192778.12,1677023999999,15687436.71381,75840,1084234.0,7757180.28357,0
2023-02-22,7.034,7.05,6.705,6.931,1634392.1,1677110399999,11234527.86071,68249,773358.36,5317397.53471,0
2023-02-23,6.935,7.053,6.813,6.943,1390939.4,1677196799999,9672060.3016,51530,671222.86,4667839.66228,0
2023-02-24,6.943,7.048,6.467,6.572,2068847.84,1677283199999,14005131.49643,67118,944818.28,6398563.89615,0
2023-02-25,6.571,6.621,6.275,6.469,1266939.04,1677369599999,8215226.90128,51427,659704.46,4280660.68538,0
2023-02-26,6.471,6.655,6.426,6.61,824115.1,1677455999999,5393770.48835,32687,386881.6,2532450.25377,0
2023-02-27,6.607,6.646,6.373,6.439,1247815.26,1677542399999,8141891.0259,38579,578529.68,3773325.74457,0
2023-02-28,6.439,6.623,6.402,6.501,1387400.35,1677628799999,9037764.49723,49880,732098.78,4771878.76269,0
2023-03-01,6.501,6.874,6.468,6.843,1842392.66,1677715199999,12430601.85134,65791,981493.62,6617171.17827,0
2023-03-02,6.84,6.895,6.56,6.637,950715.26,1677801599999,6365457.6027,35824,436271.54,2923914.94986,0
2023-03-03,6.638,6.641,6.1,6.272,1906418.52,1677887999999,11902733.52189,69588,819638.24,5112293.47518,0
2023-03-04,6.273,6.297,6.01,6.161,804547.11,1677974399999,4954205.63738,32991,388354.36,2390703.7585,0
2023-03-05,6.161,6.387,6.123,6.351,1220975.73,1678060799999,7665935.77684,40571,578662.71,3637006.81452,0
2023-03-06,6.349,6.44,6.245,6.337,1198209.52,1678147199999,7607610.49085,42640,543838.83,3454890.75808,0
2023-03-07,6.337,6.483,6.264,6.429,1716188.55,1678233599999,10935901.86202,57694,873622.74,5568575.42987,0
2023-03-08,6.43,6.499,6.06,6.103,1525382.48,1678319999999,9649660.80807,56558,797717.43,5042924.37536,0
2023-03-09,6.103,6.2,5.606,5.722,1597430.2,1678406399999,9488500.66152,54799,825194.95,4904903.69279,0
2023-03-10,5.724,5.731,5.362,5.62,2270794.52,1678492799999,12669265.21265,73094,1185177.78,6618902.4495,0
2023-03-11,5.621,5.786,5.23,5.434,2769564.15,1678579199999,15111898.43695,85909,1379117.94,7530201.63407,0
2023-03-12,5.432,5.908,5.379,5.897,1865452.75,1678665599999,10378827.70839,64222,951685.92,5289781.89123,0
2023-03-13,5.896,6.213,5.8,6.09,3484762.12,1678751999999,21027024.46208,112612,1883665.45,11366386.88669,0
2023-03-14,6.093,6.593,5.978,6.317,3163517.92,1678838399999,19903833.41892,93769,1537324.8,9678867.94184,0
2023-03-15,6.316,6.428,5.73,5.909,2183607.3,1678924799999,13235473.1294,80718,1090878.24,6605026.87456,0
2023-03-16,5.907,5.997,5.786,5.903,1492161.52,1679011199999,8810286.25359,56768,732865.31,4326626.95269,0
2023-03-17,5.904,6.43,5.826,6.404,2164548.39,1679097599999,13282905.95067,69801,1113020.97,6825772.43305,0
2023-03-18,6.405,6.62,6.296,6.508,2241404.5,1679183999999,14574942.96426,79376,1047226.07,6807442.7625,0
2023-03-19,6.507,6.713,6.41,6.488,1896557.22,1679270399999,12445325.98603,62235,986256.85,6471538.38518,0
2023-03-20,6.49,6.59,6.148,6.176,2035868.55,1679356799999,12990713.36851,69998,1067788.22,6817105.82271,0
2023-03-21,6.18,6.511,6.035,6.421,1994621.42,1679443199999,12588811.97148,71995,1035786.92,6538371.58831,0
2023-03-22,6.42,6.449,5.906,6.071,2255422.65,1679529599999,14058770.85183,92916,1156530.42,7218082.21061,0
2023-03-23,6.071,6.441,6.012,6.238,1747019.74,1679615999999,10874063.98237,61119,937428.63,5838733.94521,0
2023-03-24,6.241,6.286,5.804,5.882,1983578.41,1679702399999,11931555.84038,69581,945302.35,5695516.49514,0
2023-03-25,5.882,5.913,5.675,5.712,1074861.53,1679788799999,6232903.76083,43801,532939.22,3092676.77931,0
2023-03-26,5.711,5.869,5.681,5.786,886868.7,1679875199999,5119583.53238,33577,467217.44,2697641.35793,0
2023-03-27,5.786,5.821,5.51,5.644,1312636.18,1679961599999,7442543.81729,47791,588309.24,3336744.5303,0
2023-03-28,5.645,5.888,5.575,5.808,885141.31,1680047999999,5064620.89317,40888,417597.14,2388039.54343,0
2023-03-29,5.809,6.032,5.809,5.945,1174607.95,1680134399999,7004225.79585,44033,599601.24,3575645.70743,0
2023-03-30,5.944,6.073,5.831,5.897,1509389.3,1680220799999,8951146.89008,55420,771209.89,4575401.78228,0
2023-03-31,5.898,6.129,5.869,6.062,1217277.43,1680307199999,7327571.00974,50870,588533.38,3545693.07072,0
2023-04-01,6.062,6.2,6.021,6.101,1133784.07,1680393599999,6935194.67044,38122,532259.74,3255821.0566,0
2023-04-02,6.1,6.12,5.89,5.948,897584.05,1680479999999,5379668.07143,33651,430554.35,2582991.87423,0
2023-04-03,5.949,6.083,5.815,5.93,1491724.65,1680566399999,8885123.86121,53364,675188.74,4018617.30439,0
2023-04-04,5.932,6.207,5.879,6.151,1350237.93,1680652799999,8164034.59221,43539,701269.67,4241726.08864,0
2023-04-05,6.151,6.345,6.128,6.232,1328299.44,1680739199999,8311836.03509,38839,678440.52,4245148.52762,0
2023-04-06,6.23,6.238,6.038,6.076,875452.05,1680825599999,5368798.97325,30692,377693.63,2317388.37492,0
2023-04-07,6.077,6.098,5.951,6.002,715214.51,1680911999999,4299841.30625,24419,287225.06,1726445.09626,0
2023-04-08,6.003,6.052,5.89,5.914,1176210.64,1680998399999,7018507.58257,22661,554352.67,3308355.7167,0
2023-04-09,5.915,5.961,5.82,5.913,782314.69,1681084799999,4607707.34843,22222,396930.13,2338681.1132,0
2023-04-10,5.914,6.045,5.834,6.012,867070.94,1681171199999,5154340.91492,29212,463542.86,2757172.21454,0
2023-04-11,6.012,6.094,5.915,5.933,990338.1,1681257599999,5952794.76078,36205,460792.12,2770860.26518,0
2023-04-12,5.932,6.017,5.702,5.946,1738104.89,1681343999999,10221142.57887,54462,801727.55,4716956.24247,0
2023-04-13,5.946,6.242,5.898,6.205,1478375.39,1681430399999,9028992.56711,42810,755083.61,4614390.3482,0
2023-04-14,6.205,6.47,6.121,6.308,2597969.29,1681516799999,16417365.1386,68699,1316812.15,8314242.86826,0
2023-04-15,6.306,6.363,6.22,6.266,1424876.23,1681603199999,8950346.43651,38409,667453.15,4191705.65734,0
2023-04-16,6.265,6.489,6.129,6.314,2052339.3,1681689599999,12907888.76806,63472,981217.72,6183401.64433,0
2023-04-17,6.316,6.323,6.06,6.129,1563718.7,1681775999999,9642100.7158,43055,713545.17,4402169.65569,0
2023-04-18,6.128,6.372,6.027,6.325,1994173.0,1681862399999,12493014.33044,50056,1054727.21,6604140.12478,0
2023-04-19,6.325,6.498,5.743,5.831,3274876.32,1681948799999,19867939.87203,94210,1669545.02,10148001.57773,0
2023-04-20,5.83,5.964,5.656,5.785,1644558.63,1682035199999,9581878.68343,52435,743751.11,4337255.93007,0
2023-04-21,5.784,5.836,5.407,5.471,1563904.89,1682121599999,8820703.76178,52027,781969.89,4414704.53749,0
2023-04-22,5.47,5.553,5.444,5.503,827009.51,1682207999999,4545078.41977,24462,403091.95,2216232.23156,0
2023-04-23,5.504,5.538,5.31,5.429,930848.08,1682294399999,5071402.01689,31677,476863.33,2600348.20662,0
2023-04-24,5.428,5.52,5.3,5.36,1196737.2,1682380799999,6471137.25386,37118,598645.8,3240771.0399,0
2023-04-25,5.36,5.473,5.23,5.451,1055036.19,1682467199999,5620250.08969,45873,525503.5,2801960.41881,0
2023-04-26,5.451,5.683,5.129,5.357,1888065.04,1682553599999,10260476.19663,66028,926521.03,5044224.87974,0
2023-04-27,5.356,5.592,5.342,5.554,1197810.55,1682639999999,6544765.12934,53912,599173.95,3277431.24369,0
2023-04-28,5.555,5.569,5.444,5.524,568781.38,1682726399999,3132441.21926,25412,304215.24,1675329.73331,0
2023-04-29,5.525,5.636,5.493,5.634,681729.53,1682812799999,3805541.87758,28998,391566.36,2185742.58602,0
2023-04-30,5.633,5.67,5.435,5.447,723977.91,1682899199999,4034402.26037,39388,382089.3,2130078.33305,0
2023-05-01,5.448,5.491,5.263,5.331,829551.46,1682985599999,4456424.2162,37859,392989.05,2114114.62858,0
2023-05-02,5.33,5.36,5.245,5.325,651789.04,1683071999999,3458941.80215,32866,314673.96,1670383.67181,0
2023-05-03,5.326,5.398,5.18,5.389,836885.05,1683158399999,4408579.48935,42362,386054.42,2034448.60177,0
2023-05-04,5.39,5.398,5.211,5.264,614556.11,1683244799999,3262381.2295,26780,298902.44,1586584.32876,0
2023-05-05,5.263,5.613,5.237,5.545,1265747.43,1683331199999,6878087.73299,58431,632706.2,3442530.65661,0
2023-05-06,5.545,5.602,5.256,5.287,1416763.62,1683417599999,7670149.19897,61403,665926.98,3601262.2181,0
2023-05-07,5.287,5.35,5.236,5.262,579483.24,1683503999999,3073073.04635,33692,267698.99,1419846.30579,0
2023-05-08,5.261,5.278,4.8,4.968,2081595.48,1683590399999,10503144.70086,82030,931451.18,4697294.73315,0
2023-05-09,4.968,5.011,4.909,4.954,872256.38,1683676799999,4336720.1187,31946,432017.68,2148315.29469,0
2023-05-10,4.955,5.137,4.85,5.134,1307653.62,1683763199999,6560308.19026,58600,663227.77,3327018.88139,0
2023-05-11,5.133,5.199,4.925,5.066,1611656.51,1683849599999,8215388.7101,77994,788228.91,4018787.94693,0
2023-05-12,5.066,5.211,4.904,5.194,1352464.0,1683935999999,6849564.05459,72635,724355.48,3670551.45954,0
2023-05-13,5.194,5.21,5.076,5.103,669964.8,1684022399999,3441599.0587,38091,342531.18,1759713.54942,0
2023-05-14,5.104,5.188,5.075,5.14,559757.83,1684108799999,2874299.20309,37122,297880.86,1529468.46842,0
2023-05-15,5.14,5.221,5.072,5.118,838603.74,1684195199999,4329394.79988,45475,415586.43,2145763.83353,0
2023-05-16,5.118,5.157,5.036,5.144,816753.68,1684281599999,4168751.17766,44908,403488.95,2060722.48858,0
2023-05-17,5.144,5.345,5.109,5.345,1322365.37,1684367999999,6896388.62602,61522,740573.92,3870936.35048,0
2023-05-18,5.342,5.427,5.211,5.308,1472035.99,1684454399999,7864515.89358,59881,784000.98,4192801.3122,0
2023-05-19,5.307,5.377,5.261,5.317,638001.42,1684540799999,3391336.94809,26975,306409.62,1628405.13643,0
2023-05-20,5.319,5.319,5.243,5.29,408497.35,1684627199999,2155674.07397,13587,222748.44,1175360.41782,0
2023-05-21,5.29,5.298,5.09,5.114,580518.81,1684713599999,3011340.10409,18650,285768.01,1480941.40181,0
2023-05-22,5.113,5.3,5.05,5.074,924196.21,1684799999999,4713117.4126,27087,448226.39,2287050.98591,0
2023-05-23,5.075,5.2,5.029,5.072,775883.57,1684886399999,3968723.33996,22801,391381.24,2002901.17476,0
2023-05-24,5.071,5.072,4.87,4.976,946052.63,1684972799999,4686716.34138,30416,425840.22,2110197.23475,0
2023-05-25,4.976,4.984,4.867,4.953,561573.92,1685059199999,2775090.42952,18081,278015.27,1373902.62172,0
2023-05-26,4.953,5.018,4.939,4.976,505116.64,1685145599999,2517713.29174,14108,250330.61,1247863.89263,0
2023-05-27,4.977,5.045,4.963,5.043,481026.39,1685231999999,2406551.30291,11183,277615.12,1389010.81406,0
2023-05-28,5.043,5.17,5.028,5.145,629496.5,1685318399999,3201707.14257,16374,317654.11,1616267.27993,0
2023-05-29,5.146,5.169,5.083,5.099,733425.13,1685404799999,3764064.65823,18020,366214.01,1879854.13969,0
2023-05-30,5.099,5.2,5.09,5.135,586261.16,1685491199999,3021531.50459,18081,283812.01,1462428.74534,0
2023-05-31,5.135,5.159,4.988,5.025,719418.53,1685577599999,3640705.1707,23438,330731.93,1674257.36752,0
2023-06-01,5.023,5.054,4.953,4.982,470918.76,1685663999999,2362092.61596,14310,244191.81,1225342.46927,0
2023-06-02,4.982,5.093,4.945,5.068,512872.15,1685750399999,2589351.41019,16231,271077.51,1368093.43355,0
2023-06-03,5.069,5.104,5.044,5.085,260960.94,1685836799999,1324305.67331,7949,131101.04,665120.17713,0
2023-06-04,5.086,5.13,4.988,5.015,1037853.27,1685923199999,5243425.84329,29709,398712.49,2014043.03018,0
2023-06-05,5.014,5.06,4.527,4.723,1553260.37,1686009599999,7465585.05303,41487,744989.46,3577094.2615,0
2023-06-06,4.725,4.844,4.67,4.773,916780.76,1686095999999,4363728.24238,23869,496449.14,2364638.96526,0
2023-06-07,4.772,4.792,4.492,4.552,1120441.29,1686182399999,5211338.58534,33181,600094.49,2790903.9489,0
2023-06-08,4.553,4.673,4.517,4.63,618850.68,1686268799999,2849367.62987,18691,335027.46,1541823.17826,0
2023-06-09,4.63,4.669,4.536,4.584,535904.81,1686355199999,2469204.03999,16200,279269.42,1286835.79866,0
2023-06-10,4.585,4.597,3.63,4.065,4471124.02,1686441599999,17746066.4499,102186,2144519.5,8510543.95008,0
2023-06-11,4.065,4.114,4.014,4.06,999785.72,1686527999999,4062179.10364,20600,473475.2,1923816.54673,0
2023-06-12,4.061,4.311,3.942,4.3,1397807.48,1686614399999,5777837.04308,35172,635902.14,2631187.14986,0
2023-06-13,4.3,4.522,4.211,4.289,2446257.25,1686700799999,10625951.54874,51056,1250823.7,5424346.35672,0
2023-06-14,4.29,4.652,4.253,4.405,3504306.97,1686787199999,15654711.87341,69627,1598130.98,7120171.58136,0
2023-06-15,4.404,4.6,4.227,4.428,3188731.87,1686873599999,14102687.1059,71306,1551846.03,6858799.73227,0
2023-06-16,4.428,4.639,4.361,4.553,1201677.84,1686959999999,5368871.0982,28355,566445.97,2532137.84219,0
2023-06-17,4.553,4.68,4.508,4.53,1071020.58,1687046399999,4911642.52202,22446,552424.06,2532612.6953,0
2023-06-18,4.531,4.615,4.452,4.482,811568.95,1687132799999,3679897.86013,17305,396247.0,1796109.0986,0
2023-06-19,4.479,4.51,4.365,4.481,912427.69,1687219199999,4057798.73592,21794,425977.51,1894875.94891,0
2023-06-20,4.481,4.62,4.329,4.572,1001445.09,1687305599999,4483488.09806,27014,502584.0,2251353.41309,0
2023-06-21,4.573,4.818,4.524,4.772,1523320.5,1687391999999,7086190.36471,42579,775623.32,3604362.72548,0
2023-06-22,4.772,4.904,4.678,4.732,1126010.49,1687478399999,5406030.85027,29856,545529.86,2617554.13278,0
2023-06-23,4.729,4.927,4.707,4.86,854320.28,1687564799999,4119625.93033,25686,385252.57,1858659.57802,0
2023-06-24,4.862,4.873,4.678,4.734,875858.34,1687651199999,4195531.74247,21551,492410.77,2361026.11234,0
2023-06-25,4.733,5.514,4.709,5.43,6842850.37,1687737599999,36176907.96288,182890,3247565.36,17136223.27823,0
2023-06-26,5.43,5.55,5.187,5.267,3606107.44,1687823999999,19357137.53993,97876,1796172.51,9644622.49705,0
2023-06-27,5.269,5.364,5.224,5.279,986289.9,1687910399999,5222651.60938,28193,519771.56,2751687.89177,0
2023-06-28,5.28,5.283,4.747,4.834,1380740.22,1687996799999,6919132.87272,41148,662057.68,3314589.61163,0
2023-06-29,4.832,5.047,4.819,4.922,1135245.09,1688083199999,5612837.53015,30819,514345.5,2541739.66399,0
2023-06-30,4.922,5.342,4.8,5.272,3507555.26,1688169599999,17957630.27748,89860,1771571.09,9071241.48804,0
2023-07-01,5.27,5.605,5.176,5.587,2114038.98,1688255999999,11468753.75409,58470,969310.69,5256916.33955,0
2023-07-02,5.585,5.693,5.448,5.568,1746393.83,1688342399999,9686664.51336,52779,844770.54,4686522.57981,0
2023-07-03,5.567,5.781,5.492,5.523,1368982.59,1688428799999,7723289.66936,48011,653114.27,3686391.37173,0
2023-07-04,5.521,5.599,5.371,5.507,1796997.64,1688515199999,9894211.34118,45043,828962.6,4565915.82557,0
2023-07-05,5.509,5.73,5.317,5.408,1689816.56,1688601599999,9284810.46412,56474,818742.04,4497428.62887,0
2023-07-06,5.409,5.641,5.18,5.265,1739269.03,1688687999999,9415672.17578,57693,832750.98,4511570.16469,0
2023-07-07,5.265,5.574,5.215,5.478,1810753.09,1688774399999,9893920.91588,68130,907523.98,4959414.2195,0
2023-07-08,5.478,5.489,5.174,5.251,1273363.88,1688860799999,6787572.55025,35898,631664.0,3370474.46643,0
2023-07-09,5.25,5.335,5.199,5.231,753442.27,1688947199999,3964003.3221,20857,357452.2,1880479.6028,0
2023-07-10,5.231,5.362,5.085,5.238,1391891.72,1689033599999,7212278.40355,42284,696578.29,3611280.89163,0
2023-07-11,5.239,5.309,5.185,5.265,826766.74,1689119999999,4337200.65384,28270,372365.54,1954111.0058,0
2023-07-12,5.263,5.38,5.179,5.276,985648.79,1689206399999,5229789.96719,37719,474870.85,2521286.97601,0
2023-07-13,5.274,5.88,5.219,5.873,2193287.7,1689292799999,12191159.92577,79525,1109279.29,6167493.91517,0
2023-07-14,5.873,6.157,5.737,5.872,3506105.4,1689379199999,20855507.36411,109648,1636006.51,9725303.49483,0
2023-07-15,5.871,5.936,5.761,5.814,1300768.61,1689465599999,7601418.87915,50837,685537.57,4007945.57046,0
2023-07-16,5.814,5.868,5.66,5.724,1286807.87,1689551999999,7422564.14774,51721,643243.69,3712626.23866,0
2023-07-17,5.719,6.145,5.68,5.915,4387640.57,1689638399999,25911815.25177,127940,2181811.17,12882701.37237,0
2023-07-18,5.913,6.283,5.862,5.912,4831600.75,1689724799999,29313218.05188,125727,2253701.18,13669981.86912,0
2023-07-19,5.912,6.049,5.81,5.873,1322685.54,1689811199999,7828805.67214,46786,600784.78,3556794.09905,0
2023-07-20,5.876,6.165,5.818,6.015,2575138.31,1689897599999,15439771.83652,68823,1193773.34,7147497.91621,0
2023-07-21,6.017,6.386,5.945,6.205,2619973.07,1689983999999,16232515.10502,75793,1328195.47,8232751.81925,0
2023-07-22,6.206,6.26,5.953,5.992,1207492.7,1690070399999,7419386.36736,41249,606452.66,3728522.5036,0
2023-07-23,5.992,6.225,5.972,6.14,1143359.36,1690156799999,6977824.17041,33249,581183.01,3550844.77011,0
2023-07-24,6.141,6.182,5.712,5.78,2435257.42,1690243199999,14291102.85214,62024,1205117.43,7063573.19139,0
2023-07-25,5.78,5.812,5.693,5.792,763893.53,1690329599999,4394842.94936,24831,330051.4,1899935.02476,0
2023-07-26,5.793,5.898,5.711,5.843,1145284.65,1690415999999,6655386.63389,37794,567982.82,3302232.69342,0
2023-07-27,5.843,5.999,5.8,5.874,1376775.44,1690502399999,8121913.70794,34390,633346.88,3734187.47639,0
2023-07-28,5.875,6.026,5.867,6.011,1066431.97,1690588799999,6350091.71771,33058,494940.58,2946862.14643,0
2023-07-29,6.012,6.358,6.005,6.323,1380893.62,1690675199999,8519746.53201,39826,673223.98,4160360.24432,0
2023-07-30,6.323,6.453,6.25,6.418,2022469.82,1690761599999,12880552.8555,58893,1048430.47,6680006.39617,0
2023-07-31,6.417,6.645,6.384,6.528,3001546.55,1690847999999,19557494.93897,80849,1538762.68,10019813.77129,0
2023-08-01,6.528,6.694,6.327,6.686,2836552.29,1690934399999,18402876.68418,89332,1530725.1,9930062.66429,0
2023-08-02,6.688,6.695,6.128,6.158,2587753.27,1691020799999,16503643.16412,81467,1290507.38,8234196.51768,0
2023-08-03,6.157,6.265,6.052,6.098,1748019.93,1691107199999,10771526.1071,57660,930681.85,5739203.02968,0
2023-08-04,6.096,6.221,6.006,6.07,1219850.59,1691193599999,7458384.43365,33752,655296.75,4008573.56334,0
2023-08-05,6.07,6.096,5.938,6.091,935436.6,1691279999999,5618570.73605,29676,465847.34,2799992.32215,0
2023-08-06,6.092,6.165,5.939,5.954,982752.09,1691366399999,5940936.55695,29566,413617.67,2504557.0282,0
2023-08-07,5.954,6.017,5.733,5.876,1091795.47,1691452799999,6424475.71917,35191,506196.0,2978149.504,0
2023-08-08,5.875,6.148,5.818,6.081,1201188.82,1691539199999,7187835.74313,33370,614523.47,3675753.69545,0
2023-08-09,6.081,6.309,6.035,6.249,1179524.32,1691625599999,7249144.9444,36991,602197.42,3702297.04153,0
2023-08-10,6.25,6.35,6.152,6.191,1287553.74,1691711999999,8056850.77971,38036,627171.63,3924554.30334,0
2023-08-11,6.192,6.219,6.103,6.201,762325.03,1691798399999,4691333.01627,25714,363420.93,2238313.20974,0
2023-08-12,6.201,6.256,6.118,6.224,663245.88,1691884799999,4098412.28706,22359,342130.32,2114739.10042,0
2023-08-13,6.224,6.233,6.054,6.086,459350.4,1691971199999,2821195.41828,19078,214448.86,1317721.82347,0
2023-08-14,6.086,6.37,6.076,6.261,914278.85,1692057599999,5697489.55708,35358,458771.91,2860224.00081,0
2023-08-15,6.263,6.299,5.937,5.953,1539997.26,1692143999999,9413322.85159,48014,719517.4,4405955.23541,0
2023-08-16,5.952,5.952,5.3,5.459,3263787.31,1692230399999,18342570.63168,85850,1422433.43,8005539.29586,0
2023-08-17,5.459,5.506,4.517,4.989,4030998.38,1692316799999,20912782.61305,87035,1847870.59,9537194.82176,0
2023-08-18,4.989,5.052,4.843,4.907,1907190.56,1692403199999,9468379.44284,40724,863687.07,4287697.42484,0
2023-08-19,4.906,5.002,4.858,4.909,919502.63,1692489599999,4522541.08114,22096,501974.85,2469526.27543,0
2023-08-20,4.909,4.937,4.86,4.903,711046.12,1692575999999,3480326.50321,18222,358931.93,1757396.30881,0
2023-08-21,4.903,4.921,4.719,4.765,986593.69,1692662399999,4751494.57194,23317,502515.91,2419364.25172,0
2023-08-22,4.765,4.782,4.5,4.67,2174339.53,1692748799999,10180711.37046,43549,1113130.16,5215123.614,0
2023-08-23,4.671,4.861,4.647,4.765,2780353.82,1692835199999,13138580.16484,42487,1486161.8,7025323.23186,0
2023-08-24,4.765,4.818,4.598,4.659,1425667.92,1692921599999,6738260.27466,30587,836871.96,3954305.21723,0
2023-08-25,4.661,4.672,4.516,4.551,1618970.22,1693007999999,7434091.00386,27189,948598.31,4357342.14614,0
2023-08-26,4.555,4.646,4.532,4.601,752418.71,1693094399999,3445398.33739,11519,366828.24,1680348.36467,0
2023-08-27,4.601,4.708,4.601,4.685,909567.86,1693180799999,4226965.82422,16074,470097.14,2185668.99123,0
2023-08-28,4.685,4.737,4.565,4.672,1314491.31,1693267199999,6096075.68901,21891,691266.04,3205292.18479,0
2023-08-29,4.672,4.871,4.566,4.799,2027680.67,1693353599999,9599644.78168,36592,1013477.76,4801674.98987,0
2023-08-30,4.799,4.807,4.635,4.64,1241340.19,1693439999999,5841368.45816,22494,624002.6,2938055.33678,0
2023-08-31,4.638,4.681,4.312,4.372,1796736.4,1693526399999,8083340.7439,31425,868976.77,3910291.07635,0
2023-09-01,4.372,4.425,4.237,4.262,1238047.07,1693612799999,5380578.36438,23478,640998.28,2785270.53799,0
2023-09-02,4.265,4.403,4.25,4.4,1008417.14,1693699199999,4382397.32628,21829,519036.89,2255636.45082,0
2023-09-03,4.401,4.472,4.364,4.411,807639.64,1693785599999,3567185.54814,18816,420987.62,1859983.50159,0
2023-09-04,4.413,4.503,4.36,4.443,1148639.85,1693871999999,5087688.72957,23878,603145.62,2671521.77622,0
2023-09-05,4.443,4.455,4.273,4.38,1376788.54,1693958399999,5975340.57555,28383,697313.36,3028146.02883,0
2023-09-06,4.38,4.499,4.346,4.461,1136268.05,1694044799999,5016313.29081,24004,554539.72,2448334.7392,0
2023-09-07,4.461,4.537,4.41,4.477,953633.1,1694131199999,4260883.68675,17043,503479.8,2252401.749,0
2023-09-08,4.477,4.491,4.3,4.366,698763.03,1694217599999,3069794.4067,15527,332135.6,1457799.18554,0
2023-09-09,4.363,4.375,4.303,4.321,380462.74,1694303999999,1650844.06562,8380,201992.99,876803.51432,0
2023-09-10,4.32,4.44,4.12,4.22,1487497.73,1694390399999,6285753.8569,30072,761925.42,3220834.42413,0
2023-09-11,4.22,4.251,4.032,4.112,1551580.91,1694476799999,6411347.76449,32511,817731.87,3378028.3936,0
2023-09-12,4.11,4.325,4.089,4.196,1375680.17,1694563199999,5779132.22657,25849,739710.78,3108731.44832,0
2023-09-13,4.196,4.311,4.18,4.255,882981.17,1694649599999,3757558.13729,19444,509839.52,2168616.30873,0
2023-09-14,4.256,4.355,4.248,4.27,1021380.96,1694735999999,4385221.56329,31965,498967.4,2142573.29121,0
2023-09-15,4.271,4.379,4.225,4.351,965469.81,1694822399999,4147360.62497,30466,490022.18,2106236.63381,0
2023-09-16,4.351,4.418,4.299,4.336,1068917.66,1694908799999,4659648.49705,25048,545952.24,2381607.2145,0
2023-09-17,4.336,4.393,4.231,4.282,1081116.04,1694995199999,4662358.32823,25293,548960.3,2371302.65781,0
2023-09-18,4.281,4.461,4.239,4.363,1447375.01,1695081599999,6335140.71878,26575,722452.25,3161594.27185,0
2023-09-19,4.363,4.482,4.337,4.407,995121.07,1695167999999,4397922.19686,20904,520348.36,2300341.33461,0
2023-09-20,4.41,4.43,4.314,4.363,1077780.93,1695254399999,4716208.15439,19473,509340.41,2226720.46946,0
2023-09-21,4.363,4.395,4.211,4.243,877544.1,1695340799999,3759525.33216,20985,402549.24,1725989.56663,0
2023-09-22,4.241,4.275,4.198,4.261,599992.82,1695427199999,2545677.13004,14401,262011.24,1112207.94496,0
2023-09-23,4.261,4.315,4.236,4.28,476222.09,1695513599999,2030809.94697,8963,256607.89,1094675.86299,0
2023-09-24,4.28,4.309,4.21,4.235,467255.34,1695599999999,1993526.75583,9679,209427.72,893700.631,0
2023-09-25,4.236,4.304,4.2,4.271,474845.42,1695686399999,2018687.15233,10411,249954.07,1063362.25384,0
2023-09-26,4.271,4.317,4.2,4.26,502808.08,1695772799999,2146667.42669,12030,259067.77,1107620.746,0
2023-09-27,4.259,4.425,4.202,4.25,1328987.15,1695859199999,5727053.26448,27855,630147.48,2715682.98948,0
2023-09-28,4.25,4.5,4.241,4.419,1042786.16,1695945599999,4559600.56438,22879,513727.85,2248847.30403,0
2023-09-29,4.42,4.502,4.323,4.402,1367262.29,1696031999999,6027485.71255,27858,696716.45,3070019.23774,0
2023-09-30,4.402,4.479,4.389,4.456,616058.11,1696118399999,2736605.21438,14999,297855.86,1322951.82544,0
2023-10-01,4.456,4.676,4.444,4.653,1486824.57,1696204799999,6777579.56718,31884,776925.48,3542915.34916,0
2023-10-02,4.656,4.688,4.42,4.457,1391768.39,1696291199999,6373475.03043,29299,632776.19,2902390.28571,0
2023-10-03,4.456,4.521,4.335,4.362,629249.75,1696377599999,2781682.54786,17221,271881.54,1202883.11689,0
2023-10-04,4.363,4.363,4.23,4.307,776739.4,1696463999999,3346549.46889,20950,360802.31,1555042.50619,0
2023-10-05,4.308,4.344,4.253,4.306,699964.78,1696550399999,3005330.72781,14405,312269.09,1341710.74128,0
2023-10-06,4.307,4.426,4.289,4.395,507588.8,1696636799999,2214072.29638,13966,238823.35,1042093.10219,0
2023-10-07,4.396,4.422,4.341,4.374,295192.93,1696723199999,1292776.06931,7804,139974.99,613136.84212,0
2023-10-08,4.376,4.384,4.279,4.337,335210.54,1696809599999,1451987.84529,9951,162306.78,702452.62009,0
2023-10-09,4.337,4.368,4.05,4.144,1397384.77,1696895999999,5839264.74324,27499,593445.31,2479734.05174,0
2023-10-10,4.141,4.172,4.056,4.12,812922.68,1696982399999,3349229.68841,19813,365830.02,1506911.15332,0
2023-10-11,4.121,4.152,4.046,4.129,625801.96,1697068799999,2566111.35209,16973,316676.6,1299888.5567,0
2023-10-12,4.129,4.149,3.97,4.002,1025801.34,1697155199999,4157506.99085,21037,494615.53,2008050.10155,0
2023-10-13,4.0,4.096,3.978,4.031,656753.37,1697241599999,2639249.84282,15916,307336.94,1235931.55766,0
2023-10-14,4.029,4.1,4.022,4.084,470639.95,1697327999999,1914794.26009,8905,264749.79,1077291.46016,0
2023-10-15,4.085,4.148,4.064,4.102,587981.15,1697414399999,2420383.34575,11198,292165.89,1203006.69058,0
2023-10-16,4.103,4.279,4.1,4.119,1343113.78,1697500799999,5592170.5036,28948,724523.21,3016967.02054,0
2023-10-17,4.12,4.127,3.832,3.888,1896656.93,1697587199999,7533055.65817,37869,793409.82,3143239.83374,0
2023-10-18,3.888,3.972,3.845,3.931,1563112.25,1697673599999,6107123.83898,30449,730644.91,2857261.70711,0
2023-10-19,3.932,3.958,3.86,3.929,1025501.84,1697759999999,4003956.52516,18108,428245.65,1673404.59937,0
2023-10-20,3.93,4.114,3.917,3.998,1825940.08,1697846399999,7332451.90476,35324,856205.8,3442917.7754,0
2023-10-21,3.998,4.16,3.959,4.141,1317695.99,1697932799999,5376205.44432,25885,756354.03,3083171.22186,0
2023-10-22,4.143,4.252,4.068,4.213,1714216.01,1698019199999,7127136.32414,38361,903782.74,3759276.50468,0
2023-10-23,4.214,4.428,4.19,4.378,3799710.0,1698105599999,16354684.58347,87267,1964114.37,8451741.69786,0
2023-10-24,4.378,4.5,4.116,4.22,5390801.72,1698191999999,23321375.58036,89060,2673056.05,11569279.00292,0
2023-10-25,4.221,4.341,4.126,4.167,3532357.88,1698278399999,14922655.2947,60157,1694044.11,7155877.89288,0
2023-10-26,4.167,4.378,4.002,4.111,4090855.9,1698364799999,17111114.24283,73343,2073643.78,8670688.42675,0
2023-10-27,4.11,4.146,3.956,4.024,2584228.66,1698451199999,10497945.03106,45699,1240154.71,5037639.82108,0
2023-10-28,4.023,4.138,4.019,4.084,1471834.65,1698537599999,6023790.86897,24613,770206.43,3152075.08854,0
2023-10-29,4.083,4.214,4.025,4.153,2560865.22,1698623999999,10632554.4176,45394,1348781.43,5601288.67636,0
2023-10-30,4.155,4.235,4.076,4.179,2961053.77,1698710399999,12337406.57336,47330,1521079.12,6338758.1271,0
2023-10-31,4.179,4.249,3.993,4.148,4638843.55,1698796799999,19193642.14407,79150,2307386.55,9556528.6501,0
2023-11-01,4.147,4.863,4.01,4.795,11823889.41,1698883199999,53153188.38552,196743,5961967.17,26738212.11075,0
2023-11-02,4.796,4.922,4.472,4.693,10652663.84,1698969599999,49823226.81884,206257,5168382.52,24173951.9931,0
2023-11-03,4.693,4.781,4.466,4.653,5197366.53,1699055999999,24057191.84533,115581,2584355.89,11970421.40012,0
2023-11-04,4.653,4.787,4.606,4.711,2756485.68,1699142399999,12971967.94952,53986,1418699.48,6678499.58632,0
2023-11-05,4.71,4.91,4.615,4.772,5112903.54,1699228799999,24387131.50303,99490,2624491.97,12511509.04148,0
2023-11-06,4.776,5.158,4.661,5.109,5265692.54,1699315199999,26199131.45282,121258,2684441.63,13366483.15456,0
2023-11-07,5.111,5.113,4.768,4.928,3502387.66,1699401599999,17319997.81597,86804,1655142.45,8190575.03082,0
2023-11-08,4.931,5.273,4.89,5.179,3751132.16,1699487999999,19237584.79463,83595,1863705.84,9566064.98611,0
2023-11-09,5.179,5.388,4.697,5.123,7523756.22,1699574399999,38444835.72132,184681,3707698.21,18960730.0559,0
2023-11-10,5.121,5.376,5.053,5.28,4731239.07,1699660799999,24702351.78035,109130,2290144.26,11959077.93117,0
2023-11-11,5.284,5.534,5.156,5.393,4771396.65,1699747199999,25641124.57786,124375,2372275.88,12754352.85554,0
2023-11-12,5.393,5.523,5.201,5.417,3192385.45,1699833599999,17160524.66145,81940,1528327.01,8216417.07583,0
2023-11-13,5.418,5.628,5.17,5.222,5831907.75,1699919999999,31568378.33853,149623,2760557.63,14964019.12709,0
2023-11-14,5.223,5.309,4.82,5.061,4331371.41,1700006399999,22201700.45122,97609,2131487.93,10929791.90955,0
2023-11-15,5.061,5.388,5.054,5.382,3571039.3,1700092799999,18716128.62618,71240,1793408.58,9402327.54097,0
2023-11-16,5.388,5.587,5.105,5.196,4575351.84,1700179199999,24704548.21908,113553,2218496.23,11979157.58923,0
2023-11-17,5.196,5.4,4.849,5.108,4238834.56,1700265599999,21711063.79448,96817,2125273.94,10901934.00671,0
2023-11-18,5.107,5.2,4.81,5.064,2423826.88,1700351999999,12127495.6258,56689,1205342.05,6041035.92602,0
2023-11-19,5.063,5.248,4.944,5.234,1909325.3,1700438399999,9709731.64697,39936,950084.76,4832685.17832,0
2023-11-20,5.235,5.359,5.1,5.187,2294451.13,1700524799999,11995514.72503,57849,1116622.15,5840550.67766,0
2023-11-21,5.186,5.269,4.824,4.85,4294268.54,1700611199999,21610631.21777,99649,1961789.68,9867527.02738,0
2023-11-22,4.85,6.294,4.834,6.109,12928534.78,1700697599999,73080746.18792,255318,6654470.94,37653597.00652,0
2023-11-23,6.109,6.443,6.052,6.331,7992474.48,1700783999999,49941349.25833,173614,4109501.1,25680352.25901,0
2023-11-24,6.33,6.605,6.075,6.167,7163308.55,1700870399999,44842368.68386,135923,3380697.23,21184188.52379,0
2023-11-25,6.165,6.318,6.067,6.167,2493801.36,1700956799999,15431469.99573,56963,1193479.34,7386616.18221,0
2023-11-26,6.167,6.216,5.812,6.18,3026679.09,1701043199999,18337445.04441,67876,1499240.35,9088068.71274,0
2023-11-27,6.182,6.367,5.915,6.294,5518941.96,1701129599999,33833294.46018,127063,2612485.87,16038522.83236,0
2023-11-28,6.293,6.572,6.064,6.167,6398678.58,1701215999999,40146214.96385,132805,3141625.67,19721055.50455,0
2023-11-29,6.168,6.387,5.982,6.008,2884857.08,1701302399999,17868085.20738,68560,1332265.66,8259941.7611,0
2023-11-30,6.008,6.033,5.85,5.959,2825999.62,1701388799999,16756589.68106,64205,1328293.1,7875855.22767,0
2023-12-01,5.96,6.1,5.89,6.016,1993746.49,1701475199999,12020034.36978,47750,1035514.52,6244890.79156,0
2023-12-02,6.016,6.2,6.003,6.172,1781371.09,1701561599999,10872055.48309,46408,820777.33,5013457.33769,0
2023-12-03,6.172,6.25,5.933,6.057,2571740.75,1701647999999,15711087.14733,55872,1174539.71,7178785.57694,0
2023-12-04,6.056,6.326,5.88,6.111,5265170.08,1701734399999,32172898.47627,113444,2560625.65,15654092.83327,0
2023-12-05,6.108,6.348,5.975,6.256,3576667.35,1701820799999,22041247.58288,80165,1697498.38,10467047.04244,0
2023-12-06,6.258,6.291,5.94,6.0,4718671.72,1701907199999,28817614.08496,103084,2332659.03,14253107.71688,0
2023-12-07,6.0,6.361,5.984,6.293,3148267.98,1701993599999,19432698.28001,74033,1651430.95,10208797.73688,0
2023-12-08,6.294,6.55,6.258,6.512,3957069.47,1702079999999,25291547.60855,84613,2108285.11,13476990.07529,0
2023-12-09,6.513,7.13,6.51,6.842,6533876.43,1702166399999,43999476.80479,165995,3507912.57,23626368.12608,0
2023-12-10,6.843,6.884,6.4,6.605,3319257.05,1702252799999,22048562.63436,80614,1632305.92,10854807.74565,0
2023-12-11,6.605,6.618,5.894,6.1,5672416.75,1702339199999,34952765.86466,124298,2749865.37,16965904.18593,0
2023-12-12,6.099,6.345,6.084,6.232,2761397.24,1702425599999,17176277.36515,59717,1349888.55,8400629.05297,0
2023-12-13,6.236,6.33,5.943,6.296,2862521.04,1702511999999,17604042.30094,59151,1454077.93,8950372.56273,0
2023-12-14,6.298,6.473,6.1,6.361,2471343.09,1702598399999,15602818.91603,60287,1270323.46,8024575.47568,0
2023-12-15,6.364,6.366,5.982,6.036,2333835.74,1702684799999,14387021.61512,52180,1107944.8,6837722.15916,0
2023-12-16,6.035,6.25,5.931,6.167,1497453.29,1702771199999,9197852.78869,35944,698784.9,4294612.82139,0
2023-12-17,6.167,6.28,6.05,6.063,2076777.88,1702857599999,12834400.62886,47630,961297.43,5942991.47967,0
2023-12-18,6.065,6.117,5.593,5.945,3717189.38,1702943999999,21604864.51996,87416,1777443.5,10323789.01049,0
2023-12-19,5.943,6.039,5.75,5.834,1703388.54,1703030399999,10109831.26232,44839,809044.67,4802986.72016,0
2023-12-20,5.834,6.107,5.794,5.926,1816453.26,1703116799999,10840110.92462,44276,896074.13,5344332.89385,0
2023-12-21,5.93,6.21,5.861,6.182,2931221.25,1703203199999,17601001.48413,58928,1453785.17,8742487.59077,0
2023-12-22,6.183,6.489,6.121,6.392,4554815.3,1703289599999,28741751.61896,93015,2340235.88,14777235.57508,0
2023-12-23,6.391,6.426,6.098,6.339,6697092.57,1703375999999,41567378.4307,103537,3323863.66,20634063.30018,0
2023-12-24,6.341,7.18,6.317,6.842,9372595.58,1703462399999,63603913.64811,234163,4936000.78,33484797.39228,0
2023-12-25,6.841,7.16,6.664,6.969,5009058.85,1703548799999,34372153.79701,124703,2512719.77,17248467.97684,0
2023-12-26,6.969,7.799,6.632,7.346,9709654.78,1703635199999,70934605.59129,289226,4993595.97,36531902.67611,0
2023-12-27,7.346,7.443,6.981,7.237,4791991.55,1703721599999,34658412.12905,130390,2371967.78,17160812.75954,0
2023-12-28,7.235,8.26,7.223,7.806,10437790.81,1703807999999,80985613.09214,321424,5263081.32,40851831.00595,0
2023-12-29,7.809,7.882,7.366,7.568,5813176.49,1703894399999,44403707.60051,160269,2782442.13,21251862.16131,0
2023-12-30,7.566,7.81,7.318,7.358,3041523.58,1703980799999,22987554.14264,89887,1443418.73,10910194.05803,0
2023-12-31,7.357,7.706,7.143,7.222,2415081.67,1704067199999,18020099.65915,74029,1135880.4,8472342.26289,0
2024-01-01,7.222,7.644,7.139,7.6,1945826.63,1704153599999,14427461.41688,56637,965340.82,7153790.87264,0
2024-01-02,7.603,7.723,7.145,7.175,2848688.7,1704239999999,21213815.8245,94914,1354952.14,10095268.10501,0
2024-01-03,7.176,7.38,5.879,6.433,6237233.92,1704326399999,41878931.37052,191377,2843963.23,19082229.83494,0
2024-01-04,6.431,6.716,6.363,6.53,2240246.85,1704412799999,14701513.81651,58190,1123150.05,7372539.951,0
2024-01-05,6.532,6.639,6.162,6.434,2493708.19,1704499199999,16046546.03659,65826,1225215.19,7884138.07541,0
2024-01-06,6.434,6.44,6.015,6.308,1721820.18,1704585599999,10759090.11187,48443,828250.43,5180662.79187,0
2024-01-07,6.311,6.446,5.921,6.004,1373058.26,1704671999999,8528485.8303,40197,682105.43,4233371.61765,0
2024-01-08,6.007,6.241,5.66,6.24,2939688.96,1704758399999,17566448.2769,69095,1457697.2,8722863.81143,0
2024-01-09,6.24,6.278,5.705,6.011,3192609.82,1704844799999,18977956.41947,84066,1597135.46,9493269.7367,0
2024-01-10,6.012,6.755,5.93,6.568,3830777.16,1704931199999,23942433.91835,105260,1941889.25,12142202.99153,0
2024-01-11,6.568,6.975,6.51,6.819,4026266.3,1705017599999,27144986.88309,104485,1923821.77,12977749.03495,0
2024-01-12,6.819,6.976,6.301,6.579,3854376.29,1705103999999,25933955.84921,114426,1910659.22,12857898.28199,0
2024-01-13,6.58,6.701,6.39,6.632,1740642.72,1705190399999,11445883.1965,48442,826141.82,5431539.76392,0
2024-01-14,6.633,6.67,6.304,6.319,1150756.29,1705276799999,7517455.59479,37462,539584.97,3524591.95379,0
2024-01-15,6.318,6.734,6.309,6.671,2457251.33,1705363199999,16222177.30777,61342,1211867.69,8002425.31093,0
2024-01-16,6.673,6.934,6.65,6.825,2087549.53,1705449599999,14222713.15955,58724,1037330.18,7069187.96998,0
2024-01-17,6.825,6.895,6.66,6.77,1800287.65,1705535999999,12213914.73173,47028,846111.27,5741726.45237,0
2024-01-18,6.771,6.844,6.231,6.32,1844838.93,1705622399999,12067308.1272,52806,803315.85,5258402.91043,0
2024-01-19,6.32,6.389,6.037,6.357,1692365.44,1705708799999,10602067.96956,48998,742871.93,4658715.84567,0
2024-01-20,6.358,6.623,6.294,6.497,1720275.46,1705795199999,11148914.7317,39611,862490.54,5586843.70477,0
2024-01-21,6.497,6.525,6.362,6.377,605092.04,1705881599999,3906243.78051,18550,251443.27,1623630.51773,0
2024-01-22,6.376,6.403,5.967,6.048,1489236.84,1705967999999,9186916.6429,46523,693703.1,4278837.58986,0
2024-01-23,6.044,6.132,5.535,5.842,2509513.0,1706054399999,14476780.61527,69639,1201649.37,6932912.0822,0
2024-01-24,5.842,5.912,5.725,5.866,1317945.9,1706140799999,7665334.60692,28756,654480.11,3808288.95449,0
2024-01-25,5.868,5.87,5.629,5.75,897373.0,1706227199999,5177374.35705,23369,441708.2,2547925.4519,0
2024-01-26,5.749,5.965,5.7,5.949,1074851.21,1706313599999,6291701.76227,27814,546081.04,3196638.92317,0
2024-01-27,5.951,6.004,5.847,5.986,658601.03,1706399999999,3912097.69685,16673,338461.97,2011603.26834,0
2024-01-28,5.986,6.079,5.879,5.942,884148.5,1706486399999,5291633.59551,22205,403842.54,2419573.68547,0
2024-01-29,5.944,6.147,5.877,6.145,1413510.13,1706572799999,8505971.21243,30443,716545.18,4312046.20189,0
2024-01-30,6.145,6.34,6.118,6.257,1492342.07,1706659199999,9274564.91237,31495,674467.16,4193686.4684,0
2024-01-31,6.257,6.33,5.933,6.001,1790208.87,1706745599999,10972194.74302,40094,826696.63,5064762.11419,0
2024-02-01,6.003,6.087,5.883,6.049,1365220.32,1706831999999,8170261.98823,27009,632755.51,3786644.70356,0
2024-02-02,6.048,6.262,6.035,6.136,1077858.28,1706918399999,6634788.9656,22582,548211.46,3373439.95607,0
2024-02-03,6.136,6.285,6.058,6.108,844504.66,1707004799999,5202078.14335,18232,398889.16,2457139.43417,0
2024-02-04,6.107,6.13,5.953,5.981,590556.07,1707091199999,3565411.60547,14493,265191.42,1601880.36591,0
2024-02-05,5.979,6.1,5.913,6.005,820201.0,1707177599999,4921552.75197,18632,394307.99,2366130.41039,0
2024-02-06,6.005,6.438,6.0,6.278,1631031.89,1707263999999,10155034.9453,35982,814726.26,5076198.67413,0
2024-02-07,6.278,6.476,6.221,6.393,1303923.89,1707350399999,8259133.43787,27959,654798.18,4148284.28387,0
2024-02-08,6.393,6.434,6.307,6.316,1013712.73,1707436799999,6457509.98096,22853,484401.91,3087048.83364,0
2024-02-09,6.316,6.694,6.308,6.654,1975370.87,1707523199999,12925505.09026,43471,1044832.61,6841932.89832,0
2024-02-10,6.654,6.751,6.534,6.628,941087.36,1707609599999,6264465.52566,27021,489403.91,3260658.13001,0
2024-02-11,6.628,6.828,6.555,6.683,1571053.34,1707695999999,10516749.61915,38914,770665.67,5162257.06671,0
2024-02-12,6.685,6.859,6.48,6.836,1537443.35,1707782399999,10272763.76632,41246,781988.86,5227350.84468,0
2024-02-13,6.836,6.877,6.535,6.68,1445791.74,1707868799999,9722025.55334,36763,690960.65,4648087.24989,0
2024-02-14,6.679,6.903,6.635,6.889,1410023.61,1707955199999,9586091.05844,39322,709083.49,4821444.74587,0
2024-02-15,6.889,7.532,6.889,7.506,3489004.49,1708041599999,25238106.80661,96680,1730199.24,12512631.93291,0
2024-02-16,7.506,7.674,7.3,7.44,2912376.81,1708127999999,21880627.99434,73839,1416012.62,10643530.90143,0
2024-02-17,7.443,7.798,7.369,7.766,2952390.99,1708214399999,22410590.68997,81688,1467411.84,11141036.87404,0
2024-02-18,7.767,7.976,7.543,7.657,2170308.36,1708300799999,16774453.53214,65077,1107777.51,8568939.74996,0
2024-02-19,7.657,7.786,7.514,7.698,2136008.5,1708387199999,16369623.7783,60987,970828.62,7438554.73831,0
2024-02-20,7.698,7.735,7.244,7.559,2544818.53,1708473599999,19111105.94598,70131,1218073.07,9156018.18179,0
2024-02-21,7.558,7.558,7.078,7.391,1678182.31,1708559999999,12200179.72673,47540,808613.43,5872717.60962,0
2024-02-22,7.392,7.524,7.271,7.36,1465874.7,1708646399999,10865390.24088,46527,708923.0,5256385.9953,0
2024-02-23,7.358,12.632,6.963,11.4,45582807.42,1708732799999,486633535.7864,1784046,22391101.04,239821794.70877,0
2024-02-24,11.397,12.859,10.916,11.259,32760235.02,1708819199999,389130688.3745,1135183,15954994.9,189723932.93174,0
2024-02-25,11.26,11.637,10.1,11.138,15111199.6,1708905599999,162206005.03543,469116,7298557.74,78436404.85864,0
2024-02-26,11.14,11.56,10.364,10.612,11657596.22,1708991999999,126087168.5895,376276,5796316.57,62734722.37383,0
2024-02-27,10.612,11.213,10.4,10.832,8086764.08,1709078399999,87362538.55346,261090,4094662.02,44279478.28064,0
2024-02-28,10.832,11.279,9.7,10.927,10152559.9,1709164799999,109384657.53975,341721,5020008.45,54102929.94232,0
2024-02-29,10.927,11.999,10.734,11.124,11956520.94,1709251199999,134267084.83012,492001,5905772.73,66329465.12961,0
2024-03-01,11.127,12.038,10.814,11.565,7612345.55,1709337599999,86898249.24289,270022,3815949.87,43549504.93878,0
2024-03-02,11.565,13.5,11.299,12.609,12748727.57,1709423999999,157390078.35199,461767,6730259.7,83149292.64762,0
2024-03-03,12.608,13.267,11.5,12.638,7264739.75,1709510399999,91219110.34405,291678,3564312.62,44769473.50092,0
2024-03-04,12.639,13.079,12.0,12.358,6746794.04,1709596799999,84514965.38939,225617,3337864.96,41828831.40525,0
2024-03-05,12.358,14.089,11.28,13.184,14518182.0,1709683199999,187912486.2181,593642,7175768.68,93001495.56876,0
2024-03-06,13.186,17.05,12.543,15.406,17274814.69,1709769599999,263538978.93731,806247,8593771.81,131020998.39793,0
2024-03-07,15.408,15.573,14.528,14.875,6059680.43,1709855999999,90755631.80938,234864,3029618.58,45381496.55575,0
2024-03-08,14.878,15.452,14.165,14.582,5109719.8,1709942399999,76137617.6047,209485,2552044.27,38043857.46881,0
2024-03-09,14.581,15.014,13.842,14.184,5427317.52,1710028799999,78056076.08489,191877,2554236.17,36738477.3937,0
2024-03-10,14.185,14.416,13.5,14.233,4646319.95,1710115199999,65318434.28582,158018,2204921.75,31027199.76721,0
2024-03-11,14.231,14.642,13.5,14.437,4348900.95,1710201599999,61694799.9577,174102,2200709.25,31235208.0626,0
2024-03-12,14.436,14.572,13.018,14.063,4443993.32,1710287999999,62081435.69404,205223,2162314.95,30222822.68909,0
2024-03-13,14.065,14.8,13.743,14.227,3590830.86,1710374399999,51051728.84122,149495,1841770.18,26187368.61749,0
2024-03-14,14.228,14.474,13.167,13.947,4157084.01,1710460799999,58067440.78197,173785,1985901.79,27740822.5548,0
2024-03-15,13.949,14.137,12.136,13.066,5616115.09,1710547199999,72796631.45252,225601,2736707.66,35427915.27547,0
2024-03-16,13.069,13.164,11.758,12.029,2920835.54,1710633599999,36731835.03174,123059,1359762.22,17094415.12705,0
2024-03-17,12.031,12.667,11.35,12.422,2790079.58,1710719999999,33899078.39324,111930,1523633.02,18558907.68996,0
2024-03-18,12.422,12.612,11.561,11.877,2386476.82,1710806399999,28948608.24213,96964,1094070.84,13216744.17668,0
2024-03-19,11.875,12.048,10.384,10.614,5125751.51,1710892799999,56593765.29792,171218,2385424.59,26265284.85638,0
2024-03-20,10.611,11.95,10.3,11.913,3886670.75,1710979199999,43258880.42959,144711,1874078.18,20878031.04632,0
2024-03-21,11.909,12.239,11.542,12.183,2625898.43,1711065599999,31394065.64529,97325,1316171.64,15740157.69149,0
2024-03-22,12.183,12.25,11.335,11.759,2314450.76,1711151999999,27290854.84419,83988,1105421.96,13021994.32747,0
2024-03-23,11.76,12.021,11.568,11.614,1488835.39,1711238399999,17617226.77966,56841,782969.25,9269175.94128,0
2024-03-24,11.616,12.091,11.568,12.039,1231546.88,1711324799999,14570636.17898,45951,628966.43,7441651.19433,0
2024-03-25,12.042,13.0,11.921,12.429,2117826.39,1711411199999,26210884.97671,82701,1137148.45,14104093.96387,0
2024-03-26,12.424,12.889,12.36,12.692,1996606.93,1711497599999,25262047.71767,85937,1056599.9,13370400.43757,0
2024-03-27,12.694,12.828,12.094,12.246,2391262.69,1711583999999,29818022.79332,99990,1222380.09,15245796.27461,0
2024-03-28,12.243,13.123,12.116,12.749,2276508.02,1711670399999,28576813.54546,87919,1199576.97,15072054.12204,0
2024-03-29,12.751,13.155,12.437,12.642,2689334.09,1711756799999,34323030.69348,97121,1344675.48,17162589.39419,0
2024-03-30,12.64,12.916,12.506,12.607,1460876.98,1711843199999,18584377.9357,58074,782780.21,9964242.07955,0
2024-03-31,12.607,13.343,12.575,12.947,2314761.94,1711929599999,30195758.67205,83952,1148849.65,14986876.12503,0
2024-04-01,12.946,12.952,12.029,12.416,3179157.04,1712015999999,39614793.28303,120065,1345908.89,16757450.1559,0
2024-04-02,12.414,12.421,11.177,11.302,3468324.92,1712102399999,40110949.95716,118755,1594551.36,18433619.49473,0
2024-04-03,11.304,11.457,10.651,10.868,4443826.92,1712188799999,49066005.37607,139619,1902335.69,20991383.72158,0
2024-04-04,10.868,11.276,10.704,10.976,1867298.17,1712275199999,20595561.31215,54324,968139.69,10672687.37111,0
2024-04-05,10.972,11.064,10.431,10.926,1615645.92,1712361599999,17342456.34231,52768,778731.85,8365296.71793,0
2024-04-06,10.929,11.345,10.889,11.241,927531.29,1712447999999,10296684.68725,32735,485190.16,5385611.7615,0
2024-04-07,11.241,11.488,11.192,11.401,2738667.34,1712534399999,31070156.71515,69920,1442664.87,16371616.9351,0
2024-04-08,11.397,11.81,11.265,11.624,1649927.49,1712620799999,19131675.43481,57463,871990.61,10114023.49567,0
2024-04-09,11.624,11.714,11.027,11.212,1927360.48,1712707199999,21841345.99044,70481,963840.5,10920974.55588,0
2024-04-10,11.21,11.316,9.801,10.047,9598126.86,1712793599999,99215859.47391,259969,4823861.53,49844060.21743,0
2024-04-11,10.047,10.048,8.716,9.139,19189507.5,1712879999999,177679819.36593,429419,8687630.2,80424066.43273,0
2024-04-12,9.143,9.21,7.0,7.922,13220041.99,1712966399999,110332752.39723,293585,6401784.25,53412212.93083,0
2024-04-13,7.92,8.211,5.899,6.91,15232169.21,1713052799999,105578774.96973,373930,7318848.91,50909583.10646,0
2024-04-14,6.911,7.587,6.643,7.523,10681562.55,1713139199999,75740804.71003,239320,5409815.68,38350701.08032,0
2024-04-15,7.523,7.932,7.018,7.247,6368389.32,1713225599999,47966554.47868,148525,3079893.88,23194462.71977,0
2024-04-16,7.25,7.331,6.763,7.189,5612964.55,1713311999999,39770825.35747,112854,2836648.11,20113598.12674,0
2024-04-17,7.182,7.246,6.624,6.889,2433417.76,1713398399999,16922060.55042,64781,1147695.05,7977939.82581,0
2024-04-18,6.891,7.35,6.727,7.296,2702074.52,1713484799999,19012055.37569,62880,1281651.58,9031053.4474,0
2024-04-19,7.293,7.696,6.713,7.491,3764350.17,1713571199999,27773754.60895,90621,2053800.66,15172791.2715,0
2024-04-20,7.489,7.921,7.396,7.873,2374609.58,1713657599999,18178607.34093,68334,1202980.89,9207837.62893,0
2024-04-21,7.872,7.955,7.547,7.731,1276363.7,1713743999999,9914264.73496,45090,589453.25,4579864.99606,0
2024-04-22,7.73,8.301,7.703,8.2,2333601.6,1713830399999,18699727.96074,65884,1216517.12,9746447.92369,0
2024-04-23,8.2,8.358,7.906,7.948,2111713.69,1713916799999,17073031.39122,58837,930886.63,7532436.81018,0
2024-04-24,7.947,8.215,7.592,7.72,2089035.27,1714003199999,16507950.19638,56386,1028036.87,8124444.72125,0
2024-04-25,7.715,8.13,7.561,7.93,2200386.0,1714089599999,17218461.75755,59307,1083254.2,8482482.74937,0
2024-04-26,7.931,7.948,7.528,7.703,1644152.23,1714175999999,12690009.6965,45686,767765.77,5927452.91803,0
2024-04-27,7.705,8.071,7.425,7.973,1383590.66,1714262399999,10689082.40378,47023,670519.16,5185196.29523,0
2024-04-28,7.978,8.227,7.797,7.825,1964278.09,1714348799999,15760204.73546,47151,1005119.59,8065152.30282,0
2024-04-29,7.828,7.893,7.496,7.689,1400705.08,1714435199999,10729064.43406,40752,607365.08,4652447.61579,0
2024-04-30,7.689,7.807,6.8,7.039,2793581.81,1714521599999,19998549.74816,74422,1376843.22,9845470.56698,0
2024-05-01,7.038,7.154,6.536,7.047,3213315.1,1714607999999,22088674.21804,85269,1591216.89,10943618.39907,0
2024-05-02,7.047,7.214,6.846,7.107,1054303.79,1714694399999,7444594.79597,31243,549901.29,3884195.70925,0
2024-05-03,7.107,7.618,6.949,7.585,2069126.75,1714780799999,15186507.24566,52309,1097524.55,8045425.86557,0
2024-05-04,7.585,7.717,7.472,7.531,1404469.63,1714867199999,10628991.4625,37090,656667.04,4970056.90236,0
2024-05-05,7.535,7.65,7.352,7.587,1385910.56,1714953599999,10340456.92594,34946,767504.7,5724485.58693,0
2024-05-06,7.588,7.949,7.435,7.474,2036563.47,1715039999999,15595968.43846,63461,1032866.3,7912906.50319,0
2024-05-07,7.475,7.68,7.377,7.396,1170340.25,1715126399999,8808520.61659,35337,563023.46,4236402.1139,0
2024-05-08,7.396,7.531,7.205,7.329,1032760.59,1715212799999,7599886.26306,35188,478543.27,3522499.3416,0
2024-05-09,7.325,7.548,7.17,7.501,671303.78,1715299199999,4933927.46881,22900,333183.38,2445735.11514,0
2024-05-10,7.502,7.564,7.024,7.107,888009.63,1715385599999,6488233.21338,33342,424896.52,3109515.07185,0
2024-05-11,7.109,7.204,7.017,7.036,562896.55,1715471999999,3997887.85925,18933,263020.87,1867968.75652,0
2024-05-12,7.037,7.217,6.984,7.064,594384.17,1715558399999,4220257.86691,19578,309680.17,2198076.505,0
2024-05-13,7.064,7.211,6.837,7.003,1438815.8,1715644799999,10137972.08812,41469,751359.37,5298634.96356,0
2024-05-14,7.007,7.022,6.761,6.787,979588.32,1715731199999,6754810.98308,33558,448788.83,3095470.86136,0
2024-05-15,6.787,7.445,6.735,7.364,1208615.32,1715817599999,8624098.13786,37856,624231.2,4456177.14305,0
2024-05-16,7.365,7.429,7.049,7.293,1033317.36,1715903999999,7526050.97033,33711,512364.97,3734528.78328,0
2024-05-17,7.295,7.605,7.236,7.491,1244916.54,1715990399999,9265922.89621,38946,608184.83,4522648.98253,0
2024-05-18,7.491,8.228,7.444,7.86,3423784.61,1716076799999,26997589.10363,101276,1741736.49,13727818.57841,0
2024-05-19,7.86,7.97,7.58,7.642,1209679.92,1716163199999,9422962.98147,37478,540446.66,4215813.30293,0
2024-05-20,7.642,9.516,7.618,9.328,4886863.41,1716249599999,41349750.57555,206972,2435524.2,20669339.32342,0
2024-05-21,9.327,9.672,9.083,9.659,4302999.77,1716335999999,40372838.51566,159128,2233755.19,20944119.62871,0
2024-05-22,9.658,9.694,9.021,9.304,3009371.79,1716422399999,28083840.16705,103667,1486679.19,13885812.26901,0
2024-05-23,9.305,9.87,8.617,9.088,4686381.81,1716508799999,43854994.33695,181223,2284286.82,21394654.85349,0
2024-05-24,9.087,10.569,8.938,10.213,6010490.36,1716595199999,58009210.12292,238897,3027562.39,29221552.48528,0
2024-05-25,10.214,11.497,10.152,11.329,8019458.82,1716681599999,87093873.87142,327412,4170876.31,45306425.66374,0
2024-05-26,11.33,11.8,11.064,11.167,6066941.99,1716767999999,69108085.41277,238051,3075586.03,35057535.6494,0
2024-05-27,11.169,11.372,10.902,11.056,3230856.4,1716854399999,35931893.95089,117751,1582151.9,17608694.5848,0
2024-05-28,11.057,11.51,10.603,11.107,3725865.1,1716940799999,40717492.74409,156360,1798942.57,19686602.31384,0
2024-05-29,11.11,11.34,10.44,10.443,2745127.46,1717027199999,29734760.48423,127046,1316223.22,14262092.91033,0
2024-05-30,10.444,11.209,10.361,10.758,1812312.31,1717113599999,19535841.88316,99529,873317.59,9412653.77978,0
2024-05-31,10.76,11.139,9.929,9.957,3148986.72,1717199999999,33282586.01254,145362,1442416.63,15248936.8886,0
2024-06-01,9.957,10.072,9.86,9.886,1357483.99,1717286399999,13522690.50585,63266,690776.8,6883646.2414,0
2024-06-02,9.885,9.959,9.36,9.422,1283848.11,1717372799999,12410952.8442,57756,601606.41,5818139.94067,0
2024-06-03,9.419,9.838,9.293,9.493,1711848.9,1717459199999,16493605.11041,66154,876463.97,8447811.56263,0
2024-06-04,9.494,11.968,9.403,11.466,10228765.87,1717545599999,111687277.87489,474877,5216306.71,56812194.97893,0
2024-06-05,11.467,11.596,10.876,11.162,4360122.27,1717631999999,48767250.92503,182160,2074006.67,23200250.57209,0
2024-06-06,11.167,11.267,10.42,10.619,3107269.54,1717718399999,33480971.6678,124735,1421603.7,15325100.38198,0
2024-06-07,10.619,10.75,9.15,9.818,2914002.05,1717804799999,29503449.07761,145880,1333953.53,13527517.19496,0
2024-06-08,9.818,10.201,9.786,10.052,1900669.26,1717891199999,18946528.88444,92544,861654.73,8590735.3514,0
2024-06-09,10.05,10.082,9.759,9.823,904172.18,1717977599999,8954261.51912,39859,439167.95,4348290.60922,0
2024-06-10,9.824,10.685,9.609,10.351,3224428.86,1718063999999,32957345.98944,134500,1625527.81,16624573.97041,0
2024-06-11,10.349,10.399,8.74,8.978,4952530.73,1718150399999,46387250.26358,176886,2423167.03,22666363.4154,0
2024-06-12,8.978,10.341,8.775,10.079,6226703.66,1718236799999,60826980.54327,258869,3204458.29,31252266.65263,0
2024-06-13,10.08,10.24,9.638,10.164,2710791.37,1718323199999,26985193.04273,171552,1415755.97,14104699.68637,0
2024-06-14,10.162,11.027,10.072,10.431,6327707.97,1718409599999,66913650.2664,267556,3136543.06,33183397.20916,0
2024-06-15,10.43,11.874,10.352,11.52,6564282.44,1718495999999,73234849.21867,303672,3344879.19,37326610.8287,0
2024-06-16,11.519,12.026,11.258,11.984,2875675.14,1718582399999,33231523.41378,149264,1471359.62,17024247.66238,0
2024-06-17,11.981,11.986,10.521,10.61,4786464.14,1718668799999,52882536.45596,217646,2142724.29,23673436.93001,0
2024-06-18,10.609,10.644,9.238,9.766,4229131.74,1718755199999,41470182.24779,169084,1985147.49,19447045.98205,0
2024-06-19,9.766,10.477,9.625,9.954,4568679.79,1718841599999,46515897.42211,189083,2254525.16,22949146.33734,0
2024-06-20,9.953,10.3,9.637,10.029,2175718.7,1718927999999,21775198.87166,150704,1136247.38,11376846.04058,0
2024-06-21,10.028,10.322,9.7,9.81,2417601.67,1719014399999,24093242.03532,204383,1200756.48,11975498.35553,0
2024-06-22,9.81,10.096,9.59,9.843,1375348.14,1719100799999,13584744.87041,188417,722865.49,7141526.13917,0
2024-06-23,9.843,10.116,9.75,9.772,1084762.42,1719187199999,10810715.10467,134365,577333.97,5752620.74507,0
2024-06-24,9.772,9.821,8.751,9.325,4178546.18,1719273599999,38141302.51654,339643,2079830.68,18956537.12014,0
2024-06-25,9.328,9.569,9.191,9.503,1912641.62,1719359999999,17961606.17156,319259,1029233.49,9669634.90454,0
2024-06-26,9.505,9.654,9.149,9.394,1562444.06,1719446399999,14693838.73193,167624,881969.19,8297132.2892,0
2024-06-27,9.394,9.648,9.182,9.506,1873329.36,1719532799999,17598942.23707,151733,967382.21,9091377.89074,0
2024-06-28,9.508,9.636,8.93,9.002,3292786.32,1719619199999,30504857.68429,122650,1565517.78,14506991.40602,0
2024-06-29,9.002,9.128,8.844,8.854,1235971.81,1719705599999,11085480.34329,54872,656430.99,5888140.48898,0
2024-06-30,8.858,9.35,8.76,9.295,979114.72,1719791999999,8849267.11362,36158,480944.58,4351687.87512,0
2024-07-01,9.296,9.527,9.132,9.146,1810551.92,1719878399999,16898375.93294,65148,1002556.52,9361299.88757,0
2024-07-02,9.146,9.225,8.799,9.0,1862694.69,1719964799999,16732748.61571,62914,796099.8,7164642.9859,0
2024-07-03,9.0,9.067,8.401,8.522,1955707.37,1720051199999,17030933.33446,75338,898667.75,7824798.34703,0
2024-07-04,8.523,8.585,7.587,7.628,3095649.56,1720137599999,24973790.10901,104976,1477991.54,11932383.12321,0
2024-07-05,7.627,7.822,6.763,7.776,5844740.91,1720223999999,42446224.07916,183720,2890883.04,21003325.17441,0
2024-07-06,7.774,8.262,7.666,8.19,1415163.4,1720310399999,11243327.74342,54423,725452.63,5765342.64041,0
2024-07-07,8.188,8.207,7.596,7.647,1430816.61,1720396799999,11347314.32446,56315,756178.68,6011291.28103,0
2024-07-08,7.647,8.313,7.313,8.037,2447184.02,1720483199999,19276584.94086,96853,1232497.55,9698517.54368,0
2024-07-09,8.035,8.285,7.976,8.174,1303799.96,1720569599999,10586752.81007,47400,639588.33,5195714.75679,0
2024-07-10,8.175,8.346,7.994,8.026,1685596.09,1720655999999,13676572.06171,56394,872020.74,7075657.5869,0
2024-07-11,8.026,8.182,7.761,7.829,1421456.29,1720742399999,11337871.8027,52915,687934.89,5488589.85217,0
2024-07-12,7.828,8.269,7.693,8.115,1369747.99,1720828799999,10886014.87584,58705,677406.14,5394095.02307,0
2024-07-13,8.116,8.3,8.078,8.155,1007335.28,1720915199999,8235806.30845,47233,561518.32,4591785.87549,0
2024-07-14,8.154,8.5,8.096,8.426,1317117.9,1721001599999,10904571.59094,57793,686175.12,5683605.49794,0
2024-07-15,8.42,8.611,8.281,8.596,2013905.47,1721087999999,17032838.94417,68863,1175642.93,9945176.94582,0
2024-07-16,8.593,8.659,7.867,8.174,3968113.88,1721174399999,32497013.79378,144038,2031847.91,16624415.43789,0
2024-07-17,8.173,8.418,7.87,7.922,2323927.65,1721260799999,18942165.84567,103896,1153394.84,9407657.87031,0
2024-07-18,7.922,8.053,7.55,7.834,1918559.79,1721347199999,15140030.63489,77396,998006.98,7887191.56516,0
2024-07-19,7.837,8.032,7.668,7.995,1745569.52,1721433599999,13763141.02419,77377,880606.75,6947377.45784,0
2024-07-20,7.995,8.05,7.816,8.012,1836866.85,1721519999999,14614183.72602,61945,879715.12,7000114.31872,0
2024-07-21,8.014,8.188,7.621,8.124,1932651.51,1721606399999,15408392.85604,78244,914581.97,7294071.56747,0
2024-07-22,8.127,8.173,7.744,7.812,1424533.58,1721692799999,11330128.48679,65936,676718.87,5386674.82618,0
2024-07-23,7.814,8.01,7.553,7.709,2020485.98,1721779199999,15731288.98641,95839,980141.47,7631833.38225,0
2024-07-24,7.707,7.771,7.331,7.424,1368368.86,1721865599999,10366299.71766,63545,575615.4,4361492.18389,0
2024-07-25,7.425,7.461,7.033,7.29,1877630.44,1721951999999,13495903.43025,97593,869386.88,6249098.39263,0
2024-07-26,7.29,7.708,7.272,7.677,1019322.51,1722038399999,7695513.25609,50056,544275.92,4110882.95929,0
2024-07-27,7.675,7.94,7.54,7.671,1559905.96,1722124799999,12043740.694,85686,754605.77,5827832.02396,0
2024-07-28,7.672,7.672,7.453,7.532,659913.78,1722211199999,4987179.05602,37934,290583.69,2197168.14972,0
2024-07-29,7.534,7.906,7.522,7.683,1432594.74,1722297599999,11108503.69055,67057,721693.31,5597324.33398,0
2024-07-30,7.682,7.753,7.29,7.392,865700.77,1722383999999,6526974.77284,43837,434262.78,3270732.0299,0
2024-07-31,7.392,7.482,7.138,7.169,931204.33,1722470399999,6811406.50185,48637,463387.66,3394568.5026,0
2024-08-01,7.169,7.266,6.862,7.185,2103709.38,1722556799999,14874911.74777,105778,1015639.8,7190216.29825,0
2024-08-02,7.185,7.247,6.518,6.617,2075356.72,1722643199999,14191403.27021,104211,971126.32,6657897.70721,0
2024-08-03,6.616,6.784,6.406,6.627,1903959.18,1722729599999,12538195.89079,95231,775054.88,5101345.99026,0
2024-08-04,6.627,6.683,5.975,6.147,2948368.73,1722815999999,18727109.71852,115560,1317185.06,8389433.4422,0
2024-08-05,6.147,6.6,4.703,5.367,13586115.34,1722902399999,71055985.51692,433295,6324215.74,33052763.81163,0
2024-08-06,5.367,5.898,5.362,5.789,3377708.82,1722988799999,19280188.01702,123352,1665671.07,9522227.55513,0
2024-08-07,5.789,6.014,5.523,5.659,1917670.49,1723075199999,11104880.94811,80248,881804.33,5101094.84584,0
2024-08-08,5.661,6.323,5.58,6.281,2318137.07,1723161599999,13848643.25289,98176,1052131.84,6281195.47435,0
2024-08-09,6.282,6.282,5.961,6.143,1152300.7,1723247999999,7070187.78923,66724,549259.56,3364810.65044,0
2024-08-10,6.144,6.249,6.088,6.188,492356.59,1723334399999,3041438.30324,28801,239995.67,1482752.29849,0
2024-08-11,6.189,6.4,5.872,5.902,848305.0,1723420799999,5221498.53494,47259,415636.55,2561300.71725,0
2024-08-12,5.905,6.312,5.851,6.239,1328818.95,1723507199999,8125712.63675,56830,643947.93,3937854.68468,0
2024-08-13,6.239,6.397,6.078,6.345,1019634.08,1723593599999,6353859.55154,38738,480513.96,2993848.68806,0
2024-08-14,6.347,6.508,6.216,6.438,1377224.51,1723679999999,8799284.36473,49998,687503.37,4392497.81659,0
2024-08-15,6.439,6.453,6.077,6.203,1152525.65,1723766399999,7219500.27747,47487,494957.28,3098566.1462,0
2024-08-16,6.208,6.623,6.2,6.497,1570222.66,1723852799999,10061368.44768,51674,814001.92,5216085.46257,0
2024-08-17,6.495,6.551,6.336,6.417,690176.94,1723939199999,4445714.71321,30389,344384.98,2218542.18892,0
2024-08-18,6.419,6.446,6.158,6.171,926687.14,1724025599999,5853934.79495,42819,369887.34,2338944.93446,0
2024-08-19,6.172,6.259,6.032,6.196,1006392.37,1724111999999,6182364.20392,38136,575520.1,3533303.53299,0
2024-08-20,6.195,6.474,6.111,6.26,1166686.26,1724198399999,7332617.66807,53106,544450.66,3427058.17172,0
2024-08-21,6.26,7.22,6.227,7.101,3317004.5,1724284799999,22463841.77113,114026,1751108.25,11876311.52362,0
2024-08-22,7.101,7.121,6.876,6.919,1719185.23,1724371199999,11975150.92822,56326,884728.37,6161296.54974,0
2024-08-23,6.919,7.094,6.771,6.999,2547249.12,1724457599999,17689486.4579,76113,1376131.18,9559185.24199,0
2024-08-24,7.0,7.125,6.827,6.916,2218928.02,1724543999999,15515039.29162,63519,1043508.04,7299220.42667,0
2024-08-25,6.916,6.934,6.589,6.626,2018912.5,1724630399999,13603575.2836,65958,967721.06,6524101.83423,0
2024-08-26,6.627,6.668,6.239,6.292,1811825.29,1724716799999,11755463.91647,57576,846008.62,5485714.17565,0
2024-08-27,6.291,6.349,5.6,5.716,2366670.13,1724803199999,14218631.13448,79281,1104167.1,6642516.09838,0
2024-08-28,5.717,5.928,5.59,5.771,2355672.29,1724889599999,13501679.33641,73915,1091865.34,6259073.4623,0
2024-08-29,5.772,6.007,5.725,5.837,1387375.27,1724975999999,8136528.10314,43028,653612.25,3833127.8223,0
2024-08-30,5.836,5.917,5.586,5.892,1131187.5,1725062399999,6527223.3627,40864,499979.74,2884972.60212,0
2024-08-31,5.892,6.097,5.849,5.943,1271137.19,1725148799999,7584989.27385,37970,660054.76,3941129.7792,0
2024-09-01,5.943,5.959,5.543,5.614,905701.36,1725235199999,5179925.56765,39621,438033.12,2502955.15204,0
2024-09-02,5.612,6.214,5.594,6.103,3143540.6,1725321599999,18767376.62134,99303,1588045.97,9475006.03192,0
2024-09-03,6.104,6.313,6.023,6.044,2273302.16,1725407999999,13998527.27752,73430,1089814.19,6717509.7975,0
2024-09-04,6.042,6.654,5.776,6.432,6209851.03,1725494399999,39086471.65592,209082,3084729.05,19426038.39893,0
2024-09-05,6.431,6.506,6.166,6.309,1580088.32,1725580799999,9965842.19713,53055,715245.69,4512157.62198,0
2024-09-06,6.309,6.339,5.878,6.177,2529437.26,1725667199999,15548510.03865,88395,1095863.52,6736121.77021,0
2024-09-07,6.177,6.523,6.111,6.434,1756347.01,1725753599999,11193142.08813,49429,903712.07,5755297.37365,0
2024-09-08,6.434,6.508,6.241,6.348,1158357.34,1725839999999,7381029.10865,42390,532410.24,3394360.15032,0
2024-09-09,6.349,6.752,6.329,6.733,2116750.4,1725926399999,13979815.32248,68668,1126916.4,7448805.63122,0
2024-09-10,6.733,6.829,6.499,6.703,1837296.48,1726012799999,12199332.41249,52749,815491.34,5414080.63165,0
2024-09-11,6.704,6.985,6.542,6.751,2750096.66,1726099199999,18600158.57974,82607,1392041.95,9421767.74898,0
2024-09-12,6.751,6.94,6.616,6.791,2111655.59,1726185599999,14307985.34325,57337,1119251.21,7589841.32807,0
2024-09-13,6.791,7.093,6.681,6.939,2205455.35,1726271999999,15193465.30127,69321,1053743.54,7266394.15793,0
2024-09-14,6.939,6.941,6.588,6.666,1464205.32,1726358399999,9864669.92541,41598,697987.58,4703247.45878,0
2024-09-15,6.666,6.847,6.459,6.533,1260177.99,1726444799999,8461703.43842,42083,610819.27,4101696.51568,0
2024-09-16,6.534,6.565,6.304,6.411,1079790.0,1726531199999,6937220.31704,45656,537572.21,3457720.43645,0
2024-09-17,6.412,7.142,6.336,6.788,2586863.1,1726617599999,17498148.47327,83732,1319123.55,8922891.27108,0
2024-09-18,6.789,6.79,6.393,6.776,2028881.79,1726703999999,13376540.07747,58310,1039222.51,6850102.60268,0
2024-09-19,6.773,7.05,6.726,6.797,2490711.52,1726790399999,17008852.70068,56486,1283689.34,8767444.34809,0
2024-09-20,6.798,6.98,6.679,6.828,1944878.29,1726876799999,13228480.66903,48756,928756.77,6322316.585,0
2024-09-21,6.83,6.928,6.68,6.904,1100258.36,1726963199999,7507936.34107,29791,503623.44,3437266.71631,0
2024-09-22,6.903,6.927,6.483,6.636,1474136.64,1727049599999,9842988.8915,37381,721787.16,4815604.39954,0
2024-09-23,6.637,7.0,6.534,6.822,1708182.36,1727135999999,11619339.30198,46241,900403.37,6126808.2,0
2024-09-24,6.824,7.036,6.739,6.925,2026101.26,1727222399999,13975534.40643,54906,1065885.19,7351479.19968,0
2024-09-25,6.928,7.109,6.746,6.777,1612147.34,1727308799999,11143804.92012,48205,865993.82,5996007.80294,0
2024-09-26,6.776,7.39,6.674,7.357,2744769.3,1727395199999,19543509.17689,91764,1473417.43,10503622.7796,0
2024-09-27,7.355,7.716,7.277,7.617,1936983.24,1727481599999,14484773.40248,68546,944346.43,7064711.83069,0
2024-09-28,7.618,7.868,7.385,7.603,1631017.0,1727567999999,12453530.64551,59534,797146.82,6086177.78079,0
2024-09-29,7.603,7.627,7.347,7.454,1128137.68,1727654399999,8426154.07287,47035,481955.87,3598342.0986,0
2024-09-30,7.454,7.75,7.276,7.392,2345205.29,1727740799999,17658098.9718,88122,1207804.48,9104120.83866,0
2024-10-01,7.391,7.857,6.776,6.869,3722672.73,1727827199999,27036198.0545,142635,1708809.58,12415456.79308,0
2024-10-02,6.869,7.298,6.614,6.671,2288883.2,1727913599999,15931727.6206,95231,1124530.39,7838540.89878,0
2024-10-03,6.67,6.799,6.389,6.566,1468386.46,1727999999999,9642838.55315,60527,690282.66,4535228.28117,0
2024-10-04,6.568,6.816,6.529,6.718,1293460.66,1728086399999,8674310.50575,43757,639414.21,4286065.93469,0
2024-10-05,6.719,6.894,6.639,6.829,966086.0,1728172799999,6555510.6831,31607,531764.95,3609461.5314,0
2024-10-06,6.826,7.089,6.772,7.079,888320.03,1728259199999,6138807.9756,31752,462015.81,3195024.16762,0
2024-10-07,7.08,7.5,7.061,7.229,2470629.07,1728345599999,18081524.66297,83234,1263793.42,9253485.66138,0
2024-10-08,7.232,7.304,6.993,7.175,1597074.64,1728431999999,11417822.80119,57195,753846.94,5388149.45869,0
2024-10-09,7.175,7.39,7.063,7.293,2082923.53,1728518399999,15050204.65527,56649,1056886.98,7640069.73477,0
2024-10-10,7.292,8.48,7.214,8.133,14645291.69,1728604799999,117030757.78909,396076,6996996.86,55879448.31652,0
2024-10-11,8.133,8.246,7.83,7.891,5721399.34,1728691199999,45903834.2958,193791,2870116.01,23040921.49397,0
2024-10-12,7.892,8.309,7.752,8.124,4555130.48,1728777599999,36400242.3279,134034,2464258.25,19717767.63585,0
2024-10-13,8.128,8.148,7.56,7.682,5249093.92,1728863999999,40698949.89287,167666,2493182.48,19332520.27129,0
2024-10-14,7.685,8.311,7.596,8.135,4324023.84,1728950399999,34518865.23282,134757,2104833.81,16804704.25829,0
2024-10-15,8.133,8.302,7.675,7.844,4523992.58,1729036799999,35915009.56257,146521,2250011.17,17867677.33234,0
2024-10-16,7.846,8.016,7.551,7.571,2601137.35,1729123199999,20184316.02723,88249,1271547.86,9868697.66688,0
2024-10-17,7.574,7.667,7.192,7.347,2413742.75,1729209599999,17933472.77442,77220,1172135.65,8718705.58426,0
2024-10-18,7.347,7.51,7.331,7.466,2016811.34,1729295999999,14999267.18998,66286,913663.17,6793245.42286,0
2024-10-19,7.467,7.6,7.305,7.318,1488981.43,1729382399999,11081566.04684,46441,703081.73,5236486.88809,0
2024-10-20,7.319,7.8,7.281,7.76,3679384.62,1729468799999,27804860.14133,107960,2023312.65,15317617.32375,0
2024-10-21,7.762,7.968,7.408,7.792,2956247.94,1729555199999,22615320.00405,86655,1517817.88,11611730.02574,0
2024-10-22,7.792,8.755,7.697,7.998,9686637.67,1729641599999,79023684.61036,322469,4746505.17,38764462.12137,0
2024-10-23,8.0,8.026,7.488,7.857,4098740.93,1729727999999,31617264.10578,153901,1903336.54,14690092.12622,0
2024-10-24,7.857,8.21,7.832,8.042,3157969.5,1729814399999,25444495.88334,101269,1566760.7,12625492.40814,0
2024-10-25,8.045,8.197,7.164,7.432,4750033.21,1729900799999,37207164.31854,177646,2336448.15,18322631.27647,0
2024-10-26,7.432,7.782,7.285,7.443,3825845.87,1729987199999,28793587.98617,106953,2156565.39,16241585.23694,0
2024-10-27,7.444,7.807,7.371,7.534,2155975.77,1730073599999,16252198.93098,67439,1066931.46,8042096.27515,0
2024-10-28,7.536,7.792,7.304,7.783,2543727.84,1730159999999,19178806.95825,95445,1272195.7,9601224.5012,0
2024-10-29,7.784,8.011,7.758,7.936,3261404.83,1730246399999,25752601.87316,114147,1526183.64,12056034.88058,0
2024-10-30,7.936,8.327,7.834,8.114,3287106.24,1730332799999,26566437.42051,108311,1627899.46,13157499.60529,0
2024-10-31,8.115,8.191,7.493,7.612,2685237.99,1730419199999,20857561.23743,98773,1283802.61,9974594.83195,0
2024-11-01,7.614,8.046,7.511,7.551,4380243.25,1730505599999,34166656.75429,135421,2149268.16,16772472.38928,0
2024-11-02,7.552,7.768,7.31,7.392,2488474.19,1730591999999,18560598.16143,84791,1172265.24,8758118.27461,0
2024-11-03,7.393,7.43,6.833,7.047,3163742.35,1730678399999,22465331.6767,107383,1386155.23,9843188.97814,0
2024-11-04,7.046,7.139,6.621,6.784,1870643.8,1730764799999,12884471.19244,71755,891946.73,6146864.82834,0
2024-11-05,6.783,7.271,6.767,7.196,2307581.17,1730851199999,16196347.32369,88713,1218288.02,8546309.84331,0
2024-11-06,7.197,9.7,7.197,9.288,20957696.3,1730937599999,187078367.35135,581630,10604521.86,94530606.15802,0
2024-11-07,9.287,9.546,8.813,8.901,7844471.78,1731023999999,71512864.92648,209477,3724792.85,33981890.97802,0
2024-11-08,8.901,9.048,8.521,8.854,5141116.33,1731110399999,45198851.47617,186785,2593476.05,22800375.48778,0
2024-11-09,8.857,9.331,8.669,9.244,4882570.8,1731196799999,43944626.69488,164456,2600279.22,23414129.03861,0
2024-11-10,9.246,9.634,8.693,9.212,10362615.01,1731283199999,96355661.04854,346198,5257311.68,48939132.61538,0
2024-11-11,9.213,9.51,8.758,9.332,8742680.02,1731369599999,79566185.90939,251465,4589771.63,41824424.12957,0
2024-11-12,9.33,10.764,8.634,8.942,18897315.07,1731455999999,180214554.49171,523201,9259030.36,88686924.11375,0
2024-11-13,8.943,9.157,8.244,8.628,9898373.85,1731542399999,85934328.29757,282364,4539414.81,39418652.01583,0
2024-11-14,8.63,8.839,8.06,8.178,8324383.71,1731628799999,70496661.43703,218214,4180184.98,35425909.44461,0
2024-11-15,8.179,8.599,7.856,8.568,5771137.03,1731715199999,47233271.54444,154335,3085081.12,25263187.39413,0
2024-11-16,8.568,9.245,8.504,9.079,6348611.31,1731801599999,56614738.45989,186787,3221025.79,28718839.30809,0
2024-11-17,9.082,9.344,8.578,8.751,4793217.98,1731887999999,42820179.14645,154141,2328897.22,20841218.53002,0
2024-11-18,8.751,9.399,8.722,9.242,5752498.73,1731974399999,52469992.71287,171865,2843050.99,25930778.06079,0
2024-11-19,9.242,9.634,9.113,9.399,5436445.04,1732060799999,50803104.65222,168651,2704123.1,25281495.50673,0
2024-11-20,9.397,9.398,8.571,8.814,4616405.3,1732147199999,41433686.13816,138132,2290113.26,20542206.07458,0
2024-11-21,8.814,9.701,8.513,9.246,8836674.65,1732233599999,80758061.17313,277483,4512274.4,41263109.34802,0
2024-11-22,9.248,9.99,9.13,9.934,7246635.87,1732319999999,68311317.44897,201598,3734440.02,35214552.4114,0
2024-11-23,9.933,11.331,9.755,10.733,12910044.24,1732406399999,136853521.77713,428942,6449814.43,68388708.67086,0
2024-11-24,10.733,11.389,10.0,10.899,9095308.79,1732492799999,97538320.30376,325843,4594888.5,49329396.36201,0
2024-11-25,10.898,12.439,10.528,11.128,13075178.96,1732579199999,151573265.71106,481985,6707698.08,77780438.41445,0
2024-11-26,11.125,11.784,10.489,10.874,8891816.34,1732665599999,98330015.29597,300373,4321235.1,47888661.67696,0
2024-11-27,10.874,13.797,10.713,13.53,13611298.18,1732751999999,170373408.48612,545540,7092320.24,88826960.2801,0
2024-11-28,13.53,13.535,12.38,12.76,8407626.59,1732838399999,107325686.64872,393836,4225762.72,53941460.86536,0
2024-11-29,12.761,12.968,12.311,12.573,4584773.2,1732924799999,58053280.02109,212210,2141333.06,27125285.57038,0
2024-11-30,12.574,13.5,12.513,12.782,6961723.37,1733011199999,90024902.28355,290708,3584552.24,46398940.65452,0
2024-12-01,12.782,13.341,12.6,13.06,5523865.94,1733097599999,71837973.72312,222402,2859740.4,37195805.80879,0
2024-12-02,13.061,14.66,12.42,14.007,14220004.12,1733183999999,192715563.72985,606629,7165828.37,97272337.10236,0
2024-12-03,14.007,15.338,13.14,15.119,11455581.67,1733270399999,162769728.67466,586945,5719797.25,81386729.46163,0
2024-12-04,15.117,16.52,14.641,15.674,10745492.23,1733356799999,167545576.53224,469378,5401444.11,84260192.33283,0
2024-12-05,15.672,15.939,14.5,15.025,9184348.72,1733443199999,140672677.70838,419509,4564509.41,70016706.80387,0
2024-12-06,15.025,18.439,15.01,17.56,13045476.79,1733529599999,218198784.22137,647870,6822462.07,114324965.65879,0
2024-12-07,17.559,18.628,17.215,18.061,9092825.72,1733615999999,161727020.26936,410246,4689086.11,83435619.61922,0
2024-12-08,18.064,19.47,17.519,18.601,10531577.74,1733702399999,195055086.68982,523126,5128436.47,95053919.34873,0
2024-12-09,18.602,18.855,14.0,16.025,12792426.09,1733788799999,214157621.23971,681908,6158889.72,103065543.92086,0
2024-12-10,16.024,16.69,14.039,15.254,15151148.18,1733875199999,233881365.30465,765684,7771229.11,120003909.39539,0
2024-12-11,15.254,17.224,14.718,17.159,8522248.63,1733961599999,137204751.82753,359251,4409922.32,70981203.06899,0
2024-12-12,17.161,18.984,16.888,17.715,10043176.68,1734047999999,182669343.21842,531740,4960083.49,90272357.68319,0
2024-12-13,17.716,18.175,16.83,17.49,4869326.39,1734134399999,84986122.84482,283145,2424992.39,42344302.37454,0
2024-12-14,17.49,17.775,16.454,16.75,5733733.27,1734220799999,97087430.74588,310636,2741085.33,46425035.93484,0
2024-12-15,16.751,17.224,16.211,17.073,4524262.03,1734307199999,75475066.95813,255306,2333660.78,38937609.59868,0
2024-12-16,17.074,17.476,16.228,16.233,5789646.15,1734393599999,96774093.05874,331043,2932342.96,49067507.42092,0
2024-12-17,16.234,16.575,15.595,16.242,5407343.6,1734479999999,87041196.3291,288544,2863971.4,46126365.39881,0
2024-12-18,16.252,16.74,14.62,14.807,9742088.58,1734566399999,154848536.60329,524675,4996756.36,79574792.49826,0
2024-12-19,14.799,15.407,12.634,12.726,14815514.28,1734652799999,205358866.84269,777045,7322398.8,101573676.86167,0
2024-12-20,12.725,13.838,11.217,13.677,20494533.69,1734739199999,254930734.5011,911816,9972344.85,124208927.29997,0
2024-12-21,13.68,14.785,13.036,13.384,8210582.98,1734825599999,113339741.21247,331810,3841373.29,53052591.18619,0
2024-12-22,13.391,14.292,13.24,13.9,8677806.33,1734911999999,119894206.10736,383540,4146855.41,57331058.62283,0
2024-12-23,13.9,14.638,13.235,14.291,7365516.96,1734998399999,102278485.13267,327908,3602471.75,50032673.29824,0
2024-12-24,14.29,14.77,13.748,14.592,4779628.37,1735084799999,68161630.26375,208659,2459501.8,35086400.61638,0
2024-12-25,14.589,14.598,13.669,13.911,3280404.69,1735171199999,46281592.27218,142967,1712021.35,24171315.33967,0
2024-12-26,13.91,14.085,12.818,13.266,3962448.67,1735257599999,52299452.4473,162473,1840958.59,24293036.40694,0
2024-12-27,13.267,14.266,13.169,13.353,5520078.72,1735343999999,75632244.8119,245891,2784324.24,38167096.38621,0
2024-12-28,13.354,13.799,12.95,13.575,2116213.79,1735430399999,28203149.07393,120699,1057377.88,14108390.45034,0
2024-12-29,13.575,13.601,12.846,13.006,1566467.32,1735516799999,20800879.0354,87110,742176.67,9872238.73368,0
2024-12-30,13.009,13.65,12.751,13.325,4008343.82,1735603199999,53157464.86848,165207,1930120.14,25604637.39414,0
2024-12-31,13.326,13.907,13.123,13.243,4530105.07,1735689599999,60973740.15086,224644,2147985.1,28915251.91748,0
2025-01-01,13.243,13.793,13.044,13.629,2460321.15,1735775999999999,32845914.40477,139141,1249167.4,16697878.32526,0
2025-01-02,13.629,14.598,13.625,14.381,3990570.27,1735862399999999,56569126.45464,192635,1988728.91,28188950.26778,0
2025-01-03,14.381,15.257,14.05,15.213,3694086.81,1735948799999999,53807898.34578,171266,1831940.46,26717576.21257,0
2025-01-04,15.21,15.44,14.759,15.277,3747914.48,1736035199999999,56567951.75015,193262,1905421.09,28781151.53143,0
2025-01-05,15.279,15.372,14.811,15.159,2097426.17,1736121599999999,31642801.442,110866,1005916.62,15185386.29564,0
2025-01-06,15.163,15.654,14.82,15.077,5913365.93,1736207999999999,89937397.39124,296542,3116836.23,47457170.96882,0
2025-01-07,15.076,15.134,13.482,13.531,3212531.8,1736294399999999,46023073.50629,174700,1528460.63,21887814.80769,0
2025-01-08,13.532,13.835,12.494,13.118,4342567.58,1736380799999999,57240587.02329,218645,2183744.6,28786417.71957,0
2025-01-09,13.117,13.362,12.367,12.867,3545904.26,1736467199999999,45309285.4032,157611,1613007.64,20605892.06947,0
2025-01-10,12.869,14.098,12.853,13.941,4896955.05,1736553599999999,65548285.14407,213657,2545745.04,34093918.72409,0
2025-01-11,13.942,14.059,13.458,13.645,1519898.78,1736639999999999,20816162.55251,93020,763043.9,10450568.64928,0
2025-01-12,13.648,13.889,13.512,13.631,1417813.35,1736726399999999,19440568.68319,76360,743158.97,10193487.77418,0
2025-01-13,13.632,13.948,12.022,12.893,4325039.75,1736812799999999,54948403.03532,215033,2186914.2,27759209.62749,0
2025-01-14,12.893,13.429,12.821,13.314,1700114.03,1736899199999999,22378053.02173,82418,877314.16,11550950.31756,0
2025-01-15,13.314,14.68,12.965,14.542,3983090.48,1736985599999999,55437979.35906,236999,2131902.37,29710181.93094,0
2025-01-16,14.544,14.629,13.933,14.097,3175478.9,1737071999999999,45374118.45309,186796,1668014.87,23830215.99835,0
2025-01-17,14.098,15.174,14.086,14.98,3787760.81,1737158399999999,56120307.4591,165458,1929471.33,28582443.07841,0
2025-01-18,14.98,15.25,13.88,14.171,5084934.47,1737244799999999,72778761.64607,224314,2399114.62,34365755.76659,0
2025-01-19,14.171,14.594,13.015,13.287,7333157.45,1737331199999999,101558089.51379,408134,3370892.19,46673851.72428,0
2025-01-20,13.292,14.844,12.903,13.524,7250504.03,1737417599999999,99938953.79303,533557,3623904.76,50006203.6249,0
2025-01-21,13.523,13.862,12.986,13.507,4282750.12,1737503999999999,57603755.32443,185441,2137543.02,28779248.86023,0
2025-01-22,13.506,13.621,12.762,12.89,2627012.96,1737590399999999,34958923.89044,110499,1345512.86,17926171.81009,0
2025-01-23,12.894,13.057,12.388,12.81,3245994.23,1737676799999999,41253064.75485,158199,1581710.11,20114727.11144,0
2025-01-24,12.811,13.16,12.425,12.464,2300973.4,1737763199999999,29550285.26642,97339,1242974.82,15968294.94986,0
2025-01-25,12.465,12.469,12.042,12.093,1686224.99,1737849599999999,20611374.94678,73486,890450.3,10884901.93169,0
2025-01-26,12.093,12.402,11.409,11.432,2520829.2,1737935999999999,30175208.87718,94771,1206510.43,14448482.87191,0
2025-01-27,11.429,11.535,10.254,11.006,5599042.85,1738022399999999,60821288.10679,201063,2784017.33,30195141.31985,0
2025-01-28,11.007,11.36,10.802,11.142,3728018.4,1738108799999999,41503431.997,131598,1820442.16,20262097.58297,0
2025-01-29,11.137,12.09,11.113,11.733,6859289.78,1738195199999999,80435513.02527,237824,3439803.58,40347148.72957,0
2025-01-30,11.731,12.3,11.638,11.967,3626540.48,1738281599999999,43709021.43401,131350,1788119.39,21552133.49609,0
2025-01-31,11.966,12.833,11.659,11.774,4521194.6,1738367999999999,54884159.41625,235002,2296939.85,27891472.34657,0
2025-02-01,11.773,11.929,10.76,10.861,2644023.01,1738454399999999,30128960.38384,95718,1272725.88,14500607.58752,0
2025-02-02,10.858,11.113,8.698,9.184,7157314.15,1738540799999999,70524500.5071,289025,3359145.12,33132788.66726,0
2025-02-03,9.19,10.213,6.884,9.956,22495767.7,1738627199999999,197524874.93107,773079,10447898.23,91727831.34786,0
2025-02-04,9.956,9.976,8.773,9.069,7980955.12,1738713599999999,73704002.99603,350248,3432894.02,31754252.64618,0
2025-02-05,9.07,9.528,9.007,9.274,4053289.21,1738799999999999,37609386.91792,227042,2063960.26,19158728.4516,0
2025-02-06,9.274,9.474,8.9,8.984,4407433.8,1738886399999999,40589425.66608,221537,1799353.35,16572022.69828,0
2025-02-07,8.984,9.508,8.747,9.01,4704713.97,1738972799999999,43002856.91921,258140,2214353.45,20264627.58676,0
2025-02-08,9.009,9.193,8.726,9.139,2393850.36,1739059199999999,21431859.12236,134233,1139962.55,10213901.34426,0
2025-02-09,9.138,9.32,8.696,9.13,2964263.27,1739145599999999,27025477.59979,145161,1495744.6,13641499.93388,0
2025-02-10,9.131,9.603,8.821,9.458,3801830.29,1739231999999999,35187469.01503,211181,1975264.73,18294644.83363,0
2025-02-11,9.458,10.045,9.244,9.381,4512785.82,1739318399999999,43690986.27677,218968,2229050.4,21595385.70697,0
2025-02-12,9.38,10.134,9.078,9.951,4120586.55,1739404799999999,39002975.14216,232695,2024321.86,19182259.67348,0
2025-02-13,9.955,10.082,9.464,9.889,2293424.03,1739491199999999,22329064.65405,141783,1106694.62,10783076.77232,0
2025-02-14,9.891,10.355,9.804,10.056,2559408.74,1739577599999999,25668685.25029,139194,1345690.47,13505077.60624,0
2025-02-15,10.057,10.148,9.716,9.811,1600075.2,1739663999999999,15900496.44948,90518,792912.42,7889986.38193,0
2025-02-16,9.811,9.943,9.566,9.585,1558440.94,1739750399999999,15219340.8062,89644,692341.35,6758601.98237,0
2025-02-17,9.584,10.247,9.444,9.947,2683600.53,1739836799999999,26462186.55686,171266,1331537.49,13143857.40582,0
2025-02-18,9.944,9.953,9.143,9.632,2986326.31,1739923199999999,28392422.28496,199762,1458299.04,13885956.33227,0
2025-02-19,9.631,9.73,9.378,9.434,2642284.77,1740009599999999,25231859.72778,140575,1273060.59,12165903.53502,0
2025-02-20,9.434,9.567,8.966,9.341,5163718.0,1740095999999999,47924678.15461,197561,2612785.51,24255356.64152,0
2025-02-21,9.341,9.643,8.586,8.743,5842457.68,1740182399999999,53585746.47838,280355,2820635.51,25898933.63119,0
2025-02-22,8.742,9.131,8.676,9.039,2281871.31,1740268799999999,20226659.43718,141010,924695.69,8226777.22075,0
2025-02-23,9.04,9.22,8.914,9.019,1180918.24,1740355199999999,10701034.52766,69559,579140.5,5249140.88278,0
2025-02-24,9.02,9.128,7.784,7.975,3972979.91,1740441599999999,33448783.81709,212650,1803234.31,15177820.51609,0
2025-02-25,7.978,8.632,7.408,8.312,8860796.58,1740527999999999,71381728.9575,496561,4630596.93,37357052.23319,0
2025-02-26,8.311,8.514,7.645,7.908,7401864.73,1740614399999999,59855349.96411,252605,3719466.54,30054783.17362,0
2025-02-27,7.909,8.3,7.719,7.868,4102421.79,1740700799999999,32935655.41865,149129,2000652.86,16059719.96121,0
2025-02-28,7.87,7.894,7.046,7.497,7615732.71,1740787199999999,56077526.06079,280096,3815173.22,28085193.00624,0
2025-03-01,7.497,7.663,7.202,7.5,2412597.44,1740873599999999,17976877.14713,98957,1169879.59,8718927.37305,0
2025-03-02,7.5,8.418,7.309,8.268,5419705.72,1740959999999999,42761083.74412,259763,2719908.45,21509628.80415,0
2025-03-03,8.269,8.298,7.057,7.126,5299808.23,1741046399999999,40725239.7644,270782,2776498.67,21307533.958,0
2025-03-04,7.126,7.177,6.47,7.07,8735843.29,1741132799999999,59653364.64147,371063,4242300.93,28982131.49467,0
2025-03-05,7.07,7.56,7.013,7.52,4919294.22,1741219199999999,36091598.84448,171149,2594803.5,19037100.50226,0
2025-03-06,7.52,7.697,7.049,7.103,4645817.58,1741305599999999,34378679.98802,141369,2320643.04,17155133.37787,0
2025-03-07,7.104,7.363,6.821,7.07,3732961.48,1741391999999999,26675066.40639,147922,1870554.35,13379989.41151,0
2025-03-08,7.07,7.227,6.891,7.165,1641720.04,1741478399999999,11591615.26021,58949,830154.25,5864307.22351,0
2025-03-09,7.164,7.215,6.314,6.397,2573013.23,1741564799999999,17242918.67318,93115,1228903.29,8243517.4405,0
2025-03-10,6.398,6.957,5.784,5.906,4698466.45,1741651199999999,29584027.08229,163578,2220186.71,14011507.0645,0
2025-03-11,5.907,6.244,5.506,6.096,7031956.39,1741737599999999,41427895.0958,193345,3510958.02,20668727.72551,0
2025-03-12,6.098,6.209,5.743,5.912,3460674.69,1741823999999999,20593791.76019,101338,1755120.1,10446237.70275,0
2025-03-13,5.912,6.074,5.693,5.89,3146329.42,1741910399999999,18490285.01868,96824,1588799.48,9341571.67777,0
2025-03-14,5.891,6.141,5.835,6.026,3438988.74,1741996799999999,20486546.52747,82190,1623325.16,9677655.31336,0
2025-03-15,6.028,6.326,5.995,6.271,2149013.57,1742083199999999,13216948.60684,54827,1160714.9,7134230.22038,0
2025-03-16,6.272,6.294,5.973,6.139,3001404.36,1742169599999999,18392260.48289,70210,1345233.26,8258882.60978,0
2025-03-17,6.138,6.39,6.081,6.297,2312237.16,1742255999999999,14392749.65667,60973,1196362.84,7454407.55389,0
2025-03-18,6.297,6.378,6.096,6.374,1895433.3,1742342399999999,11798502.62204,56047,873537.19,5443988.57053,0
2025-03-19,6.374,7.38,6.32,6.984,7650521.73,1742428799999999,51998357.51802,231681,4367257.29,29709687.42694,0
2025-03-20,6.985,7.056,6.643,6.912,3047757.45,1742515199999999,20761546.58893,101826,1472793.57,10045353.32473,0
2025-03-21,6.913,6.93,6.716,6.781,1353709.79,1742601599999999,9246769.18375,55606,651616.19,4453714.39527,0
2025-03-22,6.783,6.929,6.725,6.737,1179181.78,1742687999999999,8045980.66585,50823,566979.21,3869995.46217,0
2025-03-23,6.736,6.829,6.615,6.688,1431646.31,1742774399999999,9639129.21334,61302,603491.97,4063533.71449,0
2025-03-24,6.691,7.162,6.578,7.088,2440647.61,1742860799999999,16958816.22618,77832,1192648.31,8286967.20726,0
2025-03-25,7.088,7.133,6.926,6.967,1604535.24,1742947199999999,11248088.33364,54619,680066.51,4767012.49578,0
2025-03-26,6.968,7.129,6.646,6.721,2428539.04,1743033599999999,16789907.85319,68440,1069655.07,7403445.12538,0
2025-03-27,6.724,6.909,6.651,6.725,2640107.44,1743119999999999,17925771.30472,77911,1011624.93,6874607.68464,0
2025-03-28,6.727,6.838,6.049,6.174,3605760.02,1743206399999999,22753138.95765,90664,1485113.51,9353469.91012,0
2025-03-29,6.174,6.255,5.863,5.96,2808038.2,1743292799999999,17032792.58421,77417,1236609.43,7490244.901,0
2025-03-30,5.96,6.063,5.804,5.871,1421718.27,1743379199999999,8466991.9689,43562,717168.01,4273384.62962,0
2025-03-31,5.872,6.054,5.74,5.971,2843168.26,1743465599999999,16795543.79176,75340,1359615.64,8040307.30496,0
2025-04-01,5.971,6.351,5.96,6.265,1528501.96,1743551999999999,9432257.73443,41348,745184.65,4600635.21355,0
2025-04-02,6.264,6.47,5.786,5.836,3449802.0,1743638399999999,21136502.3746,96125,1653814.33,10143186.05399,0
2025-04-03,5.835,6.069,5.65,5.869,2333236.35,1743724799999999,13583967.85324,61395,1148752.34,6684436.6362,0
2025-04-04,5.87,6.032,5.655,5.909,2309824.04,1743811199999999,13523538.46462,66193,1111395.52,6503496.69805,0
2025-04-05,5.909,5.941,5.762,5.866,730789.98,1743897599999999,4278617.75778,24516,324642.98,1900558.94112,0
2025-04-06,5.867,5.902,4.972,5.101,4135541.8,1743983999999999,22345587.45641,118005,1954730.66,10574467.26992,0
2025-04-07,5.102,5.35,4.602,5.121,7715665.48,1744070399999999,38460870.66184,159154,3748278.78,18670996.12192,0
2025-04-08,5.122,5.307,4.682,4.776,3297912.13,1744156799999999,16573721.33353,102618,1582623.21,7966533.68797,0
2025-04-09,4.777,5.495,4.555,5.414,5890764.9,1744243199999999,29259692.00891,161186,2897738.05,14386315.32333,0
2025-04-10,5.413,5.418,4.847,5.023,2889472.38,1744329599999999,14782495.09464,80309,1426961.42,7298457.61196,0
2025-04-11,5.022,5.325,4.993,5.235,2746901.62,1744415999999999,14245178.86674,64522,1390929.75,7213232.901,0
2025-04-12,5.235,5.583,5.15,5.502,2448062.5,1744502399999999,13193000.08966,77804,1325114.72,7140546.14272,0
2025-04-13,5.502,5.547,5.261,5.332,2889983.94,1744588799999999,15650360.43299,94648,1379543.82,7478086.43614,0
2025-04-14,5.332,5.648,5.323,5.347,2476547.47,1744675199999999,13553719.86122,77299,1294914.64,7086955.8284,0
2025-04-15,5.348,5.456,5.171,5.185,1933511.4,1744761599999999,10299983.35072,57352,952868.28,5075047.46744,0
2025-04-16,5.184,5.262,5.022,5.151,2094879.81,1744847999999999,10815765.68292,57964,1019542.84,5263187.02197,0
2025-04-17,5.15,5.3,5.093,5.181,1435511.67,1744934399999999,7479504.27809,44938,698045.44,3635336.82432,0
2025-04-18,5.182,5.241,5.128,5.174,1045476.26,1745020799999999,5425151.63946,30281,531036.28,2755330.33686,0
2025-04-19,5.175,5.36,5.172,5.317,1129911.97,1745107199999999,5952288.49054,30162,586388.68,3088590.94638,0
2025-04-20,5.317,5.356,5.15,5.252,1143974.95,1745193599999999,6014912.54003,35408,574504.12,3020925.15342,0
2025-04-21,5.252,5.51,5.215,5.274,2172788.77,1745279999999999,11702068.10507,60838,1068901.87,5753239.38007,0
2025-04-22,5.274,5.83,5.182,5.81,4272387.53,1745366399999999,23387031.42499,115962,2132938.32,11668279.37211,0
2025-04-23,5.811,6.099,5.788,6.033,4311519.14,1745452799999999,25740748.00825,119479,2260813.75,13502209.10372,0
2025-04-24,6.032,6.055,5.642,5.811,3520030.18,1745539199999999,20512963.12517,98820,1878510.55,10948285.00028,0
2025-04-25,5.812,5.986,5.691,5.828,5036805.21,1745625599999999,29511993.23161,120141,2739584.9,16056407.38881,0
2025-04-26,5.828,6.032,5.743,5.813,3813973.44,1745711999999999,22465637.879,93260,2060158.47,12131626.63676,0
2025-04-27,5.814,6.0,5.493,5.5,4464214.34,1745798399999999,25493579.89911,94632,2423543.91,13831717.35535,0
2025-04-28,5.501,5.648,5.317,5.436,4822538.56,1745884799999999,26439534.9398,103084,2546374.66,13954080.13672,0
2025-04-29,5.437,5.547,5.203,5.271,4048298.73,1745971199999999,21861532.61171,84424,2262025.55,12223357.07352,0
2025-04-30,5.27,5.398,5.059,5.269,3234321.39,1746057599999999,17001069.19025,84097,1561313.12,8209755.64179,0
2025-05-01,5.269,5.434,5.235,5.317,3523335.18,1746143999999999,18838561.55729,86708,1955624.27,10463308.07539,0
2025-05-02,5.316,5.381,5.18,5.248,3066717.99,1746230399999999,16193887.58666,74326,1521377.44,8038607.13386,0
2025-05-03,5.248,5.265,5.026,5.089,3041930.77,1746316799999999,15669747.53146,60968,1363590.71,7029991.08938,0
2025-05-04,5.088,5.137,4.965,4.985,1806837.22,1746403199999999,9142094.13607,44522,888871.08,4500204.09835,0
2025-05-05,4.985,5.115,4.89,4.975,2616867.14,1746489599999999,13084016.70806,54802,1292165.84,6464454.69263,0
2025-05-06,4.976,4.989,4.739,4.966,2702938.32,1746575999999999,13202359.61844,61133,1336795.19,6532027.58344,0
2025-05-07,4.967,5.053,4.742,4.875,3085921.64,1746662399999999,15060045.46729,71045,1626666.43,7936636.27218,0
2025-05-08,4.875,6.158,4.837,6.151,10265779.87,1746748799999999,56607788.93789,220836,5275215.56,29103661.22971,0
2025-05-09,6.15,6.702,6.0,6.353,11286466.4,1746835199999999,71274427.08695,306744,5392709.6,34071868.79388,0
2025-05-10,6.355,7.733,6.352,7.555,11172888.26,1746921599999999,76544873.23291,327281,5684620.62,38992618.46495,0
2025-05-11,7.555,7.559,6.716,6.929,8318818.7,1747007999999999,58857344.39567,250014,4023500.44,28446601.91498,0
2025-05-12,6.93,7.4,6.606,6.888,8262105.78,1747094399999999,57959010.51857,272689,4120620.49,28929218.78596,0
2025-05-13,6.888,7.37,6.525,7.092,7209556.81,1747180799999999,49727183.71858,217981,3733208.03,25712095.61724,0
2025-05-14,7.092,7.158,6.538,6.607,6488726.84,1747267199999999,44053769.85097,161497,3218351.6,21847207.61695,0
2025-05-15,6.607,6.783,6.111,6.229,7430285.57,1747353599999999,47591479.3652,209301,3818893.06,24468681.5739,0
2025-05-16,6.229,6.465,6.03,6.076,4877610.53,1747439999999999,30622997.54379,147753,2509164.61,15758304.82682,0
2025-05-17,6.076,6.09,5.647,5.739,4677390.97,1747526399999999,27332201.39107,130275,2393516.28,13987324.77477,0
2025-05-18,5.74,6.332,5.677,6.128,6634456.38,1747612799999999,39692703.50107,179280,3454385.75,20664120.75687,0
2025-05-19,6.129,6.176,5.659,5.929,6900043.36,1747699199999999,40199474.31017,178004,3779620.57,22011269.40457,0
2025-05-20,5.929,6.3,5.692,6.024,7924027.94,1747785599999999,47055283.72769,197463,4140688.99,24619282.97709,0
2025-05-21,6.025,6.513,5.941,6.212,14318997.44,1747871999999999,89478934.09095,338060,7582222.74,47399372.67629,0
2025-05-22,6.213,6.593,6.204,6.431,8878956.93,1747958399999999,56840545.40387,216532,4690792.07,30036001.96338,0
2025-05-23,6.432,6.815,5.935,5.982,13231841.12,1748044799999999,84212486.64666,309543,6211130.17,39506185.29298,0
2025-05-24,5.981,6.35,5.947,6.117,3938985.28,1748131199999999,24249991.26973,103333,1806049.4,11128813.4757,0
2025-05-25,6.118,6.179,5.892,6.161,4568407.71,1748217599999999,27557108.57848,133372,1936210.2,11699621.96473,0
2025-05-26,6.161,6.661,6.111,6.503,8979353.27,1748303999999999,58075110.55277,219628,4550353.68,29428298.36781,0
2025-05-27,6.503,6.786,6.262,6.326,9686197.93,1748390399999999,63314872.02922,265010,4734088.53,30960468.35161,0
2025-05-28,6.325,7.05,6.237,6.846,14785860.7,1748476799999999,98999249.18589,327367,7379068.09,49401655.76711,0
2025-05-29,6.845,7.701,6.53,6.559,20394635.42,1748563199999999,145613084.78963,460671,10292653.98,73539997.36841,0
2025-05-30,6.559,6.698,6.123,6.206,14762931.2,1748649599999999,95590898.2931,343170,7510016.24,48643121.56576,0
2025-05-31,6.207,6.229,5.888,6.053,6801697.95,1748735999999999,41164731.20293,165873,3187552.9,19290814.44082,0
2025-06-01,6.053,6.386,5.883,6.312,7948686.84,1748822399999999,48887889.87946,189125,4264769.99,26199190.32154,0
2025-06-02,6.313,6.481,6.035,6.445,5574312.64,1748908799999999,34681190.31818,138192,2784713.11,17329569.16527,0
2025-06-03,6.446,7.114,6.282,6.634,10243414.55,1748995199999999,68361223.71898,244382,5089145.39,33946110.95148,0
2025-06-04,6.633,6.849,6.251,6.309,9833245.42,1749081599999999,64115172.64645,219842,5020381.72,32760475.37422,0
2025-06-05,6.309,6.474,5.795,5.898,8278759.17,1749167999999999,51028430.37066,177853,4030495.43,24863065.27554,0
2025-06-06,5.898,6.156,5.824,5.989,5716645.35,1749254399999999,34332418.60516,128925,2701145.27,16223619.42277,0
2025-06-07,5.99,6.432,5.965,6.347,5589157.0,1749340799999999,34746867.87568,106459,3191817.76,19830820.86528,0
2025-06-08,6.347,6.464,6.183,6.326,4536168.31,1749427199999999,28727810.20229,91861,2243581.26,14215628.26732,0
2025-06-09,6.323,6.88,6.205,6.845,6486262.53,1749513599999999,42429076.20092,169136,3364078.07,22041319.85669,0
2025-06-10,6.844,8.677,6.831,8.665,27784458.86,1749599999999999,216101231.12606,720870,14243983.02,110864351.80897,0
2025-06-11,8.665,8.674,7.958,8.157,12908478.56,1749686399999999,106968591.07348,386148,6544251.11,54247835.50685,0
2025-06-12,8.157,8.25,7.477,7.489,8754894.92,1749772799999999,69255456.4399,304515,4394215.49,34776153.10214,0
2025-06-13,7.489,7.775,6.786,7.759,21627948.35,1749859199999999,157030100.06503,511066,11249604.51,81647995.91863,0
2025-06-14,7.758,7.76,7.104,7.302,5833384.8,1749945599999999,42979101.80537,164803,2942295.07,21686609.02494,0
2025-06-15,7.303,7.479,6.967,7.18,5834362.72,1750031999999999,42117447.30174,164164,2643014.29,19111728.92972,0
2025-06-16,7.18,7.981,7.033,7.446,15493186.39,1750118399999999,118183706.68217,388912,7912572.97,60359442.74363,0
2025-06-17,7.445,7.878,7.262,7.438,13669402.65,1750204799999999,103049754.56604,350137,6844670.0,51610469.79465,0
2025-06-18,7.439,7.796,7.13,7.586,13142914.83,1750291199999999,97685266.9299,371927,6735976.06,50096930.78689,0
2025-06-19,7.586,7.951,7.463,7.679,9878956.73,1750377599999999,75805421.5437,257393,4972686.33,38149041.36209,0
2025-06-20,7.68,7.996,6.985,7.068,17881936.2,1750463999999999,133241091.63714,414531,8687609.12,64801760.5727,0
2025-06-21,7.069,7.13,6.208,6.465,14384520.28,1750550399999999,97735563.68653,294077,6842706.18,46466821.67498,0
2025-06-22,6.467,6.614,5.919,6.259,14359950.3,1750636799999999,90478994.62694,295459,6957126.83,43896489.76063,0
2025-06-23,6.26,6.921,6.025,6.797,15832261.47,1750723199999999,101610925.25175,277433,7991672.53,51289940.53401,0
2025-06-24,6.797,7.167,6.731,7.06,9674169.05,1750809599999999,67073932.65863,196359,4649252.19,32240600.80611,0
2025-06-25,7.061,7.361,6.856,6.974,10905822.03,1750895999999999,77486964.9936,205511,5374625.86,38167796.434,0
2025-06-26,6.974,7.322,6.738,6.807,11973107.05,1750982399999999,84020092.65172,200889,6285884.34,44127755.23751,0
2025-06-27,6.807,6.995,6.727,6.91,5640760.39,1751068799999999,38869436.27456,126170,2823880.77,19464405.09433,0
2025-06-28,6.911,7.174,6.833,7.126,4262611.31,1751155199999999,29909002.46157,89157,2129714.02,14934778.78787,0
2025-06-29,7.127,7.506,6.952,7.394,8203889.1,1751241599999999,59035557.91337,149718,3872292.03,27871748.59752,0
2025-06-30,7.395,7.458,7.047,7.129,6760301.35,1751327999999999,48949487.31531,133525,3309658.51,23969368.53255,0
2025-07-01,7.13,7.183,6.59,6.59,7672320.57,1751414399999999,52890923.00325,137626,3692723.81,25461977.44604,0
2025-07-02,6.592,7.576,6.495,7.348,16978000.11,1751500799999999,119634531.98499,301375,8585152.94,60339492.32604,0
2025-07-03,7.348,7.863,7.282,7.473,12184072.47,1751587199999999,92811363.75927,235344,5637658.11,42932773.27536,0
2025-07-04,7.472,7.633,6.777,6.931,11581171.32,1751673599999999,82355501.85016,198948,6376202.56,45281559.2937,0
2025-07-05,6.932,7.428,6.816,7.332,6425263.19,1751759999999999,45462188.04345,146426,3401794.78,24067646.12447,0
2025-07-06,7.332,7.576,7.214,7.422,6857256.76,1751846399999999,50423231.40916,148682,3390119.51,24929871.84413,0
2025-07-07,7.423,7.522,7.23,7.39,4488528.0,1751932799999999,33027275.17266,103177,2164721.02,15929350.86073,0
2025-07-08,7.39,7.817,7.318,7.659,6693197.61,1752019199999999,50733246.37195,162946,3406022.44,25836389.20089,0
2025-07-09,7.66,8.489,7.533,8.301,13418615.17,1752105599999999,108510767.98089,276897,6483207.11,52382522.27425,0
2025-07-10,8.3,8.616,7.995,8.466,12591492.54,1752191999999999,104228644.09009,272966,6355275.21,52624962.83361,0
2025-07-11,8.467,9.074,8.304,8.692,16206010.58,1752278399999999,141945068.04557,427451,8002715.81,70108680.26765,0
2025-07-12,8.691,8.867,8.17,8.392,7340604.62,1752364799999999,62172201.62379,217449,3454488.76,29270844.4809,0
2025-07-13,8.392,8.747,8.348,8.511,5419897.0,1752451199999999,46277047.01578,168593,2766688.53,23619239.32627,0
2025-07-14,8.512,9.688,8.479,9.131,21191166.73,1752537599999999,195994052.44387,571328,9723981.92,89797329.49224,0
2025-07-15,9.131,9.423,8.685,9.345,13942783.69,1752623999999999,125838622.97548,381867,7511785.1,67797361.41143,0
2025-07-16,9.345,9.535,8.768,8.901,15968427.71,1752710399999999,145804074.3095,434285,8196482.65,74824562.0407,0
2025-07-17,8.902,9.18,8.636,8.932,14137823.77,1752796799999999,125831611.74028,401983,7011863.58,62420836.21828,0
2025-07-18,8.933,11.007,8.85,10.132,31614917.66,1752883199999999,324752013.97425,996364,15799453.6,162505914.01561,0
2025-07-19,10.133,10.383,9.791,10.172,7792539.0,1752969599999999,78688399.84747,275628,3878164.07,39160687.12644,0
2025-07-20,10.172,10.9,10.107,10.657,9531696.71,1753055999999999,100738837.67054,404539,4882931.07,51613469.98255,0
2025-07-21,10.657,11.686,10.312,10.829,15565633.98,1753142399999999,169435804.87347,561165,8044979.61,87586210.37631,0
2025-07-22,10.829,11.069,10.118,10.774,13085263.99,1753228799999999,137824395.7024,426080,6826338.77,71907681.55103,0
2025-07-23,10.775,10.847,9.696,10.178,11623102.57,1753315199999999,118622507.2172,399819,5375264.37,54880964.25684,0
2025-07-24,10.178,10.53,9.624,10.124,11585757.64,1753401599999999,117703007.08871,471550,5924885.89,60222402.1326,0
2025-07-25,10.125,10.628,9.728,10.426,8827632.12,1753487999999999,89745069.80724,390717,4380667.7,44532661.49803,0
2025-07-26,10.426,10.763,10.327,10.557,4386889.44,1753574399999999,46004781.22452,155389,2210751.99,23196631.84182,0
2025-07-27,10.557,11.057,10.453,10.985,4759680.25,1753660799999999,51026541.61695,190513,2441417.96,26176219.69583,0
2025-07-28,10.986,11.192,10.355,10.46,6545192.01,1753747199999999,70551041.88325,284384,3203337.67,34562455.88336,0
2025-07-29,10.461,10.664,10.004,10.307,6793694.24,1753833599999999,70212814.09713,291962,3283222.58,33955420.51204,0
2025-07-30,10.307,10.504,9.562,10.008,8037580.13,1753919999999999,80526473.42421,333078,3844191.35,38504962.35514,0
2025-07-31,10.008,10.238,9.295,9.344,7823708.78,1754006399999999,76697393.41638,251683,4029429.95,39519754.42288,0
2025-08-01,9.341,9.467,8.843,9.037,9498950.01,1754092799999999,86857116.49113,351184,4596316.92,42054650.86121,0
2025-08-02,9.037,9.181,8.685,8.757,4889497.7,1754179199999999,43678610.48151,185358,2324588.74,20777281.26119,0
2025-08-03,8.761,9.23,8.68,9.148,2933849.96,1754265599999999,26483432.92478,116453,1559330.53,14086136.26821,0
2025-08-04,9.147,10.1,9.136,9.961,8729965.9,1754351999999999,84875390.99971,314151,4443868.89,43230098.85719,0
2025-08-05,9.963,9.97,9.372,9.581,5232835.3,1754438399999999,50668912.44972,195064,2707471.17,26229748.66094,0
2025-08-06,9.581,9.809,9.384,9.697,3013229.28,1754524799999999,28896797.47675,142900,1649348.18,15829478.60558,0
2025-08-07,9.697,10.448,9.628,10.425,5616201.12,1754611199999999,56330018.84095,217963,2908091.09,29169823.16693,0
2025-08-08,10.425,11.051,10.269,10.861,8244860.64,1754697599999999,87607155.94022,314420,4206591.38,44738635.79835,0
2025-08-09,10.861,11.402,10.75,10.979,8465737.9,1754783999999999,93402913.95081,274579,4361076.29,48082622.59086,0
2025-08-10,10.98,11.367,10.45,10.948,8993384.25,1754870399999999,98069341.55721,328209,4412308.96,48175709.16905,0
2025-08-11,10.948,11.999,10.563,11.042,15626160.1,1754956799999999,176060284.0434,582381,7888239.16,89010304.24765,0
2025-08-12,11.042,11.635,10.797,11.601,15981847.96,1755043199999999,180195375.58953,497158,8276684.97,93376607.63002,0
2025-08-13,11.599,12.286,10.9,12.13,14296610.83,1755129599999999,169219555.0153,464655,7221843.48,85540754.72673,0
2025-08-14,12.131,12.3,10.6,10.875,14946938.36,1755215999999999,169498361.42282,497944,6938055.87,78738677.63807,0
2025-08-15,10.875,11.148,10.421,10.722,7864173.94,1755302399999999,84999143.18612,263241,3722259.31,40260294.62236,0
2025-08-16,10.722,11.154,10.701,11.011,5458472.77,1755388799999999,59763778.87637,187960,2744994.88,30059164.43721,0
2025-08-17,11.014,11.393,10.914,11.017,4655803.38,1755475199999999,51897233.37052,149596,2392304.27,26665438.78759,0
2025-08-18,11.017,11.056,10.1,10.484,9071673.41,1755561599999999,95284605.93046,281239,4541619.09,47685879.03458,0
2025-08-19,10.485,10.633,9.9,9.95,6396332.36,1755647999999999,65453457.03779,237620,3000284.25,30757126.82589,0
2025-08-20,9.95,10.7,9.913,10.61,5728511.31,1755734399999999,59006285.20587,210776,2902112.7,29940962.23902,0
2025-08-21,10.61,10.7,10.171,10.227,4095246.22,1755820799999999,42602883.17426,161920,2007819.88,20887954.73702,0
2025-08-22,10.227,11.631,10.013,11.438,12034264.24,1755907199999999,130843486.02909,397687,6370510.04,69340642.74093,0
2025-08-23,11.439,11.474,11.013,11.347,5128045.67,1755993599999999,57700593.11802,190574,2561693.14,28829037.73682,0
2025-08-24,11.346,11.443,10.806,10.925,6420491.67,1756079999999999,71314950.98955,251024,3124066.39,34701630.02719,0
2025-08-25,10.926,10.98,9.582,9.703,9517051.45,1756166399999999,97033010.15408,338732,4130800.14,42215835.84167,0
2025-08-26,9.703,10.027,9.571,9.951,7813287.59,1756252799999999,76396245.43944,219727,3930564.82,38437800.64476,0
2025-08-27,9.952,10.128,9.784,9.854,6686465.77,1756339199999999,66593756.81094,208163,3290220.24,32771947.41761,0
2025-08-28,9.855,10.123,9.734,10.018,4307457.39,1756425599999999,42968426.01924,151039,2052388.57,20469379.22532,0
2025-08-29,10.018,10.083,9.366,9.633,5638243.7,1756511999999999,54466768.99167,196061,2587361.59,25008454.07312,0
2025-08-30,9.633,9.827,9.404,9.726,2466593.28,1756598399999999,23843952.90561,86053,1295103.32,12523581.85352,0
2025-08-31,9.727,9.917,9.606,9.619,1925459.48,1756684799999999,18877330.39516,76715,1019727.12,10001560.40406,0
2025-09-01,9.618,9.831,9.11,9.351,5850861.64,1756771199999999,55251665.90607,200118,2630335.07,24896036.7874,0
2025-09-02,9.352,9.65,9.273,9.581,4507451.26,1756857599999999,42719709.0419,140713,2273476.23,21553178.32924,0
2025-09-03,9.582,9.762,9.4,9.676,4040661.03,1756943999999999,38768301.34632,100901,1830947.56,17587830.0486,0
2025-09-04,9.677,9.728,9.162,9.288,3503664.79,1757030399999999,32971874.13985,91459,1838627.35,17319162.46817,0
2025-09-05,9.288,9.733,9.283,9.393,3710974.03,1757116799999999,35231396.66116,119850,1938425.23,18406606.80993,0
2025-09-06,9.394,9.435,9.23,9.333,1364985.16,1757203199999999,12717489.78683,44563,648815.03,6046024.24766,0
2025-09-07,9.334,9.449,9.261,9.396,1252891.73,1757289599999999,11750810.36767,41731,531489.38,4984542.78012,0
2025-09-08,9.396,9.787,9.327,9.555,3519625.24,1757375999999999,33743961.74663,133628,1916071.29,18376826.99943,0
2025-09-09,9.554,9.93,9.388,9.539,4742428.74,1757462399999999,45653990.40006,182093,2430581.77,23418427.74945,0
2025-09-10,9.54,9.818,9.465,9.736,4209956.13,1757548799999999,40714950.96717,124984,2337179.72,22608292.78672,0
2025-09-11,9.737,10.05,9.699,9.986,3751741.86,1757635199999999,36981859.20934,135366,1952915.53,19261056.49384,0
2025-09-12,9.987,10.226,9.902,10.179,4232476.34,1757721599999999,42666139.84906,145425,2061342.42,20787850.0097,0
2025-09-13,10.179,10.36,9.933,10.122,3812298.03,1757807999999999,38772544.46563,144705,1937259.53,19715240.11948,0
2025-09-14,10.122,10.13,9.004,9.414,9741212.01,1757894399999999,92903197.69605,294703,4860701.12,46369367.49888,0
2025-09-15,9.413,9.54,9.02,9.161,5211510.88,1757980799999999,47940392.80441,208090,2153210.17,19829978.65466,0
2025-09-16,9.16,9.399,9.05,9.321,3773013.4,1758067199999999,34774987.43023,136637,1611513.64,14874229.60304,0
2025-09-17,9.321,9.62,9.134,9.551,3635111.92,1758153599999999,33927473.12,161606,1826823.45,17071517.60457,0
2025-09-18,9.552,9.669,9.407,9.604,3790785.97,1758239999999999,36282181.32362,140933,2119584.27,20287980.19449,0
2025-09-19,9.604,9.734,9.075,9.162,4277261.75,1758326399999999,40038967.15068,136147,2241793.79,20989625.39235,0
2025-09-20,9.162,9.281,9.103,9.185,1504585.27,1758412799999999,13828489.0998,59846,698877.76,6421062.15523,0
2025-09-21,9.184,9.22,9.031,9.043,2017512.17,1758499199999999,18410161.34249,64068,1017960.39,9285937.28338,0
2025-09-22,9.043,9.08,7.5,8.231,9061462.83,1758585599999999,75183759.22217,333756,3795832.39,31470331.95569,0
2025-09-23,8.231,8.263,8.009,8.057,3012860.88,1758671999999999,24534549.63524,109943,1514609.51,12339880.58515,0
2025-09-24,8.058,8.196,7.831,7.899,3021192.89,1758758399999999,24296251.28944,119823,1405879.89,11319481.93717,0
2025-09-25,7.899,7.944,7.273,7.455,6247975.77,1758844799999999,47739939.88099,227348,2863088.39,21888475.63933,0
2025-09-26,7.456,7.639,7.323,7.619,5081595.19,1758931199999999,38058813.07625,192240,2399557.6,17996926.83574,0
2025-09-27,7.62,7.659,7.464,7.617,2602245.62,1759017599999999,19690139.67422,72792,1442965.31,10919932.4681,0
2025-09-28,7.618,7.772,7.408,7.751,1808318.45,1759103999999999,13642585.6977,75185,871612.69,6577833.14116,0
2025-09-29,7.752,7.839,7.568,7.744,2218098.74,1759190399999999,17111537.79075,99732,1161836.49,8966212.0091,0
2025-09-30,7.744,7.777,7.421,7.641,2881874.69,1759276799999999,21866035.58167,109848,1316916.09,9992391.1994,0
2025-10-01,7.641,8.1,7.538,8.072,3412587.34,1759363199999999,26884507.42845,127138,1809980.88,14264218.38557,0
2025-10-02,8.073,8.394,7.985,8.353,4598011.77,1759449599999999,37688121.90012,145472,2465976.17,20215681.56222,0
2025-10-03,8.352,8.494,8.132,8.176,3669173.13,1759535999999999,30381019.05691,149151,1888288.58,15642734.21266,0
2025-10-04,8.176,8.202,7.908,8.025,1882125.85,1759622399999999,15099870.04119,85831,821957.33,6598231.22225,0
2025-10-05,8.025,8.429,7.967,8.059,3034926.59,1759708799999999,24966216.14035,122712,1465233.56,12041770.53486,0
2025-10-06,8.06,8.448,8.0,8.342,2910094.89,1759795199999999,24071044.11861,131062,1442455.36,11933067.55559,0
2025-10-07,8.342,8.396,7.716,7.765,6387776.73,1759881599999999,51028390.11783,216856,3102352.67,24761386.94716,0
2025-10-08,7.766,8.13,7.696,8.072,2712725.91,1759967999999999,21403710.50229,135609,1338285.62,10557758.59945,0
2025-10-09,8.073,8.093,7.643,7.855,3265101.44,1760054399999999,25514875.97732,148594,1452284.75,11349309.51653,0
2025-10-10,7.856,8.6,2.0,5.792,28262007.27,1760140799999999,178224315.29273,1037190,12830343.26,81908139.964,0
2025-10-11,5.791,6.128,5.543,5.855,18650942.79,1760227199999999,109611579.44395,534460,9246960.73,54287282.02163,0
2025-10-12,5.855,6.705,5.791,6.619,8575568.94,1760313599999999,54036930.41707,353701,4170654.14,26341453.64685,0
2025-10-13,6.619,7.12,6.491,7.051,7365492.36,1760399999999999,49706810.15985,329512,3440044.47,23251900.29024,0
2025-10-14,7.051,7.081,6.384,6.822,7158919.91,1760486399999999,47834042.64162,372205,3445751.5,23008555.46608,0
2025-10-15,6.822,6.987,6.443,6.569,5097036.25,1760572799999999,34102305.11567,255971,2184585.9,14655909.87815,0
2025-10-16,6.569,6.734,6.221,6.279,4771001.55,1760659199999999,30955591.82088,274770,2407641.2,15665357.60235,0
2025-10-17,6.279,6.409,5.844,6.132,7557565.45,1760745599999999,46010417.07481,302859,3670597.98,22374676.85655,0
2025-10-18,6.133,6.209,5.904,6.024,3511282.08,1760831999999999,21215903.65112,112446,1868508.33,11289822.04122,0
2025-10-19,6.023,6.362,5.951,6.259,3339950.03,1760918399999999,20602224.41491,124125,1783425.88,11007636.34852,0
2025-10-20,6.259,6.545,6.137,6.336,2902503.31,1761004799999999,18510008.98708,130692,1413568.36,9019196.291,0
2025-10-21,6.337,6.653,6.108,6.253,6021138.25,1761091199999999,38332784.48683,221111,2674275.36,17066166.41573,0
2025-10-22,6.253,6.302,5.861,6.037,4341943.25,1761177599999999,26541949.54799,199438,2132647.19,13047151.67541,0
2025-10-23,6.037,6.365,6.026,6.313,2937580.38,1761263999999999,18240650.62906,106025,1388914.98,8622583.69598,0
2025-10-24,6.314,6.47,6.163,6.243,2907945.61,1761350399999999,18337923.72483,103499,1452434.66,9164524.96779,0
2025-10-25,6.243,6.299,6.16,6.245,3053819.27,1761436799999999,19006340.81177,71655,1634587.36,10174552.40099,0
2025-10-26,6.246,6.734,6.148,6.665,3573741.68,1761523199999999,23101845.34921,110117,1737512.43,11236332.73996,0
2025-10-27,6.665,6.888,6.463,6.514,3662864.47,1761609599999999,24503918.19749,134993,1688104.57,11300264.77668,0
2025-10-28,6.513,6.635,6.25,6.339,2383200.85,1761695999999999,15432625.24641,104453,1109626.75,7194730.44173,0
2025-10-29,6.339,6.448,6.142,6.295,3860839.42,1761782399999999,24438742.99853,166846,1902386.42,12040997.40824,0
2025-10-30,6.294,6.387,5.666,5.846,14581931.12,1761868799999999,89236276.97288,316803,5233754.54,31764099.65363,0
2025-10-31,5.847,5.954,5.612,5.744,5271574.29,1761955199999999,30598790.73776,149359,2480703.44,14424509.68591,0
2025-11-01,5.744,5.897,5.717,5.863,2461294.41,1762041599999999,14318262.44723,74304,1206249.26,7019433.50474,0
2025-11-02,5.864,5.927,5.712,5.859,2227553.85,1762127999999999,12938156.32786,78268,1077596.43,6264366.4326,0
2025-11-03,5.859,5.888,4.947,5.198,9608158.02,1762214399999999,51231599.83752,325696,4251317.86,22644020.73472,0
2025-11-04,5.198,5.282,4.736,5.073,9624747.25,1762300799999999,48638552.05387,328186,4815731.44,24353036.72886,0
2025-11-05,5.073,5.493,4.871,5.346,5632733.66,1762387199999999,29427089.69956,195064,2864094.13,14961966.75811,0
2025-11-06,5.345,5.373,5.106,5.255,3790676.16,1762473599999999,19945298.47627,133815,1733233.5,9121973.37002,0
2025-11-07,5.256,6.003,5.243,5.875,8522495.12,1762559999999999,47600601.90228,262930,4378726.39,24488509.59651,0
2025-11-08,5.875,6.141,5.805,6.011,7011480.4,1762646399999999,42038890.72698,245206,3312540.55,19874780.87228,0
2025-11-09,6.011,6.78,5.795,6.574,9508041.91,1762732799999999,60654674.63892,324364,4594518.29,29329843.81453,0
2025-11-10,6.575,10.03,6.547,9.347,33184232.36,1762819199999999,272237690.37546,1491402,17227829.88,140804393.65576,0
2025-11-11,9.35,10.3,8.1,8.249,65925229.87,1762905599999999,592527278.77647,2809078,33085303.62,297626634.01403,0
2025-11-12,8.25,8.863,7.474,7.568,19335335.61,1762991999999999,159332945.31341,783674,9299068.37,76863570.27355,0
2025-11-13,7.568,8.206,7.463,7.753,16978928.09,1763078399999999,132738097.02682,679548,8403269.89,65731647.78723,0
2025-11-14,7.752,7.802,6.927,6.992,12725078.81,1763164799999999,92621504.63296,579279,6007684.53,43720351.60232,0
2025-11-15,6.991,7.643,6.975,7.357,8242280.08,1763251199999999,60714397.06736,298658,4391701.69,32349180.31271,0
2025-11-16,7.358,7.923,6.978,7.178,11331659.37,1763337599999999,84700327.28582,420454,5513341.29,41272492.25522,0
2025-11-17,7.177,8.156,7.086,7.421,19389578.11,1763423999999999,148416971.69943,796927,9351527.34,71668707.12462,0
2025-11-18,7.422,7.766,7.181,7.5,10788799.38,1763510399999999,80290561.13846,413780,5458426.91,40644890.98584,0
2025-11-19,7.499,7.519,6.816,7.225,8368311.93,1763596799999999,59810255.34676,334173,4098043.69,29278070.1298,0
2025-11-20,7.224,7.384,6.476,6.57,8523390.84,1763683199999999,59771404.09636,288189,4160484.95,29236521.49754,0
2025-11-21,6.569,6.742,5.913,6.426,12318913.52,1763769599999999,78228081.19546,423947,6058858.05,38475723.45213,0
2025-11-22,6.425,6.545,5.86,6.161,6173324.55,1763855999999999,38313337.04928,228399,2982792.72,18538377.25373,0
2025-11-23,6.161,6.356,6.058,6.136,4011818.02,1763942399999999,24927775.68834,165579,2080473.13,12933988.91241,0
2025-11-24,6.136,6.429,6.055,6.295,6833348.28,1764028799999999,42819081.80687,280001,3440608.99,21577588.61154,0
2025-11-25,6.294,6.376,5.881,6.233,5663713.93,1764115199999999,34725165.00112,192751,2784915.03,17105838.93871,0
2025-11-26,6.232,6.387,5.998,6.303,3813992.58,1764201599999999,23730896.64221,127948,1884594.91,11718091.87676,0
2025-11-27,6.303,6.435,6.099,6.141,4322521.69,1764287999999999,26952577.0261,111953,2174870.41,13555579.11297,0
2025-11-28,6.142,6.356,6.05,6.129,3408527.5,1764374399999999,21075727.17264,123962,1559443.79,9644767.36698,0
2025-11-29,6.128,6.216,5.978,6.057,1918849.09,1764460799999999,11700960.27855,59299,864579.89,5276278.47899,0
2025-11-30,6.057,6.278,6.007,6.042,2900376.46,1764547199999999,17847094.92232,91006,1423652.08,8762933.47719,0
2025-12-01,6.042,6.058,5.441,5.599,8050608.69,1764633599999999,45174740.32137,220968,3934659.08,22066920.95234,0
2025-12-02,5.601,6.039,5.368,5.92,6884300.63,1764719999999999,39027678.3924,173614,3590727.24,20337673.86321,0
2025-12-03,5.919,6.197,5.894,6.107,4713358.81,1764806399999999,28436435.52243,141650,2364204.01,14273360.93396,0
2025-12-04,6.108,6.2,5.829,5.961,3772271.77,1764892799999999,22791320.73809,109105,1870784.3,11307323.78287,0
2025-12-05,5.961,6.036,5.426,5.474,4749718.35,1764979199999999,27235279.32056,139603,2189938.07,12541078.25532,0
2025-12-06,5.473,5.624,5.415,5.563,2086447.43,1765065599999999,11516530.74513,56414,1103695.14,6091653.76866,0
2025-12-07,5.564,5.672,5.316,5.461,3768927.93,1765151999999999,20788555.21356,103782,1862281.8,10274737.95864,0
2025-12-08,5.462,5.772,5.431,5.616,3020468.04,1765238399999999,17023458.84042,97664,1458980.95,8223226.11537,0
2025-12-09,5.615,5.976,5.427,5.747,3948767.27,1765324799999999,22417628.71464,135002,2023887.06,11464695.02008,0
2025-12-10,5.746,5.946,5.527,5.602,4399936.14,1765411199999999,25007414.13606,154091,2165244.71,12306370.0886,0
2025-12-11,5.601,5.607,5.293,5.548,4030550.9,1765497599999999,21818456.14643,133018,2012240.31,10902833.24722,0
2025-12-12,5.548,5.651,5.21,5.422,3722510.24,1765583999999999,20196351.02157,122758,1811183.52,9836135.21541,0
2025-12-13,5.423,5.529,5.373,5.5,1368190.97,1765670399999999,7450597.80414,38956,701651.98,3819468.41954,0
2025-12-14,5.501,5.565,5.247,5.31,2282268.25,1765756799999999,12373125.7328,68447,1187051.08,6438220.6112,0
2025-12-15,5.311,5.466,4.971,5.079,4469739.55,1765843199999999,23134696.13437,139536,2145204.63,11099035.84406,0
2025-12-16,5.08,5.279,4.935,5.198,3949507.64,1765929599999999,20184464.79435,117234,2068072.23,10585665.96539,0
2025-12-17,5.197,5.324,4.883,4.966,4372912.12,1766015999999999,22211727.5375,138329,1974316.57,10046376.5236,0
2025-12-18,4.967,5.435,4.849,4.96,10753995.99,1766102399999999,55322168.83551,279784,5380838.86,27719852.15376,0
2025-12-19,4.96,5.336,4.9,5.319,6271083.7,1766188799999999,32209861.08029,151701,3143057.97,16145591.38442,0
2025-12-20,5.318,6.378,5.253,6.262,13425520.88,1766275199999999,79156989.98035,424753,7565934.79,44641408.90283,0
2025-12-21,6.262,6.5,6.054,6.117,9824156.96,1766361599999999,61255346.74337,277258,4843823.41,30233330.358,0
2025-12-22,6.117,6.416,5.914,6.018,7894519.12,1766447999999999,48766586.70816,208840,3924902.01,24233046.51265,0
2025-12-23,6.019,6.121,5.654,5.81,6700700.28,1766534399999999,39326407.3973,164541,3210228.53,18826779.85574,0
2025-12-24,5.811,5.888,5.593,5.778,4783714.28,1766620799999999,27473129.07889,115590,2313925.14,13292725.08538,0
2025-12-25,5.779,6.085,5.747,5.815,4240144.39,1766707199999999,24947693.49557,110626,2040059.83,12013136.25523,0
2025-12-26,5.814,6.037,5.73,5.829,4123253.53,1766793599999999,24207681.38619,118403,2029376.99,11927469.81033,0
2025-12-27,5.829,6.041,5.827,5.967,2940206.57,1766879999999999,17493537.76997,78853,1501651.05,8935816.32695,0
2025-12-28,5.967,6.569,5.934,6.23,8937875.96,1766966399999999,55999201.97691,237859,4730223.62,29640492.86271,0
2025-12-29,6.231,6.392,5.927,5.995,5754472.74,1767052799999999,35315297.78476,154358,2753721.79,16932485.47272,0
2025-12-30,5.995,6.044,5.895,5.926,3282679.1,1767139199999999,19605544.38745,84288,1638353.92,9789131.63157,0
2025-12-31,5.926,5.978,5.623,5.64,2969257.05,1767225599999999,17246532.149,77940,1455074.57,8444461.52942,0
