open_time,open,high,low,close,volume,close_time,quote_volume,trades,taker_buy_base,taker_buy_quote,ignore
2020-06-15,0.19022,0.19344,0.18202,0.19238,130419971.5,1592265599999,24415172.117359,64319,62371843.6,11677424.133998,0
2020-06-16,0.19238,0.19404,0.19007,0.19238,76442039.8,1592351999999,14666578.928633,40275,37825552.1,7257334.962562,0
2020-06-17,0.19236,0.19895,0.18846,0.19315,143789678.4,1592438399999,27856615.183625,70707,67620243.5,13109199.522345,0
2020-06-18,0.19315,0.19325,0.18802,0.18975,83020048.8,1592524799999,15843553.693894,43527,36284585.3,6924160.038045,0
2020-06-19,0.18975,0.19036,0.18658,0.18722,101395871.0,1592611199999,19119359.597477,50436,42365077.7,7985718.904644,0
2020-06-20,0.18724,0.18897,0.18488,0.18792,65244804.2,1592697599999,12232229.508848,39486,27599318.4,5173523.851864,0
2020-06-21,0.18793,0.18848,0.18565,0.18602,66591992.6,1592783999999,12484413.486531,37563,28767886.5,5393725.259838,0
2020-06-22,0.18602,0.19051,0.18569,0.18928,121678902.8,1592870399999,22925902.512118,52971,54197817.0,10213485.950684,0
2020-06-23,0.18933,0.19042,0.18831,0.18889,80442337.3,1592956799999,15203951.752928,44293,37475013.7,7082627.519045,0
2020-06-24,0.18889,0.19016,0.1799,0.18348,99814387.3,1593043199999,18502915.659501,55355,46229680.8,8574631.035381,0
2020-06-25,0.18344,0.18414,0.17849,0.18156,83471401.8,1593129599999,15201347.41991,47652,35854415.7,6530918.271093,0
2020-06-26,0.18156,0.18694,0.17848,0.18249,134171894.1,1593215999999,24516731.370918,69995,59166748.6,10809718.376417,0
2020-06-27,0.18247,0.1835,0.169,0.17509,100119859.4,1593302399999,17772779.348697,60195,45308553.7,8046506.491795,0
2020-06-28,0.1751,0.17983,0.17337,0.17693,79916984.6,1593388799999,14183202.989403,46215,39843351.9,7073187.7646,0
2020-06-29,0.17694,0.17939,0.17487,0.17726,108091794.8,1593475199999,19131133.776332,58520,51339111.1,9084268.720723,0
2020-06-30,0.17737,0.17775,0.17487,0.17533,63769127.0,1593561599999,11241515.751834,39972,31361267.3,5529124.161399,0
2020-07-01,0.17533,0.17814,0.17373,0.17647,96697381.8,1593647999999,17042899.871378,51946,43150735.7,7603376.456672,0
2020-07-02,0.17645,0.1777,0.172,0.17477,109348977.7,1593734399999,19165320.483997,63345,52646370.0,9228299.136367,0
2020-07-03,0.17476,0.17865,0.1743,0.1762,93559429.8,1593820799999,16520877.857541,60782,44102653.3,7786410.444553,0
2020-07-04,0.17618,0.17964,0.17593,0.17808,101070772.2,1593907199999,17979199.30731,59563,48271756.4,8587147.591078,0
2020-07-05,0.1781,0.1788,0.17372,0.17695,109028272.5,1593993599999,19241614.017257,55659,46528028.3,8207711.805636,0
2020-07-06,0.17691,0.18934,0.17644,0.18875,180480180.6,1594079999999,33204449.903344,92229,90262066.0,16613662.786575,0
2020-07-07,0.18876,0.18969,0.18312,0.18508,119136986.1,1594166399999,22136652.803759,69944,61126763.5,11354209.887053,0
2020-07-08,0.18508,0.20669,0.18382,0.20551,340558574.1,1594252799999,67681685.844916,169765,172245397.4,34230348.705735,0
2020-07-09,0.20544,0.21186,0.19667,0.20263,366287583.8,1594339199999,74431591.147896,172726,177332786.4,36054587.202648,0
2020-07-10,0.20263,0.20272,0.19252,0.19909,212898090.1,1594425599999,42071935.192573,119526,106164474.4,20982888.918506,0
2020-07-11,0.19906,0.20482,0.19792,0.2011,171252017.6,1594511999999,34447407.904762,97942,86313829.6,17365437.871919,0
2020-07-12,0.20112,0.20401,0.19758,0.20128,123496702.1,1594598399999,24769203.868089,77831,62701448.2,12577715.966671,0
2020-07-13,0.20122,0.2066,0.191,0.19867,210692216.4,1594684799999,42306094.039462,114516,102894762.0,20666877.00459,0
2020-07-14,0.19866,0.19978,0.195,0.19909,126120726.2,1594771199999,24969935.006765,76499,62893003.9,12453058.694995,0
2020-07-15,0.19908,0.1999,0.19635,0.19721,97567941.8,1594857599999,19325266.670079,60968,46772025.3,9264521.294492,0
2020-07-16,0.19722,0.19756,0.18822,0.19444,154403446.1,1594943999999,29776964.664402,85208,72992131.1,14084527.774213,0
2020-07-17,0.19447,0.19824,0.19125,0.1944,119390267.7,1595030399999,23222588.347467,68750,59130507.1,11499308.585734,0
2020-07-18,0.19441,0.20203,0.19392,0.1999,125668578.9,1595116799999,24883703.336682,70943,64344097.1,12741902.551001,0
2020-07-19,0.19989,0.20205,0.19574,0.19956,117946275.3,1595203199999,23382843.508856,64336,55300559.9,10963489.099834,0
2020-07-20,0.19961,0.20019,0.19194,0.19465,114187102.0,1595289599999,22476358.41557,61544,55114986.4,10847724.406569,0
2020-07-21,0.19465,0.201,0.19386,0.19949,116436628.1,1595375999999,23094933.038207,63843,57629849.5,11431238.030471,0
2020-07-22,0.19946,0.20441,0.196,0.20348,127274412.3,1595462399999,25445742.450528,67772,64992632.2,12998840.217858,0
2020-07-23,0.20351,0.21584,0.20142,0.20851,231892970.4,1595548799999,47793197.433814,106526,122065882.4,25165740.079797,0
2020-07-24,0.20847,0.20855,0.20189,0.20392,162043579.9,1595635199999,33175901.359486,76974,80609499.3,16500967.548042,0
2020-07-25,0.20393,0.21756,0.2035,0.21463,237958032.7,1595721599999,50101789.935724,113462,125544258.9,26440717.027407,0
2020-07-26,0.21462,0.22499,0.21255,0.21532,277074358.0,1595807999999,60582099.786355,134839,140647554.6,30752925.846888,0
2020-07-27,0.21528,0.23,0.20861,0.22437,358365289.2,1595894399999,78837943.66513,174780,182976050.1,40297790.213806,0
2020-07-28,0.22445,0.23476,0.217,0.23029,348097855.6,1595980799999,78508822.193674,170224,174964881.3,39463366.548683,0
2020-07-29,0.23031,0.25,0.22919,0.24327,423604274.8,1596067199999,101932060.973486,206067,215952923.5,51971800.678982,0
2020-07-30,0.24323,0.24954,0.233,0.24408,339560922.2,1596153599999,82500395.916323,173380,164737547.0,40034503.217328,0
2020-07-31,0.24407,0.26042,0.24158,0.25939,295712939.1,1596239999999,73781607.937082,162247,144293586.0,36003982.334911,0
2020-08-01,0.25938,0.29739,0.25557,0.29089,698526256.7,1596326399999,192372370.249556,328933,369821278.5,101888143.681846,0
2020-08-02,0.29089,0.32628,0.2476,0.28803,1089709098.7,1596412799999,319783013.590693,531939,549730168.6,161483107.573083,0
2020-08-03,0.28809,0.31999,0.28357,0.31016,661998402.4,1596499199999,202645747.188177,338360,327802373.3,100327443.249184,0
2020-08-04,0.31008,0.31926,0.29038,0.30138,523509311.0,1596585599999,159903257.900735,273494,254540280.8,77741206.995783,0
2020-08-05,0.30137,0.30813,0.2908,0.30228,377922454.8,1596671999999,113786682.709406,206522,189169114.4,56949044.634592,0
2020-08-06,0.30233,0.31126,0.29722,0.30311,315511639.9,1596758399999,95740810.477769,183667,151500019.0,45983283.423999,0
2020-08-07,0.30309,0.31037,0.27936,0.29437,350058017.3,1596844799999,104613031.153893,209518,168807883.4,50497084.659268,0
2020-08-08,0.29444,0.2987,0.2898,0.29527,180632239.2,1596931199999,53160920.89494,116743,88103190.5,25930945.833506,0
2020-08-09,0.29532,0.29839,0.28215,0.2879,194741043.2,1597017599999,56426495.734923,121899,94878303.8,27486778.269498,0
2020-08-10,0.28792,0.30008,0.28301,0.29469,357730182.0,1597103999999,105174273.353254,171078,171459453.8,50425777.339034,0
2020-08-11,0.29468,0.30736,0.26727,0.2831,454328410.0,1597190399999,132691665.278141,235129,216418563.8,63221952.378831,0
2020-08-12,0.28308,0.28737,0.27139,0.28233,301659248.8,1597276799999,84822358.723429,158764,151810656.0,42682878.811733,0
2020-08-13,0.28233,0.29561,0.27243,0.2942,343559052.2,1597363199999,96909703.2663,188780,172958071.1,48776512.58241,0
2020-08-14,0.2942,0.3073,0.28918,0.29995,419013955.8,1597449599999,124939231.557538,213849,204276279.4,60921456.024029,0
2020-08-15,0.29995,0.30537,0.2907,0.29884,323612283.2,1597535999999,96907524.068825,175498,157929032.4,47291837.917924,0
2020-08-16,0.2989,0.3048,0.29186,0.30455,272817352.5,1597622399999,81578876.755705,162605,133539186.6,39929376.466737,0
2020-08-17,0.3046,0.32689,0.29702,0.31539,598471473.5,1597708799999,187018369.290665,297217,296503853.3,92645909.656378,0
2020-08-18,0.31535,0.32156,0.29614,0.30251,406775389.7,1597795199999,125998018.680262,219296,195616843.5,60605759.382531,0
2020-08-19,0.3025,0.30616,0.27809,0.28975,390658603.2,1597881599999,113932105.785389,216352,185337648.0,54049745.598537,0
2020-08-20,0.28969,0.29465,0.28431,0.29218,217335773.0,1597967999999,63110464.112807,120521,107883586.2,31326880.130558,0
2020-08-21,0.29217,0.29585,0.27671,0.27933,295142831.1,1598054399999,84779306.01874,154460,137361589.0,39457107.225043,0
2020-08-22,0.27935,0.28663,0.2733,0.28592,200686126.8,1598140799999,56060954.001977,109815,94932638.2,26538749.892035,0
2020-08-23,0.28589,0.28808,0.27698,0.2848,147758018.4,1598227199999,41797800.643935,80520,69707127.7,19715582.280036,0
2020-08-24,0.2848,0.292,0.28224,0.2884,163849857.2,1598313599999,47142715.931314,92702,78528431.8,22600648.831486,0
2020-08-25,0.2884,0.28959,0.27,0.27625,234190707.5,1598399999999,65341936.081103,138205,110625072.7,30862535.317666,0
2020-08-26,0.27628,0.28078,0.2739,0.27653,153029000.5,1598486399999,42419994.100277,92286,74110275.7,20548954.912659,0
2020-08-27,0.27645,0.27833,0.25453,0.26469,271350415.9,1598572799999,72352751.671078,125529,120567290.3,32133445.808261,0
2020-08-28,0.26478,0.2732,0.26,0.27174,161315866.7,1598659199999,43178213.037698,77151,77742396.6,20810474.749247,0
2020-08-29,0.27166,0.27685,0.26865,0.2738,120917456.4,1598745599999,33040428.367236,64610,59376533.3,16227682.974132,0
2020-08-30,0.27375,0.28389,0.27375,0.28302,157541548.0,1598831999999,43985400.051606,82437,78325677.5,21870245.408232,0
2020-08-31,0.28302,0.2845,0.27804,0.28115,164541572.9,1598918399999,46334854.982068,87673,78014712.3,21968859.181579,0
2020-09-01,0.28115,0.29884,0.27574,0.29521,292160051.6,1599004799999,85019226.045613,161826,136533444.3,39722203.332893,0
2020-09-02,0.29515,0.304,0.2622,0.27595,367857288.9,1599091199999,104193607.454721,196976,173598911.5,49203884.795006,0
2020-09-03,0.27594,0.2765,0.238,0.24409,375303316.2,1599177599999,98000534.91627,179191,178836893.6,46757757.2302,0
2020-09-04,0.24404,0.26582,0.24012,0.25385,347276927.6,1599263999999,87432536.780235,169671,168601407.0,42449372.817965,0
2020-09-05,0.25385,0.25951,0.231,0.23738,343014820.3,1599350399999,83561833.045509,162265,163201549.9,39762912.002159,0
2020-09-06,0.23737,0.24358,0.22937,0.23986,245971020.2,1599436799999,58474242.64096,120160,118549019.2,28160133.486801,0
2020-09-07,0.23987,0.24292,0.22962,0.24198,217149074.3,1599523199999,51478872.451686,103411,101424963.6,24038305.067779,0
2020-09-08,0.24202,0.24365,0.2312,0.23657,185386436.1,1599609599999,43907960.315417,92056,91866919.7,21763511.12075,0
2020-09-09,0.23658,0.24278,0.23303,0.23901,120931648.7,1599695999999,28868110.3727,64645,60673609.4,14484906.074897,0
2020-09-10,0.239,0.24871,0.23878,0.24302,150794017.7,1599782399999,36881925.995935,68510,74680293.6,18267442.279756,0
2020-09-11,0.24302,0.2444,0.23683,0.24252,102995486.8,1599868799999,24851112.714879,49778,47173658.5,11379904.465721,0
2020-09-12,0.24252,0.24879,0.24019,0.24752,90026751.2,1599955199999,21958265.412655,46745,45325697.8,11056234.0527,0
2020-09-13,0.24749,0.2535,0.23757,0.24218,134508183.7,1600041599999,32977928.093221,72773,64995896.2,15954794.054468,0
2020-09-14,0.24214,0.2484,0.23901,0.24564,128679809.9,1600127999999,31519192.260207,64976,61263918.7,15009057.050499,0
2020-09-15,0.24562,0.2494,0.24225,0.24331,123397806.3,1600214399999,30328603.084105,63512,59580898.7,14646252.389534,0
2020-09-16,0.24331,0.25117,0.2341,0.24686,155437121.5,1600300799999,37716252.838501,76921,77589036.1,18804816.406254,0
2020-09-17,0.24682,0.2586,0.24601,0.25214,195903905.1,1600387199999,49350788.132887,96692,97500979.7,24560074.804113,0
2020-09-18,0.25208,0.25522,0.2463,0.25065,123918267.6,1600473599999,31139489.423272,66003,59476256.7,14947967.511508,0
2020-09-19,0.25065,0.25497,0.24733,0.25112,94380999.1,1600559999999,23685321.042841,51311,46979365.4,11790365.497766,0
2020-09-20,0.25112,0.25125,0.2423,0.24652,100830684.4,1600646399999,24906611.324016,53886,48975726.9,12097997.562642,0
2020-09-21,0.24657,0.24809,0.22915,0.23102,232559544.3,1600732799999,55501544.15145,106251,108510451.2,25921890.704876,0
2020-09-22,0.23104,0.23459,0.22916,0.23302,113084575.2,1600819199999,26224389.789565,52422,55614873.0,12897037.342249,0
2020-09-23,0.23301,0.2352,0.22017,0.22164,148246113.4,1600905599999,34012112.732716,66307,72284088.4,16599115.015232,0
2020-09-24,0.22164,0.23401,0.21944,0.23276,173682650.7,1600991999999,39352163.147503,78138,85082826.8,19274706.145667,0
2020-09-25,0.23277,0.24477,0.2295,0.24154,146717481.1,1601078399999,34780905.367382,89555,74440639.3,17651851.363484,0
2020-09-26,0.24154,0.24568,0.23764,0.24153,113365429.6,1601164799999,27432232.220307,56585,53841371.7,13028234.180989,0
2020-09-27,0.24147,0.24474,0.23729,0.24334,91772023.9,1601251199999,22146900.091589,46122,45724539.7,11036611.053777,0
2020-09-28,0.24329,0.24851,0.23979,0.24107,121590934.4,1601337599999,29741294.957383,57603,60122172.3,14710492.273017,0
2020-09-29,0.2411,0.24662,0.2383,0.24285,109204653.3,1601423999999,26469745.144946,54577,52695941.3,12771963.861662,0
2020-09-30,0.24286,0.24289,0.2375,0.24171,101266167.8,1601510399999,24347238.787406,46695,48169800.6,11581709.671482,0
2020-10-01,0.24172,0.24452,0.23372,0.23819,127335773.7,1601596799999,30495397.259874,59412,61149206.7,14655349.322267,0
2020-10-02,0.23813,0.23937,0.22829,0.23386,146884020.3,1601683199999,34176222.851323,67598,70386577.6,16377928.383083,0
2020-10-03,0.23387,0.23499,0.23254,0.23273,59902666.5,1601769599999,13997096.9467,31364,29877861.4,6981141.291898,0
2020-10-04,0.23274,0.25024,0.23159,0.24794,157014929.5,1601855999999,37951261.265445,70298,84277946.6,20374544.237617,0
2020-10-05,0.24794,0.25442,0.24628,0.2503,228844024.4,1601942399999,57235368.600163,103132,114759532.0,28705184.736328,0
2020-10-06,0.25034,0.25932,0.24021,0.24545,378003616.4,1602028799999,94929219.472188,152296,184780451.1,46432903.820834,0
2020-10-07,0.24549,0.25141,0.24077,0.2487,177097434.2,1602115199999,43649107.300601,73422,87023326.8,21451869.705358,0
2020-10-08,0.24871,0.25297,0.24206,0.25141,197900153.1,1602201599999,49015452.564364,83606,98108621.5,24313486.330839,0
2020-10-09,0.25141,0.25665,0.24935,0.25293,192476557.6,1602287999999,48500548.309277,86539,95399799.0,24044242.814059,0
2020-10-10,0.25293,0.26071,0.25265,0.25402,165954957.2,1602374399999,42523830.303293,74502,79628273.9,20407357.070713,0
2020-10-11,0.25401,0.25842,0.25321,0.25544,129208149.4,1602460799999,33068068.215823,58167,63475090.7,16247005.200767,0
2020-10-12,0.25545,0.25826,0.24732,0.25603,225658413.6,1602547199999,57452750.353896,92070,110525462.1,28137725.450218,0
2020-10-13,0.25602,0.25997,0.25267,0.2565,232496747.4,1602633599999,59570256.079706,95384,115477368.1,29594269.634612,0
2020-10-14,0.25658,0.2584,0.24593,0.24906,200090976.7,1602719999999,50509873.509913,92215,98049712.4,24748217.094883,0
2020-10-15,0.24906,0.25014,0.24287,0.24596,157801611.0,1602806399999,38896100.048339,73706,77104996.7,19004963.326938,0
2020-10-16,0.24584,0.24787,0.2375,0.24011,149640393.0,1602892799999,36128367.830974,64397,72268026.1,17446535.562377,0
2020-10-17,0.24014,0.24329,0.23853,0.24057,76204228.7,1602979199999,18367534.830073,35044,35256019.5,8500188.560389,0
2020-10-18,0.24059,0.24362,0.24005,0.24221,59622713.2,1603065599999,14427329.696737,29248,29363165.0,7105256.780808,0
2020-10-19,0.2422,0.24945,0.24011,0.24558,144261234.7,1603151999999,35439791.433392,67118,70689605.6,17366066.284985,0
2020-10-20,0.24557,0.25039,0.2411,0.24322,142586108.2,1603238399999,34925003.950024,72984,65935247.1,16152498.604432,0
2020-10-21,0.24324,0.25555,0.24249,0.25088,213403919.3,1603324799999,53312284.345912,103004,105870533.1,26460881.162909,0
2020-10-22,0.2508,0.26357,0.25077,0.25709,262479836.1,1603411199999,67897774.180178,128007,131552123.6,34030653.261396,0
2020-10-23,0.25703,0.25921,0.25005,0.25471,145732428.5,1603497599999,37255585.126815,68054,70013470.4,17898111.065494,0
2020-10-24,0.25472,0.25763,0.25253,0.2562,71861131.8,1603583999999,18346177.888177,38535,33889003.4,8651736.956256,0
2020-10-25,0.2562,0.25714,0.25105,0.25313,70096933.8,1603670399999,17779246.308911,37225,32697128.7,8293440.830847,0
2020-10-26,0.25313,0.2591,0.24341,0.2481,153008505.9,1603756799999,38536423.228923,73736,69995188.1,17646706.867095,0
2020-10-27,0.24811,0.25398,0.24743,0.25273,125197460.4,1603843199999,31443502.818749,57598,62213027.7,15627631.178097,0
2020-10-28,0.25273,0.25666,0.2444,0.2454,152758067.2,1603929599999,38044417.438282,78343,73681736.3,18350323.749712,0
2020-10-29,0.2454,0.24702,0.2396,0.24239,127858202.6,1604015999999,31205978.45702,61900,61825441.8,15099394.327746,0
2020-10-30,0.24232,0.24402,0.23057,0.23905,133423159.8,1604102399999,31703289.82017,71272,64088260.1,15235583.866984,0
2020-10-31,0.23906,0.24351,0.23743,0.23968,84576060.9,1604188799999,20324011.512796,45714,42820302.1,10288873.500436,0
2020-11-01,0.2396,0.24138,0.23648,0.23999,64775047.6,1604275199999,15489254.777157,35711,32307006.4,7722856.877635,0
2020-11-02,0.23999,0.2452,0.23264,0.23523,130300920.1,1604361599999,30969679.633886,63023,64348483.5,15292544.978611,0
2020-11-03,0.23526,0.24425,0.22772,0.2396,213624345.8,1604447999999,50432667.449816,97518,111803818.9,26411583.586167,0
2020-11-04,0.2396,0.24045,0.23213,0.23758,175258053.1,1604534399999,41444809.320879,81832,92062904.1,21772152.783898,0
2020-11-05,0.23759,0.24743,0.23712,0.24561,220616913.3,1604620799999,53398705.87834,106711,113374466.2,27441878.699546,0
2020-11-06,0.24569,0.2614,0.24508,0.25863,289253502.7,1604707199999,73660073.770537,145458,145639623.8,37102421.748163,0
2020-11-07,0.2586,0.26733,0.24419,0.2491,263707018.0,1604793599999,67744770.59906,142250,122403812.4,31440971.356961,0
2020-11-08,0.24913,0.25701,0.24724,0.25374,119757768.6,1604879999999,30293017.54379,67626,60089102.4,15201030.694608,0
2020-11-09,0.25368,0.2562,0.24557,0.25059,161129039.0,1604966399999,40400329.700759,92547,81366512.8,20401653.727799,0
2020-11-10,0.25058,0.265,0.24806,0.2538,250018160.4,1605052799999,64042649.826889,133493,122793345.0,31438164.046554,0
2020-11-11,0.25379,0.26,0.25209,0.25581,155421758.6,1605139199999,39896988.270745,86596,77815731.2,19977888.184366,0
2020-11-12,0.25581,0.25818,0.2525,0.2549,139776053.7,1605225599999,35653157.512493,82041,71975105.5,18358544.905964,0
2020-11-13,0.2549,0.2659,0.2535,0.2659,193021203.1,1605311999999,50106120.77904,106397,97816628.3,25406478.307488,0
2020-11-14,0.26587,0.2777,0.26128,0.26824,319194414.6,1605398399999,85844084.31263,175611,160093649.6,43074866.106644,0
2020-11-15,0.26829,0.27677,0.26405,0.26954,224828544.8,1605484799999,61029873.409176,127430,111016528.8,30151489.22238,0
2020-11-16,0.26957,0.28998,0.26737,0.28813,321242912.3,1605571199999,89951174.769696,165326,166732049.3,46692014.473307,0
2020-11-17,0.28814,0.305,0.28722,0.30247,529073040.7,1605657599999,158066984.773729,263442,278437120.2,83223356.567867,0
2020-11-18,0.30247,0.30818,0.28055,0.29335,488657752.7,1605743999999,143882251.992721,253075,245796076.2,72432491.153922,0
2020-11-19,0.29333,0.30659,0.284,0.30358,361076482.2,1605830399999,107051451.94677,196616,196294481.7,58310518.108579,0
2020-11-20,0.30356,0.33091,0.29679,0.32991,484828433.3,1605916799999,151151000.068398,248431,257045666.5,80126829.299051,0
2020-11-21,0.32993,0.4695,0.32929,0.46283,1667089858.1,1606003199999,665185391.442565,919964,849418935.7,338913175.473883,0
2020-11-22,0.46283,0.49659,0.40155,0.44611,1873986909.8,1606089599999,840784017.987635,1109860,930211844.0,417635905.151602,0
2020-11-23,0.44592,0.61984,0.43232,0.61579,1851054399.6,1606175999999,962347929.2936419,1136923,934145661.5,485918677.39006704,0
2020-11-24,0.61562,0.78068,0.56777,0.694,2884741162.1,1606262399999,1926961549.0062792,2022797,1441536412.4,963641522.134697,0
2020-11-25,0.69399,0.725,0.58405,0.63022,1690578550.2,1606348799999,1118433083.087708,1208568,829271854.0,549376323.084482,0
2020-11-26,0.63024,0.652,0.456,0.53654,2334291327.2,1606435199999,1245423133.082161,1396355,1153257694.3,616080440.840402,0
2020-11-27,0.53649,0.58669,0.50345,0.5623,1241200699.6,1606521599999,673153678.076203,876007,621553301.1,337251320.9109,0
2020-11-28,0.5625,0.64888,0.5387,0.62579,1276241318.5,1606607999999,765827539.010403,840281,636975761.8,382872357.856141,0
2020-11-29,0.62573,0.637,0.58285,0.60543,857628664.8,1606694399999,524064378.113816,664082,433775873.6,265196487.47703,0
2020-11-30,0.60543,0.6791,0.59881,0.66417,1178919882.3,1606780799999,753345635.265384,752946,579236095.3,370260926.42268,0
2020-12-01,0.66378,0.681,0.56401,0.61088,1075049125.0,1606867199999,686847842.1264969,737330,515091248.2,329232253.133672,0
2020-12-02,0.6113,0.6368,0.59455,0.62972,593876086.8,1606953599999,365585853.26122,406660,296166412.8,182448058.96275,0
2020-12-03,0.62969,0.6418,0.6149,0.63046,392655662.9,1607039999999,246271840.092999,265747,194955973.1,122306565.736244,0
2020-12-04,0.63046,0.6342,0.54253,0.55367,662141348.0,1607126399999,389782264.85841,473967,313877426.6,184768216.410477,0
2020-12-05,0.55355,0.59628,0.54833,0.58517,432888774.1,1607212799999,250932396.48905,344094,215594448.8,125005515.207186,0
2020-12-06,0.58516,0.62801,0.57907,0.62107,639023167.7,1607299199999,387889035.538819,515459,323152179.8,196224866.590064,0
2020-12-07,0.62096,0.624,0.59084,0.60818,386644252.1,1607385599999,235094193.699529,288996,188823042.6,114793640.625712,0
2020-12-08,0.60822,0.61048,0.55,0.5589,500942717.0,1607471999999,293197052.256611,396399,236011231.7,138050370.241557,0
2020-12-09,0.55897,0.60544,0.50383,0.58265,927273510.3,1607558399999,510964260.483071,670626,472366279.6,260404343.506099,0
2020-12-10,0.58284,0.58848,0.55318,0.57267,558676539.1,1607644799999,319869975.206341,481857,275125206.2,157552115.172461,0
2020-12-11,0.57267,0.58697,0.52594,0.54945,952325951.7,1607731199999,529070040.37701696,631463,481173581.5,267204042.700556,0
2020-12-12,0.54847,0.55102,0.48521,0.50658,997933196.6,1607817599999,515199855.292531,800722,491359870.1,253971378.181627,0
2020-12-13,0.50658,0.5278,0.4855,0.51365,602985171.9,1607903999999,307920815.128821,400328,293052971.1,149731183.543698,0
2020-12-14,0.51366,0.51852,0.48901,0.4974,375701995.0,1607990399999,188157111.950966,273936,179094349.0,89684588.706922,0
2020-12-15,0.49737,0.50715,0.46433,0.46793,514053464.1,1608076799999,247959761.427087,346976,244263475.4,117852527.455337,0
2020-12-16,0.46793,0.57477,0.43722,0.56941,1249912571.2,1608163199999,618850157.504063,783100,612387564.4,304184386.466032,0
2020-12-17,0.56938,0.65852,0.5358,0.5769,1801379927.6,1608249599999,1061411734.895644,1218958,886397161.6,522843564.330024,0
2020-12-18,0.57685,0.61346,0.55101,0.58337,970255895.5,1608335999999,562936094.7269009,691560,471741906.6,273899593.039061,0
2020-12-19,0.58335,0.60377,0.56588,0.57666,614731783.6,1608422399999,358870636.706041,412482,307153637.2,179327688.459319,0
2020-12-20,0.57692,0.58658,0.5287,0.55586,544352722.1,1608508799999,310455066.216071,372634,260481080.2,148709545.84475,0
2020-12-21,0.55576,0.56935,0.49825,0.51445,593235772.1,1608595199999,317815563.941486,382588,286234002.7,153504630.62217,0
2020-12-22,0.51469,0.52213,0.40215,0.44642,1509931701.2,1608681599999,702363072.8073729,930642,737052517.1,343285501.842753,0
2020-12-23,0.44636,0.44842,0.21164,0.2605,4553848887.4,1608767999999,1486807317.120062,2197549,2182172929.1,713226594.521578,0
2020-12-24,0.2605,0.3778,0.24003,0.33863,3822010234.7,1608854399999,1078318896.969619,1645761,1941501757.5,548998828.5348791,0
2020-12-25,0.33865,0.3855,0.2797,0.31768,3342216004.0,1608940799999,1115617187.970133,1552013,1657818052.6,553984490.884771,0
2020-12-26,0.3179,0.32723,0.28303,0.29481,1685723998.7,1609027199999,514901209.79865,796952,837327976.4,256020985.009085,0
2020-12-27,0.29484,0.312,0.266,0.28407,1453625832.0,1609113599999,422815733.678889,675084,724651546.4,210890535.027499,0
2020-12-28,0.28401,0.31,0.2341,0.24845,1547274302.2,1609199999999,427264401.08771694,654614,732618704.4,202732311.656081,0
2020-12-29,0.24832,0.25167,0.17351,0.22142,4215576309.2,1609286399999,912641375.416483,1735386,2071570644.6,448957356.519486,0
2020-12-30,0.22142,0.23665,0.19186,0.21138,2578637039.1,1609372799999,545797740.259575,1059155,1291056683.3,273384168.600726,0
2020-12-31,0.21133,0.22949,0.20521,0.21959,1391876889.9,1609459199999,302605100.002844,570174,692175034.9,150547799.146972,0
2021-01-01,0.21953,0.25,0.216,0.23746,1490489727.4,1609545599999,351730366.621461,652631,757643334.4,178883309.527251,0
2021-01-02,0.2374,0.23823,0.21084,0.22064,1134029208.3,1609631999999,256890338.077948,457387,554254939.3,125566214.946076,0
2021-01-03,0.22064,0.23852,0.215,0.2254,1178158964.4,1609718399999,263559996.334464,476694,592251558.5,132569812.461352,0
2021-01-04,0.2254,0.26091,0.218,0.23565,1518296110.4,1609804799999,355687350.480361,641712,757732126.1,177685964.791882,0
2021-01-05,0.23568,0.24269,0.21774,0.22573,1184439077.1,1609891199999,271653748.912711,453045,575995253.1,132163077.282364,0
2021-01-06,0.22577,0.2745,0.22139,0.24854,1776262975.4,1609977599999,429156673.649992,702825,906783717.4,219288921.988838,0
2021-01-07,0.24856,0.37,0.2453,0.32389,3863585524.3,1610063999999,1218860817.912378,1803983,1959112879.9,617878768.300692,0
2021-01-08,0.32389,0.3467,0.28487,0.32032,2029015562.5,1610150399999,642118744.307826,892278,1008791829.5,319549251.688014,0
2021-01-09,0.32049,0.3395,0.30523,0.32419,1177910308.9,1610236799999,378279817.30675906,536896,583696256.0,187554326.955548,0
2021-01-10,0.32419,0.368,0.28708,0.31491,1717325406.4,1610323199999,567099789.194815,795387,850129329.5,281043372.489524,0
2021-01-11,0.31487,0.31627,0.25343,0.28743,1963655151.8,1610409599999,549762215.5222031,873816,961796440.3,269336256.557888,0
2021-01-12,0.28742,0.31003,0.27743,0.29254,1100343591.0,1610495999999,323719332.688381,500738,546798325.7,160946701.936587,0
2021-01-13,0.29241,0.31,0.2848,0.30582,764981853.9,1610582399999,227883371.965583,377195,388130063.9,115682562.131546,0
2021-01-14,0.3057,0.309,0.28334,0.29642,887903603.5,1610668799999,262513956.21671,386477,447269366.2,132234525.627272,0
2021-01-15,0.29648,0.30337,0.261,0.27991,844991903.5,1610755199999,240600936.030388,364353,405119792.6,115502298.750689,0
2021-01-16,0.27987,0.29666,0.27503,0.27924,749907244.4,1610841599999,213356467.698998,316456,380808277.9,108386062.668611,0
2021-01-17,0.2792,0.28572,0.26846,0.27746,543053977.8,1610927999999,150338386.635075,231989,267977405.8,74205853.842566,0
2021-01-18,0.27741,0.28875,0.27144,0.28528,536544377.1,1611014399999,151122037.34263,242097,264756298.4,74579307.845267,0
2021-01-19,0.28529,0.33,0.28396,0.29396,1267033309.6,1611100799999,385029745.38853,497708,628072323.9,190940128.808396,0
2021-01-20,0.29395,0.31184,0.28,0.29539,850365454.5,1611187199999,247845672.785467,371408,416598221.7,121483094.282338,0
2021-01-21,0.29553,0.30797,0.25992,0.26802,908284050.2,1611273599999,257641399.418685,415134,431036567.7,122371375.847864,0
2021-01-22,0.26786,0.27826,0.24021,0.27217,799861140.3,1611359999999,212058886.99997,329446,405020564.7,107506135.575263,0
2021-01-23,0.27216,0.28356,0.26545,0.27167,446546595.4,1611446399999,122131855.331534,195769,222009758.7,60719849.815501,0
2021-01-24,0.27169,0.27798,0.26804,0.27339,353391385.9,1611532799999,96574389.387948,156175,173178243.0,47328388.189743,0
2021-01-25,0.27335,0.285,0.26679,0.26757,483145818.4,1611619199999,133188951.448691,214800,236342447.7,65195938.719439,0
2021-01-26,0.26751,0.27095,0.258,0.26834,383692292.1,1611705599999,101956457.832435,169463,180460334.0,47961394.996731,0
2021-01-27,0.26837,0.26871,0.24388,0.25039,468085255.1,1611791999999,119454680.469665,208679,220261041.3,56215704.782885,0
2021-01-28,0.25058,0.27,0.24699,0.26407,496218434.0,1611878399999,128796097.246275,208762,254317819.9,66027735.906474,0
2021-01-29,0.26413,0.31724,0.25915,0.2829,1695844598.8,1611964799999,482447395.073534,725747,848696885.4,241602066.65521,0
2021-01-30,0.2829,0.5178,0.278,0.44372,5872830448.0,1612051199999,2280599179.36687,2525559,3000822383.0,1165945613.123187,0
2021-01-31,0.44369,0.51,0.385,0.49507,4524657686.8,1612137599999,2080703862.129768,2281850,2260530504.1,1041373274.821615,0
2021-02-01,0.49516,0.755,0.35928,0.37106,8608358082.6,1612223999999,4589983778.525757,4196624,4210779801.7,2255512991.450664,0
2021-02-02,0.37123,0.41123,0.3401,0.37254,2091912007.8,1612310399999,784141246.925064,1116661,1037758155.9,389356391.62069,0
2021-02-03,0.37254,0.419,0.37254,0.39721,1388316884.0,1612396799999,539893636.834907,706054,689903494.4,268305113.869265,0
2021-02-04,0.39721,0.48159,0.37885,0.44545,2283530912.6,1612483199999,960323654.4717581,1148856,1149007635.9,483846474.244414,0
2021-02-05,0.44535,0.47222,0.4241,0.45219,1545115910.3,1612569599999,688979088.776413,869470,769857549.0,343369552.356622,0
2021-02-06,0.45195,0.45688,0.42,0.44307,875771045.9,1612655999999,386022330.254404,536826,431301226.5,190186304.61358,0
2021-02-07,0.44307,0.45089,0.39123,0.41849,1141620049.1,1612742399999,486363286.05907905,691245,558994514.0,238320586.784564,0
2021-02-08,0.41848,0.4692,0.4125,0.45099,1149266957.3,1612828799999,505332982.467878,674777,581901330.1,255900113.889425,0
2021-02-09,0.45098,0.49,0.44901,0.47636,1273716203.3,1612915199999,594781548.27888,761674,644350342.6,301021831.4086,0
2021-02-10,0.47637,0.54224,0.45,0.50429,2024774430.6,1613001599999,1012450835.781283,1219466,1012008775.3,506431248.655035,0
2021-02-11,0.50422,0.53545,0.49982,0.52806,961402272.2,1613087999999,498922643.591832,614509,467284927.6,242598107.59061,0
2021-02-12,0.52824,0.61922,0.51871,0.609,1672053608.3,1613174399999,956721161.3716049,1006475,874555339.1,500846741.654998,0
2021-02-13,0.609,0.64244,0.54306,0.63309,1595483419.3,1613260799999,966760308.901824,1033470,803278067.1,487189436.348392,0
2021-02-14,0.63309,0.63981,0.56111,0.59211,1010016902.3,1613347199999,608849180.303591,692670,494542019.3,298240198.996032,0
2021-02-15,0.59217,0.6043,0.50891,0.54976,1222510382.9,1613433599999,682566427.159418,821281,596159173.8,333402613.460588,0
2021-02-16,0.54987,0.58005,0.48111,0.51995,1153641290.1,1613519999999,617505050.665783,765036,563426098.1,301850288.263714,0
2021-02-17,0.5198,0.55751,0.49336,0.53467,908599648.5,1613606399999,483480822.98644495,600246,455088028.7,242382555.441204,0
2021-02-18,0.5346,0.55995,0.51901,0.53204,761631484.1,1613692799999,410813120.460258,466525,379451976.7,204698989.255464,0
2021-02-19,0.53217,0.58195,0.5131,0.56465,1130348604.3,1613779199999,621007938.394041,669596,560385861.0,308111839.377265,0
2021-02-20,0.56478,0.58235,0.47231,0.51167,1247480282.2,1613865599999,679894672.341166,856977,618190182.3,337315702.509953,0
2021-02-21,0.5115,0.55858,0.50311,0.54468,1017475385.1,1613951999999,542004027.4186751,640280,501325328.6,267210477.7492,0
2021-02-22,0.54468,0.65155,0.51,0.56646,3572076523.4,1614038399999,2066191522.766014,1941274,1767133631.8,1023494583.367404,0
2021-02-23,0.56637,0.57172,0.365,0.47579,2563543339.6,1614124799999,1207887539.425895,1340153,1218725129.8,574626638.149226,0
2021-02-24,0.4758,0.49999,0.4512,0.4686,984714285.4,1614211199999,471927159.81668895,487884,495549957.3,237685361.792153,0
2021-02-25,0.46864,0.48233,0.4244,0.43601,709823716.2,1614297599999,329847166.287576,370667,347018742.6,161203124.269949,0
2021-02-26,0.43599,0.45067,0.41111,0.42788,908467259.5,1614383999999,390947843.286356,448351,452253360.7,194571990.699476,0
2021-02-27,0.42794,0.45945,0.42681,0.43589,612147484.8,1614470399999,270371729.780691,355828,307686247.8,135956547.114764,0
2021-02-28,0.43586,0.43876,0.39268,0.41565,674797992.8,1614556799999,279171271.502784,345699,332083974.2,137453360.092567,0
2021-03-01,0.4157,0.454,0.41207,0.44537,600649056.6,1614643199999,259430312.516534,335546,305007096.8,131679669.8827,0
2021-03-02,0.44537,0.45532,0.42159,0.4357,645438020.0,1614729599999,282458415.457801,337346,320995209.0,140411736.702496,0
2021-03-03,0.43572,0.46869,0.43011,0.44846,642007609.0,1614815999999,288542355.519115,379740,325566929.9,146331043.577852,0
2021-03-04,0.44841,0.49449,0.43411,0.48096,1244989352.0,1614902399999,576276593.9112209,637627,628522163.2,291066310.138454,0
2021-03-05,0.4812,0.48488,0.44575,0.45457,751282004.7,1614988799999,344230596.124093,410780,366643796.7,168030913.73081,0
2021-03-06,0.45441,0.4765,0.44901,0.46285,365972027.5,1615075199999,168337881.577025,248640,182240377.1,83845152.630443,0
2021-03-07,0.46292,0.4689,0.45641,0.46558,325973214.9,1615161599999,151093370.735674,224162,165212448.8,76585186.853898,0
2021-03-08,0.46579,0.48987,0.45505,0.47412,680852595.9,1615247999999,321518987.206181,394530,346607059.6,163753623.750713,0
2021-03-09,0.47413,0.48736,0.471,0.4849,495494329.0,1615334399999,237676409.039218,325327,247371714.9,118653986.61235,0
2021-03-10,0.48481,0.4887,0.4545,0.46155,597205849.7,1615420799999,279457487.973426,366755,297863071.3,139398717.255185,0
2021-03-11,0.4617,0.46427,0.44058,0.45187,535040848.2,1615507199999,242133628.161213,322925,266640415.5,120647713.714861,0
2021-03-12,0.45187,0.46488,0.42205,0.43934,665250842.7,1615593599999,296752184.509377,351995,328437670.9,146504564.336349,0
2021-03-13,0.43934,0.46646,0.43205,0.45787,547809975.2,1615679999999,246625018.869059,310625,278232538.9,125245058.08637,0
2021-03-14,0.45786,0.46155,0.43857,0.43905,415693265.6,1615766399999,186867219.541913,226129,212557016.9,95528073.642198,0
2021-03-15,0.439,0.44815,0.42268,0.43574,531041051.9,1615852799999,232012451.405,302316,261493796.3,114263869.769719,0
2021-03-16,0.43566,0.52221,0.42723,0.46024,1446818353.8,1615939199999,683407174.157422,744088,729415783.5,344640785.243968,0
2021-03-17,0.46037,0.48245,0.45317,0.4698,564997453.7,1616025599999,263902659.484528,357376,283079632.7,132254085.245345,0
2021-03-18,0.46993,0.4905,0.46558,0.46893,555296456.6,1616111999999,263757843.889031,382664,275697467.7,131007016.35827,0
2021-03-19,0.46899,0.47536,0.45848,0.46651,336947303.5,1616198399999,158130280.805004,247072,159734330.6,74977649.888209,0
2021-03-20,0.4665,0.54999,0.46424,0.52613,1164006494.7,1616284799999,589598402.883497,767634,592452411.1,300308676.327398,0
2021-03-21,0.52584,0.54691,0.49508,0.51651,879573341.3,1616371199999,452720932.865974,572056,424714576.1,218626599.766437,0
2021-03-22,0.51661,0.6,0.50082,0.5441,1648699048.0,1616457599999,922895186.811096,1078272,834490794.4,467311283.181536,0
2021-03-23,0.54403,0.59638,0.5378,0.5498,1094151403.3,1616543999999,620265578.732113,672499,551829960.3,312949493.398169,0
2021-03-24,0.54945,0.56302,0.45212,0.48021,894167588.1,1616630399999,467418386.24338305,618867,433994294.8,227362848.182728,0
2021-03-25,0.48022,0.5248,0.454,0.51058,914285330.6,1616716799999,451595543.22461104,494290,471690001.5,233157137.262554,0
2021-03-26,0.51034,0.57689,0.50999,0.56357,737749968.5,1616803199999,403613462.350171,515668,383309428.2,209769861.691589,0
2021-03-27,0.56348,0.57464,0.5342,0.54752,455498717.7,1616889599999,252238439.283737,324100,222594337.9,123299766.872627,0
2021-03-28,0.54735,0.56075,0.53879,0.54552,341522011.5,1616975999999,187521498.074165,268005,166698035.2,91566973.893835,0
2021-03-29,0.5455,0.57082,0.54317,0.56538,534252547.3,1617062399999,299295436.39772,370154,264952445.2,148447083.279652,0
2021-03-30,0.56528,0.588,0.55903,0.5621,574769642.5,1617148799999,328603814.092404,423890,295818227.8,169206412.674601,0
2021-03-31,0.56207,0.57682,0.52624,0.56982,666984204.3,1617235199999,368338400.03788304,524758,327434352.5,180927938.587885,0
2021-04-01,0.5698,0.59555,0.54864,0.57087,710919375.0,1617321599999,403620335.99051106,524609,353199262.6,200602213.263388,0
2021-04-02,0.57061,0.61,0.56522,0.60701,800475396.4,1617407999999,469092621.706064,574819,397922592.5,233325561.507353,0
2021-04-03,0.60701,0.64262,0.573,0.57831,991064844.8,1617494399999,610941357.367848,742609,497224486.6,306861796.421005,0
2021-04-04,0.57836,0.63599,0.56591,0.635,664457346.2,1617580799999,398033638.91737,490874,332775185.7,199241841.393512,0
2021-04-05,0.63501,0.93999,0.6194,0.91584,3325470561.47,1617667199999,2594712865.019058,2379045,1725935584.81,1346634736.8630877,0
2021-04-06,0.91584,1.119,0.7931,1.09663,4053245753.09,1617753599999,3956999209.7454834,3381698,2042736825.28,1998437481.1108763,0
2021-04-07,1.09666,1.10882,0.856,0.91542,2128341583.9,1617839999999,2057878537.5770009,2112137,1055829618.2,1021567651.449644,0
2021-04-08,0.91544,1.07294,0.90128,1.05599,1232242484.4,1617926399999,1202251447.193933,1204812,625908834.1,611627913.803939,0
2021-04-09,1.05571,1.0849,0.9808,1.01721,964539570.1,1618012799999,990383345.956822,996403,469769863.6,482658672.81190896,0
2021-04-10,1.01754,1.399,1.00617,1.3728,2713439019.68,1618099199999,3353669231.6680913,3271415,1398943663.99,1728375333.3715444,0
2021-04-11,1.37215,1.5,1.305,1.35118,1972667902.4,1618185599999,2759553621.651804,2505282,992374984.89,1389742921.363043,0
2021-04-12,1.35118,1.475,1.31804,1.46843,1129501823.8,1618271999999,1551301546.996534,1444928,576641562.2,792988369.0087689,0
2021-04-13,1.4685,1.88888,1.41778,1.79611,2515240116.42,1618358399999,4232701999.743603,3544673,1271690543.13,2138616731.8622632,0
2021-04-14,1.79607,1.96689,1.56001,1.83468,2119704174.5,1618444799999,3790184503.5192146,3246570,1057913837.9,1894557297.61439,0
2021-04-15,1.83396,1.885,1.65243,1.75781,1124377879.6,1618531199999,1972494342.045326,1857832,565760424.6,993038149.813273,0
2021-04-16,1.75781,1.81041,1.42,1.54805,1805450664.8,1618617599999,2928098753.87874,2775730,883142477.2,1432549529.462522,0
2021-04-17,1.54805,1.74163,1.52991,1.53896,1108826379.5,1618703999999,1795844763.135436,1726909,550685947.0,892183246.7378991,0
2021-04-18,1.53988,1.56505,1.16,1.40797,2048345301.6,1618790399999,2726554646.230822,2556310,1008153746.7,1342245555.310762,0
2021-04-19,1.40797,1.5339,1.251,1.30945,1608073829.4,1618876799999,2226346359.837807,1996347,797102634.0,1104372358.573727,0
2021-04-20,1.30941,1.44796,1.18,1.38501,1522196293.5,1618963199999,1998260575.197018,1757479,771475345.0,1013116136.319611,0
2021-04-21,1.385,1.4645,1.27545,1.29097,1301403506.4,1619049599999,1787718096.866206,1605075,640228554.1,880192263.0103581,0
2021-04-22,1.2911,1.41947,1.0859,1.15489,1771540957.6,1619135999999,2272197864.679995,1927528,873153499.3,1120840432.176047,0
2021-04-23,1.15489,1.19724,0.88601,1.17073,2651341963.5,1619222399999,2842229471.5272446,2328769,1300489821.7,1396028792.524719,0
2021-04-24,1.17019,1.172,1.01753,1.04833,1120813592.2,1619308799999,1223943584.741048,1014696,567846967.8,620249043.527009,0
2021-04-25,1.04971,1.156,0.9418,1.0351,1026066203.52,1619395199999,1083686710.5408976,961195,496212996.3,524149201.309456,0
2021-04-26,1.0353,1.375,1.0133,1.3629,1871916062.93,1619481599999,2295854108.1151314,1945810,953277207.23,1168768644.065071,0
2021-04-27,1.3629,1.462,1.3284,1.4017,1510880106.82,1619567999999,2118259481.8930912,1761603,777987275.66,1090914805.404827,0
2021-04-28,1.4017,1.4492,1.2814,1.3576,1092879174.17,1619654399999,1485523114.708695,1315064,555181967.4,754767087.711007,0
2021-04-29,1.3576,1.42,1.3263,1.3978,824625421.08,1619740799999,1140421598.270039,1032010,405424601.7,560806329.152284,0
2021-04-30,1.3978,1.6397,1.3745,1.5988,1429394131.02,1619827199999,2214906822.015991,1930398,736674454.54,1140968337.352495,0
2021-05-01,1.5989,1.6666,1.5226,1.651,701328204.71,1619913599999,1113456410.580291,1023624,357925826.15,568678473.093341,0
2021-05-02,1.651,1.658,1.525,1.5605,602425194.39,1619999999999,951116358.690543,864202,300633309.37,474560907.75603503,0
2021-05-03,1.5605,1.6216,1.47,1.5546,670988111.68,1620086399999,1056220070.625321,967335,336093892.08,529045335.90739,0
2021-05-04,1.5546,1.558,1.32,1.3877,1375223308.72,1620172799999,1969497041.4951272,1713307,673230719.77,964845833.371252,0
2021-05-05,1.3878,1.624,1.366,1.6133,1261641294.96,1620259199999,1919965081.164776,1700958,649582946.94,989241906.5120649,0
2021-05-06,1.6137,1.7658,1.521,1.6028,1507415092.61,1620345599999,2502923635.432614,2269649,759241102.19,1261453482.345863,0
2021-05-07,1.6028,1.695,1.505,1.5793,894697893.67,1620431999999,1424596624.880693,1310586,442063040.75,704339980.289824,0
2021-05-08,1.5795,1.6277,1.5404,1.5611,514586255.38,1620518399999,813345139.867209,795157,260732541.08,412227677.391238,0
2021-05-09,1.5611,1.5968,1.4249,1.5345,726954201.32,1620604799999,1101438306.388421,1079947,363359225.82,550794162.425864,0
2021-05-10,1.5343,1.627,1.214,1.3906,1154086820.05,1620691199999,1710822393.281455,1632861,560531120.02,832519037.948221,0
2021-05-11,1.391,1.4905,1.3555,1.4786,724101053.89,1620777599999,1034939727.843303,991833,369290671.26,528261928.336958,0
2021-05-12,1.4788,1.547,1.235,1.2691,1028881609.0,1620863999999,1466457937.998855,1353513,494357787.07,705954763.286247,0
2021-05-13,1.269,1.389,1.2,1.364,1308704814.37,1620950399999,1704562073.983852,1598396,662118551.05,862651065.757213,0
2021-05-14,1.3644,1.4488,1.321,1.4,772801586.76,1621036799999,1068218575.674334,1034406,389659266.21,538779183.361064,0
2021-05-15,1.3998,1.5869,1.3211,1.4904,1495464769.52,1621123199999,2182427860.642728,1978749,752470366.8,1098318861.501485,0
2021-05-16,1.4911,1.6131,1.3373,1.4496,1498147985.65,1621209599999,2246034545.9275126,2174991,739693866.8,1109720987.176268,0
2021-05-17,1.4496,1.565,1.3242,1.4946,1560737399.7,1621295999999,2285970917.9552274,2069831,794626804.7,1164761883.525871,0
2021-05-18,1.4952,1.705,1.4698,1.5889,1813933407.63,1621382399999,2869966240.904703,2485498,916748345.53,1450655880.127939,0
2021-05-19,1.5893,1.6448,0.85,1.0568,3180237280.29,1621468799999,4014465848.075416,3550130,1553599797.27,1962068896.179658,0
2021-05-20,1.0565,1.2664,0.9,1.1795,1974341688.46,1621555199999,2249207333.90962,2316148,980250482.63,1119850001.701319,0
2021-05-21,1.1802,1.2194,0.8641,1.0062,1813489499.17,1621641599999,1910760508.201792,1950848,881418036.04,931147311.551281,0
2021-05-22,1.0062,1.0162,0.816,0.9052,1478148766.91,1621727999999,1344592320.99863,1504686,745740595.77,678686629.9056231,0
2021-05-23,0.9052,0.9679,0.65,0.7898,1976494217.2,1621814399999,1525740498.704614,1911010,970635713.3,749681855.347148,0
2021-05-24,0.7899,0.997,0.7537,0.993,1613054853.94,1621900799999,1380671268.94531,1605890,829666583.38,711173299.874904,0
2021-05-25,0.9934,1.07,0.8791,0.9746,1654728049.91,1621987199999,1594338433.676522,1732593,834328687.7,803453294.183089,0
2021-05-26,0.9747,1.0698,0.9461,1.0316,1160288119.63,1622073599999,1170818020.838289,1373206,592443237.74,598107917.8751049,0
2021-05-27,1.0316,1.0423,0.9322,0.9747,997129594.42,1622159999999,986757435.570752,1160125,494720869.89,489904746.22120494,0
2021-05-28,0.9747,0.9847,0.8445,0.8985,1220369622.06,1622246399999,1098606646.151902,1226594,592497807.91,533231470.294044,0
2021-05-29,0.8985,0.9413,0.7911,0.8318,980984330.42,1622332799999,845941030.510912,966749,490102220.39,423219375.78741693,0
2021-05-30,0.8319,0.9337,0.7974,0.9058,837581783.3,1622419199999,730804950.58208,843922,430931398.92,376082900.016767,0
2021-05-31,0.9058,1.0495,0.8789,1.0409,1221688769.45,1622505599999,1196677931.148537,1454233,632535026.76,619868434.714128,0
2021-06-01,1.0409,1.1,0.9742,1.0108,1130390772.85,1622591999999,1161830746.20794,1184801,562427731.44,578273716.415932,0
2021-06-02,1.0108,1.0498,0.9793,1.0241,673790276.52,1622678399999,686061395.104792,709591,341003488.45,347305924.34639,0
2021-06-03,1.0241,1.0789,1.0069,1.045,701176435.11,1622764799999,727545023.9713501,702600,352955541.25,366306464.750833,0
2021-06-04,1.0453,1.0466,0.9156,0.9683,814525376.26,1622851199999,785851513.117171,883279,400149762.14,385902302.259142,0
2021-06-05,0.9683,0.9973,0.8921,0.923,621966894.8,1622937599999,590664198.31932,618854,309367496.54,293995397.058965,0
2021-06-06,0.923,0.9493,0.917,0.947,395443235.74,1623023999999,369842230.845661,354292,203241932.72,190118466.19766,0
2021-06-07,0.9469,0.976,0.838,0.8618,673906993.46,1623110399999,623660636.681841,566030,326641205.49,302559819.000928,0
2021-06-08,0.8619,0.8861,0.7838,0.8731,989287175.65,1623196799999,838984629.187942,771117,488952526.15,414938910.981718,0
2021-06-09,0.873,0.9218,0.83,0.9218,798994471.7,1623283199999,695183593.047394,726532,404417772.2,351953077.968239,0
2021-06-10,0.9218,0.9298,0.8522,0.8686,592646634.43,1623369599999,524032840.289698,445025,293981469.74,260034735.327271,0
2021-06-11,0.8686,0.88,0.8335,0.8471,384826199.07,1623455999999,330610541.780051,321493,189368750.76,162721067.237173,0
2021-06-12,0.8469,0.8479,0.8054,0.8326,375425465.13,1623542399999,309940575.854708,298000,185296073.85,152999843.98746,0
2021-06-13,0.8325,0.8883,0.817,0.8832,344882480.06,1623628799999,292933567.324073,288434,173067545.36,147082148.224415,0
2021-06-14,0.8833,0.93,0.8628,0.8906,441724628.58,1623715199999,391647479.28625,400977,218414265.71,193675373.234715,0
2021-06-15,0.8905,0.9017,0.8551,0.8663,367733719.97,1623801599999,323448196.777283,333139,183693115.09,161593668.588684,0
2021-06-16,0.8663,0.8733,0.8259,0.832,380134518.73,1623887999999,321967166.653003,312734,184309031.11,156127969.183209,0
2021-06-17,0.8319,0.8612,0.8234,0.8419,315642616.21,1623974399999,266502679.947359,252780,149484984.08,126265080.952753,0
2021-06-18,0.8419,0.845,0.7687,0.7972,389494745.89,1624060799999,315203423.849539,341621,182023180.08,147355060.399832,0
2021-06-19,0.7971,0.8055,0.7557,0.7582,317290687.13,1624147199999,250165846.017548,257132,161974829.79,127747547.124694,0
2021-06-20,0.7583,0.785,0.6968,0.7741,589364804.52,1624233599999,434933509.58257294,425781,290148806.25,214228382.80313,0
2021-06-21,0.7741,0.7803,0.6037,0.6067,1073284195.87,1624319999999,726811232.2109929,654721,509775033.24,345574378.581123,0
2021-06-22,0.6068,0.65,0.509,0.5468,1611548012.73,1624406399999,924711210.0609859,911507,788996826.85,452590306.093454,0
2021-06-23,0.5468,0.6655,0.5203,0.6383,1167774271.66,1624492799999,718902393.384626,670601,592499884.76,364874437.457042,0
2021-06-24,0.6383,0.6928,0.6163,0.6731,633338243.16,1624579199999,414531256.9778,444331,314965925.76,206128431.356221,0
2021-06-25,0.6731,0.6889,0.6019,0.6111,795450033.45,1624665599999,507757434.41094494,524875,392876386.74,250696759.001826,0
2021-06-26,0.611,0.6329,0.5814,0.6162,548990505.59,1624751999999,331034642.860335,343602,267850780.22,161580406.122905,0
2021-06-27,0.6163,0.6523,0.5963,0.6484,472483880.77,1624838399999,291546469.959756,304252,239499662.3,147788463.670376,0
2021-06-28,0.6483,0.6583,0.6238,0.6444,460033268.3,1624924799999,295080578.941469,295354,234498142.67,150398557.227002,0
2021-06-29,0.6444,0.734,0.6417,0.7063,718445315.27,1625011199999,499125657.535112,525011,364456247.03,253260506.269588,0
2021-06-30,0.7062,0.7145,0.6477,0.7063,634287485.15,1625097599999,430338352.853713,427023,315190390.58,213860968.791991,0
2021-07-01,0.7062,0.7064,0.644,0.6591,463328799.28,1625183999999,308347617.586596,341155,220453513.19,146701442.740534,0
2021-07-02,0.6592,0.6676,0.6329,0.6556,387562387.59,1625270399999,250197212.451509,247107,194360206.98,125474528.77186,0
2021-07-03,0.6557,0.6849,0.6433,0.6732,329367273.74,1625356799999,220039385.468026,275661,168424033.72,112502584.604713,0
2021-07-04,0.6733,0.7091,0.6655,0.696,334071078.78,1625443199999,231043551.519703,285278,165304273.31,114321935.320165,0
2021-07-05,0.696,0.697,0.6444,0.6526,407839477.88,1625529599999,272157623.911145,279063,196292847.59,130985898.16736,0
2021-07-06,0.6526,0.68,0.6511,0.6648,356111895.89,1625615999999,237002304.260219,232942,179530201.0,119510294.708777,0
2021-07-07,0.6648,0.674,0.65,0.6522,284356433.42,1625702399999,189337257.938107,195887,142891396.42,95178464.499698,0
2021-07-08,0.6521,0.6545,0.6108,0.6215,430925669.18,1625788799999,270371824.233761,270825,203664858.01,127715861.067908,0
2021-07-09,0.6214,0.6457,0.5917,0.6369,358836803.69,1625875199999,222783584.324884,247826,178418140.45,110820593.660538,0
2021-07-10,0.6369,0.6489,0.612,0.6246,279711260.06,1625961599999,175168807.399414,179676,143365375.4,89812186.620789,0
2021-07-11,0.6246,0.6449,0.6169,0.6364,201320995.42,1626047999999,126735758.289656,148859,101102698.44,63667413.558384,0
2021-07-12,0.6363,0.6575,0.6172,0.6288,356848391.96,1626134399999,227368047.087189,407660,171842372.13,109590573.85865,0
2021-07-13,0.6288,0.6426,0.6086,0.6192,315648113.8,1626220799999,197239801.148567,295025,155125439.52,96959141.222944,0
2021-07-14,0.6193,0.625,0.5851,0.6197,352306488.76,1626307199999,214004345.439567,290966,172701980.61,104987263.197048,0
2021-07-15,0.6196,0.6269,0.5874,0.5979,339655984.05,1626393599999,205379901.265931,214760,161809193.1,97902186.395862,0
2021-07-16,0.5979,0.6211,0.5874,0.5893,282511701.89,1626479999999,169475844.833166,238460,137018692.69,82213976.964757,0
2021-07-17,0.5893,0.5977,0.56,0.5821,263418042.14,1626566399999,153250260.950617,223027,128877986.19,75012071.450022,0
2021-07-18,0.5822,0.6016,0.571,0.5866,241849135.65,1626652799999,142185627.413456,170689,121798873.35,71606953.498721,0
2021-07-19,0.5867,0.5889,0.5533,0.557,294780945.07,1626739199999,167395788.725372,189183,142727363.67,81011266.222591,0
2021-07-20,0.557,0.5699,0.5157,0.5284,393704657.61,1626825599999,209159245.716989,252212,191628266.35,101792683.916888,0
2021-07-21,0.5284,0.584,0.5193,0.5719,493423679.61,1626911999999,274778745.312626,291766,250716911.67,139559935.29965,0
2021-07-22,0.5718,0.6033,0.5609,0.592,409238764.36,1626998399999,237900523.662438,244332,208079156.87,120968178.417799,0
2021-07-23,0.592,0.6101,0.5753,0.6091,359561806.43,1627084799999,213508431.984355,266005,183752678.17,109139168.757644,0
2021-07-24,0.6092,0.6205,0.5996,0.6085,319684922.3,1627171199999,194417445.849221,212798,161790240.11,98392394.770104,0
2021-07-25,0.6085,0.6118,0.5906,0.6069,259034501.15,1627257599999,155812116.926149,161240,133940345.3,80579747.142383,0
2021-07-26,0.6069,0.6793,0.6048,0.6234,803413949.18,1627343999999,521065033.907782,610823,407884428.59,264475544.685521,0
2021-07-27,0.6234,0.6528,0.6121,0.6451,427078091.95,1627430399999,270446381.791156,300243,215469030.96,136455537.54033,0
2021-07-28,0.645,0.7549,0.6308,0.7327,1172622702.04,1627516799999,832092412.281381,1330280,606260421.57,430107482.385048,0
2021-07-29,0.7327,0.7665,0.697,0.7488,513356476.87,1627603199999,368115400.852823,732692,257237974.71,184505160.036627,0
2021-07-30,0.7488,0.7697,0.7115,0.7521,604445794.9,1627689599999,447185226.73487,903944,302641203.84,223902739.537394,0
2021-07-31,0.7522,0.7591,0.7367,0.746,377281828.25,1627775999999,282409913.796145,478625,186826869.57,139813114.1303,0
2021-08-01,0.7461,0.7778,0.7042,0.7242,469477766.36,1627862399999,354676880.56225,439727,228034595.27,172357776.419664,0
2021-08-02,0.7242,0.774,0.715,0.738,410656081.94,1627948799999,305390858.785136,541511,198555025.91,147634882.515478,0
2021-08-03,0.738,0.745,0.7008,0.7136,398158150.61,1628035199999,285457695.687979,451148,195106267.19,139892263.176621,0
2021-08-04,0.7136,0.7398,0.6952,0.731,330543019.03,1628121599999,237584357.639538,286411,163414914.9,117499934.578032,0
2021-08-05,0.731,0.7389,0.701,0.7327,331894003.59,1628207999999,239492318.471074,287364,164417722.12,118667441.00615,0
2021-08-06,0.7327,0.753,0.7219,0.7474,304988991.92,1628294399999,225134914.547848,288053,154538343.85,114093488.257461,0
2021-08-07,0.7474,0.8189,0.7411,0.8162,589624594.72,1628380799999,463343332.664844,632865,298670028.62,234673665.614872,0
2021-08-08,0.8163,0.8413,0.7717,0.7788,556138875.77,1628467199999,447885548.57686496,538544,279855148.93,225560160.203906,0
2021-08-09,0.7788,0.8279,0.7596,0.817,474908832.08,1628553599999,382110622.319562,557017,239206436.29,192627877.816767,0
2021-08-10,0.8169,0.8622,0.8,0.8511,503252613.21,1628639999999,417292098.62383294,615024,260121898.81,215729690.336165,0
2021-08-11,0.8511,1.0906,0.848,1.0105,1131344973.99,1628726399999,1082107505.919323,1598959,596623194.48,570913719.953919,0
2021-08-12,1.0106,1.045,0.9222,0.966,990869466.08,1628812799999,974967199.76355,1718713,493054160.33,485456606.421812,0
2021-08-13,0.9661,1.0968,0.9501,1.0901,674407528.31,1628899199999,696016979.9700351,1180489,343922583.52,355136300.589474,0
2021-08-14,1.0901,1.31,1.0691,1.2791,1408060485.32,1628985599999,1665378192.292437,2375959,718022995.71,850610841.142504,0
2021-08-15,1.2788,1.35,1.2252,1.2839,1155282513.71,1629071999999,1485993854.110072,2070793,572760717.86,736755735.9922819,0
2021-08-16,1.2838,1.3288,1.1432,1.1855,912003805.45,1629158399999,1134779963.994439,1451282,448750473.88,558854585.081205,0
2021-08-17,1.1855,1.2479,1.085,1.0978,893360572.36,1629244799999,1044647325.972026,1163150,435913626.75,510651811.49390095,0
2021-08-18,1.098,1.1963,1.0501,1.1431,870414538.26,1629331199999,973083353.962184,1064942,432251159.83,483435265.70583695,0
2021-08-19,1.143,1.2355,1.0895,1.2347,723276976.29,1629417599999,833027094.558431,1007708,364944229.6,420415245.97611,0
2021-08-20,1.2347,1.2897,1.1992,1.2629,594584554.01,1629503999999,740518731.2619289,909672,300600685.03,374507350.743836,0
2021-08-21,1.2629,1.2835,1.2,1.2158,394160040.58,1629590399999,489884887.6497,736383,196488005.97,244305264.929315,0
2021-08-22,1.2158,1.2557,1.1776,1.226,360176161.72,1629676799999,439116952.71153504,494834,178357209.79,217449470.841585,0
2021-08-23,1.2258,1.3046,1.2024,1.2457,661403795.74,1629763199999,830621615.344627,1009456,332273091.39,417357055.092765,0
2021-08-24,1.2456,1.2658,1.1212,1.1353,637760055.93,1629849599999,762644112.689952,820305,306735213.0,367097119.445823,0
2021-08-25,1.1353,1.1779,1.1073,1.1735,530858362.99,1629935999999,610817777.128184,636609,269650374.46,310317046.145367,0
2021-08-26,1.1735,1.1866,1.0636,1.0712,569965192.92,1630022399999,633927173.7246871,655176,278847288.28,310212888.277459,0
2021-08-27,1.0713,1.1926,1.0501,1.1918,565739468.35,1630108799999,630214549.741496,645262,288472905.1,321611419.440548,0
2021-08-28,1.1918,1.198,1.1329,1.1459,314618250.83,1630195199999,364699164.615611,357705,156237716.83,181109195.856716,0
2021-08-29,1.1458,1.1683,1.112,1.1408,313294895.0,1630281599999,357866960.9484,357272,157954140.0,180498119.5015,0
2021-08-30,1.1408,1.1488,1.0946,1.1002,364996870.0,1630367999999,411809728.9024,404186,181122609.0,204415803.8863,0
2021-08-31,1.1005,1.2441,1.0907,1.1856,709823003.3,1630454399999,826987896.932631,933085,360641274.04,420113016.39566493,0
2021-09-01,1.1856,1.2384,1.158,1.2362,469917987.0,1630540799999,563037891.0848,811808,239867376.0,287499847.2593,0
2021-09-02,1.2362,1.295,1.2216,1.2533,501596506.82,1630627199999,632172811.386001,864194,254013580.76,320270441.051283,0
2021-09-03,1.2533,1.3235,1.2189,1.2907,526413570.07,1630713599999,674112638.880399,931021,256360600.2,328455548.251694,0
2021-09-04,1.2906,1.2972,1.2352,1.2548,355870711.0,1630799999999,451197569.7524,543380,177144057.0,224577040.3162,0
2021-09-05,1.2548,1.3125,1.2361,1.3076,335187953.0,1630886399999,427279713.9735,598420,169476333.0,216130488.9399,0
2021-09-06,1.3075,1.4151,1.3065,1.3894,710855257.92,1630972799999,967534789.8479619,1501496,356638354.9,485811140.205775,0
2021-09-07,1.3894,1.3922,0.9524,1.1292,1297978123.89,1631059199999,1530457369.035018,2046088,605657578.72,714169809.779088,0
2021-09-08,1.129,1.148,1.0133,1.0998,794455994.0,1631145599999,865948220.4902,1185159,394430678.0,430013544.9522,0
2021-09-09,1.0999,1.1377,1.0619,1.0868,604426508.0,1631231999999,668447113.2499,761515,301414631.0,333486050.8417,0
2021-09-10,1.0868,1.245,1.03,1.0552,901671116.0,1631318399999,1007065760.5272,1396357,443527547.0,496554087.7052,0
2021-09-11,1.0552,1.12,1.0503,1.0787,336502704.0,1631404799999,364352999.4019,547449,169219919.0,183340643.306,0
2021-09-12,1.0788,1.1276,1.0576,1.1181,324049191.0,1631491199999,355164242.8765,474119,156779948.0,171844152.4169,0
2021-09-13,1.1181,1.1266,1.025,1.0643,510682363.0,1631577599999,542699043.4266,664695,248947798.0,264648152.5905,0
2021-09-14,1.0644,1.0978,1.0566,1.0963,275908113.0,1631663999999,296824863.0249,370467,139321192.0,149910412.9693,0
2021-09-15,1.0962,1.13,1.0784,1.1207,289063987.0,1631750399999,318565154.1035,416645,145784250.0,160762178.4141,0
2021-09-16,1.1207,1.13,1.0662,1.0902,302954441.0,1631836799999,334126208.1512,425073,142677834.0,157400193.5917,0
2021-09-17,1.0903,1.1025,1.0509,1.0661,297933223.0,1631923199999,320042162.7333,352627,147626604.0,158616080.5687,0
2021-09-18,1.0663,1.0952,1.0562,1.0751,195352031.0,1632009599999,210969782.0848,249856,96009665.0,103707719.4564,0
2021-09-19,1.0752,1.0837,1.0383,1.0483,211015299.0,1632095999999,224922100.167,278563,95069966.0,101359219.8686,0
2021-09-20,1.0483,1.0497,0.8738,0.9216,837287959.74,1632182399999,792700101.401447,1114773,396072034.61,374991149.29375696,0
2021-09-21,0.9216,0.9593,0.8582,0.8743,632313366.81,1632268799999,577784882.95354,840319,306521703.46,280458534.16102,0
2021-09-22,0.874,1.0094,0.8679,1.0033,606417695.0,1632355199999,574463634.2947,843137,304260380.0,288216674.8659,0
2021-09-23,1.0033,1.017,0.9676,1.0016,409673892.0,1632441599999,406888652.8701,494376,208732185.0,207354904.12,0
2021-09-24,1.0016,1.0027,0.8858,0.944,605329486.0,1632527999999,566743451.816,679646,290928769.0,272500446.6945,0
2021-09-25,0.9442,0.9577,0.9163,0.94,347043937.0,1632614399999,326093439.8415,373109,175872118.0,165249125.2773,0
2021-09-26,0.9399,0.9567,0.8915,0.9436,384081774.0,1632700799999,356582690.4028,430585,191933032.0,178303787.7177,0
2021-09-27,0.9436,0.9818,0.9194,0.9218,350234819.0,1632787199999,334311153.3625,400924,171783128.0,164056068.8072,0
2021-09-28,0.9217,0.9431,0.8903,0.8928,313521537.0,1632873599999,289321906.2127,312017,151280494.0,139612420.7897,0
2021-09-29,0.8928,0.9941,0.8861,0.9268,459660796.0,1632959999999,430499983.899,542812,228761884.0,214380610.9162,0
2021-09-30,0.9266,0.964,0.9217,0.9533,332911904.0,1633046399999,314656116.1335,347699,173699881.0,164221333.7181,0
2021-10-01,0.9535,1.0695,0.9443,1.0422,644378881.0,1633132799999,652127951.2652,937418,331764634.0,335887904.8036,0
2021-10-02,1.0422,1.0733,1.0079,1.0359,398398944.0,1633219199999,413036443.6857,545451,198650222.0,205862310.3216,0
2021-10-03,1.0359,1.0884,1.021,1.0552,410176280.0,1633305599999,433656250.1538,569147,198733553.0,210102142.1416,0
2021-10-04,1.0552,1.0596,1.0059,1.0425,416467677.0,1633391999999,431530625.3531,497468,203519915.0,210955191.9156,0
2021-10-05,1.0429,1.088,1.038,1.0839,429469278.0,1633478399999,456101439.3792,648561,214357457.0,227682123.4182,0
2021-10-06,1.084,1.1081,1.0171,1.0765,509214129.0,1633564799999,543208784.6736,804618,248754734.0,265518234.8677,0
2021-10-07,1.0766,1.0942,1.0423,1.0678,410868906.0,1633651199999,440046088.3941,559231,202239697.0,216612130.7338,0
2021-10-08,1.0677,1.0927,1.0539,1.0636,335486636.0,1633737599999,359658964.0998,409482,166590112.0,178622759.6829,0
2021-10-09,1.0636,1.2089,1.0565,1.1604,678027224.72,1633823999999,774368159.19448,1367053,341859216.72,390276863.72738,0
2021-10-10,1.1604,1.23,1.1262,1.1352,647048690.0,1633910399999,763401930.315,1265003,317029981.0,374214906.5846,0
2021-10-11,1.1352,1.182,1.1017,1.1364,429676031.0,1633996799999,493219103.8297,577925,206372623.0,236947989.6064,0
2021-10-12,1.1363,1.1364,1.0634,1.1018,455399313.0,1634083199999,498806214.9117,648862,220602422.0,241636245.7546,0
2021-10-13,1.1017,1.1387,1.075,1.1275,403291632.0,1634169599999,444999640.5,558957,195907397.0,216234422.9481,0
2021-10-14,1.1277,1.16,1.1174,1.1336,353714419.0,1634255999999,400855761.5899,523592,171004499.0,193847001.6744,0
2021-10-15,1.1335,1.1656,1.0914,1.1413,573654581.0,1634342399999,648102623.4315,762420,290476142.0,328229101.2584,0
2021-10-16,1.1415,1.1869,1.13,1.1343,339530696.0,1634428799999,390396344.3135,522648,162188307.0,186577063.1729,0
2021-10-17,1.1343,1.1407,1.0172,1.0944,384414867.0,1634515199999,422600928.3237,589139,186011826.0,204834026.1928,0
2021-10-18,1.0943,1.1064,1.0642,1.0827,321174243.0,1634601599999,349574306.1556,461516,158942038.0,172997644.5825,0
2021-10-19,1.0827,1.1009,1.0661,1.0911,235324664.0,1634687999999,255777828.0828,302779,115608150.0,125671513.0674,0
2021-10-20,1.0911,1.1529,1.0868,1.1455,346122480.0,1634774399999,388488239.2722,627045,177132452.0,198819376.8467,0
2021-10-21,1.1451,1.164,1.0851,1.0886,442288500.0,1634860799999,498949022.2723,725724,209735988.0,236712053.1645,0
2021-10-22,1.0885,1.1288,1.0739,1.0885,333619107.0,1634947199999,366473886.8915,508180,161468273.0,177413755.8383,0
2021-10-23,1.0885,1.1018,1.0763,1.0934,189644449.0,1635033599999,206632213.8513,265247,92076637.0,100338786.908,0
2021-10-24,1.0935,1.0961,1.0522,1.0821,234286648.0,1635119999999,253010407.2552,373923,114113052.0,123272908.6472,0
2021-10-25,1.0821,1.1034,1.0778,1.0951,218666074.0,1635206399999,238965157.4406,299781,109677854.0,119864349.4339,0
2021-10-26,1.0951,1.1606,1.0905,1.1075,439499263.0,1635292799999,491588833.5156,860622,215611292.0,241277301.7239,0
2021-10-27,1.1076,1.1248,0.9483,0.995,914728059.0,1635379199999,948155132.437,1213205,428604008.0,444689289.167,0
2021-10-28,0.9951,1.0816,0.981,1.0579,686113717.0,1635465599999,714218398.5176,1044936,344874247.0,359010564.158,0
2021-10-29,1.058,1.0903,1.0409,1.0825,357777322.0,1635551999999,383066388.4638,520339,177083895.0,189631182.1258,0
2021-10-30,1.0825,1.1169,1.0611,1.0846,372223050.0,1635638399999,403826768.1772,664712,185252352.0,201009102.01,0
2021-10-31,1.0845,1.1544,1.0689,1.1128,659007943.0,1635724799999,727992493.5445,1143479,329331961.0,363873633.3656,0
2021-11-01,1.1128,1.1321,1.069,1.0915,381430430.0,1635811199999,417467396.2556,643669,185232581.0,202755853.7951,0
2021-11-02,1.0916,1.1468,1.0851,1.1349,398377412.0,1635897599999,444398509.345,625969,201933281.0,225266012.7631,0
2021-11-03,1.1348,1.2363,1.1255,1.2101,838803472.0,1635983999999,995581269.6626,1836581,429499652.0,509886641.1275,0
2021-11-04,1.21,1.2574,1.1604,1.2004,553456246.0,1636070399999,666720493.3713,1205090,272316073.0,328233140.7536,0
2021-11-05,1.2004,1.2015,1.1311,1.1581,318649692.0,1636156799999,372181223.325,561420,154669906.0,180641196.991,0
2021-11-06,1.1581,1.1828,1.1,1.151,260339849.0,1636243199999,297442023.9152,482403,123865463.0,141627945.0158,0
2021-11-07,1.1511,1.2374,1.1451,1.2198,371235010.0,1636329599999,444359161.8766,746460,189529619.0,226885592.422,0
2021-11-08,1.2198,1.296,1.2192,1.2815,606055941.0,1636415999999,766012117.34615,1311350,312489622.5,394975208.87415,0
2021-11-09,1.2815,1.2884,1.2245,1.2571,465127517.0,1636502399999,584938595.7314,786811,232073927.0,291891568.5993,0
2021-11-10,1.2572,1.3493,1.1174,1.1902,932520826.0,1636588799999,1175404692.7939,1912107,453435085.0,572217507.5685,0
2021-11-11,1.1902,1.2544,1.1764,1.2142,475284132.0,1636675199999,577096707.3746,805740,234170603.0,284360408.3901,0
2021-11-12,1.2142,1.2332,1.1542,1.1883,446863355.0,1636761599999,531437316.5595,641731,219407169.0,260993573.5541,0
2021-11-13,1.1884,1.2039,1.167,1.1892,240083101.0,1636847999999,284873053.1299,353269,122348622.0,145162040.9171,0
2021-11-14,1.1894,1.1995,1.1675,1.1879,192023307.0,1636934399999,227345320.609,295787,94753598.0,112191678.7351,0
2021-11-15,1.1879,1.2198,1.1651,1.172,266793400.0,1637020799999,319547494.8597,410956,130848529.0,156804907.2774,0
2021-11-16,1.172,1.1721,1.0418,1.0877,599544174.0,1637107199999,662858882.2038,853020,288381014.0,318846891.2983,0
2021-11-17,1.0877,1.113,1.0588,1.0953,383487232.0,1637193599999,416331389.1518,503502,193117447.0,209655124.23,0
2021-11-18,1.0953,1.17,1.015,1.0406,698664651.0,1637279999999,762250060.677,965158,339905880.0,370940282.3638,0
2021-11-19,1.0406,1.103,1.0174,1.0892,349087574.0,1637366399999,370490515.5623,481533,175186644.0,186033128.7856,0
2021-11-20,1.0892,1.1015,1.0594,1.0965,251779916.0,1637452799999,273011333.8425,388598,129627743.0,140565289.4454,0
2021-11-21,1.0965,1.0974,1.0544,1.0569,228064131.0,1637539199999,245324674.6924,343512,116076285.0,124875799.0337,0
2021-11-22,1.0571,1.071,1.0251,1.0354,307140428.0,1637625599999,320708762.399,456389,154471524.0,161296958.2074,0
2021-11-23,1.0354,1.0715,1.0192,1.0661,341407597.0,1637711999999,357152586.7084,445652,170410467.0,178301751.3551,0
2021-11-24,1.0662,1.0735,1.0068,1.0326,344750680.0,1637798399999,356216660.773,439717,168984845.0,174566911.1012,0
2021-11-25,1.0325,1.0647,1.0215,1.0438,312211526.0,1637884799999,325685350.5721,428975,151397551.0,157932594.6445,0
2021-11-26,1.0439,1.0467,0.9108,0.9394,659982617.0,1637971199999,635807297.3388,818224,305700728.0,294385845.4156,0
2021-11-27,0.9392,0.9656,0.9336,0.9452,224846313.0,1638057599999,214040812.9727,285945,109082246.0,103851026.1637,0
2021-11-28,0.9453,0.9692,0.8825,0.9687,336336729.0,1638143999999,310943922.6142,432672,166398043.0,153938585.4901,0
2021-11-29,0.9687,1.0019,0.9631,0.9898,303393405.0,1638230399999,297699683.6272,419716,151856775.0,149009331.0323,0
2021-11-30,0.9899,1.0304,0.97,0.9983,340017409.0,1638316799999,339684740.1831,507111,166773290.0,166644271.5732,0
2021-12-01,0.9984,1.0173,0.9799,0.9899,250291608.0,1638403199999,250962192.9921,329435,119555051.0,119895114.2574,0
2021-12-02,0.9898,0.9901,0.9545,0.9716,213172250.0,1638489599999,207549885.5161,308304,101527069.0,98854256.9574,0
2021-12-03,0.9715,0.9838,0.89,0.9211,297172193.0,1638575999999,282383779.9832,429873,137417390.0,130702903.4213,0
2021-12-04,0.9211,0.9245,0.6,0.8449,1357965897.04,1638662399999,1041408385.914634,1465086,669064499.46,513412954.99888897,0
2021-12-05,0.8452,0.862,0.769,0.8045,518767360.0,1638748799999,420563233.4764,675094,259797097.0,210624669.4648,0
2021-12-06,0.8045,0.8303,0.7485,0.8255,508644255.0,1638835199999,398532303.1907,580484,255331010.0,200213987.0807,0
2021-12-07,0.8256,0.8467,0.8042,0.8154,319504545.0,1638921599999,264723351.7763,376292,159827014.0,132434631.9359,0
2021-12-08,0.8154,0.8844,0.8026,0.8622,415004580.0,1639007999999,349152928.9331,506377,208093070.0,175153057.1379,0
2021-12-09,0.8623,0.9361,0.8319,0.8583,684730305.0,1639094399999,605671793.4532,876270,347439534.0,307442674.4792,0
2021-12-10,0.8583,0.8829,0.7914,0.7992,496512579.0,1639180799999,416778024.2323,594580,235629506.0,197912845.0196,0
2021-12-11,0.7992,0.8445,0.7844,0.8392,284945414.0,1639267199999,234938185.3594,445769,146717790.0,120976110.0788,0
2021-12-12,0.8391,0.8572,0.8088,0.8393,224450903.0,1639353599999,186434002.2961,433672,105982858.0,88093510.7056,0
2021-12-13,0.8394,0.8444,0.7601,0.7818,378446930.0,1639439999999,303448083.6711,453192,180092644.0,144435693.4824,0
2021-12-14,0.782,0.8214,0.7717,0.8103,352693472.0,1639526399999,280765038.7079,436376,173552824.0,138182179.2999,0
2021-12-15,0.8102,0.84,0.777,0.8262,354116180.0,1639612799999,286906700.2117,436330,176584730.0,143072430.0629,0
2021-12-16,0.8262,0.8364,0.8028,0.8051,206133176.0,1639699199999,169655788.8523,263603,96849502.0,79731415.9735,0
2021-12-17,0.8053,0.8322,0.7754,0.7966,260108143.0,1639785599999,208935917.9435,331215,123033534.0,98832650.3263,0
2021-12-18,0.7967,0.8347,0.791,0.8262,170671362.0,1639871999999,139512176.9931,237029,84638803.0,69194113.9291,0
2021-12-19,0.8263,0.8485,0.819,0.835,163876270.0,1639958399999,136403589.8845,238026,81883437.0,68173794.5591,0
2021-12-20,0.835,0.915,0.8241,0.8798,555435824.0,1640044799999,482473462.1703,717607,278644797.0,242116080.3848,0
2021-12-21,0.8799,0.961,0.8527,0.9467,471318013.0,1640131199999,423894867.7381,626112,245880700.0,221014207.9591,0
2021-12-22,0.9466,0.9738,0.923,0.9537,401407051.0,1640217599999,382128111.3491,628940,208660537.0,198698635.3737,0
2021-12-23,0.9538,1.0167,0.9372,0.9941,479436230.0,1640303999999,472937211.2679,732032,253208275.0,249891245.6879,0
2021-12-24,0.9941,0.9966,0.8964,0.9115,567100982.0,1640390399999,537573076.2282,786758,282670964.0,268477244.8825,0
2021-12-25,0.9114,0.935,0.8981,0.9252,250074945.0,1640476799999,230230296.371,379781,122097945.0,112386822.4303,0
2021-12-26,0.9252,0.9334,0.9052,0.92,163438501.0,1640563199999,149939963.3385,258963,82596324.0,75784385.4342,0
2021-12-27,0.92,0.956,0.9141,0.9269,236262595.0,1640649599999,220073798.5184,337665,118868516.0,110778459.3648,0
2021-12-28,0.9269,0.9269,0.8456,0.8515,321266081.0,1640735999999,283419211.7008,410901,146235922.0,128939815.9201,0
2021-12-29,0.8516,0.8645,0.81,0.8171,306520880.0,1640822399999,257232945.2212,347814,146039311.0,122506789.5478,0
2021-12-30,0.8172,0.86,0.802,0.8386,262671659.0,1640908799999,219272099.3347,305744,127283955.0,106265954.4498,0
2021-12-31,0.8385,0.8545,0.8025,0.8297,239829934.0,1640995199999,200227347.4595,284049,118094198.0,98613208.6285,0
2022-01-01,0.8298,0.8557,0.8297,0.8507,136976730.0,1641081599999,115507460.3752,178238,70090109.0,59113405.0148,0
2022-01-02,0.8508,0.8667,0.8372,0.8586,129688032.0,1641167999999,110265575.8458,176940,65996017.0,56117623.4551,0
2022-01-03,0.8586,0.8587,0.8213,0.8324,178618617.0,1641254399999,149876148.1059,232484,89735857.0,75298817.1864,0
2022-01-04,0.8324,0.8456,0.7794,0.8228,214415744.0,1641340799999,177691936.9922,270966,104076850.0,86367665.3622,0
2022-01-05,0.8227,0.8372,0.7092,0.7726,370612510.0,1641427199999,294783762.2987,482373,173152247.0,137997621.9471,0
2022-01-06,0.7725,0.7909,0.7377,0.7791,307202277.0,1641513599999,234402002.0906,415169,151109632.0,115283157.759,0
2022-01-07,0.779,0.7808,0.7287,0.7634,372926762.0,1641599999999,281919749.2178,511973,177050288.0,133890338.658,0
2022-01-08,0.7634,0.7768,0.7222,0.7452,253028571.0,1641686399999,190213053.8015,347309,122226022.0,91911985.049,0
2022-01-09,0.7452,0.7667,0.7381,0.753,151521399.0,1641772799999,113888420.5369,211515,74010465.0,55633357.2563,0
2022-01-10,0.753,0.7589,0.6967,0.7399,313080154.0,1641859199999,228730493.4738,359880,155055910.0,113354601.5966,0
2022-01-11,0.7399,0.7768,0.7306,0.7703,254065075.0,1641945599999,190447525.4492,285391,131311656.0,98408665.4964,0
2022-01-12,0.7702,0.816,0.757,0.7987,295701910.0,1642031999999,231115520.7739,330205,152951383.0,119559374.3838,0
2022-01-13,0.7986,0.8024,0.7604,0.768,227833834.0,1642118399999,178544935.2266,247605,110303627.0,86439902.8018,0
2022-01-14,0.7677,0.8,0.7513,0.7732,221104212.0,1642204799999,170797410.1373,242416,110650666.0,85508025.4284,0
2022-01-15,0.7733,0.79,0.768,0.7791,138443019.0,1642291199999,107785186.2676,159163,66517924.0,51809404.9352,0
2022-01-16,0.7791,0.7884,0.768,0.7784,125068081.0,1642377599999,97287674.5834,157210,61255756.0,47661753.2612,0
2022-01-17,0.7785,0.7805,0.7498,0.7617,181653025.0,1642463999999,138537212.0576,205250,87928840.0,67048581.0656,0
2022-01-18,0.7616,0.7686,0.7352,0.7509,188367099.0,1642550399999,141172279.38,209700,92556337.0,69375577.4692,0
2022-01-19,0.751,0.7533,0.7231,0.7381,190555142.0,1642636799999,140704196.393,214504,92323317.0,68185226.1694,0
2022-01-20,0.7381,0.7622,0.7161,0.7199,205931050.0,1642723199999,153121537.0821,218718,92776494.0,69090083.1729,0
2022-01-21,0.7199,0.7285,0.6112,0.6368,612944841.0,1642809599999,410698993.8904,579921,283151610.0,189699610.0726,0
2022-01-22,0.6368,0.6542,0.5489,0.5966,769947907.12,1642895999999,460971551.623324,714427,370364682.47,221834544.794196,0
2022-01-23,0.5966,0.6352,0.59,0.6283,331234207.0,1642982399999,202062551.6478,347609,162325892.0,99066781.9774,0
2022-01-24,0.6284,0.6286,0.5524,0.6118,513343471.0,1643068799999,300019737.6239,520142,250617559.0,146514446.6219,0
2022-01-25,0.6118,0.6243,0.5872,0.618,319618429.0,1643155199999,192980719.1092,298398,157355880.0,95022691.4237,0
2022-01-26,0.6178,0.6586,0.6047,0.6193,466864710.0,1643241599999,293046543.4372,425965,230375796.0,144665471.5094,0
2022-01-27,0.6193,0.6247,0.5893,0.6088,292543906.0,1643327999999,176630359.0127,264351,132968036.0,80340602.7942,0
2022-01-28,0.6089,0.614,0.5916,0.6111,221009653.0,1643414399999,133208703.7599,215447,109391522.0,65959261.9821,0
2022-01-29,0.6112,0.6255,0.6083,0.6174,154572094.0,1643500799999,95192596.384,157630,77341413.0,47642622.7136,0
2022-01-30,0.6175,0.6232,0.5973,0.6013,146491081.0,1643587199999,89634415.7316,155232,69182128.0,42355597.9176,0
2022-01-31,0.6012,0.6242,0.5803,0.6174,213749309.0,1643673599999,127444698.1901,202749,108262249.0,64612912.7017,0
2022-02-01,0.6174,0.6308,0.6107,0.6284,174300620.0,1643759999999,108325641.3791,179180,92006396.0,57191761.0132,0
2022-02-02,0.6284,0.6314,0.5955,0.6006,186608762.0,1643846399999,114856317.4968,195159,91214428.0,56181186.2223,0
2022-02-03,0.6006,0.6116,0.5886,0.6102,168129675.0,1643932799999,100903909.1622,166019,82030398.0,49239399.1662,0
2022-02-04,0.6101,0.6589,0.6044,0.6555,263927174.0,1644019199999,164697317.0547,234991,140894316.0,87920154.493,0
2022-02-05,0.6557,0.6869,0.65,0.6656,310296779.0,1644105599999,207432932.9309,296990,163402988.0,109221694.5298,0
2022-02-06,0.6656,0.688,0.6589,0.6825,157303166.0,1644191999999,105499040.7399,163540,77801560.0,52193085.8344,0
2022-02-07,0.6825,0.839,0.6712,0.8314,640917209.0,1644278399999,491875684.7933,773279,327757400.0,251545537.8708,0
2022-02-08,0.8314,0.9142,0.8034,0.8763,1048879447.0,1644364799999,896908628.4032,1336231,535178885.0,457855992.8328,0
2022-02-09,0.8763,0.9168,0.8413,0.8697,626331950.0,1644451199999,549165655.7157,803724,314570536.0,275936216.0557,0
2022-02-10,0.8699,0.8975,0.821,0.8253,495010890.0,1644537599999,427414739.417,540824,242914550.0,209806198.6446,0
2022-02-11,0.8253,0.8339,0.75,0.7591,482432190.0,1644623999999,388566707.0626,519699,228558713.0,184198520.8532,0
2022-02-12,0.759,0.8532,0.7465,0.8223,477906804.0,1644710399999,383669503.4621,526512,234073787.0,188095069.8194,0
2022-02-13,0.8223,0.8476,0.792,0.8057,351589704.0,1644796799999,288439676.8539,411195,169831806.0,139336595.4066,0
2022-02-14,0.8057,0.8127,0.7791,0.8012,304006647.0,1644883199999,241701354.4564,298362,151755059.0,120697998.6505,0
2022-02-15,0.8012,0.8599,0.7961,0.8515,279317316.0,1644969599999,231323680.2361,292838,145139011.0,120212814.2036,0
2022-02-16,0.8514,0.8532,0.8086,0.8366,252745706.0,1645055999999,210175363.6046,272890,121239086.0,100858526.5729,0
2022-02-17,0.8367,0.8448,0.7535,0.769,375190546.0,1645142399999,300624314.1474,377795,180001437.0,144223727.5401,0
2022-02-18,0.7689,0.8055,0.756,0.784,417945743.0,1645228799999,326120877.6789,423084,201924098.0,157513266.3368,0
2022-02-19,0.7841,0.8547,0.7696,0.8215,492929500.0,1645315199999,400613754.2186,594162,248825500.0,202360377.2972,0
2022-02-20,0.8215,0.8234,0.7643,0.7769,495454770.0,1645401599999,391269443.4318,521656,227536480.0,179659457.3597,0
2022-02-21,0.7769,0.802,0.6953,0.7018,621650777.0,1645487999999,474629850.5165,558755,303954516.0,232169573.5726,0
2022-02-22,0.7018,0.7266,0.6686,0.7209,597541290.0,1645574399999,417027236.6289,503146,299122368.0,208862896.9036,0
2022-02-23,0.7209,0.7441,0.6924,0.6967,438023003.0,1645660799999,315158238.6433,352974,219155727.0,157728011.8876,0
2022-02-24,0.6967,0.7226,0.6215,0.6963,986343826.0,1645747199999,649336702.1989,776546,475980122.0,313319924.6972,0
2022-02-25,0.6962,0.7807,0.6826,0.7699,557343038.0,1645833599999,397739663.4322,483216,289233335.0,206653757.6256,0
2022-02-26,0.7698,0.7955,0.7403,0.7508,520451349.0,1645919999999,398290215.7972,518766,263972487.0,202016049.1408,0
2022-02-27,0.7508,0.7677,0.7032,0.7215,441252224.0,1646006399999,324122751.3269,380063,211903246.0,155721473.8369,0
2022-02-28,0.7216,0.7938,0.7075,0.7809,444617964.0,1646092799999,331004684.9104,411864,220791698.0,164606481.1886,0
2022-03-01,0.7809,0.8039,0.7574,0.7839,392126769.0,1646179199999,305309246.7925,396934,193409344.0,150654555.7843,0
2022-03-02,0.784,0.7848,0.7562,0.7687,377602100.0,1646265599999,290891663.0599,306050,186780734.0,143882345.5757,0
2022-03-03,0.7688,0.7897,0.7336,0.7515,339295156.0,1646351999999,257664904.5485,298359,166262432.0,126275130.7789,0
2022-03-04,0.7514,0.755,0.6942,0.7127,382831997.0,1646438399999,279450790.8482,325418,187126852.0,136654078.9078,0
2022-03-05,0.7127,0.7693,0.7049,0.754,358200609.0,1646524799999,265951379.1469,360890,171764631.0,127561328.589,0
2022-03-06,0.7539,0.7589,0.7211,0.7251,304732286.0,1646611199999,225032012.6074,275079,148059163.0,109293439.8545,0
2022-03-07,0.7252,0.7544,0.7033,0.7197,496407111.0,1646697599999,363052083.9685,413298,249680721.0,182588165.2447,0
2022-03-08,0.7196,0.7313,0.7135,0.7207,293749434.0,1646783999999,212291889.8845,231723,146084373.0,105592288.2111,0
2022-03-09,0.7208,0.775,0.7199,0.7658,397032109.0,1646870399999,298577935.7299,342087,210070672.0,157981242.9616,0
2022-03-10,0.7659,0.7797,0.7215,0.7361,397850898.0,1646956799999,294933673.0231,350437,191002562.0,141660681.4386,0
2022-03-11,0.7361,0.814,0.725,0.8029,526984782.0,1647043199999,402055677.0288,515649,265507599.0,202653114.0156,0
2022-03-12,0.8028,0.849,0.7783,0.7857,589059126.0,1647129599999,474559889.9224,662771,280010604.0,225635940.9371,0
2022-03-13,0.7857,0.8057,0.7508,0.7602,311279578.0,1647215999999,244669480.0742,304239,146750241.0,115428354.2304,0
2022-03-14,0.7602,0.7779,0.745,0.7748,326606464.0,1647302399999,249607534.8329,277062,166773116.0,127466033.2777,0
2022-03-15,0.7747,0.7768,0.7413,0.7657,243756136.0,1647388799999,185554830.1951,224551,120440153.0,91702951.2356,0
2022-03-16,0.7658,0.7945,0.7569,0.7919,350641035.0,1647475199999,270905161.1004,338101,178379477.0,137846140.9617,0
2022-03-17,0.7919,0.802,0.783,0.7935,264101320.0,1647561599999,209115111.7325,239087,136623515.0,108183137.9896,0
2022-03-18,0.7936,0.8007,0.7762,0.7965,222661984.0,1647647999999,175564924.199,202346,112469928.0,88692231.2992,0
2022-03-19,0.7964,0.8268,0.7915,0.8194,248947590.0,1647734399999,202388188.4208,265739,117794407.0,95755655.7573,0
2022-03-20,0.8195,0.822,0.795,0.8057,185090508.0,1647820799999,149611235.7475,177909,86526823.0,69949276.7585,0
2022-03-21,0.8057,0.8549,0.7875,0.8373,316427663.0,1647907199999,259592940.3888,362667,159769268.0,131064535.8994,0
2022-03-22,0.8372,0.8653,0.8273,0.8366,305184306.0,1647993599999,257893273.7383,340957,154289567.0,130398701.3163,0
2022-03-23,0.8366,0.846,0.8171,0.8376,235024475.0,1648079999999,195140355.5946,230168,113831215.0,94527036.5583,0
2022-03-24,0.8376,0.85,0.8272,0.8428,282122073.0,1648166399999,236615079.7898,280263,147774382.0,123968022.8932,0
2022-03-25,0.8428,0.8459,0.8185,0.8239,214450998.0,1648252799999,178986690.6411,194835,105983987.0,88495788.6914,0
2022-03-26,0.8239,0.8349,0.8206,0.8327,122433652.0,1648339199999,101517227.9421,108590,58204949.0,48261302.8863,0
2022-03-27,0.8326,0.8582,0.8275,0.858,198619688.0,1648425599999,167118139.6212,199174,99347869.0,83611740.2909,0
2022-03-28,0.8579,0.93,0.8528,0.8641,479199201.0,1648511999999,422637754.2167,540963,255022451.0,225063849.0903,0
2022-03-29,0.864,0.8857,0.8389,0.8577,264756291.0,1648598399999,230020279.9314,293027,129038578.0,112143460.781,0
2022-03-30,0.8576,0.8718,0.8455,0.8613,201046259.0,1648684799999,173039224.5048,224285,102066434.0,87851965.478,0
2022-03-31,0.8613,0.8737,0.7794,0.8148,366939277.0,1648771199999,305824263.8892,400216,172319249.0,143671827.3714,0
2022-04-01,0.8149,0.8343,0.807,0.8277,254001232.0,1648857599999,208774877.5653,251817,124094463.0,101996499.5634,0
2022-04-02,0.8277,0.8499,0.8185,0.824,210041825.0,1648943999999,175623270.3137,208651,98183173.0,82111559.8957,0
2022-04-03,0.824,0.8519,0.8143,0.8432,159520162.0,1649030399999,133117452.9172,156976,77302883.0,64502447.3359,0
2022-04-04,0.8432,0.844,0.8041,0.826,216740017.0,1649116799999,179165135.2421,215429,106854587.0,88344943.0996,0
2022-04-05,0.8261,0.8366,0.8145,0.8164,174779509.0,1649203199999,144156926.2418,158487,87383871.0,72080970.0778,0
2022-04-06,0.8164,0.8184,0.7555,0.7595,348686323.0,1649289599999,274381875.7023,364137,168915184.0,132979551.6493,0
2022-04-07,0.7594,0.7911,0.7523,0.7871,196211648.0,1649375999999,152188903.5217,203495,94215238.0,73077180.2044,0
2022-04-08,0.787,0.7944,0.7463,0.7549,210639194.0,1649462399999,162771256.5049,208204,104376903.0,80692244.786,0
2022-04-09,0.755,0.7668,0.7531,0.7622,102131244.0,1649548799999,77625116.2299,107344,47440735.0,36059404.0327,0
2022-04-10,0.7623,0.7731,0.7524,0.7543,123028708.0,1649635199999,93662860.1336,127125,57114934.0,43494557.2975,0
2022-04-11,0.7543,0.7558,0.6802,0.6948,354459252.0,1649721599999,253488704.6894,328030,167664986.0,119927030.7184,0
2022-04-12,0.6949,0.734,0.6924,0.7152,263088987.0,1649807999999,185940902.0363,260994,133316198.0,94219143.5379,0
2022-04-13,0.7151,0.7252,0.7017,0.7232,217937566.0,1649894399999,156097770.2643,205229,108623961.0,77822024.429,0
2022-04-14,0.7232,0.7413,0.7083,0.7262,239629937.0,1649980799999,173590844.0636,217510,117445778.0,85066672.3144,0
2022-04-15,0.7262,0.7975,0.7261,0.7858,439676502.0,1650067199999,340018971.2768,490660,222695983.0,172134143.0282,0
2022-04-16,0.7859,0.7999,0.7658,0.7808,206493032.0,1650153599999,161483053.8088,195172,100170754.0,78347213.436,0
2022-04-17,0.7808,0.7861,0.7477,0.7519,188468510.0,1650239999999,145499726.0462,176462,92494781.0,71408946.4904,0
2022-04-18,0.7519,0.7699,0.7266,0.7699,257757252.0,1650326399999,192473959.5038,258339,126225222.0,94297426.8333,0
2022-04-19,0.7698,0.786,0.7588,0.7749,199132020.0,1650412799999,153428708.3625,191968,103980072.0,80113597.9742,0
2022-04-20,0.7749,0.7753,0.742,0.7517,220246970.0,1650499199999,167656195.8777,192462,107948127.0,82171145.4734,0
2022-04-21,0.7517,0.7686,0.718,0.7328,241310449.0,1650585599999,180731787.3906,241040,120565186.0,90337004.5003,0
2022-04-22,0.7328,0.7387,0.7142,0.7179,220757625.0,1650671999999,160328204.818,216443,106214645.0,77146619.6125,0
2022-04-23,0.7178,0.7267,0.7023,0.7057,163036743.0,1650758399999,116203898.7368,154364,79411803.0,56595167.8976,0
2022-04-24,0.7057,0.7119,0.6944,0.6981,144945400.0,1650844799999,102084222.507,137510,70704996.0,49784633.333,0
2022-04-25,0.698,0.6998,0.6451,0.6931,399434752.0,1650931199999,267285979.6594,354207,196890553.0,131736017.814,0
2022-04-26,0.6931,0.7065,0.6276,0.642,355964613.0,1651017599999,237444379.8966,311924,174245692.0,116326399.0929,0
2022-04-27,0.642,0.663,0.6361,0.6522,277994630.0,1651103999999,180637616.853,241976,142408334.0,92540378.8476,0
2022-04-28,0.6522,0.6577,0.6333,0.6428,242145728.0,1651190399999,156497699.4127,195259,119074148.0,76959693.9611,0
2022-04-29,0.6428,0.6464,0.5992,0.6116,322263629.0,1651276799999,200206773.4092,234208,155967290.0,96871644.8979,0
2022-04-30,0.6115,0.6288,0.5663,0.5845,354754733.0,1651363199999,214938073.8545,274288,169587697.0,102905100.6398,0
2022-05-01,0.5845,0.6125,0.576,0.607,279653905.0,1651449599999,166027183.2312,253008,141614030.0,84080669.4316,0
2022-05-02,0.607,0.6312,0.5984,0.6143,332748235.0,1651535999999,204458052.8653,255037,171961683.0,105666294.9625,0
2022-05-03,0.6143,0.628,0.5961,0.6047,284044788.0,1651622399999,174187576.7346,192989,143379359.0,87912050.8949,0
2022-05-04,0.6047,0.65,0.6039,0.6459,345607731.0,1651708799999,214781739.892,250260,180231681.0,112007405.5283,0
2022-05-05,0.646,0.6572,0.5801,0.5981,446938464.0,1651795199999,275475127.5275,326425,218395211.0,134801102.8758,0
2022-05-06,0.5981,0.6164,0.5875,0.6022,363872112.0,1651881599999,218917267.8923,281104,183578252.0,110428735.0375,0
2022-05-07,0.6022,0.6044,0.5692,0.5808,243420987.0,1651967999999,144029120.1394,162836,113155415.0,66938455.5958,0
2022-05-08,0.5808,0.5833,0.5572,0.5662,335981906.0,1652054399999,191966430.3333,204020,163008531.0,93148806.9462,0
2022-05-09,0.5663,0.5789,0.47,0.4873,841979616.33,1652140799999,440258885.078922,614982,401707901.93,210048266.461249,0
2022-05-10,0.4872,0.5371,0.4722,0.513,900790302.0,1652227199999,459950527.42,637387,434905375.0,222042162.2255,0
2022-05-11,0.513,0.5253,0.3646,0.4172,1598443681.35,1652313599999,731722915.314705,1259135,752855735.92,345813793.804597,0
2022-05-12,0.4172,0.4296,0.3361,0.3856,1567507931.5,1652399999999,594186113.5263649,1276059,782977731.1,296900375.29638,0
2022-05-13,0.3856,0.4659,0.3813,0.4228,698396767.0,1652486399999,301967793.821,550622,346804900.0,149919526.2497,0
2022-05-14,0.4229,0.441,0.3955,0.4262,442845171.0,1652572799999,185744367.7124,346940,213778456.0,89698073.3502,0
2022-05-15,0.4262,0.45,0.4149,0.4481,267739238.0,1652659199999,114744354.5196,215477,131021667.0,56191165.341,0
2022-05-16,0.4481,0.4481,0.4087,0.4231,433909248.0,1652745599999,183880284.5874,305356,224928418.0,95326831.9139,0
2022-05-17,0.4231,0.4403,0.417,0.438,376428299.0,1652831999999,162168648.8597,251858,190488659.0,82052620.1902,0
2022-05-18,0.438,0.4428,0.4037,0.4056,370954228.0,1652918399999,155713298.6108,236704,182418848.0,76564760.9242,0
2022-05-19,0.4056,0.4242,0.3908,0.4205,285465302.0,1653004799999,116869173.7599,199622,145656295.0,59625099.7529,0
2022-05-20,0.4205,0.4407,0.4016,0.4101,358049438.0,1653091199999,150932151.7571,221270,180661797.0,76181126.8174,0
2022-05-21,0.4101,0.4183,0.403,0.4145,144232225.0,1653177599999,59372483.5825,92445,69925202.0,28783850.4736,0
2022-05-22,0.4144,0.4255,0.4101,0.4218,143783091.0,1653263999999,60032697.6084,93691,72502293.0,30272080.6584,0
2022-05-23,0.4217,0.4287,0.4002,0.4052,301434382.0,1653350399999,126188136.5609,179962,148486545.0,62121844.6297,0
2022-05-24,0.4052,0.4138,0.3908,0.4086,309724750.0,1653436799999,125344682.6655,147275,154087251.0,62396369.6546,0
2022-05-25,0.4087,0.4138,0.3948,0.406,414339536.0,1653523199999,167969372.2193,161858,197113019.0,79917672.7424,0
2022-05-26,0.4061,0.4109,0.3753,0.392,626704757.0,1653609599999,246729969.605,251980,308901803.0,121570237.2421,0
2022-05-27,0.3921,0.4032,0.3764,0.3819,549974246.0,1653695999999,214888250.2271,235251,280708552.0,109682355.9268,0
2022-05-28,0.382,0.389,0.3805,0.3863,232996058.0,1653782399999,89731706.8105,101729,121012872.0,46598972.8519,0
2022-05-29,0.3863,0.3908,0.3794,0.3891,190159222.0,1653868799999,73294559.5039,80104,96943524.0,37370321.2283,0
2022-05-30,0.3891,0.4197,0.3866,0.4187,371239281.0,1653955199999,149384767.0321,167873,194236066.0,78160019.8935,0
2022-05-31,0.4188,0.4342,0.4065,0.4217,422313633.0,1654041599999,176780178.8201,207019,202580617.0,84806064.9119,0
2022-06-01,0.4217,0.4266,0.3887,0.398,436983828.0,1654127999999,178928611.5763,200731,215019403.0,88095126.204,0
2022-06-02,0.3981,0.4072,0.3907,0.4055,350695114.0,1654214399999,139400566.4511,147596,176870397.0,70287103.1895,0
2022-06-03,0.4054,0.4105,0.3839,0.3904,283788604.0,1654300799999,112542326.3665,148952,151980865.0,60257602.3993,0
2022-06-04,0.3903,0.3944,0.3846,0.3925,134031506.0,1654387199999,52239259.2791,77118,66545797.0,25932690.7373,0
2022-06-05,0.3925,0.3995,0.3895,0.3953,134209649.0,1654473599999,52902644.5682,73022,71195640.0,28064605.8534,0
2022-06-06,0.3954,0.4099,0.394,0.4026,253767142.0,1654559999999,102110040.337,130186,142292704.0,57276098.7523,0
2022-06-07,0.4027,0.4175,0.3846,0.4076,418785041.0,1654646399999,166280541.3817,220088,203201721.0,80682320.4546,0
2022-06-08,0.4076,0.4104,0.3947,0.4006,307076296.0,1654732799999,123154505.0433,165487,152660760.0,61224554.0444,0
2022-06-09,0.4007,0.4041,0.3965,0.4002,253775318.0,1654819199999,101687547.2932,108685,124321103.0,49825724.7181,0
2022-06-10,0.4002,0.4118,0.3762,0.3815,399808206.0,1654905599999,157089536.93,194473,195917016.0,77041301.0298,0
2022-06-11,0.3815,0.3887,0.3557,0.3599,335176735.0,1654991999999,124317447.9689,162752,165214003.0,61258649.7717,0
2022-06-12,0.3598,0.3654,0.3394,0.3433,427316144.0,1655078399999,149735662.364,211927,202677787.0,71035077.4225,0
2022-06-13,0.3433,0.3507,0.3012,0.3118,1028751993.07,1655164799999,328637316.325002,508115,510439919.0,163052865.5242,0
2022-06-14,0.3117,0.3267,0.2936,0.3214,778418633.0,1655251199999,243464785.141985,342614,378034381.92,118330382.0822,0
2022-06-15,0.3215,0.3469,0.298,0.3436,865192872.0,1655337599999,271227096.2417,404846,432927616.0,135683790.8675,0
2022-06-16,0.3436,0.3475,0.3073,0.3132,589816543.0,1655423999999,190349169.8571,238916,289891372.0,93503353.1549,0
2022-06-17,0.3132,0.3397,0.3105,0.321,430655102.0,1655510399999,140271381.5595,198729,220129175.0,71720491.8413,0
2022-06-18,0.321,0.3263,0.2872,0.3075,555977925.71,1655596799999,170366179.895381,283907,274411148.0,84126288.6719,0
2022-06-19,0.3074,0.333,0.2981,0.3264,393395495.0,1655683199999,123246578.6674,201014,197461677.0,61901469.775,0
2022-06-20,0.3262,0.3289,0.3135,0.3227,356161086.0,1655769599999,114351278.5238,181160,186248397.0,59800007.5846,0
2022-06-21,0.3226,0.3374,0.3187,0.3294,379691157.0,1655855999999,124852730.7156,187784,202444640.0,66561000.3585,0
2022-06-22,0.3294,0.3297,0.319,0.3223,315095128.0,1655942399999,101794452.0225,152486,162358105.0,52445619.0636,0
2022-06-23,0.3223,0.3371,0.3213,0.3358,293426615.0,1656028799999,96235892.6572,133928,154739109.0,50758562.0221,0
2022-06-24,0.3357,0.3871,0.3348,0.3672,610286919.0,1656115199999,223815201.869,364031,307745887.0,112897969.5519,0
2022-06-25,0.3672,0.3741,0.3542,0.3676,216676025.0,1656201599999,79123639.7719,134079,105168418.0,38413830.9589,0
2022-06-26,0.3677,0.3751,0.3576,0.3592,194186812.0,1656287999999,71039962.3962,118676,95681601.0,35000157.7912,0
2022-06-27,0.3591,0.3671,0.348,0.3537,274516503.0,1656374399999,98508600.8805,140953,137911170.0,49526867.6593,0
2022-06-28,0.3537,0.3557,0.3353,0.3375,316153206.0,1656460799999,109315246.4689,155206,168250606.0,58219456.6073,0
2022-06-29,0.3375,0.3417,0.3201,0.3296,329827694.0,1656547199999,108924493.26,163468,171354767.0,56593950.0059,0
2022-06-30,0.3296,0.3333,0.3056,0.3321,463148646.0,1656633599999,147393644.668,245378,237101799.0,75440787.7864,0
2022-07-01,0.332,0.3363,0.31,0.3139,373042743.0,1656719999999,118587656.9598,184586,192275060.0,61071852.5734,0
2022-07-02,0.3142,0.3181,0.3089,0.3156,179482724.0,1656806399999,56221451.4424,88251,90600502.0,28378354.9864,0
2022-07-03,0.3157,0.3258,0.3085,0.3215,194701668.0,1656892799999,61533546.2119,107856,98899638.0,31272144.7916,0
2022-07-04,0.3216,0.33,0.3146,0.3287,276890244.0,1656979199999,88994114.9657,126096,153753348.0,49394287.6538,0
2022-07-05,0.3287,0.331,0.3128,0.3252,332749123.0,1657065599999,107262278.4529,146859,175922885.0,56699140.2254,0
2022-07-06,0.3252,0.334,0.32,0.3324,295359140.0,1657151999999,95886316.4482,132366,161212789.0,52335913.4695,0
2022-07-07,0.3324,0.3456,0.3269,0.3422,261063763.0,1657238399999,87266153.1303,126050,147439187.0,49264860.2988,0
2022-07-08,0.3423,0.359,0.3359,0.3402,383269941.0,1657324799999,133000861.9134,213155,202818061.0,70409834.9315,0
2022-07-09,0.3403,0.3477,0.3392,0.3448,131799232.0,1657411199999,45267170.3163,80709,67277636.0,23110229.737,0
2022-07-10,0.3448,0.3449,0.3197,0.3255,240237163.0,1657497599999,79468929.0035,124569,119299991.0,39439440.6727,0
2022-07-11,0.3256,0.3292,0.3108,0.3152,246538517.0,1657583999999,79546363.024,133558,130435120.0,42089487.4209,0
2022-07-12,0.3152,0.3182,0.3078,0.3116,234067778.0,1657670399999,73193935.2427,126411,124715018.0,39002408.5774,0
2022-07-13,0.3117,0.326,0.302,0.3237,354463864.0,1657756799999,111462870.5633,176989,182895242.0,57532601.3692,0
2022-07-14,0.3236,0.334,0.3122,0.3338,323459383.0,1657843199999,103892845.0904,146897,176443453.0,56669203.7229,0
2022-07-15,0.3338,0.349,0.3273,0.3342,392883643.0,1657929599999,132631266.8746,200294,213697008.0,72146915.6227,0
2022-07-16,0.3341,0.3565,0.3313,0.3505,271487176.0,1658015999999,93541230.7602,176489,142193345.0,49010989.1983,0
2022-07-17,0.3504,0.3614,0.3413,0.3433,203255685.0,1658102399999,71308820.2037,155405,101315331.0,35554172.8169,0
2022-07-18,0.3434,0.3701,0.3429,0.3653,404237689.0,1658188799999,145950885.0127,247021,215874107.0,77921624.5275,0
2022-07-19,0.3652,0.3767,0.3515,0.3729,372635897.0,1658275199999,135433770.4909,240551,190787717.0,69325586.2817,0
2022-07-20,0.3728,0.3817,0.3572,0.3635,329852165.0,1658361599999,122555674.2913,219247,170114267.0,63255434.4255,0
2022-07-21,0.3635,0.3685,0.3485,0.3669,276798269.0,1658447999999,99082317.9136,176891,134550373.0,48182821.7688,0
2022-07-22,0.3668,0.3716,0.3541,0.3578,231304449.0,1658534399999,84039196.2595,153583,121129466.0,44034645.693,0
2022-07-23,0.3578,0.3628,0.3498,0.3592,140472336.0,1658620799999,50073528.3648,106298,67351566.0,24015350.2839,0
2022-07-24,0.3592,0.3667,0.3558,0.3586,154710249.0,1658707199999,55971080.8209,111641,77556767.0,28059884.1089,0
2022-07-25,0.3585,0.3602,0.335,0.3362,250777496.0,1658793599999,86676259.4828,151193,125589433.0,43419718.0268,0
2022-07-26,0.3362,0.3385,0.3252,0.3372,248516564.0,1658879999999,82443390.9487,153532,120815478.0,40085102.9261,0
2022-07-27,0.3373,0.3597,0.3304,0.3594,270820690.0,1658966399999,92730683.9319,173274,138359904.0,47386119.5227,0
2022-07-28,0.3594,0.3792,0.3489,0.3739,338381188.0,1659052799999,122379884.6885,214156,171414799.0,61987597.0128,0
2022-07-29,0.3738,0.3799,0.3596,0.3679,276456259.0,1659139199999,102455414.6748,186833,144385392.0,53526478.0597,0
2022-07-30,0.3679,0.4099,0.3629,0.3879,388154871.0,1659225599999,151212668.9887,285884,190389680.0,74193402.6794,0
2022-07-31,0.388,0.3989,0.3782,0.3792,231814092.0,1659311999999,90300223.1005,174085,113537479.0,44242347.0145,0
2022-08-01,0.3791,0.386,0.371,0.3791,215729685.0,1659398399999,81602011.2659,146825,109339966.0,41363255.4091,0
2022-08-02,0.3791,0.3946,0.3667,0.3714,261343324.0,1659484799999,97712462.1301,184337,129545005.0,48449982.3181,0
2022-08-03,0.3714,0.3775,0.3631,0.3695,212254602.0,1659571199999,78676859.4057,137130,104744026.0,38832024.4896,0
2022-08-04,0.3695,0.375,0.3643,0.371,170860294.0,1659657599999,63183203.3837,107315,85380072.0,31564774.9887,0
2022-08-05,0.371,0.3785,0.3673,0.3764,178170072.0,1659743999999,66561027.3224,117145,97071624.0,36257586.8549,0
2022-08-06,0.3764,0.378,0.3703,0.3715,88658479.0,1659830399999,33182898.9453,66502,42405437.0,15872414.639,0
2022-08-07,0.3715,0.3772,0.3682,0.3722,94432362.0,1659916799999,35204727.0933,65502,47947178.0,17876939.2392,0
2022-08-08,0.3723,0.3847,0.371,0.3787,221476216.0,1660003199999,83979590.9722,128662,115977396.0,43979420.003,0
2022-08-09,0.3787,0.3801,0.3606,0.3672,168358813.0,1660089599999,62324528.9408,110373,82666286.0,30600207.9599,0
2022-08-10,0.3672,0.3815,0.3583,0.3814,218617309.0,1660175999999,81068105.4407,142208,112384455.0,41691872.0909,0
2022-08-11,0.3814,0.386,0.377,0.3802,212303676.0,1660262399999,80900073.1205,124815,107303586.0,40891650.7138,0
2022-08-12,0.3801,0.3806,0.3699,0.3796,169377982.0,1660348799999,63609314.0849,102798,93156310.0,34983116.177,0
2022-08-13,0.3797,0.3876,0.3763,0.378,122728952.0,1660435199999,46708311.9624,85925,59296459.0,22568921.9961,0
2022-08-14,0.3779,0.3922,0.3738,0.3757,184744299.0,1660521599999,70663793.9313,125664,89113137.0,34102471.6654,0
2022-08-15,0.3756,0.3852,0.3658,0.3751,231352894.0,1660607999999,86406258.6863,141003,119381222.0,44598719.5995,0
2022-08-16,0.375,0.3784,0.3666,0.377,196904975.0,1660694399999,73556611.6893,121180,96207662.0,35948624.0461,0
2022-08-17,0.377,0.3923,0.368,0.3795,333525617.0,1660780799999,126759099.1176,222987,169311616.0,64372334.9304,0
2022-08-18,0.3796,0.3815,0.3691,0.3704,206448429.0,1660867199999,77574097.0843,132439,105091124.0,39492137.3928,0
2022-08-19,0.3703,0.3707,0.3309,0.3344,437831008.0,1660953599999,151469808.2924,252658,216949759.0,74980178.1707,0
2022-08-20,0.3345,0.3428,0.3321,0.3368,206218319.0,1661039999999,69893445.4186,118265,101881664.0,34536141.6942,0
2022-08-21,0.3368,0.3485,0.3355,0.3449,185595697.0,1661126399999,63540311.138,103455,92296282.0,31592925.9513,0
2022-08-22,0.3448,0.3453,0.3313,0.344,259125051.0,1661212799999,87411174.7706,139631,134395867.0,45341113.0735,0
2022-08-23,0.344,0.348,0.3326,0.3472,224844843.0,1661299199999,76705168.209,120750,117130796.0,39962509.1015,0
2022-08-24,0.3473,0.3525,0.3389,0.3456,190760736.0,1661385599999,65685897.5246,112208,95102376.0,32742791.9217,0
2022-08-25,0.3456,0.3522,0.3435,0.3491,200831070.0,1661471999999,69764352.314,114924,101959250.0,35423162.6421,0
2022-08-26,0.3491,0.3712,0.3325,0.3393,439211758.0,1661558399999,153665419.4402,269092,224371229.0,78493034.3602,0
2022-08-27,0.3393,0.3447,0.3283,0.3346,175871454.0,1661644799999,58855369.8605,116416,87752033.0,29368141.1227,0
2022-08-28,0.3346,0.3373,0.3213,0.3224,148984590.0,1661731199999,49504782.3436,90560,71255300.0,23680587.8921,0
2022-08-29,0.3223,0.3342,0.3186,0.3337,268856257.0,1661817599999,87361744.4692,136287,142633743.0,46359313.3778,0
2022-08-30,0.3337,0.3359,0.32,0.3267,213879108.0,1661903999999,70259688.5838,127485,108052191.0,35515375.3273,0
2022-08-31,0.3268,0.3339,0.323,0.3277,195043842.0,1661990399999,64322459.0518,117716,94381318.0,31137094.8207,0
2022-09-01,0.3276,0.3334,0.3215,0.3331,183564987.0,1662076799999,59848811.8949,113186,98551814.0,32119453.5226,0
2022-09-02,0.3332,0.3355,0.3253,0.3314,179601436.0,1662163199999,59352103.3702,104285,93724081.0,30979579.1439,0
2022-09-03,0.3315,0.335,0.3265,0.3297,103317904.0,1662249599999,34043843.1217,63442,49306559.0,16251627.5129,0
2022-09-04,0.3296,0.3328,0.3275,0.3317,95913393.0,1662335999999,31682221.1852,58005,46703199.0,15427508.1057,0
2022-09-05,0.3318,0.3338,0.3225,0.3329,178320876.0,1662422399999,58525355.8091,91431,94181774.0,30902887.5462,0
2022-09-06,0.3329,0.3431,0.3154,0.3212,337153895.0,1662508799999,111776654.5137,191387,157130772.0,52124443.6011,0
2022-09-07,0.3212,0.3386,0.312,0.3369,267709589.0,1662595199999,86968475.705,141016,125965451.0,40930316.7749,0
2022-09-08,0.3369,0.3434,0.3282,0.3396,234589959.0,1662681599999,78333843.9986,136630,116415824.0,38867163.734,0
2022-09-09,0.3396,0.3597,0.3394,0.3568,334849027.0,1662767999999,117071573.7653,187293,182474750.0,63800492.1473,0
2022-09-10,0.3568,0.3622,0.3514,0.3573,186010258.0,1662854399999,66220220.8186,116583,90629836.0,32272133.2709,0
2022-09-11,0.3574,0.3604,0.3485,0.3552,146159090.0,1662940799999,51919619.5378,86088,73913953.0,26256792.2656,0
2022-09-12,0.3551,0.3602,0.3478,0.3598,243143764.0,1663027199999,86092131.7274,132001,131431520.0,46537733.4669,0
2022-09-13,0.3598,0.3603,0.3308,0.3326,364278378.0,1663113599999,125815020.3102,198832,173399591.0,59938366.6661,0
2022-09-14,0.3326,0.3442,0.3312,0.3415,308604961.0,1663199999999,103931939.6545,168172,156806911.0,52801586.0476,0
2022-09-15,0.3415,0.3429,0.3241,0.3261,406236125.0,1663286399999,135422916.2015,181640,173358934.0,57778845.0224,0
2022-09-16,0.3261,0.3581,0.3216,0.3552,370003740.0,1663372799999,124260288.7189,162183,186885609.0,62763820.5722,0
2022-09-17,0.3552,0.381,0.3464,0.3762,443007880.0,1663459199999,162050300.786,247164,214475018.0,78430812.5217,0
2022-09-18,0.3762,0.3981,0.3556,0.3576,680858418.0,1663545599999,258614760.4064,444651,333280981.0,126660538.5915,0
2022-09-19,0.3578,0.3932,0.3401,0.3848,737172977.0,1663631999999,265844871.8951,451339,377962935.0,136230291.8408,0
2022-09-20,0.3847,0.4242,0.3704,0.414,1113792429.0,1663718399999,442009185.2686,628936,522955801.0,207498980.5096,0
2022-09-21,0.4139,0.434,0.38,0.3936,925735817.0,1663804799999,372966189.3786,643141,434816448.0,175240457.9747,0
2022-09-22,0.3936,0.5,0.3933,0.4862,1322834928.0,1663891199999,590174749.6729,791009,629956605.0,281191324.5525,0
2022-09-23,0.4861,0.559,0.4564,0.5069,1820625745.0,1663977599999,917768864.5043,1330406,898615314.0,453130948.3904,0
2022-09-24,0.5069,0.5195,0.4717,0.4878,711158721.0,1664063999999,352715614.3205,593855,353473531.0,175360287.619,0
2022-09-25,0.4879,0.5215,0.4757,0.4917,738162563.0,1664150399999,366984733.4815,573784,368900786.0,183394000.8327,0
2022-09-26,0.4916,0.502,0.4576,0.4683,626520230.0,1664236799999,296847521.539,415486,312958187.0,148308701.4499,0
2022-09-27,0.4682,0.4882,0.435,0.4457,628394011.0,1664323199999,292038620.5516,410125,296354526.0,137912021.9669,0
2022-09-28,0.4458,0.4558,0.4168,0.4489,595920283.0,1664409599999,257517246.6334,367581,278932240.0,120552174.8155,0
2022-09-29,0.4491,0.5109,0.4266,0.4877,788666701.0,1664495999999,365979762.7879,516418,375407350.0,174557632.3649,0
2022-09-30,0.4876,0.4992,0.4667,0.4799,683028303.0,1664582399999,330105163.3981,499348,344908814.0,166690857.2864,0
2022-10-01,0.4799,0.4865,0.4667,0.4754,332745201.0,1664668799999,158398722.6391,232022,163798047.0,77976935.2886,0
2022-10-02,0.4753,0.4785,0.443,0.4485,331325448.0,1664755199999,152945188.2056,252363,158654005.0,73261211.9904,0
2022-10-03,0.4485,0.4694,0.4372,0.4621,393625435.0,1664841599999,177658038.6668,251290,200455491.0,90449501.1404,0
2022-10-04,0.4622,0.4858,0.4515,0.4795,528294804.0,1664927999999,248921030.5571,302972,233846670.0,110170981.2873,0
2022-10-05,0.4795,0.502,0.4716,0.4887,582675616.0,1665014399999,283275013.6859,356443,251510091.0,122302085.0285,0
2022-10-06,0.4888,0.5063,0.4883,0.4934,412623504.0,1665100799999,204870809.1033,271931,178234322.0,88512335.1771,0
2022-10-07,0.4934,0.5339,0.48,0.5177,523500800.0,1665187199999,262944156.6285,364491,254585052.0,127872814.6927,0
2022-10-08,0.5177,0.5292,0.5111,0.517,340783746.0,1665273599999,177286870.9384,257256,163746919.0,85190214.9524,0
2022-10-09,0.5171,0.549,0.506,0.5325,366379188.0,1665359999999,193058849.2665,264444,181625117.0,95694697.4069,0
2022-10-10,0.5325,0.538,0.4927,0.4939,519737735.0,1665446399999,269405146.745,415923,224698117.0,116475843.0515,0
2022-10-11,0.4939,0.5025,0.4768,0.4861,445279743.0,1665532799999,218448308.5653,353731,200178299.0,98221469.1481,0
2022-10-12,0.486,0.496,0.482,0.4881,245221984.0,1665619199999,119808283.8365,177528,116341342.0,56841144.5244,0
2022-10-13,0.4881,0.4898,0.4401,0.4791,601751609.0,1665705599999,280980866.2166,414916,274106028.0,127897991.5294,0
2022-10-14,0.4791,0.5125,0.4782,0.4883,457259209.0,1665791999999,227388021.966,305648,218857625.0,108864925.3173,0
2022-10-15,0.4882,0.49,0.4774,0.4818,155163123.0,1665878399999,75131086.2498,103097,72547806.0,35151553.66,0
2022-10-16,0.4818,0.4876,0.468,0.4766,220894101.0,1665964799999,105829602.9126,128741,106658207.0,51090785.7726,0
2022-10-17,0.4765,0.4825,0.4627,0.4804,266511552.0,1666051199999,126134721.5191,185876,134684341.0,63743774.731,0
2022-10-18,0.4804,0.4843,0.4571,0.4658,289689721.0,1666137599999,136197440.4461,183992,134965358.0,63464184.9295,0
2022-10-19,0.4657,0.4667,0.4471,0.4504,330327507.0,1666223999999,151199222.0778,194462,159014856.0,72803191.2176,0
2022-10-20,0.4504,0.4646,0.4224,0.4465,396744045.0,1666310399999,178394403.3926,269299,193688485.0,87178376.068,0
2022-10-21,0.4465,0.4617,0.4336,0.4614,362000551.0,1666396799999,161784866.1782,209686,170326924.0,76120399.7047,0
2022-10-22,0.4613,0.4708,0.4561,0.4653,168922503.0,1666483199999,78201141.1354,112690,77335894.0,35808060.6388,0
2022-10-23,0.4653,0.4726,0.4518,0.4688,201619037.0,1666569599999,93094955.4316,124146,94017629.0,43420886.3187,0
2022-10-24,0.4688,0.473,0.4478,0.4529,269189993.0,1666655999999,123072922.4954,142859,120157828.0,54917692.0377,0
2022-10-25,0.453,0.4728,0.4434,0.4605,350361399.0,1666742399999,160081457.7349,215880,171598905.0,78409051.6546,0
2022-10-26,0.4606,0.4715,0.4562,0.4689,308800077.0,1666828799999,143488385.6324,196965,144018308.0,66913662.9213,0
2022-10-27,0.4689,0.4824,0.4584,0.4615,386147200.0,1666915199999,181953642.3573,238788,187029208.0,88157259.9222,0
2022-10-28,0.4615,0.4755,0.4564,0.4744,258511622.0,1667001599999,120199098.1085,157002,117686288.0,54732087.2878,0
2022-10-29,0.4743,0.4837,0.4657,0.4701,284375501.0,1667087999999,134590023.725,201794,135809120.0,64287057.082,0
2022-10-30,0.4702,0.4735,0.4537,0.4582,182831402.0,1667174399999,84820357.7325,133563,84765782.0,39344717.619,0
2022-10-31,0.4582,0.4674,0.4476,0.4641,291632134.0,1667260799999,133261256.4253,198148,146969703.0,67182951.4228,0
2022-11-01,0.464,0.467,0.4543,0.4636,272552886.0,1667347199999,125642112.0862,180944,125830091.0,58021037.5219,0
2022-11-02,0.4635,0.4659,0.4451,0.4497,305327596.0,1667433599999,139704185.4005,221321,140671429.0,64406123.6398,0
2022-11-03,0.4498,0.4598,0.4487,0.4548,221405589.0,1667519999999,100942726.2391,151898,104803967.0,47790138.0305,0
2022-11-04,0.4548,0.5078,0.4532,0.5064,561979429.0,1667606399999,274689740.9017,415590,276164137.0,134949298.8774,0
2022-11-05,0.5063,0.51,0.489,0.493,199360700.0,1667692799999,99431885.5075,190220,97184409.0,48486618.5542,0
2022-11-06,0.493,0.4947,0.468,0.4709,163125807.0,1667779199999,79239163.6907,136737,75421138.0,36664570.8371,0
2022-11-07,0.4708,0.48,0.4585,0.4648,325333918.0,1667865599999,153239698.2961,215747,140674033.0,66281947.7364,0
2022-11-08,0.4647,0.4669,0.3355,0.4059,978082649.0,1667951999999,413070512.7862,685459,427976370.0,180541812.893,0
2022-11-09,0.4059,0.411,0.316,0.3331,908074197.0,1668038399999,334989216.0276,655564,404429799.0,149198267.2478,0
2022-11-10,0.3332,0.403,0.3301,0.3942,815070852.0,1668124799999,301512853.2121,571158,385064470.0,142649050.0237,0
2022-11-11,0.3942,0.3991,0.3661,0.3843,477945830.0,1668211199999,182755584.2806,371420,213380823.0,81549654.8983,0
2022-11-12,0.3843,0.3846,0.3592,0.3636,254821436.0,1668297599999,93930662.5747,185956,124252437.0,45808046.4528,0
2022-11-13,0.3635,0.3694,0.3325,0.3408,334510449.0,1668383999999,116988962.6143,245447,146909223.0,51402121.5092,0
2022-11-14,0.3409,0.3796,0.321,0.3776,693547037.0,1668470399999,241833210.0589,474551,318057879.0,110936320.7404,0
2022-11-15,0.3775,0.3977,0.3668,0.3888,541305225.0,1668556799999,207028793.2972,397121,253866537.0,97142845.4854,0
2022-11-16,0.3887,0.3915,0.3614,0.3752,363276410.0,1668643199999,136953796.3009,260049,180285056.0,68001644.845,0
2022-11-17,0.3751,0.3873,0.3691,0.3819,413772413.0,1668729599999,156120059.8431,263552,207019266.0,78081706.0171,0
2022-11-18,0.3819,0.3878,0.3733,0.3829,292591109.0,1668815999999,111602519.5482,172434,151611474.0,57829190.4814,0
2022-11-19,0.3829,0.3886,0.3752,0.3841,145313373.0,1668902399999,55292721.1727,97089,68704481.0,26147539.8736,0
2022-11-20,0.3842,0.3969,0.3585,0.3608,308373842.0,1668988799999,116439995.0709,194598,140735919.0,53175093.8583,0
2022-11-21,0.3608,0.369,0.3457,0.3645,591706474.0,1669075199999,210059781.7228,289588,281516299.0,99890134.3131,0
2022-11-22,0.3645,0.3784,0.3513,0.3757,464705247.0,1669161599999,169687796.3158,237727,225203354.0,82265424.138,0
2022-11-23,0.3758,0.3824,0.3682,0.3815,354058802.0,1669247999999,133209854.523,204708,176578209.0,66432937.756,0
2022-11-24,0.3816,0.405,0.3742,0.4018,454087891.0,1669334399999,177033036.2218,249480,222635598.0,86756756.5351,0
2022-11-25,0.4018,0.4194,0.3888,0.4078,428503257.0,1669420799999,173684378.2258,297740,207257431.0,84067111.899,0
2022-11-26,0.4077,0.4146,0.3927,0.396,184581391.0,1669507199999,74555148.8397,126149,84383604.0,34087933.5743,0
2022-11-27,0.396,0.4096,0.3942,0.3962,199432182.0,1669593599999,80197421.6651,125340,93450039.0,37585394.4867,0
2022-11-28,0.3961,0.3991,0.373,0.3888,434930297.0,1669679999999,166423172.4506,240458,216541344.0,82848582.1122,0
2022-11-29,0.3888,0.4039,0.3829,0.3981,355638077.0,1669766399999,139342590.9568,195717,178271306.0,69837843.0781,0
2022-11-30,0.3981,0.4117,0.3926,0.4078,329757224.0,1669852799999,132883248.9774,191495,162197210.0,65361438.0414,0
2022-12-01,0.4078,0.4093,0.3944,0.3969,251203503.0,1669939199999,100381351.1923,141670,133397950.0,53296310.2567,0
2022-12-02,0.3968,0.3975,0.3838,0.3961,257877078.0,1670025599999,100555120.3107,137052,138441788.0,53970617.1324,0
2022-12-03,0.3961,0.3973,0.3853,0.3873,152919238.0,1670111999999,59974445.9224,87264,73047643.0,28657295.5731,0
2022-12-04,0.3873,0.3932,0.386,0.3895,134434499.0,1670198399999,52399718.8424,80207,65279404.0,25447929.0599,0
2022-12-05,0.3895,0.3954,0.38,0.3893,338205071.0,1670284799999,132061033.3122,169162,176414438.0,68900207.6909,0
2022-12-06,0.3893,0.3925,0.3808,0.3914,302191639.0,1670371199999,116660558.7144,139542,156219831.0,60302597.0077,0
2022-12-07,0.3914,0.3925,0.3733,0.3835,307733325.0,1670457599999,117648523.9099,145538,159335388.0,60890131.0282,0
2022-12-08,0.3834,0.3962,0.3826,0.3941,276255107.0,1670543999999,107330684.7435,130361,146298225.0,56842001.9688,0
2022-12-09,0.3942,0.3952,0.3843,0.3889,259535105.0,1670630399999,101327794.2597,114693,136114404.0,53155999.2563,0
2022-12-10,0.3889,0.3893,0.3854,0.3865,99433210.0,1670716799999,38539886.5527,48873,50214880.0,19464560.3716,0
2022-12-11,0.3865,0.3886,0.3778,0.3809,96374128.0,1670803199999,37091781.1508,54465,44409030.0,17090962.7416,0
2022-12-12,0.3808,0.3898,0.3707,0.3874,348028456.0,1670889599999,131257104.2853,154324,179058204.0,67545714.0855,0
2022-12-13,0.3875,0.397,0.3786,0.3952,440118070.0,1670975999999,170665867.177,183015,193709302.0,75142431.44,0
2022-12-14,0.3953,0.3956,0.3768,0.3853,329607186.0,1671062399999,128096972.2984,159487,153152832.0,59530626.8475,0
2022-12-15,0.3852,0.3867,0.3735,0.378,226540166.0,1671148799999,86076180.483,110423,107018919.0,40661038.6639,0
2022-12-16,0.3779,0.3799,0.344,0.3511,376428572.0,1671235199999,136784621.9295,191524,173898248.0,63219737.866,0
2022-12-17,0.351,0.3598,0.3467,0.3545,208492422.0,1671321599999,73591621.3634,101459,102454721.0,36164981.6974,0
2022-12-18,0.3545,0.3556,0.3473,0.3499,115421793.0,1671407999999,40560825.171,57021,54046463.0,18991622.9116,0
2022-12-19,0.3499,0.353,0.332,0.3389,365699862.0,1671494399999,124752930.4634,157200,188999762.0,64507554.1287,0
2022-12-20,0.3389,0.3532,0.3359,0.3482,312424782.0,1671580799999,107517453.0116,139690,162934108.0,56071424.6775,0
2022-12-21,0.3482,0.3505,0.3371,0.3449,287425951.0,1671667199999,98626729.8573,122619,140967199.0,48368489.4985,0
2022-12-22,0.3448,0.3503,0.3414,0.3492,255155313.0,1671753599999,88031727.671,107083,133491182.0,46059211.7055,0
2022-12-23,0.3492,0.355,0.3471,0.3543,221882542.0,1671839999999,77773302.9236,93441,113543025.0,39802950.95,0
2022-12-24,0.3542,0.3544,0.3509,0.3517,62857912.0,1671926399999,22136772.3408,37337,29635988.0,10437010.9881,0
2022-12-25,0.3518,0.3519,0.3439,0.3457,100344595.0,1672012799999,34843179.2643,50316,45533757.0,15810418.4762,0
2022-12-26,0.3457,0.37,0.3455,0.3658,337834881.0,1672099199999,121074083.1859,138424,166845263.0,59703975.4251,0
2022-12-27,0.3657,0.3731,0.3586,0.3675,385194770.0,1672185599999,141396481.0425,181577,185304598.0,68031985.5313,0
2022-12-28,0.3675,0.3687,0.3546,0.3558,337095747.0,1672271999999,121246074.983,164923,165972570.0,59689948.0679,0
2022-12-29,0.3559,0.3577,0.3361,0.3421,347820025.0,1672358399999,120106923.5335,159297,170655080.0,58924410.8343,0
2022-12-30,0.3421,0.3461,0.3337,0.3451,270037618.0,1672444799999,91624064.7707,123668,137330213.0,46604252.0755,0
2022-12-31,0.345,0.3453,0.3384,0.3389,138156698.0,1672531199999,47233960.1927,60883,65237169.0,22305909.8748,0
2023-01-01,0.3389,0.34,0.3354,0.3387,102026821.0,1672617599999,34471638.5714,48661,53592277.0,18107900.6475,0
2023-01-02,0.3386,0.3555,0.3,0.3482,647520487.0,1672703999999,217803999.7446,285660,320823575.0,108056946.6236,0
2023-01-03,0.3482,0.352,0.3395,0.3436,346410334.0,1672790399999,119511328.6711,154113,172318472.0,59448460.9027,0
2023-01-04,0.3436,0.3605,0.339,0.3472,372672796.0,1672876799999,129585304.7284,147677,193027855.0,67139279.1042,0
2023-01-05,0.3471,0.3487,0.3333,0.338,265529668.0,1672963199999,90735849.1365,106910,129294274.0,44187813.6661,0
2023-01-06,0.338,0.3462,0.3311,0.3443,278304929.0,1673049599999,93853937.033,124811,141179233.0,47616379.1864,0
2023-01-07,0.3442,0.3457,0.3413,0.3442,103851424.0,1673135999999,35685499.4695,54864,50831317.0,17471422.5729,0
2023-01-08,0.3442,0.3469,0.3354,0.3452,185516324.0,1673222399999,63235820.0018,87967,92948507.0,31689407.3897,0
2023-01-09,0.3452,0.3576,0.3437,0.349,527746615.0,1673308799999,185161444.2836,207757,254824357.0,89419804.3749,0
2023-01-10,0.3489,0.3541,0.3432,0.3507,338577860.0,1673395199999,118256165.1944,126247,173055172.0,60442037.7148,0
2023-01-11,0.3506,0.3785,0.3477,0.3728,626037461.0,1673481599999,228637315.3745,264481,316060030.0,115363462.2207,0
2023-01-12,0.3728,0.382,0.3607,0.3748,505754231.0,1673567999999,188241999.7211,229155,249878743.0,93006864.7471,0
2023-01-13,0.3748,0.3868,0.368,0.3858,405120914.0,1673654399999,152479844.0566,180943,201571197.0,75872846.4057,0
2023-01-14,0.3857,0.4089,0.3766,0.3953,582781070.0,1673740799999,230545836.1881,298604,287515587.0,113750224.0849,0
2023-01-15,0.3953,0.3969,0.3795,0.3845,294014260.0,1673827199999,113574492.6617,149500,140444062.0,54247747.6838,0
2023-01-16,0.3846,0.4064,0.3777,0.3855,542041099.0,1673913599999,211557382.1895,244213,259538816.0,101299609.1732,0
2023-01-17,0.3855,0.3987,0.379,0.3868,378212343.0,1673999999999,146669509.5433,175149,183711027.0,71232383.4436,0
2023-01-18,0.3868,0.3964,0.3655,0.3782,615064764.0,1674086399999,236217050.68,297896,294249478.0,113039586.9665,0
2023-01-19,0.3782,0.3965,0.3762,0.3928,416112670.0,1674172799999,161047075.7657,194843,204941131.0,79300131.8557,0
2023-01-20,0.3929,0.4141,0.3859,0.4129,366316527.0,1674259199999,145683006.8193,191888,188711387.0,74980784.293,0
2023-01-21,0.4129,0.4166,0.3967,0.4034,346602583.0,1674345599999,141823531.5831,198254,165478405.0,67719633.2972,0
2023-01-22,0.4034,0.4122,0.3962,0.4004,250067543.0,1674431999999,101062837.4732,140303,120634816.0,48755338.5511,0
2023-01-23,0.4004,0.433,0.3995,0.4234,723894773.0,1674518399999,304618525.3061,337146,336521405.0,141588487.1564,0
2023-01-24,0.4233,0.4312,0.4025,0.4078,411297898.0,1674604799999,172683239.9344,223346,192361934.0,80790644.3698,0
2023-01-25,0.4079,0.4245,0.3965,0.417,375065459.0,1674691199999,153118088.976,188870,186827318.0,76244377.7797,0
2023-01-26,0.417,0.4178,0.4053,0.4092,290069659.0,1674777599999,119450988.2924,151650,143837698.0,59220498.8163,0
2023-01-27,0.4091,0.4135,0.3988,0.4128,274281738.0,1674863999999,111625093.023,133853,136378774.0,55507502.5641,0
2023-01-28,0.4127,0.4168,0.4055,0.4078,148949278.0,1674950399999,61120997.8106,83036,70856591.0,29083649.2834,0
2023-01-29,0.4078,0.4173,0.4066,0.4134,166884667.0,1675036799999,68802706.7642,95305,79235849.0,32669617.3421,0
2023-01-30,0.4135,0.4222,0.386,0.3934,433795926.0,1675123199999,174875593.0656,205691,213480378.0,86141832.6055,0
2023-01-31,0.3933,0.4113,0.388,0.4057,346580963.0,1675209599999,138238341.7796,166935,174978218.0,69716355.9451,0
2023-02-01,0.4058,0.4157,0.3962,0.4131,379103907.0,1675295999999,153259801.5671,186726,184988147.0,74752103.681,0
2023-02-02,0.4132,0.4192,0.408,0.4098,322532370.0,1675382399999,133341656.2179,165464,163472668.0,67587785.7721,0
2023-02-03,0.4097,0.4137,0.4054,0.4117,274689680.0,1675468799999,112603154.4869,133447,141671977.0,58080968.9055,0
2023-02-04,0.4116,0.4204,0.4075,0.4106,178134111.0,1675555199999,73370958.019,95986,83662124.0,34471548.4624,0
2023-02-05,0.4106,0.412,0.3942,0.3984,237111362.0,1675641599999,95563098.0889,134236,112747647.0,45453079.203,0
2023-02-06,0.3985,0.4037,0.3909,0.392,315995053.0,1675727999999,125897156.2863,145740,159859675.0,63699592.1238,0
2023-02-07,0.3921,0.4048,0.3901,0.4036,356160688.0,1675814399999,141141108.6065,145406,183248723.0,72607710.1102,0
2023-02-08,0.4037,0.406,0.3936,0.3975,263188839.0,1675900799999,105265066.8744,104320,123235097.0,49287325.6565,0
2023-02-09,0.3975,0.4092,0.3726,0.3819,526681339.0,1675987199999,206981490.6035,255958,250575924.0,98553873.5392,0
2023-02-10,0.3818,0.3878,0.3771,0.3817,279931749.0,1676073599999,107300522.3004,129469,139730701.0,53554602.2296,0
2023-02-11,0.3818,0.3841,0.3798,0.3833,123179600.0,1676159999999,47064308.7616,59338,54359454.0,20769517.1762,0
2023-02-12,0.3834,0.385,0.3716,0.3747,135976322.0,1676246399999,51727784.2532,70222,62447787.0,23753707.6288,0
2023-02-13,0.3747,0.3783,0.3612,0.3703,382768169.0,1676332799999,141477064.7839,158099,190350024.0,70362221.9661,0
2023-02-14,0.3703,0.3839,0.3644,0.3819,372274074.0,1676419199999,138499878.2798,160722,196180773.0,72994759.0715,0
2023-02-15,0.3819,0.4024,0.3765,0.4011,370966882.0,1676505599999,143859246.6086,150550,183280682.0,71037186.5248,0
2023-02-16,0.401,0.4048,0.384,0.3841,450636395.0,1676591999999,179200203.6661,193412,225043586.0,89555461.717,0
2023-02-17,0.3841,0.4,0.3809,0.395,358052399.0,1676678399999,139644124.6396,149639,187919337.0,73283588.7734,0
2023-02-18,0.3949,0.3976,0.3911,0.3943,145625421.0,1676764799999,57400872.4426,73236,69380555.0,27349230.4521,0
2023-02-19,0.3942,0.3981,0.3845,0.3863,237992952.0,1676851199999,93146713.9362,120434,116193819.0,45470936.4997,0
2023-02-20,0.3862,0.409,0.3774,0.3984,557018367.0,1676937599999,220336014.7363,224246,278894507.0,110244972.671,0
2023-02-21,0.3985,0.4025,0.3872,0.3919,448284088.0,1677023999999,176374645.4901,170551,225085280.0,88578978.1016,0
2023-02-22,0.392,0.3977,0.3828,0.3953,389277544.0,1677110399999,151813602.9011,161983,199048660.0,77597400.0916,0
2023-02-23,0.3953,0.3979,0.3853,0.3882,348351954.0,1677196799999,136524364.7895,151055,185760178.0,72805734.0508,0
2023-02-24,0.3883,0.3908,0.3723,0.3783,356652233.0,1677283199999,136442442.7247,157595,183601515.0,70283824.5592,0
2023-02-25,0.3783,0.3795,0.3692,0.3778,179723963.0,1677369599999,67647646.4228,84703,84230523.0,31703256.8337,0
2023-02-26,0.3779,0.3807,0.3745,0.3779,130843027.0,1677455999999,49371646.179,69576,62587386.0,23616970.2689,0
2023-02-27,0.3779,0.3801,0.3708,0.3785,421412885.0,1677542399999,158457633.8979,145975,225350589.0,84706976.9665,0
2023-02-28,0.3785,0.3827,0.3719,0.3762,371401256.0,1677628799999,140007695.9865,149317,200818042.0,75668334.9249,0
2023-03-01,0.3762,0.3848,0.3726,0.3835,317577485.0,1677715199999,120585971.9244,134548,161512541.0,61296409.5252,0
2023-03-02,0.3836,0.3846,0.3737,0.3772,281873061.0,1677801599999,106574977.8196,107723,148617496.0,56165347.5998,0
2023-03-03,0.3772,0.3806,0.3539,0.3774,490515388.0,1677887999999,179848857.5324,214243,248898448.0,91277825.6124,0
2023-03-04,0.3773,0.38,0.368,0.3735,164275250.0,1677974399999,61584809.5591,85530,75858816.0,28438133.4803,0
2023-03-05,0.3735,0.3774,0.3653,0.3668,163637644.0,1678060799999,60724189.1932,80980,73390639.0,27236882.6187,0
2023-03-06,0.3668,0.3743,0.3589,0.3695,428373378.0,1678147199999,156725004.0317,158156,233387734.0,85297016.328,0
2023-03-07,0.3696,0.3844,0.3669,0.3801,562644274.0,1678233599999,210785141.3808,230481,293439451.0,109833962.0385,0
2023-03-08,0.3802,0.4018,0.3723,0.3889,682406723.0,1678319999999,265136639.3485,325672,344589959.0,133859502.2158,0
2023-03-09,0.3889,0.3976,0.3639,0.3706,655014119.0,1678406399999,252341948.9759,304944,317289093.0,122389927.7878,0
2023-03-10,0.3706,0.3752,0.3571,0.37,541098785.0,1678492799999,198898835.5473,264359,273214134.0,100420182.8522,0
2023-03-11,0.3699,0.3741,0.3582,0.3638,342981412.0,1678579199999,125158363.7402,196161,170461652.0,62199052.2268,0
2023-03-12,0.3637,0.3715,0.3473,0.3714,389760071.0,1678665599999,140064897.6627,206750,188167005.0,67677461.3609,0
2023-03-13,0.3713,0.38,0.3553,0.3724,556402600.0,1678751999999,204984639.527,295723,289315654.0,106611381.1547,0
2023-03-14,0.3724,0.387,0.3647,0.3724,544803822.0,1678838399999,203995643.0725,283108,268646880.0,100592504.2516,0
2023-03-15,0.3724,0.3757,0.356,0.3589,385093409.0,1678924799999,140863011.9457,198592,189758340.0,69424022.9186,0
2023-03-16,0.3589,0.367,0.3562,0.3647,259083315.0,1679011199999,93875787.5029,132174,129201218.0,46815132.435,0
2023-03-17,0.3648,0.3825,0.362,0.3798,405873760.0,1679097599999,151029086.0637,199685,209014814.0,77793030.2445,0
2023-03-18,0.3797,0.3898,0.3691,0.3739,360335327.0,1679183999999,136790748.2516,194468,179787799.0,68267255.5398,0
2023-03-19,0.3739,0.4,0.3736,0.3857,476291604.0,1679270399999,185211360.2455,275018,234827804.0,91321188.4802,0
2023-03-20,0.3858,0.3913,0.3707,0.3734,443129416.0,1679356799999,168478007.0693,217102,232492550.0,88389967.5209,0
2023-03-21,0.3734,0.4929,0.3728,0.4696,1698380685.0,1679443199999,739147786.6806,1036761,861860638.0,374553019.7656,0
2023-03-22,0.4696,0.475,0.4069,0.4213,1409641087.0,1679529599999,626614742.0198,847208,671590386.0,299006131.4683,0
2023-03-23,0.4213,0.4557,0.4116,0.4438,837629903.0,1679615999999,368094025.9115,493112,410294301.0,180251821.2965,0
2023-03-24,0.4437,0.444,0.4141,0.4259,507977567.0,1679702399999,217558570.5452,282648,254857997.0,109141910.3346,0
2023-03-25,0.426,0.465,0.4223,0.4429,635312958.0,1679788799999,284432424.3263,428283,323282019.0,144700617.778,0
2023-03-26,0.4429,0.4632,0.4403,0.4479,364479792.0,1679875199999,164516868.433,251330,176384097.0,79642209.2275,0
2023-03-27,0.4479,0.4888,0.4425,0.479,1003256531.0,1679961599999,468907973.9647,566635,490072282.0,228906420.8126,0
2023-03-28,0.4789,0.534,0.4666,0.5144,1126346466.0,1680047999999,561768921.786,675666,550271016.0,274493912.0902,0
2023-03-29,0.5145,0.585,0.5145,0.5425,1291815558.0,1680134399999,710720110.8781,862122,650365697.0,357800046.7804,0
2023-03-30,0.5425,0.558,0.5214,0.5319,827691286.0,1680220799999,444533562.2479,535861,420253408.0,225765698.8403,0
2023-03-31,0.5319,0.564,0.5257,0.5374,532875635.0,1680307199999,285494944.4927,362827,272586852.0,146009892.11,0
2023-04-01,0.5375,0.5375,0.4972,0.5095,516087832.0,1680393599999,265787844.0202,373082,244916636.0,126161104.9148,0
2023-04-02,0.5095,0.529,0.5015,0.518,391347744.0,1680479999999,202442762.8255,304023,197069492.0,101937712.6133,0
2023-04-03,0.5179,0.525,0.481,0.4959,522070023.0,1680566399999,264930891.5245,375185,263845216.0,134011798.4022,0
2023-04-04,0.4958,0.5078,0.4871,0.5026,360227447.0,1680652799999,179555332.6901,233646,187654340.0,93517974.7645,0
2023-04-05,0.5026,0.5271,0.4986,0.5055,411989031.0,1680739199999,210165518.3216,265503,207173028.0,105716749.8832,0
2023-04-06,0.5056,0.5097,0.4913,0.5028,315900045.0,1680825599999,158484620.7896,226191,159289413.0,79927656.2951,0
2023-04-07,0.5028,0.5156,0.4971,0.5126,318185786.0,1680911999999,161500221.0903,236639,164493145.0,83510779.5674,0
2023-04-08,0.5127,0.513,0.5022,0.5048,136614694.0,1680998399999,69517878.4432,131248,61730572.0,31410989.6758,0
2023-04-09,0.5049,0.5093,0.4983,0.5054,116122379.0,1681084799999,58532234.578,99848,56270959.0,28366468.5246,0
2023-04-10,0.5053,0.5199,0.5,0.5176,264898196.0,1681171199999,134434521.2121,154033,143896871.0,72982170.3245,0
2023-04-11,0.5176,0.5283,0.511,0.5167,358821527.0,1681257599999,186152904.5242,200576,196281969.0,101833414.5527,0
2023-04-12,0.5166,0.5179,0.4984,0.5049,339100343.0,1681343999999,171358646.2642,186682,165468803.0,83606262.0747,0
2023-04-13,0.5049,0.5156,0.5014,0.5125,273342378.0,1681430399999,139036177.3945,142779,150028631.0,76317868.3212,0
2023-04-14,0.5124,0.5465,0.5111,0.5227,462335443.0,1681516799999,243064939.2771,307971,239258872.0,125771859.9855,0
2023-04-15,0.5227,0.5261,0.516,0.5192,152508925.0,1681603199999,79413896.0197,105834,72672668.0,37848445.3481,0
2023-04-16,0.5192,0.5244,0.5152,0.5209,157240759.0,1681689599999,81721324.831,100919,77120853.0,40083368.0914,0
2023-04-17,0.5208,0.521,0.5066,0.5109,299749754.0,1681775999999,153553932.094,151791,169784999.0,86969122.371,0
2023-04-18,0.511,0.5391,0.5092,0.5324,358112470.0,1681862399999,186085470.3304,179073,203556287.0,105733036.7684,0
2023-04-19,0.5325,0.5375,0.471,0.4911,620153279.0,1681948799999,311042377.4707,378676,297689655.0,149352938.5593,0
2023-04-20,0.4911,0.4993,0.465,0.4752,454997513.0,1682035199999,219794190.8847,238238,225466342.0,108946968.4754,0
2023-04-21,0.4752,0.4792,0.4403,0.4491,425209825.0,1682121599999,196405832.4614,230036,214479000.0,99149708.2681,0
2023-04-22,0.4491,0.4761,0.4455,0.4719,242021955.0,1682207999999,111879421.8415,150016,122751042.0,56782117.4155,0
2023-04-23,0.472,0.472,0.4526,0.4647,222191297.0,1682294399999,103079830.5741,130715,107544770.0,49910312.206,0
2023-04-24,0.4648,0.4857,0.4469,0.4611,408426760.0,1682380799999,189723462.6629,227559,219380921.0,101918723.9094,0
2023-04-25,0.461,0.4723,0.4506,0.4695,377056298.0,1682467199999,173172942.7944,167797,214418124.0,98458381.2381,0
2023-04-26,0.4696,0.4831,0.4329,0.4618,551155391.0,1682553599999,256463436.6499,280441,277180801.0,129067214.3441,0
2023-04-27,0.4618,0.4699,0.4557,0.4667,345756985.0,1682639999999,159816336.8441,166405,170265417.0,78665218.1406,0
2023-04-28,0.4666,0.483,0.4637,0.4796,384917512.0,1682726399999,181922278.9124,203480,218738540.0,103376510.6525,0
2023-04-29,0.4795,0.4869,0.4709,0.478,175533507.0,1682812799999,84163263.9234,122677,86163575.0,41316920.4898,0
2023-04-30,0.4779,0.4819,0.4687,0.4705,143199211.0,1682899199999,68124656.7054,91324,71983476.0,34241146.285,0
2023-05-01,0.4705,0.4724,0.4544,0.4649,338231418.0,1682985599999,156703971.8915,167097,193187591.0,89537279.0222,0
2023-05-02,0.4648,0.4662,0.4574,0.4645,330734355.0,1683071999999,152988821.87,164966,193531826.0,89527161.8275,0
2023-05-03,0.4644,0.4655,0.4497,0.4632,341232638.0,1683158399999,156013152.9334,162057,170024695.0,77748172.5966,0
2023-05-04,0.4633,0.465,0.4547,0.4608,218212542.0,1683244799999,100405157.9432,103839,104800374.0,48211996.9158,0
2023-05-05,0.4608,0.4706,0.4545,0.4671,292855620.0,1683331199999,135599010.5934,160893,169635559.0,78543890.0181,0
2023-05-06,0.4671,0.4695,0.4512,0.4582,168649976.0,1683417599999,77457021.9829,119808,83169782.0,38187411.7377,0
2023-05-07,0.4582,0.4601,0.4457,0.449,119401215.0,1683503999999,54412904.3018,93375,58708515.0,26760564.0033,0
2023-05-08,0.4491,0.4512,0.41,0.4283,483055933.0,1683590399999,208516112.0143,248533,260574568.0,112537710.4604,0
2023-05-09,0.4283,0.4308,0.4202,0.4289,331497882.0,1683676799999,140698488.1352,145474,197912958.0,84006182.7987,0
2023-05-10,0.4289,0.434,0.4119,0.4303,334930240.0,1683763199999,142959031.4146,178622,169496400.0,72345614.7689,0
2023-05-11,0.4303,0.4305,0.4114,0.4207,288769811.0,1683849599999,121888401.6044,132230,137805383.0,58158833.3961,0
2023-05-12,0.4207,0.4446,0.4157,0.4305,408757650.0,1683935999999,174665763.124,243770,210588138.0,89981284.9551,0
2023-05-13,0.4305,0.4306,0.4227,0.424,102125283.0,1684022399999,43502508.7222,64588,49640570.0,21146725.7968,0
2023-05-14,0.424,0.4317,0.421,0.4253,97517794.0,1684108799999,41556708.1618,60061,52601438.0,22422149.419,0
2023-05-15,0.4253,0.4304,0.4214,0.4273,263543031.0,1684195199999,112456043.0808,124386,158293157.0,67552534.8268,0
2023-05-16,0.4273,0.443,0.4174,0.4425,357854908.0,1684281599999,152521020.859,160937,209342171.0,89175665.996,0
2023-05-17,0.4426,0.4616,0.4375,0.4484,511331200.0,1684367999999,229071343.7915,303334,266439406.0,119349365.1679,0
2023-05-18,0.4485,0.473,0.443,0.4596,420292099.0,1684454399999,192595312.6275,286958,208407888.0,95500114.6204,0
2023-05-19,0.4597,0.4755,0.4573,0.4675,327924286.0,1684540799999,152613054.2521,222000,184241465.0,85740879.8433,0
2023-05-20,0.4674,0.4719,0.4618,0.4685,133085427.0,1684627199999,62057504.8193,103913,66548456.0,31033845.7109,0
2023-05-21,0.4685,0.4706,0.455,0.4575,152105849.0,1684713599999,70385641.0823,103117,74842890.0,34626497.5074,0
2023-05-22,0.4574,0.4674,0.4496,0.4618,289989578.0,1684799999999,133114497.6357,155907,168051252.0,77144550.0222,0
2023-05-23,0.4618,0.4672,0.4583,0.4651,270491006.0,1684886399999,125016933.0484,125211,159997721.0,73941129.0987,0
2023-05-24,0.4651,0.4651,0.4457,0.453,334128026.0,1684972799999,151915102.1176,156624,164644911.0,74827055.066,0
2023-05-25,0.453,0.4551,0.4431,0.4538,190174437.0,1685059199999,85627895.2544,102425,93900082.0,42279329.752,0
2023-05-26,0.4538,0.4699,0.4524,0.4684,284645154.0,1685145599999,132032922.1573,145800,163785848.0,75969540.6585,0
2023-05-27,0.4684,0.4792,0.4652,0.4714,178798933.0,1685231999999,84283690.6692,123858,85960639.0,40522471.8133,0
2023-05-28,0.4714,0.4863,0.4699,0.482,166534206.0,1685318399999,79310781.4841,109213,84625366.0,40300303.5719,0
2023-05-29,0.482,0.4954,0.4761,0.4946,328535756.0,1685404799999,158994730.9089,193651,183345634.0,88706697.8833,0
2023-05-30,0.4946,0.5293,0.4893,0.5205,662891231.0,1685491199999,337412103.77,428094,361416168.0,183850739.145,0
2023-05-31,0.5205,0.528,0.5009,0.5166,440917044.0,1685577599999,226321932.8499,297874,222947424.0,114438129.6834,0
2023-06-01,0.5167,0.5167,0.5014,0.5065,320782418.0,1685663999999,162638528.1577,197787,170293802.0,86386467.458,0
2023-06-02,0.5065,0.5271,0.5033,0.5244,293048961.0,1685750399999,151414189.6036,168266,163782927.0,84630227.6575,0
2023-06-03,0.5245,0.534,0.5144,0.5188,172139129.0,1685836799999,89930000.8953,119886,85366058.0,44602695.4438,0
2023-06-04,0.5188,0.547,0.5151,0.5359,250235168.0,1685923199999,133246493.0951,159074,131291892.0,69938934.9942,0
2023-06-05,0.5359,0.5431,0.4867,0.509,616993814.0,1686009599999,319477652.4925,430141,314269228.0,163020175.2141,0
2023-06-06,0.5089,0.5328,0.4952,0.53,458413458.0,1686095999999,234690913.8299,307055,242508753.0,124128459.9257,0
2023-06-07,0.53,0.5384,0.507,0.5183,467474175.0,1686182399999,244889718.1241,326396,235939314.0,123665271.5216,0
2023-06-08,0.5183,0.5278,0.5156,0.5236,262982251.0,1686268799999,137027019.7161,177957,131593138.0,68553433.2142,0
2023-06-09,0.5237,0.5418,0.5205,0.538,352068623.0,1686355199999,187158472.4652,236747,179338500.0,95329263.7307,0
2023-06-10,0.538,0.5388,0.472,0.5067,609302319.0,1686441599999,304346642.2294,492361,293296020.0,146470937.6137,0
2023-06-11,0.5067,0.5293,0.5027,0.5208,221202480.0,1686527999999,113523633.2413,164718,111715728.0,57337359.5485,0
2023-06-12,0.5209,0.528,0.5086,0.5251,356547544.0,1686614399999,184693488.5544,234513,193429811.0,100191887.0456,0
2023-06-13,0.5251,0.5658,0.5054,0.5192,771631184.0,1686700799999,411364100.7733,559433,397475690.0,211722384.5115,0
2023-06-14,0.5193,0.5205,0.461,0.4801,544396397.0,1686787199999,270686306.3722,340474,271736762.0,135176345.5335,0
2023-06-15,0.4802,0.4858,0.4663,0.4801,337742736.0,1686873599999,161264378.6239,202319,170047109.0,81203505.2121,0
2023-06-16,0.4801,0.4833,0.4558,0.4759,376661662.0,1686959999999,177084797.8848,223245,202226513.0,95103017.3149,0
2023-06-17,0.4758,0.4869,0.4694,0.4794,189579671.0,1687046399999,90724364.3014,114551,93331001.0,44666208.3593,0
2023-06-18,0.4794,0.4979,0.4741,0.4868,225020544.0,1687132799999,109694269.2514,162331,114826765.0,55992741.8685,0
2023-06-19,0.4868,0.4991,0.4811,0.4936,322187608.0,1687219199999,158029204.5714,171967,185635687.0,91030496.422,0
2023-06-20,0.4935,0.4967,0.4716,0.4929,378325906.0,1687305599999,183652110.869,194078,216177701.0,104945447.7617,0
2023-06-21,0.4928,0.5034,0.4892,0.4999,408749828.0,1687391999999,202941709.1074,223743,201253336.0,99901919.9825,0
2023-06-22,0.4999,0.5272,0.4821,0.4938,442729597.0,1687478399999,223220058.1374,282412,220460792.0,111186415.8432,0
2023-06-23,0.4937,0.5023,0.484,0.4961,345391930.0,1687564799999,170930777.4484,202216,175959099.0,87070644.9746,0
2023-06-24,0.496,0.4961,0.478,0.4865,193097516.0,1687651199999,94403166.4608,119543,87559930.0,42799028.2498,0
2023-06-25,0.4865,0.4977,0.4829,0.4903,191583170.0,1687737599999,93843422.8092,110926,91535455.0,44847196.9109,0
2023-06-26,0.4903,0.4919,0.4701,0.479,305338027.0,1687823999999,147000463.6721,163717,164313915.0,79125978.4615,0
2023-06-27,0.479,0.4851,0.4759,0.4838,291583944.0,1687910399999,140122274.2891,132593,170409437.0,81890011.9034,0
2023-06-28,0.4839,0.4844,0.4493,0.4647,325837765.0,1687996799999,153329584.7929,164563,160054361.0,75360618.7725,0
2023-06-29,0.4648,0.4773,0.4612,0.4747,211214558.0,1688083199999,99147276.3141,102466,99428284.0,46653603.3417,0
2023-06-30,0.4747,0.4827,0.4498,0.4729,393612239.0,1688169599999,185778507.6227,219961,206804219.0,97637006.3597,0
2023-07-01,0.473,0.476,0.464,0.4732,232549409.0,1688255999999,109210900.2688,114813,112551888.0,52843353.7315,0
2023-07-02,0.4732,0.4961,0.4697,0.4845,337155089.0,1688342399999,163094434.9659,204517,169389025.0,81968064.0937,0
2023-07-03,0.4844,0.4914,0.4784,0.489,357020349.0,1688428799999,172807675.4956,177511,195183785.0,94480944.9343,0
2023-07-04,0.489,0.4935,0.4816,0.4872,299439491.0,1688515199999,146031583.7395,139674,165140768.0,80532724.3725,0
2023-07-05,0.4872,0.4919,0.4696,0.4777,292620010.0,1688601599999,140622559.5325,148600,142142736.0,68265941.1787,0
2023-07-06,0.4777,0.4842,0.4612,0.4622,304125111.0,1688687999999,143805418.8002,146023,145499308.0,68749062.6673,0
2023-07-07,0.4622,0.4708,0.4575,0.4687,230688947.0,1688774399999,107533605.7697,98575,128623111.0,59963241.0552,0
2023-07-08,0.4686,0.4748,0.4649,0.4704,116031881.0,1688860799999,54396568.3464,67003,54698166.0,25647459.4666,0
2023-07-09,0.4705,0.4717,0.4664,0.468,80147955.0,1688947199999,37629361.6338,49473,37615860.0,17660411.6644,0
2023-07-10,0.4681,0.48,0.4622,0.478,334545737.0,1689033599999,157526649.3444,128843,196678652.0,92586651.0785,0
2023-07-11,0.478,0.4784,0.4709,0.4753,225681776.0,1689119999999,107129231.8382,91922,142244626.0,67514288.8023,0
2023-07-12,0.4753,0.4772,0.4648,0.471,220670755.0,1689206399999,104191095.7675,92981,116953580.0,55207497.8442,0
2023-07-13,0.471,0.938,0.4695,0.8153,2499971165.0,1689292799999,1758482749.7509,2895839,1283335461.0,902411938.54,0
2023-07-14,0.8151,0.8253,0.6686,0.7179,1525175518.0,1689379199999,1152019101.9945,1488766,747023143.0,564392817.1485,0
2023-07-15,0.7178,0.7362,0.6919,0.7145,703355719.0,1689465599999,504452504.4832,570922,352604001.0,252898894.666,0
2023-07-16,0.7144,0.79,0.702,0.7468,946644269.0,1689551999999,709571949.0654,702277,468579505.0,351170171.9395,0
2023-07-17,0.7468,0.7662,0.7122,0.7374,608872143.0,1689638399999,450106863.4749,558954,290377052.0,214801587.9633,0
2023-07-18,0.7373,0.785,0.7304,0.7779,598030609.0,1689724799999,450543299.0257,509457,305055600.0,229840410.8998,0
2023-07-19,0.778,0.8547,0.7685,0.8199,913495953.0,1689811199999,735553987.5944,802098,458229227.0,368957610.6594,0
2023-07-20,0.8198,0.8489,0.771,0.7942,643507521.0,1689897599999,521605123.0001,611114,306579872.0,248526194.6527,0
2023-07-21,0.7942,0.7987,0.7601,0.7713,411233974.0,1689983999999,320767845.9807,365226,197345145.0,153928576.3818,0
2023-07-22,0.7713,0.7799,0.7215,0.7331,324984749.0,1690070399999,246545025.6818,276750,154064874.0,116947966.7013,0
2023-07-23,0.733,0.7525,0.7149,0.7384,293811431.0,1690156799999,216785787.3217,238690,144354221.0,106520034.9535,0
2023-07-24,0.7384,0.743,0.6808,0.7021,513611905.0,1690243199999,363034637.1972,396133,253010067.0,178930368.8943,0
2023-07-25,0.702,0.7163,0.6743,0.7089,393523223.0,1690329599999,274098541.9027,298525,204658105.0,142547972.7419,0
2023-07-26,0.709,0.7313,0.6927,0.7161,369415295.0,1690415999999,261953542.4317,285830,176482725.0,125112103.7453,0
2023-07-27,0.7161,0.7328,0.7061,0.7139,312450860.0,1690502399999,223798115.8014,234866,153414664.0,109885193.1948,0
2023-07-28,0.7138,0.7189,0.7021,0.712,200990844.0,1690588799999,143020949.8474,151837,102076937.0,72626564.2117,0
2023-07-29,0.7119,0.7158,0.7041,0.7121,105603908.0,1690675199999,75047405.3508,89353,51125021.0,36331593.436,0
2023-07-30,0.7122,0.7358,0.6825,0.7046,267572438.0,1690761599999,190600448.5184,210962,131622770.0,93779858.533,0
2023-07-31,0.7047,0.7205,0.685,0.6976,378390957.0,1690847999999,266346676.5876,269243,190713559.0,134212862.3768,0
2023-08-01,0.6976,0.7082,0.6732,0.7069,366664318.0,1690934399999,253808721.4183,249515,191698094.0,132712479.6928,0
2023-08-02,0.7069,0.7081,0.6762,0.685,257325957.0,1691020799999,177961279.0593,174266,120665883.0,83461567.5479,0
2023-08-03,0.6849,0.6875,0.6543,0.663,353547025.0,1691107199999,236749567.6446,226606,174990342.0,117145810.9317,0
2023-08-04,0.6629,0.6677,0.625,0.6356,350885648.0,1691193599999,228894407.1158,230924,176746535.0,115380799.9996,0
2023-08-05,0.6356,0.6358,0.6106,0.6288,290912373.0,1691279999999,181546677.3618,179581,136965392.0,85461432.6699,0
2023-08-06,0.6288,0.6388,0.6214,0.624,201522971.0,1691366399999,127064254.1824,121397,98804635.0,62288303.6444,0
2023-08-07,0.624,0.6299,0.5967,0.6236,446625792.0,1691452799999,275111720.6978,240945,239747218.0,147715461.7734,0
2023-08-08,0.6235,0.6482,0.6141,0.6418,377837388.0,1691539199999,237638533.3265,232904,195793475.0,123088717.6557,0
2023-08-09,0.6418,0.6662,0.6314,0.6433,440268396.0,1691625599999,285460658.8725,314311,210533282.0,136582312.8694,0
2023-08-10,0.6434,0.6445,0.6241,0.6331,294658012.0,1691711999999,186480960.7635,185661,147223726.0,93170481.4982,0
2023-08-11,0.6331,0.6413,0.6257,0.6318,225898829.0,1691798399999,142904471.5788,120251,123365934.0,78048700.3386,0
2023-08-12,0.6317,0.6335,0.6224,0.6276,87289374.0,1691884799999,54910098.7887,65669,40329277.0,25364808.3626,0
2023-08-13,0.6276,0.6385,0.6235,0.6256,137308778.0,1691971199999,86527939.4537,83412,69143337.0,43591575.8959,0
2023-08-14,0.6256,0.6369,0.6241,0.6343,260175236.0,1692057599999,163740850.5512,127557,144956012.0,91223903.574,0
2023-08-15,0.6342,0.6348,0.58,0.6104,388356202.0,1692143999999,238684860.1785,218779,199337884.0,122697326.0322,0
2023-08-16,0.6104,0.617,0.572,0.5889,581618879.0,1692230399999,346941847.5022,279695,269002603.0,160403480.1705,0
2023-08-17,0.589,0.5948,0.4226,0.5064,847602528.0,1692316799999,457574867.9969,561395,400999026.0,216345951.2019,0
2023-08-18,0.5064,0.523,0.4829,0.5062,724839898.0,1692403199999,364518617.2381,408177,366575412.0,184344265.6703,0
2023-08-19,0.5062,0.5249,0.5006,0.5199,298930279.0,1692489599999,153282783.436,150689,154895921.0,79449694.2733,0
2023-08-20,0.52,0.5582,0.516,0.5384,452910011.0,1692575999999,243112521.7842,239464,232153394.0,124661740.4043,0
2023-08-21,0.5385,0.5398,0.503,0.5245,528716245.0,1692662399999,276083692.1019,252648,272749275.0,142451659.1133,0
2023-08-22,0.5245,0.5256,0.5032,0.521,422200069.0,1692748799999,217743145.7154,188540,218157198.0,112545160.5039,0
2023-08-23,0.5211,0.5368,0.5157,0.5301,286855957.0,1692835199999,150276948.65,147779,141137280.0,73948786.8492,0
2023-08-24,0.5302,0.5319,0.5111,0.5187,252154333.0,1692921599999,131630382.9377,119874,123755650.0,64586965.5451,0
2023-08-25,0.5187,0.5319,0.5078,0.5258,326124248.0,1693007999999,168716071.9142,153423,170560378.0,88256914.4742,0
2023-08-26,0.5258,0.5283,0.5178,0.5231,110436094.0,1693094399999,57772395.7492,63903,54969599.0,28763660.3758,0
2023-08-27,0.5231,0.5303,0.5163,0.5236,132391247.0,1693180799999,69622811.3558,70834,69357564.0,36474906.9884,0
2023-08-28,0.5235,0.525,0.5102,0.5232,266211960.0,1693267199999,138002651.4955,113377,147203511.0,76323852.629,0
2023-08-29,0.5232,0.5496,0.5131,0.5398,458921685.0,1693353599999,243625243.1025,217227,239623870.0,127023861.2002,0
2023-08-30,0.5398,0.5404,0.5216,0.5284,279526116.0,1693439999999,148049982.3458,117945,140504186.0,74411065.8872,0
2023-08-31,0.5284,0.5288,0.495,0.511,359350681.0,1693526399999,185642613.429,164905,181684019.0,93856000.845,0
2023-09-01,0.511,0.512,0.4864,0.498,390869888.0,1693612799999,196180468.7422,155643,204079025.0,102455148.5436,0
2023-09-02,0.4981,0.5029,0.4943,0.4988,173634913.0,1693699199999,86413967.259,79123,91500733.0,45546277.0434,0
2023-09-03,0.4989,0.5107,0.4971,0.5047,148603214.0,1693785599999,74878959.3547,75137,77527599.0,39068328.3745,0
2023-09-04,0.5047,0.513,0.4966,0.5087,293271541.0,1693871999999,148200901.2522,120518,158135856.0,79918791.8679,0
2023-09-05,0.5087,0.5088,0.499,0.5056,260333041.0,1693958399999,131087885.2647,101751,144411083.0,72731672.4906,0
2023-09-06,0.5056,0.5058,0.4909,0.5033,255134232.0,1694044799999,127756291.7953,102329,123848270.0,62014296.1656,0
2023-09-07,0.5033,0.5069,0.4965,0.505,209969723.0,1694131199999,105141976.2839,91757,102975196.0,51566842.6172,0
2023-09-08,0.5051,0.5076,0.4941,0.505,223628172.0,1694217599999,112392001.6491,95729,120272281.0,60463044.7665,0
2023-09-09,0.5049,0.5049,0.5015,0.5038,69132813.0,1694303999999,34798028.5372,38367,35071176.0,17653495.2676,0
2023-09-10,0.5038,0.5039,0.4923,0.4969,144849888.0,1694390399999,72189553.5313,73444,72227525.0,35998515.9959,0
2023-09-11,0.4969,0.4982,0.459,0.4744,484437445.0,1694476799999,231551329.5379,199473,264691203.0,126542736.9758,0
2023-09-12,0.4744,0.4867,0.47,0.4804,356403388.0,1694563199999,170451184.1332,157173,199985277.0,95632256.0693,0
2023-09-13,0.4804,0.4897,0.4723,0.4832,274586793.0,1694649599999,131944337.0568,120668,134459146.0,64605482.2974,0
2023-09-14,0.4833,0.4941,0.4799,0.4892,232539752.0,1694735999999,112816288.3825,104856,117719680.0,57098592.5983,0
2023-09-15,0.4892,0.5086,0.4874,0.5005,305608308.0,1694822399999,151756322.9436,148714,161120758.0,80024791.8279,0
2023-09-16,0.5004,0.5035,0.4968,0.4998,132881408.0,1694908799999,66494200.1416,69955,60242932.0,30147561.3777,0
2023-09-17,0.4997,0.5004,0.4894,0.4925,142846615.0,1694995199999,70781411.8491,77296,67806967.0,33601870.1969,0
2023-09-18,0.4925,0.5077,0.4864,0.503,298374742.0,1695081599999,148765121.6648,141284,162051650.0,80796803.8359,0
2023-09-19,0.503,0.5166,0.5005,0.514,295258283.0,1695167999999,150372427.5183,133750,156742817.0,79824699.9772,0
2023-09-20,0.5139,0.5254,0.5065,0.5212,288497937.0,1695254399999,149026404.1864,158253,142322211.0,73525015.5807,0
2023-09-21,0.5213,0.5214,0.5001,0.5071,277323578.0,1695340799999,141242377.4972,136496,130468517.0,66439264.0782,0
2023-09-22,0.5072,0.517,0.5036,0.5122,233893377.0,1695427199999,119497921.1554,110454,123565418.0,63137263.936,0
2023-09-23,0.5122,0.5138,0.5055,0.5076,101716334.0,1695513599999,51932821.0136,58142,49616069.0,25329747.7447,0
2023-09-24,0.5076,0.5118,0.4984,0.5021,112889323.0,1695599999999,57298613.7007,62706,53403822.0,27105177.2735,0
2023-09-25,0.502,0.5072,0.4912,0.5056,303674393.0,1695686399999,151571274.4503,136979,166339963.0,83029751.1683,0
2023-09-26,0.5056,0.5075,0.496,0.5019,271054261.0,1695772799999,136072298.7207,114431,149252617.0,74936633.0802,0
2023-09-27,0.5019,0.5071,0.4968,0.4993,237514582.0,1695859199999,119114611.0416,96466,111402400.0,55867840.1038,0
2023-09-28,0.4993,0.5102,0.4952,0.5098,247906960.0,1695945599999,124424022.7492,112462,112647783.0,56545530.0191,0
2023-09-29,0.5097,0.5494,0.5061,0.5215,604996777.0,1696031999999,318719390.9093,293360,307468655.0,161922962.1947,0
2023-09-30,0.5215,0.5218,0.5134,0.5149,144866051.0,1696118399999,74870559.5311,90666,64164148.0,33169129.1898,0
2023-10-01,0.5148,0.526,0.5137,0.5241,167673504.0,1696204799999,87152009.1862,93784,80609393.0,41896257.2044,0
2023-10-02,0.524,0.5266,0.5075,0.5123,319018957.0,1696291199999,165774736.408,154104,166196254.0,86401262.9213,0
2023-10-03,0.5122,0.5479,0.5055,0.539,398167814.0,1696377599999,206974439.7289,201496,203694962.0,105900255.6183,0
2023-10-04,0.5391,0.5426,0.5194,0.5326,422012491.0,1696463999999,224478611.1085,252846,196513456.0,104534460.9462,0
2023-10-05,0.5326,0.5326,0.5155,0.5227,234313709.0,1696550399999,122773047.4518,124894,102534761.0,53727987.3092,0
2023-10-06,0.5227,0.5298,0.5169,0.5255,219784262.0,1696636799999,114860940.6825,108276,108610178.0,56774850.4501,0
2023-10-07,0.5255,0.5258,0.5197,0.5216,63137112.0,1696723199999,32985340.1246,42699,27457388.0,14345149.3598,0
2023-10-08,0.5216,0.5234,0.5153,0.5174,82864720.0,1696809599999,43049947.7345,47808,36987080.0,19218933.5501,0
2023-10-09,0.5174,0.5201,0.4875,0.5027,322604658.0,1696895999999,162917539.6957,168707,163273142.0,82489936.6541,0
2023-10-10,0.5027,0.5027,0.4917,0.4965,228001743.0,1696982399999,113450223.3424,105934,120875971.0,60149312.9918,0
2023-10-11,0.4964,0.4977,0.4788,0.4888,241504648.0,1697068799999,117525638.5842,120496,118211153.0,57514805.5661,0
2023-10-12,0.4889,0.4889,0.4729,0.483,259545095.0,1697155199999,124638564.2861,119543,126255506.0,60611492.3768,0
2023-10-13,0.4831,0.4907,0.4786,0.4851,257150898.0,1697241599999,124170633.8704,111281,138564974.0,66913667.2706,0
2023-10-14,0.4852,0.4883,0.4835,0.4865,93826664.0,1697327999999,45567697.421,48460,43842373.0,21290202.9247,0
2023-10-15,0.4866,0.4902,0.485,0.4874,101648635.0,1697414399999,49526308.3315,52730,48542625.0,23654083.2841,0
2023-10-16,0.4874,0.5109,0.485,0.4978,405705160.0,1697500799999,200854473.229,175199,209838813.0,103850732.2169,0
2023-10-17,0.4977,0.498,0.4845,0.4912,268586946.0,1697587199999,131923465.6873,120034,139102789.0,68346840.8099,0
2023-10-18,0.4911,0.4924,0.4855,0.4878,202731261.0,1697673599999,99190110.2404,93794,95507745.0,46730314.3613,0
2023-10-19,0.4878,0.5245,0.4769,0.5197,445455672.0,1697759999999,221204640.8187,235163,225107522.0,111914414.8453,0
2023-10-20,0.5197,0.5309,0.5084,0.5149,412008957.0,1697846399999,213465377.0241,270506,205217825.0,106354592.2909,0
2023-10-21,0.515,0.5325,0.5109,0.5208,179110644.0,1697932799999,93228244.9386,124952,80712196.0,42039537.8361,0
2023-10-22,0.5208,0.5242,0.5118,0.5226,165306102.0,1698019199999,85805435.8149,110334,76453578.0,39686484.0768,0
2023-10-23,0.5226,0.5536,0.5199,0.5475,522483834.0,1698105599999,278286849.1031,316448,266647117.0,141985590.3936,0
2023-10-24,0.5475,0.5866,0.5346,0.5588,798801237.0,1698191999999,445409828.1721,522803,379754729.0,211957219.7792,0
2023-10-25,0.5587,0.5639,0.5404,0.5552,369106629.0,1698278399999,204340817.5026,231634,172405035.0,95433855.9626,0
2023-10-26,0.5552,0.5695,0.5426,0.5533,397423009.0,1698364799999,220409474.949,239506,184267960.0,102188634.8833,0
2023-10-27,0.5534,0.5588,0.5325,0.543,312543838.0,1698451199999,171491048.3712,179059,155341688.0,85222513.6857,0
2023-10-28,0.543,0.5506,0.5405,0.5446,110912293.0,1698537599999,60491790.5594,75484,53184502.0,29010312.4171,0
2023-10-29,0.5446,0.5614,0.5405,0.5561,160069611.0,1698623999999,88554355.8106,111204,73781934.0,40807822.9485,0
2023-10-30,0.556,0.5843,0.5494,0.578,436757242.0,1698710399999,248232480.4328,249097,220367736.0,125182701.7888,0
2023-10-31,0.578,0.6213,0.5627,0.5996,621793128.0,1698796799999,368660558.7841,405292,310096261.0,183809081.5804,0
2023-11-01,0.5995,0.6164,0.5802,0.6085,468312081.0,1698883199999,281452760.3842,300657,226083979.0,135895146.6535,0
2023-11-02,0.6084,0.6262,0.5865,0.6054,438254076.0,1698969599999,266920463.1922,306768,212206244.0,129299367.6406,0
2023-11-03,0.6053,0.615,0.5914,0.6121,329096876.0,1699055999999,198763348.2491,241510,165729619.0,100148620.3018,0
2023-11-04,0.612,0.6181,0.6083,0.6149,142897570.0,1699142399999,87555326.7674,117676,68066608.0,41708243.0958,0
2023-11-05,0.6149,0.663,0.6137,0.6607,418017252.0,1699228799999,267196689.0691,360833,209075361.0,133739257.3901,0
2023-11-06,0.6606,0.7324,0.6584,0.7148,703629362.0,1699315199999,492269742.4642,663490,350754766.0,245377747.6349,0
2023-11-07,0.7147,0.7155,0.65,0.685,618276758.0,1699401599999,422309909.7894,568111,294568005.0,201273204.7333,0
2023-11-08,0.6851,0.699,0.6725,0.6869,344396095.0,1699487999999,236500123.9913,280135,170072430.0,116820103.5438,0
2023-11-09,0.6869,0.7069,0.63,0.6665,777778139.0,1699574399999,526217501.6202,651477,374456359.0,253600383.6898,0
2023-11-10,0.6667,0.6711,0.6359,0.6595,464857348.0,1699660799999,305377391.8214,364942,220857551.0,145064342.8998,0
2023-11-11,0.6594,0.69,0.6401,0.6626,380232188.0,1699747199999,253172843.0691,341763,185183300.0,123323826.97,0
2023-11-12,0.6626,0.6709,0.6458,0.6613,216031217.0,1699833599999,143035347.164,190874,104173060.0,68974565.6207,0
2023-11-13,0.6612,0.75,0.6397,0.6702,749884441.0,1699919999999,508338082.6985,879561,378308457.0,256754054.3409,0
2023-11-14,0.6701,0.6724,0.5967,0.6296,597417769.0,1700006399999,385092136.0451,540206,305166494.0,196789982.1862,0
2023-11-15,0.6296,0.6504,0.6251,0.6481,339283800.0,1700092799999,215842881.7763,262801,165869476.0,105572233.907,0
2023-11-16,0.6482,0.653,0.6033,0.6119,440591531.0,1700179199999,278273459.1294,322145,220176815.0,139004160.1788,0
2023-11-17,0.6118,0.6244,0.5859,0.6133,368525340.0,1700265599999,224298132.849,260314,190964501.0,116198896.1141,0
2023-11-18,0.6132,0.6144,0.589,0.6106,192040293.0,1700351999999,116218315.9822,128582,90551343.0,54790637.6839,0
2023-11-19,0.6106,0.6286,0.6012,0.6258,240044861.0,1700438399999,147981860.3146,151463,116073515.0,71563829.5031,0
2023-11-20,0.6258,0.6282,0.6061,0.6122,298231745.0,1700524799999,184839298.7315,199459,152091772.0,94260529.673,0
2023-11-21,0.6121,0.6178,0.5725,0.5788,468850910.0,1700611199999,282178604.4259,330524,231546977.0,139409026.1208,0
2023-11-22,0.5787,0.6162,0.5774,0.6109,346216216.0,1700697599999,206849999.4104,211817,179309071.0,107067135.6305,0
2023-11-23,0.6109,0.6238,0.6059,0.6209,305693192.0,1700783999999,187962573.1608,215385,146645280.0,90183567.3762,0
2023-11-24,0.6208,0.6258,0.6155,0.6212,303149239.0,1700870399999,188217852.8961,191965,155800661.0,96733653.9998,0
2023-11-25,0.6212,0.6238,0.6157,0.6228,121921267.0,1700956799999,75608640.3507,87233,58689967.0,36398351.4957,0
2023-11-26,0.6228,0.6375,0.6064,0.6157,266307412.0,1701043199999,165803435.5441,197951,129732251.0,80789647.7627,0
2023-11-27,0.6157,0.6168,0.5937,0.6039,309411406.0,1701129599999,187249018.3748,209511,153721976.0,93031648.4325,0
2023-11-28,0.6039,0.6139,0.5957,0.6107,286127938.0,1701215999999,173255085.9256,168089,148449420.0,89890904.0693,0
2023-11-29,0.6106,0.617,0.604,0.6091,235341461.0,1701302399999,143645522.7884,135873,116082900.0,70856440.6012,0
2023-11-30,0.609,0.6099,0.5982,0.6063,232714430.0,1701388799999,140561709.3205,134889,110261513.0,66597217.9864,0
2023-12-01,0.6063,0.6143,0.6031,0.6125,248446111.0,1701475199999,151500975.4603,146670,130231660.0,79421038.3738,0
2023-12-02,0.6126,0.6229,0.611,0.6208,144130252.0,1701561599999,88761091.0418,105687,70904392.0,43670632.3914,0
2023-12-03,0.6207,0.6342,0.6168,0.6229,240660124.0,1701647999999,150119342.5523,172404,115321622.0,71955868.4049,0
2023-12-04,0.6229,0.6439,0.582,0.6245,492198799.0,1701734399999,306906152.554,375265,246482897.0,153694280.3362,0
2023-12-05,0.6246,0.6307,0.6076,0.621,369372743.0,1701820799999,227916914.9618,251818,180304863.0,111264955.1632,0
2023-12-06,0.621,0.6437,0.6104,0.64,498860756.0,1701907199999,312787290.2284,350624,246544732.0,154587927.9942,0
2023-12-07,0.64,0.6544,0.6204,0.6432,454683854.0,1701993599999,290693308.7034,326240,218893474.0,139949509.4097,0
2023-12-08,0.6431,0.6756,0.6373,0.6721,497144485.0,1702079999999,325864380.6329,331483,251816703.0,165064102.7898,0
2023-12-09,0.672,0.7,0.651,0.6584,522942153.0,1702166399999,355677766.9118,432033,256796895.0,174771586.0936,0
2023-12-10,0.6584,0.6715,0.6468,0.6617,251001949.0,1702252799999,165918653.9992,222709,120588256.0,79730273.4813,0
2023-12-11,0.6617,0.6628,0.6,0.6187,601855237.0,1702339199999,374407040.2717,442580,288291855.0,179285607.7879,0
2023-12-12,0.6187,0.6263,0.6067,0.6192,372907112.0,1702425599999,231170040.1073,229429,189382697.0,117411707.0083,0
2023-12-13,0.6191,0.6348,0.5925,0.6275,383566539.0,1702511999999,234465552.887,246939,186462900.0,113984074.9318,0
2023-12-14,0.6276,0.6379,0.6053,0.6316,340698850.0,1702598399999,213406134.1976,221555,166459257.0,104269740.6936,0
2023-12-15,0.6316,0.6441,0.6116,0.6156,356613976.0,1702684799999,224036403.9219,214133,186857676.0,117438414.8958,0
2023-12-16,0.6156,0.6258,0.61,0.6203,160755138.0,1702771199999,99749269.6558,104112,75832513.0,47062810.2092,0
2023-12-17,0.6202,0.6237,0.6084,0.6103,176476817.0,1702857599999,108983642.7115,123202,85115033.0,52562760.4952,0
2023-12-18,0.6103,0.6145,0.5778,0.6125,477105096.0,1702943999999,285526632.3142,273493,239943181.0,143691458.6003,0
2023-12-19,0.6125,0.6167,0.5972,0.6047,309456484.0,1703030399999,188305009.5832,166330,160817337.0,97865550.952,0
2023-12-20,0.6047,0.6264,0.601,0.6171,380133323.0,1703116799999,233730636.44,207789,189043767.0,116222891.5706,0
2023-12-21,0.6171,0.6249,0.6103,0.6241,294263304.0,1703203199999,181486794.9879,163056,141328553.0,87169952.689,0
2023-12-22,0.624,0.6317,0.6154,0.6244,386616422.0,1703289599999,240110049.2457,220638,199879950.0,124130408.3032,0
2023-12-23,0.6243,0.6249,0.6106,0.6195,170948891.0,1703375999999,105499262.1589,109711,79253936.0,48913186.1481,0
2023-12-24,0.6195,0.6295,0.6035,0.6121,305003397.0,1703462399999,188565171.4613,202416,149363363.0,92371439.2585,0
2023-12-25,0.6122,0.6488,0.6082,0.6462,501529244.0,1703548799999,317774651.6537,326833,251135391.0,159041897.258,0
2023-12-26,0.6461,0.6469,0.6,0.6219,427204990.0,1703635199999,266404566.6774,302019,205627688.0,128234347.6428,0
2023-12-27,0.6219,0.6421,0.6127,0.634,363959180.0,1703721599999,228589962.9332,239715,181802469.0,114179094.401,0
2023-12-28,0.6341,0.6584,0.6249,0.6346,468193003.0,1703807999999,299092512.0579,355284,229912999.0,146885316.8242,0
2023-12-29,0.6346,0.6363,0.6121,0.623,347060742.0,1703894399999,217547687.8781,243393,176357456.0,110554937.2367,0
2023-12-30,0.6229,0.6297,0.6158,0.6207,168141907.0,1703980799999,104681939.6298,122347,79419468.0,49439635.2379,0
2023-12-31,0.6207,0.6285,0.6055,0.6156,160978768.0,1704067199999,99819076.467,119943,78711434.0,48816688.4484,0
2024-01-01,0.6155,0.6309,0.6083,0.6294,165869400.0,1704153599999,102732273.8982,117055,81228446.0,50310559.7119,0
2024-01-02,0.6295,0.6405,0.6213,0.6246,371069494.0,1704239999999,233870765.0564,225913,191003366.0,120381061.8792,0
2024-01-03,0.6245,0.6394,0.5,0.5823,1063513320.0,1704326399999,616476961.0012,736079,519686940.0,301453187.9252,0
2024-01-04,0.5823,0.5938,0.5692,0.5868,384638363.0,1704412799999,223518040.6822,242875,187358418.0,108879106.0691,0
2024-01-05,0.5868,0.5885,0.553,0.5757,383229345.0,1704499199999,218834036.5278,245647,193772159.0,110681594.4215,0
2024-01-06,0.5758,0.5758,0.5568,0.5679,166749051.0,1704585599999,94643295.6385,153251,76942243.0,43657509.0023,0
2024-01-07,0.568,0.573,0.5454,0.5515,226717559.0,1704671999999,127831730.9433,214162,102178127.0,57599116.8392,0
2024-01-08,0.5515,0.5821,0.5442,0.5776,520587965.0,1704758399999,294676989.3888,376161,262218221.0,148391476.3572,0
2024-01-09,0.5776,0.5793,0.5531,0.5669,454568370.0,1704844799999,258327968.5304,326240,221420744.0,125817037.3108,0
2024-01-10,0.567,0.615,0.5489,0.6008,565711997.0,1704931199999,326124454.5335,429011,276913429.0,159578385.7884,0
2024-01-11,0.6008,0.624,0.5856,0.6019,513518254.0,1705017599999,310159093.8961,400838,245445437.0,148290842.8173,0
2024-01-12,0.6019,0.6035,0.5515,0.5699,462016509.0,1705103999999,271305995.4437,336564,218817654.0,128529158.2029,0
2024-01-13,0.5699,0.5775,0.563,0.5747,144723019.0,1705190399999,82918818.7551,118002,68140286.0,39040986.4582,0
2024-01-14,0.5746,0.5932,0.5717,0.5763,188471401.0,1705276799999,109243103.8968,162384,91582093.0,53111732.4565,0
2024-01-15,0.5763,0.5895,0.5687,0.5757,267118552.0,1705363199999,154706565.7047,177076,133469863.0,77288474.4114,0
2024-01-16,0.5757,0.5797,0.5659,0.5757,250036650.0,1705449599999,143801731.4493,152058,130314149.0,74952909.8507,0
2024-01-17,0.5758,0.5763,0.5611,0.5685,229435711.0,1705535999999,130910418.9994,131484,107922536.0,61582202.6857,0
2024-01-18,0.5685,0.569,0.543,0.552,286860737.0,1705622399999,160206212.1524,161110,127448181.0,71206119.6963,0
2024-01-19,0.552,0.5537,0.5216,0.5443,412467369.0,1705708799999,223694759.7986,216243,208681231.0,113174933.2733,0
2024-01-20,0.5443,0.5551,0.539,0.5534,190027866.0,1705795199999,104041398.8109,102320,91223599.0,49955432.4906,0
2024-01-21,0.5534,0.5552,0.5451,0.5464,115018674.0,1705881599999,63480245.1694,76745,54976670.0,30345476.9238,0
2024-01-22,0.5464,0.5497,0.5169,0.5275,340622198.0,1705967999999,181521750.767,201355,171847764.0,91596403.7611,0
2024-01-23,0.5275,0.5318,0.4962,0.5183,468522571.0,1706054399999,239931999.7921,267650,246329341.0,126129910.5555,0
2024-01-24,0.5183,0.5194,0.511,0.5181,256315507.0,1706140799999,131991869.4887,133816,128730200.0,66298371.9924,0
2024-01-25,0.5182,0.5182,0.5037,0.5138,251423038.0,1706227199999,128611527.1358,140119,117472885.0,60094844.9138,0
2024-01-26,0.5139,0.5368,0.5084,0.5323,345499020.0,1706313599999,179941832.2146,159917,187521233.0,97624967.4986,0
2024-01-27,0.5322,0.5349,0.5262,0.5303,109437595.0,1706399999999,58062234.2968,71686,50193964.0,26632893.8835,0
2024-01-28,0.5304,0.5355,0.5211,0.5241,133344725.0,1706486399999,70557321.5239,84061,63638889.0,33675802.1601,0
2024-01-29,0.5242,0.54,0.5193,0.5352,315810144.0,1706572799999,166936283.3948,149835,168552391.0,89089933.4425,0
2024-01-30,0.5351,0.5393,0.5071,0.5107,551143127.0,1706659199999,287974260.4678,286534,261178958.0,136557873.9697,0
2024-01-31,0.5106,0.5144,0.4853,0.5033,485421774.0,1706745599999,245358209.3109,259626,235085219.0,118801910.0501,0
2024-02-01,0.5033,0.5107,0.49,0.5058,339711167.0,1706831999999,169136077.9874,168991,160996149.0,80158781.9611,0
2024-02-02,0.5057,0.5142,0.4987,0.5105,362229325.0,1706918399999,182866296.7909,152511,190968129.0,96412843.4579,0
2024-02-03,0.5106,0.527,0.506,0.5186,268503943.0,1707004799999,139267739.442,154948,127270266.0,66021980.2077,0
2024-02-04,0.5187,0.5192,0.5003,0.5032,156461025.0,1707091199999,79994272.0065,95974,73971373.0,37812835.4791,0
2024-02-05,0.5031,0.5143,0.4969,0.5069,316744221.0,1707177599999,160199486.0272,149666,173819060.0,87899722.6367,0
2024-02-06,0.5069,0.5112,0.4981,0.505,296361361.0,1707263999999,149476117.6586,144258,152082047.0,76723855.745,0
2024-02-07,0.505,0.5155,0.4993,0.5138,337065844.0,1707350399999,170065835.6946,161884,165550763.0,83558748.2024,0
2024-02-08,0.5138,0.52,0.5101,0.5147,319558939.0,1707436799999,164331767.5466,164228,158521878.0,81517935.9846,0
2024-02-09,0.5146,0.5282,0.514,0.5262,381663993.0,1707523199999,199001954.3944,186874,205102073.0,106941819.7345,0
2024-02-10,0.5262,0.5282,0.5186,0.5239,136051851.0,1707609599999,71203753.3982,86130,66497370.0,34800810.8459,0
2024-02-11,0.5239,0.536,0.5216,0.5261,218992618.0,1707695999999,115829056.7134,125536,109908035.0,58115133.513,0
2024-02-12,0.5262,0.538,0.5143,0.5315,383946428.0,1707782399999,201577676.5218,199481,197127630.0,103433830.5989,0
2024-02-13,0.5315,0.5338,0.514,0.5247,398803382.0,1707868799999,209569577.3208,194280,206855121.0,108719704.8934,0
2024-02-14,0.5246,0.5418,0.5203,0.5378,402071120.0,1707955199999,213698498.0764,188685,206968267.0,109975894.665,0
2024-02-15,0.5378,0.5769,0.537,0.5622,640584098.0,1708041599999,354054978.0784,353387,317334840.0,175413521.5437,0
2024-02-16,0.5622,0.5791,0.5523,0.5643,522111567.0,1708127999999,295713042.1994,296142,264118925.0,149603299.4659,0
2024-02-17,0.5643,0.5655,0.5392,0.5496,254033578.0,1708214399999,140263782.4244,152381,121852579.0,67270483.2215,0
2024-02-18,0.5496,0.5625,0.5471,0.5571,199644484.0,1708300799999,110984253.3261,135531,98575047.0,54799523.1018,0
2024-02-19,0.557,0.5679,0.5538,0.5626,361659945.0,1708387199999,202602289.0949,197222,185729878.0,104043339.9007,0
2024-02-20,0.5626,0.5751,0.543,0.5622,577494529.0,1708473599999,324956172.6769,347428,289569925.0,162925101.3844,0
2024-02-21,0.5622,0.5629,0.5326,0.5491,443537294.0,1708559999999,241554955.7311,253472,223731706.0,121835371.6237,0
2024-02-22,0.549,0.5517,0.5366,0.541,363824441.0,1708646399999,198108906.342,196071,175257505.0,95422300.2641,0
2024-02-23,0.541,0.5437,0.5251,0.5342,435074448.0,1708732799999,232931615.3245,221534,223369807.0,119608230.2142,0
2024-02-24,0.5342,0.5481,0.5313,0.545,201672485.0,1708819199999,109408023.8935,120313,100364228.0,54463286.394,0
2024-02-25,0.5449,0.5489,0.542,0.5425,200338025.0,1708905599999,109195370.4684,114078,106415186.0,58004665.3214,0
2024-02-26,0.5424,0.5528,0.5288,0.5506,442051388.0,1708991999999,239159787.0654,223551,230815296.0,124909184.8652,0
2024-02-27,0.5506,0.5976,0.5476,0.5861,852720045.0,1709078399999,484204806.3153,483468,430326843.0,244384752.1288,0
2024-02-28,0.5862,0.6059,0.53,0.575,1038133713.0,1709164799999,600527436.5215,674605,512812609.0,296742517.9416,0
2024-02-29,0.5749,0.626,0.5669,0.5867,1323123117.0,1709251199999,789799237.6854,795539,658100683.0,392934252.8611,0
2024-03-01,0.5868,0.6034,0.5829,0.6013,545783016.0,1709337599999,323258854.7415,346164,265771951.0,157413352.1096,0
2024-03-02,0.6013,0.6501,0.5993,0.6442,891150692.0,1709423999999,561098506.1994,628347,436923827.0,275269534.15,0
2024-03-03,0.6442,0.6446,0.59,0.6271,626556050.0,1709510399999,390250378.2574,459635,301497757.0,187798619.8749,0
2024-03-04,0.6271,0.666,0.615,0.6477,1053563753.0,1709596799999,680037933.8019,745606,518667854.0,334659993.1945,0
2024-03-05,0.6476,0.6685,0.5386,0.5912,1554937673.0,1709683199999,971210812.6012,1151483,745722854.0,466623879.8296,0
2024-03-06,0.5913,0.624,0.5754,0.6121,832599729.0,1709769599999,501543922.8642,589115,416245016.0,250773559.5552,0
2024-03-07,0.6121,0.6394,0.6064,0.627,789389082.0,1709855999999,491723629.8708,508718,383645472.0,238998829.0817,0
2024-03-08,0.6271,0.6338,0.6,0.62,648298999.0,1709942399999,403359268.7297,446228,328285099.0,204286814.5405,0
2024-03-09,0.62,0.6323,0.6158,0.6197,399105613.0,1710028799999,248795359.0,268485,195175068.0,121642577.8827,0
2024-03-10,0.6198,0.6278,0.5965,0.608,431213931.0,1710115199999,265437261.5992,287088,207140038.0,127487939.5465,0
2024-03-11,0.608,0.744,0.583,0.723,2035920643.0,1710201599999,1397085361.7244,1463819,1031600139.0,706794694.4981,0
2024-03-12,0.723,0.7332,0.6585,0.688,1164823272.0,1710287999999,809486248.4053,924010,570914503.0,396867270.577,0
2024-03-13,0.688,0.7026,0.6684,0.6891,629718012.0,1710374399999,433287999.4329,451985,319099699.0,219548097.4691,0
2024-03-14,0.6891,0.7077,0.6378,0.669,866913230.0,1710460799999,586214978.9612,668294,428415640.0,289875206.754,0
2024-03-15,0.669,0.6759,0.596,0.6342,1046569627.0,1710547199999,659887905.8484,787687,500558874.0,315726640.2865,0
2024-03-16,0.6341,0.6479,0.5915,0.6031,637944105.0,1710633599999,396629023.8596,454113,303271484.0,188599919.597,0
2024-03-17,0.603,0.6249,0.5869,0.6191,520417354.0,1710719999999,317996138.2103,344847,249891823.0,152698355.0815,0
2024-03-18,0.6191,0.6686,0.5946,0.6453,868146942.0,1710806399999,539213807.37,586138,433122082.0,269421059.9747,0
2024-03-19,0.6453,0.6489,0.5712,0.5845,1036258366.0,1710892799999,622800830.9744,785812,497471432.0,298873446.4846,0
2024-03-20,0.5845,0.6187,0.5681,0.6107,802805428.0,1710979199999,474979753.1727,533683,392028360.0,231839225.7807,0
2024-03-21,0.6108,0.6546,0.5972,0.6404,799317843.0,1711065599999,499670072.3817,548573,394571146.0,246730104.9416,0
2024-03-22,0.6403,0.6454,0.5985,0.6115,580029104.0,1711151999999,359961089.1895,414977,276614192.0,171671519.4896,0
2024-03-23,0.6115,0.6329,0.6032,0.6167,278695151.0,1711238399999,173110244.5216,207459,135568628.0,84214964.624,0
2024-03-24,0.6168,0.6358,0.6133,0.6325,304667124.0,1711324799999,191365610.3891,225821,148236150.0,93104037.717,0
2024-03-25,0.6326,0.6629,0.6263,0.6406,598260361.0,1711411199999,383334099.9351,379954,296007857.0,189673542.1216,0
2024-03-26,0.6405,0.653,0.625,0.6317,483920076.0,1711497599999,309446906.7586,302204,243003758.0,155354197.4236,0
2024-03-27,0.6317,0.6349,0.6055,0.6118,576105586.0,1711583999999,357401973.3555,333499,286164656.0,177568130.1534,0
2024-03-28,0.6119,0.6378,0.6033,0.6244,500717330.0,1711670399999,311430816.4376,290960,248611945.0,154624434.5263,0
2024-03-29,0.6243,0.6455,0.6087,0.6301,536802072.0,1711756799999,336042616.7256,329285,261441012.0,163691594.4016,0
2024-03-30,0.63,0.6372,0.6178,0.6212,275028227.0,1711843199999,172448766.2015,187299,132147196.0,82873447.7764,0
2024-03-31,0.6211,0.6301,0.6204,0.6292,181972969.0,1711929599999,113924710.714,124119,88215852.0,55238378.1959,0
2024-04-01,0.6292,0.6336,0.5947,0.611,546287523.0,1712015999999,333965195.5589,313516,269122892.0,164541739.0984,0
2024-04-02,0.611,0.6185,0.579,0.5854,648286441.0,1712102399999,384513388.8092,368400,315905998.0,187395992.8656,0
2024-04-03,0.5854,0.593,0.5663,0.5742,493903933.0,1712188799999,287020380.9741,267241,240948634.0,140013500.5055,0
2024-04-04,0.5741,0.6176,0.5623,0.5935,701629386.0,1712275199999,413917599.608,392369,354569321.0,209300372.22,0
2024-04-05,0.5934,0.5939,0.5687,0.5871,421470900.0,1712361599999,245182996.9432,231929,212439315.0,123629495.7458,0
2024-04-06,0.587,0.5988,0.5852,0.593,165404890.0,1712447999999,97716359.6098,104477,76618349.0,45275681.5173,0
2024-04-07,0.593,0.6028,0.5894,0.5944,210766117.0,1712534399999,125604904.4772,128342,99719573.0,59417074.8551,0
2024-04-08,0.5945,0.6265,0.5881,0.6147,512812491.0,1712620799999,312299000.7698,300832,255847545.0,155714612.652,0
2024-04-09,0.6146,0.6431,0.6012,0.6141,648585747.0,1712707199999,402883593.0298,410065,310027016.0,192597089.5617,0
2024-04-10,0.614,0.6204,0.5928,0.6172,449695736.0,1712793599999,273874315.888,312059,213013643.0,129745976.7939,0
2024-04-11,0.6171,0.6214,0.6029,0.6086,316314812.0,1712879999999,194033425.0445,215714,154438228.0,94767548.1142,0
2024-04-12,0.6085,0.6159,0.5068,0.5468,903224330.0,1712966399999,509327542.683,595563,425758293.0,240534492.8629,0
2024-04-13,0.5468,0.5491,0.4188,0.4788,1199425184.0,1713052799999,589051261.486,793061,577697182.0,284242702.2632,0
2024-04-14,0.4788,0.5073,0.4637,0.5033,820741178.0,1713139199999,397952095.5441,513428,416199749.0,201741443.5392,0
2024-04-15,0.5034,0.5189,0.4811,0.4977,680790708.0,1713225599999,341529467.5271,417628,335169641.0,168080750.5282,0
2024-04-16,0.4977,0.5021,0.4754,0.4965,535103938.0,1713311999999,262546490.6849,347421,255264427.0,125244039.4094,0
2024-04-17,0.4965,0.5081,0.4715,0.4951,496078590.0,1713398399999,243899788.0604,330326,243164468.0,119590561.5122,0
2024-04-18,0.4951,0.5057,0.4856,0.5025,408855589.0,1713484799999,202498358.6896,249459,196543625.0,97329255.5611,0
2024-04-19,0.5026,0.5108,0.4665,0.503,649243049.0,1713571199999,320230549.4456,363319,313789568.0,154795553.3103,0
2024-04-20,0.503,0.53,0.4981,0.5288,323152269.0,1713657599999,167172289.5678,204386,162512943.0,84112690.2024,0
2024-04-21,0.5288,0.5367,0.5183,0.5246,209381366.0,1713743999999,110387883.5848,155833,100547094.0,53016724.4569,0
2024-04-22,0.5246,0.5715,0.5221,0.556,481213218.0,1713830399999,261174906.7999,273001,244694948.0,132789856.8433,0
2024-04-23,0.556,0.5576,0.5415,0.5445,395536969.0,1713916799999,216977134.9904,219355,186980232.0,102574056.5257,0
2024-04-24,0.5445,0.5519,0.5212,0.5275,437750382.0,1714003199999,235729630.8625,233320,207609850.0,111788495.0721,0
2024-04-25,0.5276,0.5327,0.5137,0.5254,358100461.0,1714089599999,187496339.632,197973,155817786.0,81604904.3786,0
2024-04-26,0.5254,0.5361,0.5143,0.5261,354085810.0,1714175999999,185956511.4784,186864,168257507.0,88351476.6398,0
2024-04-27,0.5261,0.5265,0.508,0.5179,195569696.0,1714262399999,101032224.5098,115655,92353959.0,47709844.5379,0
2024-04-28,0.5178,0.5253,0.5085,0.5103,135893039.0,1714348799999,70458610.2089,94278,62851100.0,32599225.3347,0
2024-04-29,0.5104,0.5175,0.4986,0.5151,347828455.0,1714435199999,176581449.9024,163488,160336913.0,81458927.7065,0
2024-04-30,0.515,0.5198,0.4875,0.5006,395591280.0,1714521599999,198721791.9993,207128,179569350.0,90167634.8838,0
2024-05-01,0.5006,0.5214,0.4782,0.5175,478521177.0,1714607999999,238496942.2037,245638,217756130.0,108596358.4185,0
2024-05-02,0.5175,0.5245,0.5067,0.518,344602656.0,1714694399999,177688990.7001,163360,165472280.0,85351630.432,0
2024-05-03,0.518,0.5367,0.5145,0.5317,363626848.0,1714780799999,190081086.4027,172451,184485459.0,96451806.2478,0
2024-05-04,0.5317,0.541,0.5272,0.5302,158694221.0,1714867199999,84581329.5159,104262,73660828.0,39258811.1804,0
2024-05-05,0.5302,0.5334,0.524,0.5296,112344720.0,1714953599999,59417628.2842,84937,52446737.0,27738383.1379,0
2024-05-06,0.5295,0.5703,0.5247,0.5402,567274807.0,1715039999999,308959227.2858,329404,284940447.0,155207393.1164,0
2024-05-07,0.5401,0.5443,0.5217,0.5245,346192205.0,1715126399999,185972116.8921,182921,167078213.0,89774525.8372,0
2024-05-08,0.5244,0.53,0.5153,0.5171,346832658.0,1715212799999,181169260.551,172317,169043801.0,88313860.5648,0
2024-05-09,0.517,0.5238,0.5087,0.5209,299812797.0,1715299199999,154978198.3729,142986,147922544.0,76478554.7437,0
2024-05-10,0.5209,0.5209,0.497,0.5022,356081362.0,1715385599999,181324120.6451,183584,177820078.0,90579688.8241,0
2024-05-11,0.5022,0.5079,0.5005,0.5059,99554446.0,1715471999999,50215891.6399,67159,46491227.0,23454502.0652,0
2024-05-12,0.5059,0.5088,0.4957,0.4993,96995150.0,1715558399999,48846226.618,61866,45550782.0,22934443.1754,0
2024-05-13,0.4993,0.5121,0.4866,0.5053,307847853.0,1715644799999,154227486.4018,169093,146338551.0,73326785.7123,0
2024-05-14,0.5052,0.5132,0.4972,0.5002,306746811.0,1715731199999,154803622.0644,144779,141367808.0,71352277.7736,0
2024-05-15,0.5002,0.5196,0.4967,0.5188,323956909.0,1715817599999,163996243.7466,136661,164762450.0,83393934.9846,0
2024-05-16,0.5188,0.5228,0.5123,0.5157,327561119.0,1715903999999,169549941.3106,136787,153800264.0,79605862.5905,0
2024-05-17,0.5158,0.5292,0.5135,0.5234,286496760.0,1715990399999,149222311.8864,123562,143678644.0,74823239.0129,0
2024-05-18,0.5235,0.5256,0.5186,0.5213,90176826.0,1716076799999,47112655.4979,58571,40163730.0,20984352.0482,0
2024-05-19,0.5213,0.5236,0.5063,0.5096,112974578.0,1716163199999,58212030.835,72307,49085000.0,25292281.2832,0
2024-05-20,0.5096,0.538,0.5064,0.5377,404880454.0,1716249599999,211108604.7321,190770,205499118.0,107174265.245,0
2024-05-21,0.5377,0.5571,0.5319,0.537,491396281.0,1716335999999,265966456.3389,247339,234285022.0,126844602.6999,0
2024-05-22,0.537,0.5383,0.5224,0.5268,303183587.0,1716422399999,161365019.6231,162091,137112842.0,72994276.3438,0
2024-05-23,0.5268,0.5488,0.5027,0.5289,585134596.0,1716508799999,307894786.7569,338090,293614312.0,154503164.2371,0
2024-05-24,0.5288,0.5375,0.5168,0.536,322992520.0,1716595199999,170784784.7435,170176,150272429.0,79447311.3353,0
2024-05-25,0.5359,0.5426,0.5318,0.5416,132376204.0,1716681599999,71152613.0006,101486,62786261.0,33754052.8785,0
2024-05-26,0.5416,0.542,0.5255,0.5283,108799266.0,1716767999999,58125721.5082,79119,49332126.0,26354199.7255,0
2024-05-27,0.5283,0.5409,0.5236,0.534,244982717.0,1716854399999,130266495.3384,143561,120033567.0,63819125.5009,0
2024-05-28,0.5339,0.5355,0.5211,0.5287,282469800.0,1716940799999,149284045.0986,150940,136960399.0,72388293.6419,0
2024-05-29,0.5286,0.5334,0.52,0.5238,316791079.0,1717027199999,167216243.8768,162150,150166967.0,79254713.1144,0
2024-05-30,0.5238,0.5283,0.5127,0.5186,361762802.0,1717113599999,188381860.4883,155622,161403256.0,84067753.2613,0
2024-05-31,0.5185,0.5259,0.5119,0.5176,304398744.0,1717199999999,158091721.3251,133418,141633590.0,73562747.9591,0
2024-06-01,0.5176,0.5219,0.5174,0.5187,88294554.0,1717286399999,45883952.1242,52691,38919654.0,20223664.8297,0
2024-06-02,0.5187,0.5209,0.508,0.5135,130902096.0,1717372799999,67445068.4335,76015,61760284.0,31819953.5367,0
2024-06-03,0.5135,0.5232,0.5118,0.5199,237659106.0,1717459199999,123452735.8403,109799,113837709.0,59138426.2795,0
2024-06-04,0.5199,0.5303,0.5182,0.5257,252531633.0,1717545599999,132153219.6112,116750,117808140.0,61657906.3102,0
2024-06-05,0.5257,0.5326,0.524,0.5258,248045273.0,1717631999999,130755905.6584,118458,120663308.0,63608517.3606,0
2024-06-06,0.5259,0.5281,0.5164,0.5215,289657499.0,1717718399999,151937470.6363,128914,136814281.0,71761917.4752,0
2024-06-07,0.5214,0.528,0.4508,0.4991,549543388.0,1717804799999,276798279.7619,303223,271019853.0,136632205.1353,0
2024-06-08,0.4991,0.5008,0.4897,0.4926,152121412.0,1717891199999,75330471.4663,77501,73105986.0,36205380.1137,0
2024-06-09,0.4927,0.4992,0.4909,0.4986,90936082.0,1717977599999,45014537.6229,50688,45126343.0,22340444.5695,0
2024-06-10,0.4987,0.506,0.4933,0.4969,249759346.0,1718063999999,124411172.2496,110268,126765743.0,63142094.8357,0
2024-06-11,0.4969,0.497,0.4707,0.4802,429410619.0,1718150399999,207619435.3427,210041,204484460.0,98851393.276,0
2024-06-12,0.4803,0.4982,0.4742,0.4916,341106347.0,1718236799999,166014961.9476,181418,167895961.0,81719376.1664,0
2024-06-13,0.4917,0.4917,0.4756,0.4769,290198216.0,1718323199999,140783932.6943,139476,141442522.0,68633208.4904,0
2024-06-14,0.4768,0.4814,0.4601,0.4746,389318737.0,1718409599999,184650858.7677,169231,183341221.0,86963066.1042,0
2024-06-15,0.4746,0.5053,0.474,0.4908,176444562.0,1718495999999,85997201.5014,118080,88506820.0,43164348.7051,0
2024-06-16,0.4908,0.4997,0.4878,0.4891,161562815.0,1718582399999,79404153.9125,97290,78013788.0,38346030.221,0
2024-06-17,0.4891,0.5213,0.4838,0.5047,584945066.0,1718668799999,293745986.7618,376091,275863319.0,138610957.4294,0
2024-06-18,0.5048,0.5096,0.469,0.491,582727016.0,1718755199999,286321955.7681,409042,280314015.0,137717525.8351,0
2024-06-19,0.4909,0.4996,0.4868,0.4933,260612342.0,1718841599999,128534687.302,153010,121494461.0,59920514.2336,0
2024-06-20,0.4933,0.5023,0.4883,0.4888,324974220.0,1718927999999,161043259.5381,163315,158154298.0,78371869.8967,0
2024-06-21,0.4888,0.4959,0.4797,0.4889,336098409.0,1719014399999,164176087.5095,180052,168206604.0,82167439.5675,0
2024-06-22,0.489,0.4897,0.4841,0.4866,79168277.0,1719100799999,38545568.0662,63226,34925304.0,17001287.1462,0
2024-06-23,0.4867,0.4892,0.4742,0.4797,95099780.0,1719187199999,45970390.4546,72716,43054565.0,20810243.6024,0
2024-06-24,0.4798,0.4825,0.462,0.474,385123013.0,1719273599999,182515167.4053,219340,176964389.0,83856893.2218,0
2024-06-25,0.4741,0.4802,0.4731,0.4757,226045665.0,1719359999999,107619378.893,126044,104492694.0,49750169.8096,0
2024-06-26,0.4758,0.4783,0.4652,0.4698,243409484.0,1719446399999,115124115.2514,121215,116042731.0,54884169.5402,0
2024-06-27,0.4697,0.4771,0.4657,0.4753,243549420.0,1719532799999,114661621.303,130763,116685561.0,54932548.9825,0
2024-06-28,0.4753,0.4811,0.4692,0.4716,264186218.0,1719619199999,125897862.9521,158014,122465251.0,58364550.1941,0
2024-06-29,0.4716,0.4768,0.4716,0.4727,57959490.0,1719705599999,27507212.222,49856,26580528.0,12614336.4034,0
2024-06-30,0.4727,0.4784,0.4701,0.4761,82862100.0,1719791999999,39267204.7587,65622,38687831.0,18330274.3569,0
2024-07-01,0.4761,0.4849,0.4754,0.477,211844474.0,1719878399999,101568143.7008,136698,99136071.0,47525344.2339,0
2024-07-02,0.4771,0.4889,0.476,0.4853,226194005.0,1719964799999,109165036.6018,122349,108635576.0,52422278.7411,0
2024-07-03,0.4853,0.4875,0.4611,0.4672,317610313.0,1720051199999,151782465.6494,196205,146701728.0,70118267.8157,0
2024-07-04,0.4672,0.4697,0.4313,0.4329,436420394.0,1720137599999,196369448.1519,256474,206801817.0,93031492.7282,0
2024-07-05,0.433,0.4335,0.3823,0.4251,728055932.0,1720223999999,298566810.2663,457000,348582033.0,142908882.6576,0
2024-07-06,0.4252,0.4497,0.4235,0.4488,168945863.0,1720310399999,73695728.8482,130521,81710248.0,35663591.3685,0
2024-07-07,0.4489,0.4495,0.4182,0.4195,175785229.0,1720396799999,76237441.9827,151223,82159953.0,35594529.4899,0
2024-07-08,0.4196,0.4438,0.4032,0.4316,528743623.0,1720483199999,225009965.0145,335742,248686783.0,105857654.1077,0
2024-07-09,0.4316,0.4398,0.427,0.4356,289512370.0,1720569599999,125534601.6712,147051,135637623.0,58813493.281,0
2024-07-10,0.4357,0.4426,0.431,0.4388,294639692.0,1720655999999,128814977.5047,151264,140086444.0,61246779.3258,0
2024-07-11,0.4388,0.4573,0.4363,0.4491,347547669.0,1720742399999,154866122.1217,204921,177661335.0,79162997.3293,0
2024-07-12,0.4491,0.478,0.4445,0.4745,472984849.0,1720828799999,219137211.8911,345708,242302147.0,112195534.3957,0
2024-07-13,0.4745,0.5661,0.4737,0.5257,744327354.0,1720915199999,387770132.7423,746285,386589048.0,201324334.4874,0
2024-07-14,0.5257,0.54,0.5136,0.5205,350964405.0,1721001599999,184831243.3429,379986,173415063.0,91329858.0003,0
2024-07-15,0.5205,0.5404,0.5203,0.5372,437376565.0,1721087999999,232124637.6693,356488,211298168.0,112119406.3412,0
2024-07-16,0.5372,0.5945,0.5309,0.5793,824632586.0,1721174399999,463817237.4793,900990,405012066.0,227869638.3856,0
2024-07-17,0.5792,0.6378,0.5783,0.626,806805412.0,1721260799999,493351543.9464,963332,400098321.0,244659490.8108,0
2024-07-18,0.626,0.6369,0.5575,0.5697,660623865.0,1721347199999,387629372.5607,807466,307015719.0,180300422.7688,0
2024-07-19,0.5697,0.5867,0.54,0.5733,539155049.0,1721433599999,301703590.5542,648402,254952075.0,142740345.3258,0
2024-07-20,0.5733,0.6047,0.5707,0.5937,300097994.0,1721519999999,177039681.4122,413159,147239092.0,86859020.327,0
2024-07-21,0.5938,0.608,0.5721,0.5984,291988877.0,1721606399999,172384197.7049,426022,143085545.0,84476988.2669,0
2024-07-22,0.5985,0.6229,0.5855,0.608,412923068.0,1721692799999,249627595.1045,556906,201010103.0,121603495.5148,0
2024-07-23,0.608,0.617,0.5797,0.5975,353756166.0,1721779199999,211868663.0719,511032,162507252.0,97365369.2053,0
2024-07-24,0.5976,0.6327,0.5915,0.6179,420617643.0,1721865599999,259346378.5534,562664,202562957.0,124928038.9226,0
2024-07-25,0.6179,0.629,0.5844,0.5996,485187006.0,1721951999999,294688423.4857,772378,227810586.0,138397235.0417,0
2024-07-26,0.5996,0.6093,0.586,0.6034,268729317.0,1722038399999,161078432.4606,384185,134434288.0,80580599.6832,0
2024-07-27,0.6033,0.6091,0.5833,0.5956,172975781.0,1722124799999,103444913.3214,297345,82219028.0,49168241.1827,0
2024-07-28,0.5956,0.6161,0.591,0.6012,182173334.0,1722211199999,109970482.6308,261276,90343484.0,54528517.9549,0
2024-07-29,0.6012,0.6124,0.5921,0.6019,235245176.0,1722297599999,142366926.8737,290706,108286264.0,65521747.1319,0
2024-07-30,0.6019,0.6379,0.5953,0.6277,431409390.0,1722383999999,267991960.5994,654852,211594683.0,131477129.3334,0
2024-07-31,0.6278,0.6586,0.6217,0.623,473184106.0,1722470399999,304622609.483,756642,222477308.0,143219828.1914,0
2024-08-01,0.623,0.6303,0.568,0.5964,423266147.0,1722556799999,254368949.141,711144,191594450.0,115012745.9934,0
2024-08-02,0.5965,0.597,0.5464,0.5607,410967898.0,1722643199999,234033498.8203,793252,185740066.0,105730864.0607,0
2024-08-03,0.5606,0.5777,0.5406,0.5558,265483095.0,1722729599999,148824061.0932,617511,128342185.0,71989166.1583,0
2024-08-04,0.5558,0.559,0.5136,0.5228,240108087.0,1722815999999,128308095.8837,537001,111553445.0,59574074.8453,0
2024-08-05,0.5229,0.5257,0.4319,0.4889,1250454532.0,1722902399999,585195701.4247,2219931,601984967.0,281778820.2179,0
2024-08-06,0.4889,0.5188,0.4877,0.5062,410337831.0,1722988799999,208637971.4739,757849,191877977.0,97561518.6926,0
2024-08-07,0.5062,0.6434,0.4922,0.6002,1000802326.0,1723075199999,570270974.5879,2160438,492669463.0,281835512.3152,0
2024-08-08,0.6003,0.6424,0.5785,0.6166,730482227.0,1723161599999,445857076.4381,1482263,356811536.0,217874668.0542,0
2024-08-09,0.6166,0.6245,0.5656,0.5805,456932445.0,1723247999999,270130308.9509,835608,204418551.0,120793309.4786,0
2024-08-10,0.5805,0.6022,0.5779,0.5841,213745629.0,1723334399999,126348509.7499,450132,105717940.0,62500622.1777,0
2024-08-11,0.5841,0.5935,0.5452,0.5528,251097812.0,1723420799999,143140570.7283,496110,117312074.0,66862934.0741,0
2024-08-12,0.5528,0.5795,0.5501,0.5684,355253164.0,1723507199999,201610450.8513,555915,169196751.0,96054583.9804,0
2024-08-13,0.5683,0.5834,0.5626,0.577,252380249.0,1723593599999,144615862.2374,476018,119120591.0,68282332.0312,0
2024-08-14,0.577,0.5828,0.5641,0.5687,253532158.0,1723679999999,145748123.0603,418407,117964014.0,67812015.5763,0
2024-08-15,0.5687,0.5742,0.5504,0.5607,267098570.0,1723766399999,150783279.1196,403994,118692931.0,67006231.9243,0
2024-08-16,0.5608,0.5723,0.5535,0.5638,234628410.0,1723852799999,132185236.4595,345760,102836121.0,57910553.4124,0
2024-08-17,0.5637,0.571,0.5611,0.5665,68057519.0,1723939199999,38492076.6976,120744,31965045.0,18081342.2174,0
2024-08-18,0.5664,0.5845,0.5625,0.5631,119904362.0,1724025599999,68467510.822,177640,57869263.0,33054610.7356,0
2024-08-19,0.5631,0.6091,0.5608,0.5985,387069502.0,1724111999999,226032960.1027,540652,191859831.0,112117078.1968,0
2024-08-20,0.5984,0.615,0.5875,0.5937,276882583.0,1724198399999,166939440.7429,459627,126707401.0,76368900.3433,0
2024-08-21,0.5937,0.6056,0.584,0.5999,274275573.0,1724284799999,163578491.6854,468604,126949544.0,75713248.8385,0
2024-08-22,0.6,0.6049,0.5923,0.5976,207559419.0,1724371199999,124354601.0201,317510,95104805.0,56974735.2326,0
2024-08-23,0.5977,0.616,0.5909,0.6109,297079009.0,1724457599999,178744582.077,410205,138438044.0,83316248.2362,0
2024-08-24,0.6109,0.631,0.6043,0.6127,242435317.0,1724543999999,149700821.9888,479354,118229232.0,73011679.1521,0
2024-08-25,0.6126,0.614,0.595,0.6,163663049.0,1724630399999,98701742.4595,379249,78764434.0,47504285.1724,0
2024-08-26,0.6,0.6021,0.5782,0.5874,236874640.0,1724716799999,140151881.0769,461681,106108518.0,62773167.8455,0
2024-08-27,0.5873,0.6003,0.5528,0.5666,331644513.0,1724803199999,193466113.1768,604341,154078287.0,89904042.6798,0
2024-08-28,0.5667,0.5845,0.5558,0.5693,312994647.0,1724889599999,178712747.2288,701647,146587165.0,83684859.6625,0
2024-08-29,0.5692,0.577,0.5573,0.5619,209040650.0,1724975999999,119318759.902,376068,95731865.0,54634318.2044,0
2024-08-30,0.5618,0.5678,0.5462,0.5667,258840588.0,1725062399999,144880198.221,508207,124226572.0,69526140.3966,0
2024-08-31,0.5667,0.5721,0.5624,0.5662,67155202.0,1725148799999,38071491.6847,204786,29819202.0,16907314.3892,0
2024-09-01,0.5662,0.5667,0.5434,0.5472,121191438.0,1725235199999,67240139.7845,427935,58115129.0,32251037.2036,0
2024-09-02,0.5471,0.5688,0.5443,0.5677,174750033.0,1725321599999,96910244.9205,403033,84172353.0,46700482.1492,0
2024-09-03,0.5677,0.5724,0.5565,0.5572,179781483.0,1725407999999,101678841.1744,396581,85952619.0,48614690.3727,0
2024-09-04,0.5572,0.5648,0.5326,0.5579,272577067.0,1725494399999,150462306.7639,553707,127526991.0,70382676.3396,0
2024-09-05,0.5579,0.5598,0.5399,0.5444,213816210.0,1725580799999,117601582.2975,412058,98900776.0,54413383.3593,0
2024-09-06,0.5445,0.5473,0.5026,0.5211,382035412.0,1725667199999,202224802.5433,892364,178694313.0,94600246.1544,0
2024-09-07,0.5211,0.5329,0.5197,0.5248,82924642.0,1725753599999,43681401.2204,225912,37763312.0,19895621.9553,0
2024-09-08,0.5249,0.5316,0.5208,0.5295,67909459.0,1725839999999,35793549.1403,217568,33266083.0,17533877.5509,0
2024-09-09,0.5295,0.5431,0.5269,0.5395,168358952.0,1725926399999,89651583.9404,350686,82974899.0,44196129.8263,0
2024-09-10,0.5395,0.5428,0.5337,0.5408,135693250.0,1726012799999,72985900.3095,266220,64993292.0,34966754.0842,0
2024-09-11,0.5407,0.5413,0.5231,0.5348,187554599.0,1726099199999,99961274.4973,398094,88309071.0,47070491.4524,0
2024-09-12,0.5347,0.5884,0.5334,0.5626,380827353.0,1726185599999,212290449.4507,756914,190768237.0,106309424.341,0
2024-09-13,0.5625,0.5745,0.5556,0.5728,270151559.0,1726271999999,153147135.2078,458343,139311951.0,78970880.6096,0
2024-09-14,0.5727,0.5992,0.5704,0.5956,231500545.0,1726358399999,135676017.5805,548100,114850935.0,67305810.4574,0
2024-09-15,0.5956,0.5958,0.5686,0.5706,126437096.0,1726444799999,73909574.975,426644,57170641.0,33428141.9495,0
2024-09-16,0.5706,0.5916,0.5598,0.5866,247830927.0,1726531199999,142162473.1295,541179,127826679.0,73344214.0357,0
2024-09-17,0.5865,0.5934,0.5789,0.5839,173044465.0,1726617599999,101465255.3219,457917,85819497.0,50324372.0231,0
2024-09-18,0.5838,0.5858,0.562,0.5852,204818640.0,1726703999999,117710333.4437,587717,98432833.0,56577089.0303,0
2024-09-19,0.5852,0.5945,0.581,0.5868,222336927.0,1726790399999,130488341.6623,527562,110751223.0,64978482.255,0
2024-09-20,0.5868,0.593,0.5763,0.5851,217408757.0,1726876799999,127110507.0887,520633,108328342.0,63318367.0272,0
2024-09-21,0.5851,0.6128,0.58,0.5976,144964801.0,1726963199999,86324780.7721,423922,69058299.0,41145292.1539,0
2024-09-22,0.5977,0.6053,0.5778,0.5871,120373196.0,1727049599999,71336242.2732,494352,57363867.0,34002157.0901,0
2024-09-23,0.5871,0.596,0.5787,0.5847,161038706.0,1727135999999,94683080.2949,477852,76570280.0,45015193.7384,0
2024-09-24,0.5848,0.5927,0.5814,0.5911,169233403.0,1727222399999,99334500.6533,388897,82524234.0,48427603.8116,0
2024-09-25,0.5912,0.5957,0.5824,0.5831,179932001.0,1727308799999,105934017.5679,340116,84000591.0,49456767.821,0
2024-09-26,0.5831,0.5964,0.5739,0.5905,226481301.0,1727395199999,133016574.0989,413399,107828931.0,63336429.5983,0
2024-09-27,0.5905,0.5972,0.5824,0.5888,222819497.0,1727481599999,131204198.1735,375010,105371832.0,62048425.1104,0
2024-09-28,0.5889,0.6259,0.5856,0.6138,442520365.0,1727567999999,270625181.981,779248,211480869.0,129277027.6486,0
2024-09-29,0.6139,0.6649,0.6076,0.6412,442349596.0,1727654399999,282395798.5195,893596,211705369.0,135125752.5603,0
2024-09-30,0.6412,0.6548,0.6088,0.6114,396654376.0,1727740799999,251892928.3997,841620,178439470.0,113281893.2621,0
2024-10-01,0.6114,0.6342,0.5778,0.5967,579510147.0,1727827199999,354187629.9135,1362100,276477758.0,168911044.8711,0
2024-10-02,0.5968,0.6069,0.5267,0.5383,634074670.0,1727913599999,363439241.3882,1107110,310069584.0,178052229.6196,0
2024-10-03,0.5383,0.5445,0.5068,0.5217,562879573.0,1727999999999,295535389.462,1086503,287179421.0,150746204.8686,0
2024-10-04,0.5218,0.539,0.51,0.534,341840613.0,1728086399999,179594487.2864,508323,179500781.0,94367831.1557,0
2024-10-05,0.534,0.5352,0.526,0.5294,107009165.0,1728172799999,56840743.5621,241773,50357486.0,26747605.6616,0
2024-10-06,0.5294,0.5372,0.5279,0.5336,90314821.0,1728259199999,48080871.5717,197789,44762521.0,23831584.4786,0
2024-10-07,0.5336,0.5459,0.5286,0.5286,246483895.0,1728345599999,132839229.9698,431933,123425270.0,66540801.9175,0
2024-10-08,0.5287,0.5358,0.5209,0.531,164201090.0,1728431999999,86941550.2843,307960,78684989.0,41663479.5926,0
2024-10-09,0.531,0.5346,0.521,0.5245,169687079.0,1728518399999,89966411.8673,257640,81853030.0,43397628.1896,0
2024-10-10,0.5245,0.545,0.5228,0.5305,267008101.0,1728604799999,141944030.2263,428818,132414717.0,70430956.7315,0
2024-10-11,0.5305,0.5419,0.5296,0.5388,196729073.0,1728691199999,105654597.4571,241480,94725884.0,50867412.2191,0
2024-10-12,0.5387,0.5432,0.5353,0.5393,83887179.0,1728777599999,45255241.1267,147315,41225198.0,22242609.2485,0
2024-10-13,0.5393,0.5395,0.5252,0.5321,94059459.0,1728863999999,50039757.4125,171230,44490791.0,23662237.1362,0
2024-10-14,0.5321,0.5524,0.5282,0.5483,219397937.0,1728950399999,118828175.9496,298059,110049892.0,59588594.2737,0
2024-10-15,0.5484,0.5556,0.5315,0.5417,283568637.0,1729036799999,154044066.4528,486305,131485215.0,71435719.7262,0
2024-10-16,0.5417,0.5538,0.5375,0.5482,222285502.0,1729123199999,121260012.753,319898,107505222.0,58648630.7303,0
2024-10-17,0.5481,0.5666,0.5419,0.5441,312103613.0,1729209599999,172709637.0481,490897,149659901.0,82829618.0597,0
2024-10-18,0.5441,0.5532,0.5397,0.5465,219767509.0,1729295999999,120070174.4039,287989,105810445.0,57800254.56,0
2024-10-19,0.5465,0.55,0.5406,0.544,90144479.0,1729382399999,49148150.6861,147718,39832507.0,21719904.8829,0
2024-10-20,0.544,0.549,0.5366,0.5482,117461950.0,1729468799999,63742631.6173,195652,55123931.0,29920468.8305,0
2024-10-21,0.5482,0.5608,0.5409,0.5449,283328526.0,1729555199999,155854758.1834,422914,131419495.0,72303829.7852,0
2024-10-22,0.5449,0.5498,0.5291,0.5339,250206589.0,1729641599999,134413329.191,341139,124903041.0,67043904.6851,0
2024-10-23,0.5338,0.5341,0.5117,0.5258,211146628.0,1729727999999,110819607.6545,310636,104357931.0,54770320.7615,0
2024-10-24,0.5259,0.5338,0.5241,0.532,195840193.0,1729814399999,103669635.7471,229487,92829818.0,49139027.1073,0
2024-10-25,0.532,0.5322,0.486,0.5022,350905027.0,1729900799999,180198092.5499,454046,166910129.0,85634737.8224,0
2024-10-26,0.5022,0.5154,0.4989,0.5134,121828009.0,1729987199999,62068050.7443,209741,57215428.0,29130688.1516,0
2024-10-27,0.5135,0.518,0.5108,0.5168,65734998.0,1730073599999,33824741.5139,112112,31392866.0,16157119.5991,0
2024-10-28,0.5168,0.5217,0.5113,0.5195,159504690.0,1730159999999,82504218.5324,244481,73829514.0,38181101.945,0
2024-10-29,0.5195,0.5305,0.5185,0.5284,220863830.0,1730246399999,116080622.9275,255258,109372309.0,57486685.1612,0
2024-10-30,0.5285,0.5285,0.5194,0.5229,177555669.0,1730332799999,92996879.94,229039,84798825.0,44416523.3765,0
2024-10-31,0.5229,0.5238,0.5031,0.5095,195063825.0,1730419199999,100337235.6703,259527,91164880.0,46868633.195,0
2024-11-01,0.5096,0.5244,0.5025,0.5131,277144347.0,1730505599999,143027276.6229,422687,134735676.0,69522066.7997,0
2024-11-02,0.513,0.516,0.5063,0.5103,68679320.0,1730591999999,35113233.8082,155367,31124107.0,15912053.1349,0
2024-11-03,0.5103,0.5111,0.4917,0.503,176012483.0,1730678399999,87962652.7113,356420,83389298.0,41651107.2569,0
2024-11-04,0.503,0.5147,0.4957,0.5035,211259474.0,1730764799999,107079103.2573,326314,91376474.0,46306752.3147,0
2024-11-05,0.5035,0.5191,0.5019,0.514,190711816.0,1730851199999,97415686.7577,279180,92787223.0,47384097.7526,0
2024-11-06,0.514,0.5469,0.514,0.5418,452294069.0,1730937599999,241408146.257,706591,221767523.0,118338834.8027,0
2024-11-07,0.5418,0.5785,0.5377,0.5556,348528218.0,1731023999999,193108808.9942,626850,170131292.0,94378168.6309,0
2024-11-08,0.5556,0.56,0.5413,0.5537,261155203.0,1731110399999,143790365.5543,444985,118877978.0,65447358.3893,0
2024-11-09,0.5537,0.562,0.5436,0.5593,230978970.0,1731196799999,127417352.0794,369722,106085389.0,58524287.691,0
2024-11-10,0.5592,0.6187,0.5555,0.5884,712821995.0,1731283199999,420968960.3954,1475074,361027232.0,213138951.9453,0
2024-11-11,0.5885,0.633,0.5703,0.6207,661084405.0,1731369599999,395399037.3729,1395645,316275618.0,189309660.6061,0
2024-11-12,0.6208,0.7398,0.5968,0.704,1776854012.0,1731455999999,1176494232.7575,4449252,894780085.0,593458478.9521,0
2024-11-13,0.7042,0.748,0.64,0.6898,1208545721.0,1731542399999,832627297.3654,3274642,598924717.0,412809414.6328,0
2024-11-14,0.6897,0.8473,0.6822,0.7736,1349353792.0,1731628799999,1007947938.2256,3651388,671358196.0,502500336.7916,0
2024-11-15,0.7736,0.9279,0.7704,0.8922,1413430891.0,1731715199999,1204261039.4699,4020631,718324615.0,612148620.5869,0
2024-11-16,0.8921,1.2698,0.8778,1.1209,2373030780.0,1731801599999,2568822464.7048,8052630,1213480929.0,1312273056.0263,0
2024-11-17,1.1208,1.1603,1.0026,1.0543,1245814358.0,1731887999999,1332901319.8997,3643640,614123237.0,657681935.7748,0
2024-11-18,1.0545,1.1865,1.0543,1.1137,941344489.0,1731974399999,1064978324.571,3537780,466867122.0,528481458.2474,0
2024-11-19,1.1138,1.148,1.0688,1.1003,562678894.0,1732060799999,619965971.0097,1750208,269596425.0,297080347.9989,0
2024-11-20,1.1004,1.151,1.0556,1.1041,609804658.0,1732147199999,673862209.4399,1806245,303654108.0,335807405.3517,0
2024-11-21,1.1042,1.2643,1.0774,1.247,1050788977.0,1732233599999,1211740794.9622,2873812,520711623.0,600614779.2029,0
2024-11-22,1.2471,1.5,1.247,1.4726,1597772473.98,1732319999999,2243532362.048237,4892084,795189505.57,1116533176.083379,0
2024-11-23,1.4726,1.63,1.4033,1.4685,1243933645.71,1732406399999,1907103196.3745232,4062387,618615378.43,949419553.646239,0
2024-11-24,1.4686,1.513,1.2775,1.4331,960628070.0,1732492799999,1339319912.6698,2943646,455599969.0,634771758.2064,0
2024-11-25,1.4334,1.5393,1.355,1.4142,912385354.0,1732579199999,1323332053.1164,2715327,440693454.0,639476136.423,0
2024-11-26,1.4142,1.4588,1.2833,1.3984,777417208.0,1732665599999,1068658916.8656,2955609,384420696.0,528447447.9399,0
2024-11-27,1.3984,1.5217,1.3524,1.4696,594887636.0,1732751999999,858258348.0475,2119326,287788682.0,415132146.267,0
2024-11-28,1.4696,1.5465,1.4292,1.5421,440541778.0,1732838399999,649688261.1702,1989520,217154910.0,320594236.599,0
2024-11-29,1.542,1.8149,1.5233,1.8006,1055874162.77,1732924799999,1761609239.793645,3970605,532046118.53,887711547.7732339,0
2024-11-30,1.8005,1.9575,1.7635,1.9513,1118556534.97,1733011199999,2096903381.5339289,4673220,561348829.81,1052960596.519749,0
2024-12-01,1.9514,2.35,1.8475,2.2937,1171510986.43,1733097599999,2385698260.929747,5114663,605888681.99,1236259569.436079,0
2024-12-02,2.2937,2.8723,2.2011,2.7245,2543716698.49,1733183999999,6398460707.914024,8939668,1284591718.12,3232097873.660844,0
2024-12-03,2.7244,2.9092,2.25,2.5102,1955605237.21,1733270399999,5069619948.3368225,7807844,973129073.21,2526194431.845822,0
2024-12-04,2.5103,2.68,2.28,2.3574,1127878148.0,1733356799999,2806170530.8602,4989874,546731661.0,1362070839.7629,0
2024-12-05,2.3574,2.4942,2.1743,2.2446,1095218093.0,1733443199999,2553726598.6946,4313201,539644848.0,1259397824.8715,0
2024-12-06,2.2445,2.4637,2.2252,2.4257,671195786.0,1733529599999,1570287414.952,2889656,333422833.0,780595326.9484,0
2024-12-07,2.4257,2.6196,2.384,2.6099,541326545.0,1733615999999,1345487946.9721,3407654,268635887.0,667975874.0639,0
2024-12-08,2.6099,2.6469,2.4843,2.6013,456273582.0,1733702399999,1172409461.2909,3445425,226816028.0,582826814.7006,0
2024-12-09,2.6013,2.6076,2.0012,2.2124,991793616.0,1733788799999,2321117255.8532,5011024,485732593.0,1138321498.0457,0
2024-12-10,2.2124,2.42,1.9,2.3709,1376683984.0,1733875199999,2974339782.9316,6632184,680998766.0,1472913790.7376,0
2024-12-11,2.3708,2.4703,2.2303,2.3941,696138801.0,1733961599999,1644764788.996,3510035,340393465.0,804653332.4011,0
2024-12-12,2.3942,2.484,2.308,2.3384,528351934.0,1734047999999,1271981639.9824,2632745,257569812.0,620507544.2488,0
2024-12-13,2.3385,2.4788,2.284,2.4217,468083967.0,1734134399999,1118328085.7842,2297713,230433137.0,550329815.1275,0
2024-12-14,2.4218,2.5319,2.3548,2.4005,347447120.0,1734220799999,846025555.0811,1949933,171865256.0,418962119.4576,0
2024-12-15,2.4006,2.473,2.3677,2.4469,275970977.0,1734307199999,666829508.9957,1570186,134246754.0,324380135.7603,0
2024-12-16,2.447,2.5872,2.3333,2.4841,603893921.0,1734393599999,1484486729.0995,3250580,298252127.0,733300540.1987,0
2024-12-17,2.4842,2.7281,2.4401,2.5673,745688394.0,1734479999999,1939849488.1879,4605205,381086047.0,991961609.6925,0
2024-12-18,2.5672,2.5921,2.2478,2.3103,759860891.0,1734566399999,1865326386.8297,3541428,372046031.0,914168422.3019,0
2024-12-19,2.3102,2.4317,2.1595,2.239,811210695.0,1734652799999,1861735899.8107,3366704,393681488.0,904116557.155,0
2024-12-20,2.2391,2.355,1.9601,2.2793,1110347016.0,1734739199999,2413652844.3876,4550864,546277132.0,1187930319.6384,0
2024-12-21,2.2793,2.3858,2.1915,2.238,451599864.0,1734825599999,1028141511.9217,1913665,217812253.0,496033866.995,0
2024-12-22,2.2379,2.2938,2.1604,2.2031,310318499.0,1734911999999,691300978.408,1268046,152709222.0,340111247.4974,0
2024-12-23,2.2032,2.2789,2.1308,2.2617,388820902.0,1734998399999,853238655.7111,1350894,188879907.0,414571729.6873,0
2024-12-24,2.2616,2.3507,2.2138,2.3238,249021066.0,1735084799999,569493372.0705,784459,117955772.0,269742976.753,0
2024-12-25,2.3238,2.3325,2.2615,2.2973,162014998.0,1735171199999,371772271.3074,620228,75098648.0,172326908.8555,0
2024-12-26,2.2973,2.3164,2.1277,2.1559,266397920.0,1735257599999,584690463.4899,1162580,124397646.0,273228177.4267,0
2024-12-27,2.1559,2.2379,2.1149,2.1466,254236575.0,1735343999999,552171658.2544,989067,119528642.0,259770392.123,0
2024-12-28,2.1467,2.2076,2.1343,2.1843,106144470.0,1735430399999,230698893.1437,490662,49557554.0,107753451.4456,0
2024-12-29,2.1843,2.1976,2.0711,2.0942,129587392.0,1735516799999,277622074.0076,551740,57333309.0,122967669.9854,0
2024-12-30,2.0941,2.1526,1.9954,2.0587,326304793.0,1735603199999,674750374.331,1395822,153711217.0,318021822.6276,0
2024-12-31,2.0587,2.1491,2.0126,2.0836,202867597.0,1735689599999,421967928.6518,979432,95256012.0,198358445.4894,0
2025-01-01,2.0836,2.3545,2.0811,2.3328,340770274.0,1735775999999999,760832060.3151,1403523,172730136.0,385505187.5409,0
2025-01-02,2.3329,2.4522,2.3297,2.4024,361196381.0,1735862399999999,865949775.7157,1580048,176197020.0,422542683.7391,0
2025-01-03,2.4024,2.4798,2.3966,2.4547,233672728.0,1735948799999999,569422075.2811,1277666,115684473.0,281915201.2595,0
2025-01-04,2.4546,2.509,2.3999,2.4201,179793926.0,1736035199999999,440309558.1877,1037882,92266324.0,226298612.3335,0
2025-01-05,2.4201,2.4285,2.3273,2.3994,155537860.0,1736121599999999,370016358.6036,1004398,75238874.0,178995628.6171,0
2025-01-06,2.3993,2.4584,2.3674,2.42,194293277.0,1736207999999999,468861826.3566,1362403,96782056.0,233565957.3351,0
2025-01-07,2.42,2.4683,2.2572,2.2712,342477338.0,1736294399999999,806352782.1044,2103134,163078786.0,384286875.4551,0
2025-01-08,2.2712,2.3986,2.2001,2.3731,401036029.0,1736380799999999,926470982.8333,2658449,198096518.0,457806836.4431,0
2025-01-09,2.373,2.3956,2.2351,2.2722,294585086.0,1736467199999999,679791974.642,2023830,143349174.0,330873563.9827,0
2025-01-10,2.2722,2.3699,2.2465,2.3414,248018278.0,1736553599999999,570867396.723,1750697,123470779.0,284190360.4484,0
2025-01-11,2.3414,2.6036,2.3249,2.5764,349172496.0,1736639999999999,860275796.7852,2062973,174913645.0,431462023.8134,0
2025-01-12,2.5764,2.5835,2.47,2.5046,222912333.0,1736726399999999,561787996.9803,1690594,108970788.0,274693060.8611,0
2025-01-13,2.5045,2.5634,2.3297,2.5232,515356746.0,1736812799999999,1264512280.7045,3173708,258555447.0,634762394.3991,0
2025-01-14,2.5232,2.7,2.5126,2.6673,397227342.0,1736899199999999,1032281639.4498,2369127,200394637.0,520816749.8642,0
2025-01-15,2.6673,3.2,2.6492,3.1429,1062630122.23,1736985599999999,3077399206.0802794,6520615,548082481.47,1587665774.318337,0
2025-01-16,3.143,3.4,2.9228,3.2451,1110371222.2,1737071999999999,3552620342.3116794,7670634,561414637.2,1795860202.707479,0
2025-01-17,3.245,3.3544,3.1758,3.2922,529933494.0,1737158399999999,1732354391.4355,3804175,255909175.0,837031735.9802,0
2025-01-18,3.2923,3.2996,3.058,3.2697,458088944.0,1737244799999999,1458009309.0717,3479613,221479121.0,705255693.7778,0
2025-01-19,3.2697,3.2929,2.8277,2.9587,663328805.0,1737331199999999,2059430331.7526,5302553,293914462.0,912980838.4607,0
2025-01-20,2.9586,3.3695,2.909,3.1053,838761258.0,1737417599999999,2662458999.8704,6049584,411441377.0,1306434012.0448,0
2025-01-21,3.1053,3.246,3.0124,3.1738,376423502.0,1737503999999999,1176436619.5296,3502167,184850058.0,577794116.2295,0
2025-01-22,3.1739,3.2854,3.1237,3.1803,291761274.0,1737590399999999,933005266.3769,2877227,146379540.0,468329022.5312,0
2025-01-23,3.1802,3.1868,3.0374,3.1194,305314846.0,1737676799999999,951855494.0834,3149510,151385875.0,472071948.9241,0
2025-01-24,3.1194,3.2031,3.055,3.1009,232626964.0,1737763199999999,731330547.6169,2520376,118046873.0,371172588.8893,0
2025-01-25,3.1008,3.1446,3.0784,3.108,99489857.0,1737849599999999,310069024.4943,1251074,48417506.0,150913578.4148,0
2025-01-26,3.1079,3.1443,3.0115,3.0223,128937813.0,1737935999999999,399929472.8279,1260024,59077810.0,183283942.0887,0
2025-01-27,3.0222,3.0587,2.6559,3.0552,660056174.0,1738022399999999,1900074942.1515,5675648,323855013.0,932990486.1409,0
2025-01-28,3.0552,3.214,3.0062,3.0572,369470786.0,1738108799999999,1152177187.4389,3656027,183889070.0,573643111.7222,0
2025-01-29,3.0572,3.1363,2.9673,3.0683,254756655.0,1738195199999999,781733902.2928,2883316,129014242.0,395974250.8385,0
2025-01-30,3.0683,3.1544,3.0466,3.1276,173143314.0,1738281599999999,539405335.0565,1397662,84974904.0,264684482.5614,0
2025-01-31,3.1276,3.1333,3.003,3.0361,162235322.0,1738367999999999,498266349.8299,1501610,83100619.0,255224444.4982,0
2025-02-01,3.0361,3.0727,2.8281,2.8778,173601404.0,1738454399999999,514185531.7884,1758090,82484050.0,244481022.3146,0
2025-02-02,2.8779,2.9559,2.4603,2.58,684089012.0,1738540799999999,1833042745.5623,6446056,330505088.0,885006286.2556,0
2025-02-03,2.5801,2.7814,1.7711,2.7001,1866758972.0,1738627199999999,4362783819.6807,11491884,916458838.0,2144743382.0534,0
2025-02-04,2.7,2.7874,2.4209,2.5274,621552965.0,1738713599999999,1611405680.33,4335952,303205590.0,786033247.0797,0
2025-02-05,2.5275,2.5692,2.3384,2.381,338815093.0,1738799999999999,835666325.0093,2444787,164564007.0,406097698.1754,0
2025-02-06,2.381,2.4699,2.2772,2.325,322896937.0,1738886399999999,765674914.4537,2493240,158040941.0,374879168.7751,0
2025-02-07,2.3251,2.542,2.2655,2.3968,447487945.0,1738972799999999,1081213105.8638,3109058,220189588.0,532341867.1087,0
2025-02-08,2.3969,2.4372,2.3506,2.419,154717204.0,1739059199999999,371554857.0273,1258770,77226989.0,185503788.4667,0
2025-02-09,2.419,2.5079,2.3113,2.3928,204205603.0,1739145599999999,493229868.4024,1407359,100298440.0,242504200.8348,0
2025-02-10,2.3928,2.4733,2.3235,2.4237,207257933.0,1739231999999999,498991376.0799,1753923,104617691.0,251850787.3536,0
2025-02-11,2.4238,2.529,2.3708,2.4131,248182176.0,1739318399999999,610136390.0508,2008342,125001533.0,307404726.5371,0
2025-02-12,2.413,2.4962,2.3323,2.4734,227957636.0,1739404799999999,549253249.7923,1892950,114506144.0,275874355.8942,0
2025-02-13,2.4734,2.6061,2.4154,2.5599,212478703.0,1739491199999999,527319051.3815,1847589,105873934.0,262862917.0583,0
2025-02-14,2.56,2.8356,2.53,2.7384,407541122.0,1739577599999999,1099747748.5297,3930531,207147002.0,558746250.594,0
2025-02-15,2.7384,2.8335,2.713,2.7619,184181907.0,1739663999999999,512007575.2376,1962398,91568097.0,254510769.2375,0
2025-02-16,2.7619,2.8054,2.6879,2.7283,132387997.0,1739750399999999,364119985.9186,1355421,61790121.0,170050945.4324,0
2025-02-17,2.7283,2.7648,2.6075,2.6599,212813356.0,1739836799999999,569177522.7938,1923364,102496486.0,274292247.2483,0
2025-02-18,2.6599,2.6699,2.4693,2.5628,227170019.0,1739923199999999,582472946.2462,2271670,110114306.0,282463541.3288,0
2025-02-19,2.5629,2.747,2.5121,2.7378,208222691.0,1740009599999999,545032758.8183,1780798,106116991.0,277755837.4483,0
2025-02-20,2.7378,2.749,2.6671,2.6877,161213675.0,1740095999999999,435621246.1541,1348665,81112172.0,219177503.6063,0
2025-02-21,2.6878,2.716,2.5076,2.5721,257754207.0,1740182399999999,674793413.9233,2010767,125454025.0,328549097.7542,0
2025-02-22,2.5722,2.6099,2.5505,2.574,92516652.0,1740268799999999,238844803.0007,650453,42928150.0,110869708.0615,0
2025-02-23,2.574,2.6016,2.5201,2.5763,91398009.0,1740355199999999,234022514.1027,703256,43695131.0,111904151.4748,0
2025-02-24,2.5763,2.609,2.2336,2.2783,351034781.0,1740441599999999,849040644.8015,2517960,165921057.0,401686487.9423,0
2025-02-25,2.2784,2.3663,2.0637,2.3222,762421577.0,1740527999999999,1687911041.6206,5941964,379352257.0,840317371.0039,0
2025-02-26,2.3222,2.3314,2.1507,2.1982,364125565.0,1740614399999999,817894826.1718,2839319,173221927.0,388990998.6499,0
2025-02-27,2.1983,2.2577,2.1453,2.1985,229741926.0,1740700799999999,505961815.8416,1932381,115390979.0,254213325.9398,0
2025-02-28,2.1985,2.2017,1.951,2.1453,463166339.0,1740787199999999,957869589.5801,3661569,226338375.0,467851252.923,0
2025-03-01,2.1454,2.2199,2.1214,2.1916,145588191.0,1740873599999999,316213252.1932,1047670,67859376.0,147488691.8189,0
2025-03-02,2.1917,2.999,2.1735,2.9396,806955619.0,1740959999999999,2163390347.287,6201418,411034540.0,1102856444.3514,0
2025-03-03,2.9395,2.9676,2.2976,2.3873,770790136.0,1741046399999999,2001737322.1551,6149375,373926373.0,970893032.5538,0
2025-03-04,2.3873,2.5388,2.2123,2.4543,569915093.0,1741132799999999,1355169063.3158,3775756,279432752.0,664738569.8529,0
2025-03-05,2.4542,2.5409,2.408,2.4998,254905967.0,1741219199999999,631175246.6963,2083086,126332121.0,312913891.6266,0
2025-03-06,2.4998,2.6461,2.4707,2.6001,293494998.0,1741305599999999,755127708.3694,2190118,151914103.0,390848066.405,0
2025-03-07,2.6,2.6217,2.3435,2.3855,454234094.0,1741391999999999,1121586094.7692,3363999,224198523.0,553403188.1203,0
2025-03-08,2.3855,2.4106,2.3013,2.3261,119040944.0,1741478399999999,279496752.3362,1033070,55955806.0,131411237.9056,0
2025-03-09,2.3262,2.351,2.083,2.1387,276711052.0,1741564799999999,608123226.9348,2541564,128723271.0,282819953.2499,0
2025-03-10,2.1388,2.2613,1.9925,2.0216,391223631.0,1741651199999999,829514635.4073,3921329,188042418.0,399191157.5867,0
2025-03-11,2.0216,2.2138,1.9,2.1711,382420244.0,1741737599999999,797538821.3747,2315358,190745674.0,397988255.9067,0
2025-03-12,2.171,2.2769,2.1333,2.2396,277560410.0,1741823999999999,612133003.8231,2382381,140204384.0,309241472.1347,0
2025-03-13,2.2395,2.347,2.2137,2.2527,243896593.0,1741910399999999,553752724.5531,2269070,121743083.0,276334884.9223,0
2025-03-14,2.2526,2.3893,2.2371,2.3564,197286469.0,1741996799999999,457779727.5892,1778622,97831639.0,227037346.4206,0
2025-03-15,2.3564,2.4751,2.3525,2.3911,150056936.0,1742083199999999,362455350.4134,1419615,76696578.0,185301713.1285,0
2025-03-16,2.3911,2.4109,2.2677,2.2938,151974757.0,1742169599999999,353905686.8893,1606169,71906405.0,167495411.7645,0
2025-03-17,2.2938,2.3788,2.2915,2.3382,133923496.0,1742255999999999,313586432.7361,1233682,66606196.0,155992218.0266,0
2025-03-18,2.3381,2.3399,2.2225,2.2851,164719299.0,1742342399999999,373795463.5277,1333105,81251703.0,184385089.9386,0
2025-03-19,2.2851,2.59,2.2653,2.5469,462181815.0,1742428799999999,1145549057.2826,3045455,234457342.0,581041005.0455,0
2025-03-20,2.5469,2.5638,2.389,2.4361,225573092.0,1742515199999999,556990257.8759,1910760,114065287.0,281673916.6116,0
2025-03-21,2.436,2.4669,2.3564,2.3809,143033066.0,1742601599999999,343554538.9887,1159813,72161151.0,173408537.4221,0
2025-03-22,2.3809,2.417,2.3594,2.3711,69083565.0,1742687999999999,164935168.8237,599867,33834265.0,80799459.3469,0
2025-03-23,2.3712,2.4409,2.365,2.4393,82171646.0,1742774399999999,197375933.9193,675980,39789921.0,95650218.7475,0
2025-03-24,2.4392,2.5044,2.4134,2.4501,140591390.0,1742860799999999,345465247.8068,985956,69059287.0,169790842.4043,0
2025-03-25,2.4501,2.4783,2.4071,2.4492,107306341.0,1742947199999999,262047435.3401,825224,51490243.0,125756874.7546,0
2025-03-26,2.4491,2.4794,2.328,2.3494,140813082.0,1743033599999999,340471844.0816,1028787,67668698.0,163464281.4298,0
2025-03-27,2.3494,2.39,2.3021,2.341,121906802.0,1743119999999999,286517138.3176,940315,60473620.0,142130524.9991,0
2025-03-28,2.3411,2.3433,2.1535,2.2073,211389681.0,1743206399999999,470524788.2178,1469290,105639152.0,235088328.9905,0
2025-03-29,2.2072,2.2267,2.0607,2.1351,188344703.0,1743292799999999,399565637.9547,1392395,91627450.0,194321655.8435,0
2025-03-30,2.1352,2.2142,2.1077,2.1369,143436566.0,1743379199999999,309556823.1236,1092491,71435902.0,154190214.7522,0
2025-03-31,2.1371,2.1415,2.0238,2.0899,225359911.0,1743465599999999,470475027.3572,1771277,114012792.0,238022828.2307,0
2025-04-01,2.0899,2.1999,2.065,2.1387,206149959.0,1743551999999999,440370529.1045,1753639,103963221.0,222213903.9825,0
2025-04-02,2.1387,2.233,1.9841,2.0237,312902782.0,1743638399999999,661278600.2195,2654613,152170929.0,321974917.5464,0
2025-04-03,2.0237,2.082,1.96,2.0648,283049149.0,1743724799999999,574582911.2022,2175279,134360145.0,272795249.5637,0
2025-04-04,2.0648,2.1626,2.016,2.1302,249538859.0,1743811199999999,522053640.9747,2126524,130843507.0,273779376.609,0
2025-04-05,2.1303,2.1764,2.1139,2.1442,79039409.0,1743897599999999,168933379.2612,766397,37944574.0,81098277.4609,0
2025-04-06,2.1443,2.1592,1.8625,1.9218,247306320.0,1743983999999999,494395445.2549,2063575,113280485.0,226344136.9828,0
2025-04-07,1.9218,2.0109,1.6134,1.8987,862282234.0,1744070399999999,1564910506.5203,4217262,414322017.0,752489441.351,0
2025-04-08,1.8986,1.975,1.777,1.7963,331058344.0,1744156799999999,622942580.4604,1019353,158991970.0,299467444.3922,0
2025-04-09,1.7965,2.0897,1.7218,2.0529,517714914.0,1744243199999999,983263446.1844,1520284,254129754.0,482361161.301,0
2025-04-10,2.0529,2.0572,1.9223,1.9658,224691548.0,1744329599999999,446583819.8456,1921673,108386836.0,215403264.1829,0
2025-04-11,1.9657,2.0647,1.9475,2.0225,175131511.0,1744415999999999,352455438.3911,1539032,85343864.0,171804081.7275,0
2025-04-12,2.0225,2.1862,2.0033,2.1598,161856777.0,1744502399999999,341792852.5043,1416548,79628374.0,168156206.7904,0
2025-04-13,2.1597,2.2475,2.0801,2.1196,194098687.0,1744588799999999,419017456.6249,1899834,93140570.0,201190756.0354,0
2025-04-14,2.1196,2.1804,2.1038,2.1275,138573013.0,1744675199999999,296792059.4906,1537405,70501500.0,150989378.659,0
2025-04-15,2.1276,2.1853,2.0837,2.0842,131282814.0,1744761599999999,280926951.9743,1345686,64720771.0,138565610.1499,0
2025-04-16,2.0843,2.13,2.0355,2.0834,152704680.0,1744847999999999,318042232.2303,1494581,75217568.0,156687741.1252,0
2025-04-17,2.0834,2.1146,2.0524,2.0673,103280383.3,1744934399999999,215185592.53274,1074532,53022347.0,110427385.72273,0
2025-04-18,2.0673,2.0896,2.0434,2.0619,72730873.5,1745020799999999,150530241.72514,707800,34728639.7,71888220.46044,0
2025-04-19,2.0619,2.0975,2.0586,2.0877,50163133.6,1745107199999999,104485797.93701,462679,24889876.8,51839802.96883,0
2025-04-20,2.0877,2.0945,2.0388,2.0787,77348551.3,1745193599999999,159807702.05961,537648,37503844.1,77487570.74185,0
2025-04-21,2.0786,2.1409,2.0594,2.0855,132502689.7,1745279999999999,279135954.92696,1088615,62836278.8,132315395.14382,0
2025-04-22,2.0855,2.2504,2.0638,2.2139,215792646.3,1745366399999999,463874787.33304,1475208,105097850.6,225715100.29706,0
2025-04-23,2.2138,2.301,2.1902,2.2184,220415571.4,1745452799999999,494085337.30413,1778836,103899617.9,233027960.14228,0
2025-04-24,2.2183,2.2354,2.1166,2.2049,184941421.4,1745539199999999,403912284.76951,1361032,90900973.8,198477939.634,0
2025-04-25,2.2049,2.2193,2.1634,2.1812,134014526.9,1745625599999999,294138569.17227,1090840,66957817.6,146963048.34474,0
2025-04-26,2.1812,2.2483,2.1796,2.1912,89667472.4,1745711999999999,197714019.96509,822845,44772969.4,98724985.51084,0
2025-04-27,2.1912,2.2948,2.1581,2.252,176901254.6,1745798399999999,394172934.52954,1343214,89878349.5,200457023.59855,0
2025-04-28,2.2521,2.363,2.2184,2.2949,188782972.6,1745884799999999,432932125.11437,1550265,93491949.9,214518735.0528,0
2025-04-29,2.295,2.3147,2.2217,2.238,109021832.7,1745971199999999,248308443.54734,919783,54109123.7,123240880.8516,0
2025-04-30,2.2379,2.2588,2.1235,2.1908,169161178.8,1746057599999999,371180616.59514,1290014,79290567.5,174075078.44463,0
2025-05-01,2.1907,2.2567,2.1868,2.2123,96594610.5,1746143999999999,214862147.68855,804561,47035057.8,104633984.91172,0
2025-05-02,2.2122,2.2411,2.192,2.2093,84810475.2,1746230399999999,187929913.43163,750177,42927501.9,95134055.47069,0
2025-05-03,2.2093,2.22,2.176,2.1872,48541368.0,1746316799999999,106715010.83749,465311,23257921.9,51133009.3555,0
2025-05-04,2.1872,2.2188,2.151,2.156,58758870.6,1746403199999999,128384945.07249,583831,28349521.9,61950024.45648,0
2025-05-05,2.1561,2.2,2.1067,2.1306,129350396.3,1746489599999999,278055926.60453,937063,66343995.3,142651638.22534,0
2025-05-06,2.1306,2.1595,2.0777,2.155,110021214.0,1746575999999999,232503539.08214,955869,55372623.3,117046033.25484,0
2025-05-07,2.155,2.1716,2.1039,2.1265,91759518.6,1746662399999999,195823475.6504,821197,46986544.5,100291198.9269,0
2025-05-08,2.1264,2.3297,2.1176,2.3272,220454318.8,1746748799999999,492146244.28859,1689529,115924194.2,258756659.25072,0
2025-05-09,2.3272,2.4291,2.2845,2.3439,270485423.5,1746835199999999,637201286.41537,2359378,128289290.1,302383811.16551,0
2025-05-10,2.3438,2.477,2.3359,2.4711,173584546.1,1746921599999999,417538802.27194,1700852,82708008.3,199104845.06977,0
2025-05-11,2.4711,2.4844,2.3283,2.367,162582479.5,1747007999999999,387738035.17048,1661326,76544617.9,182537519.38428,0
2025-05-12,2.3671,2.6549,2.3515,2.5439,507950822.4,1747094399999999,1275311866.31161,4112142,259894112.3,652727292.73548,0
2025-05-13,2.544,2.6053,2.4215,2.5829,230851038.9,1747180799999999,582508619.40381,2518415,114886693.8,289830111.16275,0
2025-05-14,2.5828,2.6516,2.5194,2.5503,213599727.4,1747267199999999,551933214.0695,1978980,106193381.0,274512366.99331,0
2025-05-15,2.5504,2.5719,2.3525,2.3856,209320078.3,1747353599999999,515143174.14976,2309242,102379083.0,252262886.43471,0
2025-05-16,2.3856,2.4399,2.3471,2.3798,136943221.2,1747439999999999,329039410.53355,1688096,65530574.3,157457009.5861,0
2025-05-17,2.3797,2.3892,2.2984,2.3531,105734565.8,1747526399999999,247839876.54358,1442950,50012395.1,117225010.3523,0
2025-05-18,2.3531,2.4497,2.332,2.428,110034544.5,1747612799999999,263270059.37711,1470998,54393319.8,130146402.0501,0
2025-05-19,2.428,2.441,2.2827,2.3803,162880946.4,1747699199999999,381979266.64326,1791052,81206105.2,190489584.61933,0
2025-05-20,2.3803,2.409,2.3141,2.3565,136293676.8,1747785599999999,321341594.69735,1331382,69126663.2,163155013.09458,0
2025-05-21,2.3565,2.4288,2.3308,2.3952,175070666.7,1747871999999999,415539143.43446,1711630,86482658.0,205355022.77905,0
2025-05-22,2.3953,2.4555,2.3881,2.4311,145040194.5,1747958399999999,350758657.64766,1313608,73039311.4,176637744.95918,0
2025-05-23,2.4311,2.4799,2.2838,2.2966,197335455.4,1748044799999999,471539404.39892,1876119,92159671.2,220262874.23,0
2025-05-24,2.2965,2.36,2.2859,2.3303,50781088.2,1748131199999999,118575581.84926,679757,25106537.6,58619982.15622,0
2025-05-25,2.3304,2.345,2.266,2.3417,81478273.4,1748217599999999,187626186.24011,937049,40124065.2,92400973.83688,0
2025-05-26,2.3416,2.3593,2.2958,2.3103,75168770.0,1748303999999999,175231902.2193,752100,41403847.8,96514224.35446,0
2025-05-27,2.3103,2.3543,2.2671,2.3168,94046517.5,1748390399999999,217701881.39648,969135,47375042.5,109583646.4782,0
2025-05-28,2.3167,2.3232,2.2265,2.2742,99791200.4,1748476799999999,227259719.06362,954628,50520116.9,115038083.86333,0
2025-05-29,2.2742,2.3125,2.238,2.2442,99100514.7,1748563199999999,226227584.71746,993571,47457635.4,108392071.73381,0
2025-05-30,2.2441,2.2523,2.1297,2.1398,192557829.6,1748649599999999,421027264.31235,1855873,93274826.6,204062984.76651,0
2025-05-31,2.1397,2.2065,2.0794,2.1738,109349888.0,1748735999999999,234327423.61236,1299553,53295312.5,114252864.38414,0
2025-06-01,2.1739,2.1879,2.1231,2.1792,62964847.7,1748822399999999,135732307.10343,741422,31868857.1,68703304.90068,0
2025-06-02,2.1792,2.2045,2.1357,2.1965,96478578.8,1748908799999999,208841688.8584,907638,49956142.5,108134328.27879,0
2025-06-03,2.1965,2.2821,2.1838,2.2446,110034231.1,1748995199999999,245370237.05632,1052351,55639261.7,124064367.07584,0
2025-06-04,2.2445,2.2658,2.1951,2.2009,82924089.7,1749081599999999,185497995.0584,865515,40558993.8,90749613.43837,0
2025-06-05,2.2009,2.2265,2.0591,2.0936,152227799.7,1749167999999999,325805169.6314,1426769,73122682.6,156360136.51343,0
2025-06-06,2.0936,2.1903,2.0812,2.1598,92539769.1,1749254399999999,198545872.82096,768690,47471790.3,101704271.43715,0
2025-06-07,2.1598,2.1912,2.1475,2.1769,40526697.0,1749340799999999,88267737.87746,349819,19985833.6,43532541.50629,0
2025-06-08,2.1768,2.2988,2.1661,2.267,115809963.6,1749427199999999,260488969.11327,963085,59438666.4,133704567.52516,0
2025-06-09,2.2669,2.3293,2.2223,2.3211,128620231.2,1749513599999999,292145217.57631,915460,66184831.6,150254422.33119,0
2025-06-10,2.321,2.3276,2.2601,2.3074,119887307.8,1749599999999999,275076155.03374,1058738,58096756.1,133315325.27985,0
2025-06-11,2.3074,2.3379,2.2524,2.2704,118779485.5,1749686399999999,273751359.9951,1076884,57028619.3,131455579.90363,0
2025-06-12,2.2704,2.2733,2.1706,2.1899,98220197.3,1749772799999999,219058539.733,927643,47809946.8,106720490.66258,0
2025-06-13,2.19,2.1918,2.0828,2.1472,171924272.9,1749859199999999,365832602.13346,1735858,86615356.5,184265337.1049,0
2025-06-14,2.1473,2.1801,2.1093,2.1394,67644610.7,1749945599999999,145441133.2027,623505,33567669.3,72170133.65646,0
2025-06-15,2.1393,2.1759,2.1375,2.1655,46595619.5,1750031999999999,100552015.23866,444613,21893130.8,47243048.88789,0
2025-06-16,2.1655,2.337,2.1512,2.238,180775839.0,1750118399999999,409153397.01986,1502009,93147202.3,210584833.46036,0
2025-06-17,2.2379,2.2572,2.1417,2.159,145998030.0,1750204799999999,321488422.84618,1410075,71459796.9,157355805.90757,0
2025-06-18,2.1591,2.1808,2.1181,2.1705,95962168.0,1750291199999999,206443945.70966,908990,50404668.0,108475792.02647,0
2025-06-19,2.1704,2.1855,2.1441,2.1648,56149358.1,1750377599999999,121396684.86737,470006,27934587.1,60407404.5253,0
2025-06-20,2.1647,2.1797,2.0852,2.1194,97632569.9,1750463999999999,208777086.67049,800124,47502704.4,101613841.32096,0
2025-06-21,2.1195,2.145,2.0,2.0632,88671293.2,1750550399999999,184162670.13492,814900,42412933.9,88145632.21673,0
2025-06-22,2.0632,2.0898,1.9083,2.0172,206511372.5,1750636799999999,410005733.15721,1827699,98685483.6,196045154.92071,0
2025-06-23,2.0173,2.1706,1.9615,2.1584,175076963.6,1750723199999999,358869371.56328,1687266,92054578.4,188880223.82988,0
2025-06-24,2.1584,2.2165,2.1316,2.1898,131247333.7,1750809599999999,286252275.51631,1196016,64495368.9,140648675.41653,0
2025-06-25,2.1897,2.2296,2.1696,2.1859,91578502.0,1750895999999999,200687070.2887,845817,49174627.0,107789193.67803,0
2025-06-26,2.1858,2.2127,2.0956,2.1054,120378866.1,1750982399999999,258879805.93921,871990,62523800.2,134606747.05061,0
2025-06-27,2.1053,2.1556,2.0671,2.1419,120577000.3,1751068799999999,253354119.55423,917776,63983419.8,134455631.33478,0
2025-06-28,2.142,2.2079,2.1336,2.1854,70042779.0,1751155199999999,153000277.86009,648620,34020502.0,74302889.77022,0
2025-06-29,2.1855,2.2198,2.1754,2.2061,46097897.5,1751241599999999,101168900.61689,381555,21341560.4,46854532.08681,0
2025-06-30,2.2062,2.3271,2.165,2.2362,151525906.2,1751327999999999,339174016.72813,1132152,77672364.0,173816538.12195,0
2025-07-01,2.2362,2.2537,2.1475,2.172,123558690.1,1751414399999999,271747201.44651,928402,59081809.9,129987351.82458,0
2025-07-02,2.1719,2.2917,2.157,2.2336,149340795.4,1751500799999999,332390384.71747,957678,74627794.2,166025346.01639,0
2025-07-03,2.2335,2.3135,2.2243,2.2569,148388595.0,1751587199999999,337550211.45131,999966,73611566.0,167444948.17209,0
2025-07-04,2.2569,2.2678,2.196,2.2205,72289199.1,1751673599999999,161034633.34504,633933,35007700.2,78019923.49518,0
2025-07-05,2.2205,2.2339,2.2014,2.2178,34058390.3,1751759999999999,75534635.00788,316359,17063825.3,37841130.74919,0
2025-07-06,2.2177,2.29,2.2086,2.2709,92108127.5,1751846399999999,208524256.08502,655450,46465848.3,105168777.64498,0
2025-07-07,2.2709,2.3537,2.2552,2.2708,176317450.7,1751932799999999,406522543.28426,1279755,88241129.0,203470351.64104,0
2025-07-08,2.2707,2.3223,2.2485,2.3108,106456008.6,1752019199999999,243274438.91839,749423,52094568.8,118971009.96287,0
2025-07-09,2.3109,2.4288,2.2975,2.4038,181518399.8,1752105599999999,430696105.43214,1370003,94122298.0,223253641.02489,0
2025-07-10,2.4038,2.5678,2.3931,2.5471,209526484.8,1752191999999999,518124516.29744,1654052,104887287.9,259375791.52826,0
2025-07-11,2.5471,2.975,2.5119,2.7322,615361834.0,1752278399999999,1686420297.77456,5339519,302677589.7,829075872.68386,0
2025-07-12,2.7323,2.8479,2.6629,2.7395,341517152.0,1752364799999999,942433146.00476,3386704,165139557.6,456817904.95709,0
2025-07-13,2.7395,2.8949,2.7232,2.8361,260642506.5,1752451199999999,734315044.6244899,2591368,126851545.5,357533128.17461,0
2025-07-14,2.8361,3.035,2.8207,2.9582,442537809.2,1752537599999999,1306107613.19463,4061682,220814170.7,651859122.93906,0
2025-07-15,2.9582,2.9582,2.8038,2.919,303965280.7,1752623999999999,876135273.94815,2699613,147556561.3,425390570.80261,0
2025-07-16,2.9189,3.1,2.8774,3.038,272284618.2,1752710399999999,816215592.9658,2372362,129714952.3,388905941.43149,0
2025-07-17,3.038,3.5495,2.9873,3.4814,648338845.19,1752796799999999,2128757999.408594,5760090,332128371.29,1090846054.483064,0
2025-07-18,3.4813,3.6607,3.3439,3.4135,608722890.71,1752883199999999,2134357921.939423,5894679,296125074.01,1038199496.399443,0
2025-07-19,3.4136,3.4855,3.3547,3.4244,204901034.5,1752969599999999,703152321.0151,2257294,112408041.5,385958966.07112,0
2025-07-20,3.4243,3.5579,3.3856,3.454,281874484.3,1753055999999999,980886591.6421901,2819676,136037807.4,473616790.43877,0
2025-07-21,3.4541,3.6495,3.4076,3.5495,259730581.6,1753142399999999,921984407.3123101,2865227,127854514.4,453602945.93609,0
2025-07-22,3.5494,3.5787,3.4218,3.5504,248664612.7,1753228799999999,870975104.85711,2927063,126943822.6,444660959.82645,0
2025-07-23,3.5504,3.5519,3.02,3.1838,444396661.3,1753315199999999,1457586129.76382,4231942,214341619.0,703755961.31931,0
2025-07-24,3.1839,3.2651,2.9555,3.1453,366456463.4,1753401599999999,1153018184.36765,4245765,176234983.4,554794149.84718,0
2025-07-25,3.1454,3.1618,2.9981,3.1423,234280821.9,1753487999999999,722764506.5418,3288636,115083391.5,355126993.3021,0
2025-07-26,3.1422,3.2181,3.1088,3.1662,96831223.5,1753574399999999,307355739.6897,1102993,46893924.4,148842629.12195,0
2025-07-27,3.1662,3.2515,3.1564,3.2389,130449208.1,1753660799999999,417730767.23353,1528843,62908095.4,201499211.24018,0
2025-07-28,3.239,3.3308,3.1073,3.1235,221823612.3,1753747199999999,712789221.37273,2823885,106158280.4,341453206.51191,0
2025-07-29,3.1235,3.1856,3.0533,3.128,157430969.9,1753833599999999,492226662.10514,2006160,74462043.9,232908221.85845,0
2025-07-30,3.1281,3.1621,3.001,3.0966,173643335.4,1753919999999999,537359368.14812,2227388,81981970.6,253828508.36199,0
2025-07-31,3.0967,3.1784,3.0108,3.0224,135512300.3,1754006399999999,420102533.68383,1581034,64070600.3,198653754.8747,0
2025-08-01,3.0223,3.059,2.892,2.9613,260984696.4,1754092799999999,776844279.75715,3664661,121955368.3,363031415.55886,0
2025-08-02,2.9614,3.0206,2.7387,2.7695,180733656.7,1754179199999999,517122396.59234,2506902,86432829.5,247331344.76772,0
2025-08-03,2.7695,2.9625,2.728,2.948,149417377.8,1754265599999999,428642540.28723,1758547,71346567.6,204665952.31085,0
2025-08-04,2.9481,3.0899,2.9312,3.0716,164651624.4,1754351999999999,497892197.09911,1621867,82383665.8,248966302.97577,0
2025-08-05,3.0715,3.1072,2.9164,2.9623,144253297.7,1754438399999999,434220001.48929,1799157,71023445.3,213807017.84981,0
2025-08-06,2.9622,3.0187,2.9014,2.9908,114399575.6,1754524799999999,338336033.16284,1363029,56470755.3,167017527.17662,0
2025-08-07,2.9908,3.3338,2.9641,3.3197,212195633.1,1754611199999999,664683073.06994,2027481,109717781.2,344087804.69188,0
2025-08-08,3.3196,3.3825,3.2051,3.2859,273926156.0,1754697599999999,906088512.11288,3039957,134211983.4,444107756.58534,0
2025-08-09,3.2858,3.3475,3.2083,3.2259,130645790.7,1754783999999999,429960482.32511,1589680,66728821.5,219709472.96037,0
2025-08-10,3.2259,3.2795,3.1521,3.187,123144721.1,1754870399999999,394427876.11695,1445572,61651015.9,197517808.57004,0
2025-08-11,3.1869,3.3342,3.1176,3.1295,223589776.8,1754956799999999,720817949.8939699,2258876,118919673.5,383329697.84279,0
2025-08-12,3.1295,3.3067,3.1041,3.2676,154532178.9,1755043199999999,495632945.53978,1728491,80739279.0,258847463.84405,0
2025-08-13,3.2675,3.335,3.2026,3.2744,193301023.7,1755129599999999,631098137.98234,1957727,96843896.4,316277284.9566,0
2025-08-14,3.2744,3.3512,2.9915,3.0792,301672247.6,1755215999999999,957150840.9237101,2810331,149874026.9,476152179.76691,0
2025-08-15,3.0792,3.1427,3.0024,3.0779,134927479.5,1755302399999999,416173245.39755,1853023,66202997.1,204368695.99954,0
2025-08-16,3.0778,3.156,3.0715,3.1055,64524770.2,1755388799999999,200967314.48386,844261,31097703.5,96841884.17673,0
2025-08-17,3.1056,3.1472,3.0773,3.0877,66692097.5,1755475199999999,207693595.90509,747253,33868984.1,105485752.07862,0
2025-08-18,3.0877,3.0969,2.9404,3.0616,163460914.2,1755561599999999,491582713.4588,1925263,82210259.7,247168920.13235,0
2025-08-19,3.0616,3.0808,2.8488,2.8608,149185188.7,1755647999999999,441814217.90826,2055525,75709366.3,224346752.36746,0
2025-08-20,2.8608,2.9896,2.8184,2.9512,152651462.5,1755734399999999,443141083.59139,1792685,79921241.5,232010334.65923,0
2025-08-21,2.9512,2.9588,2.8424,2.8519,91372655.6,1755820799999999,265375827.20168,1321601,46230262.0,134323676.99362,0
2025-08-22,2.8518,3.1056,2.7826,3.0744,255042164.6,1755907199999999,756680141.6796899,2718103,127722524.8,378832256.57009,0
2025-08-23,3.0745,3.0756,2.9697,3.0485,103250847.4,1755993599999999,312851396.2456,1168308,46547374.7,141036191.63691,0
2025-08-24,3.0486,3.128,2.987,3.0258,157353334.0,1756079999999999,478627892.76714,1684391,73279229.8,223042158.69024,0
2025-08-25,3.0259,3.0535,2.8223,2.8584,176144258.4,1756166399999999,516651925.35531,1998442,90700440.2,265882801.73838,0
2025-08-26,2.8584,3.0817,2.8459,3.0123,160522587.8,1756252799999999,473684122.4472,1701625,83225673.1,245480805.688,0
2025-08-27,3.0123,3.0454,2.9621,2.9688,124270806.9,1756339199999999,373244514.9522,1345761,63100968.3,189517971.04205,0
2025-08-28,2.9688,3.0263,2.9432,2.9665,110595938.3,1756425599999999,330930941.91631,984232,54943116.9,164387708.56163,0
2025-08-29,2.9665,2.9768,2.7734,2.8195,169431466.9,1756511999999999,484925782.40824,1619990,78423167.0,224256640.27676,0
2025-08-30,2.8195,2.8349,2.7604,2.8181,68213469.6,1756598399999999,191313300.47443,699826,31322140.3,87878171.60843,0
2025-08-31,2.818,2.8693,2.7707,2.7757,56440031.3,1756684799999999,159218563.44986,559485,28063084.6,79161694.94195,0
2025-09-01,2.7757,2.839,2.6975,2.7589,179805399.6,1756771199999999,496207294.84045,1568606,86653892.9,239235524.70829,0
2025-09-02,2.7589,2.8641,2.7484,2.862,134689040.5,1756857599999999,378125448.29701,1237702,69966767.4,196436838.9181,0
2025-09-03,2.862,2.8867,2.811,2.8443,96774293.1,1756943999999999,275705151.28905,810420,57114212.0,162695824.44687,0
2025-09-04,2.8442,2.8629,2.7842,2.7946,94539630.5,1757030399999999,267173303.80852,811148,55191516.0,156010170.05555,0
2025-09-05,2.7947,2.8849,2.778,2.8147,120949495.7,1757116799999999,342895699.44597,1056961,63079829.5,178792027.26067,0
2025-09-06,2.8146,2.8289,2.7927,2.8098,31389546.6,1757203199999999,88181784.77706,340600,15789396.9,44356339.61706,0
2025-09-07,2.8098,2.9285,2.8092,2.877,82776839.1,1757289599999999,237845923.06924,714674,41272125.1,118576142.26461,0
2025-09-08,2.877,2.9964,2.8627,2.9697,121406178.2,1757375999999999,357100825.89235,1202626,58987421.1,173432657.51898,0
2025-09-09,2.9698,3.0365,2.9337,2.9474,116913430.2,1757462399999999,348474616.90628,1178234,56157480.3,167355579.97446,0
2025-09-10,2.9474,3.024,2.9357,2.9834,85328678.0,1757548799999999,254595352.64087,863874,44116802.9,131602697.33006,0
2025-09-11,2.9834,3.049,2.9507,3.0398,115124443.9,1757635199999999,346200965.61326,1018005,59771277.5,179765997.46557,0
2025-09-12,3.0398,3.1376,3.018,3.1054,130413008.1,1757721599999999,399729991.30432,1285121,67334009.5,206374985.40223,0
2025-09-13,3.1054,3.1858,3.089,3.1193,112791516.9,1757807999999999,353633295.94383,1365939,53253424.3,166979438.79162,0
2025-09-14,3.1193,3.1267,3.0099,3.0279,86444642.8,1757894399999999,264813571.07064,998055,39707948.9,121696150.68889,0
2025-09-15,3.028,3.0669,2.9532,2.9969,121536076.0,1757980799999999,365716669.60396,1496878,55528945.7,167247981.01844,0
2025-09-16,2.9969,3.0586,2.9642,3.0376,76953763.0,1758067199999999,232295040.69566,839098,37968907.5,114542088.55291,0
2025-09-17,3.0376,3.1079,2.9814,3.0841,132508658.4,1758153599999999,402038606.26675,1349828,63434613.9,192481622.06391,0
2025-09-18,3.0841,3.1397,3.0558,3.0735,121098940.7,1758239999999999,375568570.86294,1143272,57592267.4,178586176.29549,0
2025-09-19,3.0735,3.0941,2.9784,2.9901,92714638.6,1758326399999999,280653897.19982,926765,43494509.4,131753254.09052,0
2025-09-20,2.99,3.0091,2.9652,2.975,62723730.0,1758412799999999,187146184.3628,574187,23369812.7,69752828.46476,0
2025-09-21,2.975,3.0135,2.9523,2.9701,45668741.1,1758499199999999,136202072.65893,558016,19806088.8,59059653.44036,0
2025-09-22,2.9701,2.9755,2.6975,2.8526,228747192.9,1758585599999999,649499096.84506,2206540,114910023.1,326197885.67832,0
2025-09-23,2.8525,2.8964,2.7991,2.8247,100392302.3,1758671999999999,286849193.23602,1159601,46988792.2,134255316.016,0
2025-09-24,2.8247,2.9955,2.7883,2.9257,125417232.6,1758758399999999,363496485.78589,1367017,60304195.7,174735583.22598,0
2025-09-25,2.9257,2.9446,2.7244,2.7435,196421176.9,1758844799999999,553085511.60956,1971164,102389494.4,288084174.82152,0
2025-09-26,2.7435,2.809,2.6984,2.7835,162801304.7,1758931199999999,448119979.14279,1703056,78342199.6,215697312.88451,0
2025-09-27,2.7836,2.8287,2.7619,2.8047,44703806.2,1759017599999999,124610959.09304,581944,21184401.2,59074132.69756,0
2025-09-28,2.8047,2.8675,2.7661,2.8674,65853510.0,1759103999999999,185001358.95664,748534,32031313.6,89994348.27243,0
2025-09-29,2.8675,2.9289,2.8454,2.8801,116473375.3,1759190399999999,335494346.18332,1257275,57294284.5,165095180.31208,0
2025-09-30,2.8801,2.9077,2.8132,2.8468,100392419.7,1759276799999999,286480582.91276,1133168,42580565.9,121571161.20038,0
2025-10-01,2.8468,2.9616,2.8141,2.9485,136262408.8,1759363199999999,396809364.15718,1262169,70373291.9,204831825.38191,0
2025-10-02,2.9485,3.0998,2.9403,3.0389,147074551.6,1759449599999999,442317543.96961,1585511,74839932.3,225030174.69344,0
2025-10-03,3.0388,3.0948,3.0041,3.0401,125739506.7,1759535999999999,382280908.83134,1429215,60214628.3,183053328.29593,0
2025-10-04,3.0402,3.0522,2.939,2.9685,69429980.8,1759622399999999,207321266.10311,844016,32771872.7,97848957.69816,0
2025-10-05,2.9685,3.0716,2.9468,2.9697,105898711.4,1759708799999999,318245690.32152,1212008,52769860.1,158504969.47079,0
2025-10-06,2.9697,3.0506,2.9551,2.9883,117186503.0,1759795199999999,352104152.38073,1227468,60607868.9,182045859.24951,0
2025-10-07,2.9883,3.0012,2.8489,2.852,151704976.6,1759881599999999,443920050.41119,1413360,75599051.5,221427746.40722,0
2025-10-08,2.8521,2.9248,2.8303,2.8797,86103907.0,1759967999999999,247518098.06655,1139180,40460511.9,116329038.35237,0
2025-10-09,2.8797,2.8801,2.7714,2.8021,110236912.9,1760054399999999,310379763.91407,1340461,52779790.3,148678400.52464,0
2025-10-10,2.8021,2.8372,1.2543,2.3704,592833224.7,1760140799999999,1416016000.51225,4493544,274426458.2,660148032.76122,0
2025-10-11,2.3704,2.5061,2.3,2.3819,377516588.0,1760227199999999,909770588.8068701,4338405,187154494.8,450782832.32248,0
2025-10-12,2.3819,2.5841,2.3121,2.5282,248265523.1,1760313599999999,607237964.21932,3072544,125627671.2,307204486.93711,0
2025-10-13,2.5283,2.646,2.5125,2.6052,215844073.7,1760399999999999,558246044.00344,2535110,105285638.8,272269751.72452,0
2025-10-14,2.6052,2.6208,2.3888,2.5033,236417459.6,1760486399999999,587762059.79276,2440380,118809172.2,295247968.87999,0
2025-10-15,2.5033,2.5475,2.3754,2.4109,147593411.2,1760572799999999,363905099.1024,1641249,79514191.8,196180103.68505,0
2025-10-16,2.411,2.4665,2.2833,2.328,196447886.3,1760659199999999,467212723.60674,2350217,97981688.1,233128494.57366,0
2025-10-17,2.328,2.4,2.1901,2.2936,233638133.0,1760745599999999,533049692.5888,2897858,119220056.7,272073937.51893,0
2025-10-18,2.2936,2.3915,2.2894,2.3596,70031265.2,1760831999999999,164699862.1112,901192,34130742.8,80245848.32378,0
2025-10-19,2.3596,2.4195,2.3177,2.3908,86051004.0,1760918399999999,204746942.77784,1047632,41010544.8,97555751.75646,0
2025-10-20,2.3907,2.5529,2.3547,2.4948,132020692.3,1761004799999999,325043707.31512,1472709,67423216.5,165941272.12609,0
2025-10-21,2.4948,2.5323,2.4011,2.4222,142161412.2,1761091199999999,349446603.8966,1680158,73943199.1,181570619.16634,0
2025-10-22,2.4221,2.4375,2.3255,2.3647,131694103.3,1761177599999999,314639214.69154,1616003,65292116.1,156074216.80229,0
2025-10-23,2.3647,2.4259,2.3617,2.3947,84337201.1,1761263999999999,202214305.62803,864950,38067141.9,91266707.03713,0
2025-10-24,2.3948,2.516,2.3863,2.5103,112051925.0,1761350399999999,276766703.76931,1167079,51639778.8,127594493.96124,0
2025-10-25,2.5103,2.6542,2.5021,2.5959,95829560.4,1761436799999999,246949699.35457,1225540,48861644.0,125947778.18104,0
2025-10-26,2.5958,2.6624,2.592,2.6461,83681116.7,1761523199999999,220148409.4358,1130464,41676057.4,109664973.64201,0
2025-10-27,2.646,2.6975,2.6013,2.634,113960332.0,1761609599999999,301816650.99461,1569789,53235694.4,141019173.17446,0
2025-10-28,2.634,2.6887,2.5675,2.6034,123712287.2,1761695999999999,325741633.67731,1554608,59272302.4,156068077.61677,0
2025-10-29,2.6034,2.664,2.537,2.5502,127783090.4,1761782399999999,333619686.1261,1601141,59018988.7,154116971.23826,0
2025-10-30,2.5502,2.5944,2.3769,2.4393,151633152.9,1761868799999999,377157606.2916,2097584,72002455.0,178931826.52578,0
2025-10-31,2.4393,2.5546,2.4311,2.5097,115609330.7,1761955199999999,289080627.19977,1256244,54074782.8,135285375.74321,0
2025-11-01,2.5096,2.5233,2.476,2.5053,41551912.8,1762041599999999,103930956.29276,521257,20145083.4,50389915.48432,0
2025-11-02,2.5053,2.5549,2.478,2.5267,51555957.6,1762127999999999,129684074.86327,680133,24744525.8,62270461.77139,0
2025-11-03,2.5267,2.5322,2.2631,2.3096,174525470.1,1762214399999999,414201479.14369,2091619,84435481.1,200158323.01645,0
2025-11-04,2.3095,2.3655,2.0665,2.2053,346558907.5,1762300799999999,771446660.1219699,3960857,172676840.8,384959573.52622,0
2025-11-05,2.2053,2.3766,2.1015,2.3432,207833006.9,1762387199999999,468286637.04496,2433793,101397694.2,228665185.70234,0
2025-11-06,2.3432,2.416,2.1796,2.213,172724312.7,1762473599999999,393700992.04894,2061551,85755018.5,195382525.3911,0
2025-11-07,2.213,2.3729,2.1536,2.3154,178003937.3,1762559999999999,401217238.3277,2278878,90120127.8,203380046.90812,0
2025-11-08,2.3155,2.3381,2.2424,2.2863,83656256.1,1762646399999999,192268872.34323,1208890,39393872.8,90504722.71398,0
2025-11-09,2.2864,2.395,2.2392,2.3662,86012398.0,1762732799999999,198278601.16981,1239612,39978606.3,92225386.89178,0
2025-11-10,2.3662,2.5808,2.3462,2.526,197478395.3,1762819199999999,494186025.29096,2425650,93333571.2,233503028.06542,0
2025-11-11,2.526,2.57,2.3787,2.3915,126538891.7,1762905599999999,311862415.17771,1790221,61930224.4,152752080.35078,0
2025-11-12,2.3915,2.4491,2.3166,2.3879,141159795.6,1762991999999999,337101476.81378,1599780,74507271.4,178013556.61515,0
2025-11-13,2.3878,2.5264,2.2757,2.3225,268264404.5,1763078399999999,648161281.52071,2933097,131373654.2,316911275.52479,0
2025-11-14,2.3225,2.3416,2.2256,2.2443,220377818.6,1763164799999999,503933839.45625,2637209,110693007.7,253189190.6915,0
2025-11-15,2.2443,2.3034,2.2111,2.2372,84473254.2,1763251199999999,191008990.86777,1187884,43286016.0,97876839.98032,0
2025-11-16,2.2372,2.28,2.1558,2.2149,126254506.2,1763337599999999,279635280.28231,1659217,61537500.0,136301752.57972,0
2025-11-17,2.2148,2.3077,2.1146,2.1637,213925840.3,1763423999999999,472212439.49585,2229241,102977662.8,227394763.02789,0
2025-11-18,2.1637,2.2413,2.1064,2.2172,188026720.7,1763510399999999,409807060.60082,1978808,85446198.0,186165814.37104,0
2025-11-19,2.2171,2.2196,2.0244,2.1098,237660615.7,1763596799999999,499124445.18076,1950500,101495684.6,214082418.06439,0
2025-11-20,2.1097,2.1498,1.9743,1.9999,295232267.9,1763683199999999,606713707.73017,2105827,116360038.4,239570297.38172,0
2025-11-21,1.9998,2.0308,1.8209,1.9509,349052191.6,1763769599999999,674481994.06328,3374370,166063654.7,320871616.40984,0
2025-11-22,1.9509,1.9671,1.889,1.9509,92507655.6,1763855999999999,178554276.05228,1094434,44480743.3,85840041.83697,0
2025-11-23,1.9508,2.0846,1.9497,2.0491,136024600.0,1763942399999999,277919540.70653,1343209,67923883.7,138750379.35714,0
2025-11-24,2.0491,2.2868,2.0238,2.2276,209507520.1,1764028799999999,449036243.07978,2049558,98802936.2,211676115.83591,0
2025-11-25,2.2276,2.2652,2.1482,2.2024,154916931.3,1764115199999999,341969966.38068,1457035,71686783.8,158281346.76872,0
2025-11-26,2.2023,2.2547,2.1447,2.2233,110237202.3,1764201599999999,241957772.47178,1060172,52620718.7,115445585.23116,0
2025-11-27,2.2232,2.2347,2.1727,2.1999,82691220.6,1764287999999999,182415330.68697,697665,42528783.7,93775611.93081,0
2025-11-28,2.2,2.2752,2.1565,2.1795,140892868.9,1764374399999999,311037589.06468,1180500,68443886.4,151033952.87446,0
2025-11-29,2.1795,2.2231,2.1666,2.2009,57026784.1,1764460799999999,125384177.30394,596346,23455374.4,51576741.54875,0
2025-11-30,2.201,2.215,2.1524,2.155,52482888.9,1764547199999999,114977582.57313,484242,24110972.8,52847028.53185,0
2025-12-01,2.1549,2.1609,1.9835,2.0297,173919553.1,1764633599999999,355365694.67381,1739470,82353788.7,168414104.91504,0
2025-12-02,2.0297,2.1831,1.995,2.1532,132464308.9,1764719999999999,278033250.95284,1361804,61100904.7,127883001.43629,0
2025-12-03,2.1531,2.219,2.1414,2.1976,111507874.4,1764806399999999,243427331.82546,1174499,52601902.7,114843940.63389,0
2025-12-04,2.1976,2.2146,2.0691,2.096,101092517.6,1764892799999999,216617251.44724,1060667,48983080.2,104934739.65709,0
2025-12-05,2.096,2.113,2.0125,2.0344,95338082.9,1764979199999999,196417783.93917,1051956,47063231.3,96940363.89465,0
2025-12-06,2.0344,2.0504,2.0154,2.0309,43569024.8,1765065599999999,88516862.0396,452030,21768989.3,44228064.01045,0
2025-12-07,2.031,2.1109,1.9894,2.0442,83786859.8,1765151999999999,171442641.89825,999527,39289939.6,80400940.15758,0
2025-12-08,2.0442,2.1239,2.0319,2.0724,88049790.9,1765238399999999,183591495.3019,951747,39982706.1,83396344.16092,0
2025-12-09,2.0723,2.178,2.0419,2.1062,113859655.0,1765324799999999,240316667.84854,1228042,53784394.9,113429486.01826,0
2025-12-10,2.1061,2.1108,2.0346,2.0418,125132700.4,1765411199999999,259342035.77229,1233167,54599144.9,113163154.28314,0
2025-12-11,2.0418,2.057,1.9767,2.034,125057005.0,1765497599999999,251500084.80395,1105100,60702976.4,122062122.28411,0
2025-12-12,2.034,2.0478,1.9692,2.0074,77987124.7,1765583999999999,156851459.70608,836283,36371229.6,73113371.33673,0
2025-12-13,2.0075,2.0482,2.0068,2.0227,44193267.1,1765670399999999,89650356.06012,394991,20946081.7,42474719.45386,0
2025-12-14,2.0226,2.0306,1.9527,1.9784,45148587.9,1765756799999999,90071177.0555,490084,22960082.2,45794683.37407,0
2025-12-15,1.9784,2.0143,1.8695,1.8981,115746358.6,1765843199999999,224006702.35929,1181500,56159469.8,108810189.74905,0
2025-12-16,1.8981,1.9491,1.852,1.9297,101283394.8,1765929599999999,193014736.53332,1113011,48383591.9,92237645.80332,0
2025-12-17,1.9297,1.9874,1.8474,1.8627,111714892.8,1766015999999999,213339007.05976,1273357,56251900.8,107387854.12595,0
2025-12-18,1.8627,1.9341,1.8,1.8076,126981039.0,1766102399999999,236200241.80635,1359171,60044940.9,111578774.29725,0
2025-12-19,1.8076,1.9213,1.7711,1.9092,144601510.3,1766188799999999,268667251.35816,1295277,72865144.9,135350779.07314,0
2025-12-20,1.9092,1.9588,1.8936,1.9335,53235023.5,1766275199999999,102570019.69904,462154,25611687.3,49347171.632,0
2025-12-21,1.9335,1.9498,1.8948,1.9223,53029272.9,1766361599999999,101764349.86736,508164,26120117.8,50118580.49092,0
2025-12-22,1.9224,1.9493,1.8917,1.9043,88731614.2,1766447999999999,170541148.42268,833845,45018207.1,86494032.8813,0
2025-12-23,1.9044,1.91,1.863,1.8734,77815693.8,1766534399999999,146784418.82902,667978,37247409.9,70289295.80384,0
2025-12-24,1.8734,1.8783,1.8372,1.8628,59895979.8,1766620799999999,111432748.24416,562567,28122051.4,52320190.02546,0
2025-12-25,1.8627,1.8892,1.8291,1.8326,46144808.4,1766707199999999,86049091.66366,445516,18895048.4,35233263.92579,0
2025-12-26,1.8325,1.8833,1.8246,1.8437,76825530.8,1766793599999999,142650101.48219,812307,32086816.6,59590381.19293,0
2025-12-27,1.8437,1.8788,1.8417,1.8735,31244471.3,1766879999999999,57872471.63674,254408,13426787.1,24871947.44292,0
2025-12-28,1.8734,1.8796,1.8539,1.8654,26597238.3,1766966399999999,49683128.09448,272306,11930393.5,22282627.00367,0
2025-12-29,1.8655,1.918,1.845,1.8508,70265708.5,1767052799999999,132149106.78247,713307,32549273.9,61162953.30353,0
2025-12-30,1.8508,1.8864,1.8439,1.8776,48337735.6,1767139199999999,90287787.52763,418695,22283300.5,41634330.59681,0
2025-12-31,1.8776,1.8839,1.8123,1.8423,58334893.8,1767225599999999,108118689.1138,440483,29177521.4,54074984.83962,0
